source_file,source_relpath,extension,size_bytes,candidate_scope,candidate_categories,review_status,review_reason,publication_rule
/Users/shidianjin/Documents/高考英语/1990-2007·高考英语真题·word/北京/1990年北京高考英语真题及答案.doc,1990-2007·高考英语真题·word/北京/1990年北京高考英语真题及答案.doc,.doc,67584,paper_only_candidate,full_paper_candidate,review_required,path/name indicates a complete examination paper or mock exam,do_not_publish_until_structured_parse_and_answer_analysis_review
/Users/shidianjin/Documents/高考英语/1990-2007·高考英语真题·word/北京/1991年北京高考英语真题及答案.doc,1990-2007·高考英语真题·word/北京/1991年北京高考英语真题及答案.doc,.doc,50688,paper_only_candidate,full_paper_candidate,review_required,path/name indicates a complete examination paper or mock exam,do_not_publish_until_structured_parse_and_answer_analysis_review
/Users/shidianjin/Documents/高考英语/1990-2007·高考英语真题·word/北京/1992年北京高考英语真题及答案.doc,1990-2007·高考英语真题·word/北京/1992年北京高考英语真题及答案.doc,.doc,56320,paper_only_candidate,full_paper_candidate,review_required,path/name indicates a complete examination paper or mock exam,do_not_publish_until_structured_parse_and_answer_analysis_review
/Users/shidianjin/Documents/高考英语/1990-2007·高考英语真题·word/北京/1993年北京高考英语真题及答案.doc,1990-2007·高考英语真题·word/北京/1993年北京高考英语真题及答案.doc,.doc,67584,paper_only_candidate,full_paper_candidate,review_required,path/name indicates a complete examination paper or mock exam,do_not_publish_until_structured_parse_and_answer_analysis_review
/Users/shidianjin/Documents/高考英语/1990-2007·高考英语真题·word/北京/1994年北京高考英语真题及答案.doc,1990-2007·高考英语真题·word/北京/1994年北京高考英语真题及答案.doc,.doc,55808,paper_only_candidate,full_paper_candidate,review_required,path/name indicates a complete examination paper or mock exam,do_not_publish_until_structured_parse_and_answer_analysis_review
/Users/shidianjin/Documents/高考英语/1990-2007·高考英语真题·word/北京/1995年北京高考英语真题及答案.doc,1990-2007·高考英语真题·word/北京/1995年北京高考英语真题及答案.doc,.doc,61952,paper_only_candidate,full_paper_candidate,review_required,path/name indicates a complete examination paper or mock exam,do_not_publish_until_structured_parse_and_answer_analysis_review
/Users/shidianjin/Documents/高考英语/1990-2007·高考英语真题·word/北京/1996年北京高考英语真题及答案.doc,1990-2007·高考英语真题·word/北京/1996年北京高考英语真题及答案.doc,.doc,68608,paper_only_candidate,full_paper_candidate,review_required,path/name indicates a complete examination paper or mock exam,do_not_publish_until_structured_parse_and_answer_analysis_review
/Users/shidianjin/Documents/高考英语/1990-2007·高考英语真题·word/北京/1997年北京高考英语真题及答案.doc,1990-2007·高考英语真题·word/北京/1997年北京高考英语真题及答案.doc,.doc,61952,paper_only_candidate,full_paper_candidate,review_required,path/name indicates a complete examination paper or mock exam,do_not_publish_until_structured_parse_and_answer_analysis_review
/Users/shidianjin/Documents/高考英语/1990-2007·高考英语真题·word/北京/1998年北京高考英语真题及答案.doc,1990-2007·高考英语真题·word/北京/1998年北京高考英语真题及答案.doc,.doc,88576,paper_only_candidate,full_paper_candidate,review_required,path/name indicates a complete examination paper or mock exam,do_not_publish_until_structured_parse_and_answer_analysis_review
/Users/shidianjin/Documents/高考英语/1990-2007·高考英语真题·word/北京/1999年北京高考英语真题及答案.doc,1990-2007·高考英语真题·word/北京/1999年北京高考英语真题及答案.doc,.doc,54272,paper_only_candidate,full_paper_candidate,review_required,path/name indicates a complete examination paper or mock exam,do_not_publish_until_structured_parse_and_answer_analysis_review
/Users/shidianjin/Documents/高考英语/1990-2007·高考英语真题·word/北京/2000年北京高考英语真题及答案.doc,1990-2007·高考英语真题·word/北京/2000年北京高考英语真题及答案.doc,.doc,61440,paper_only_candidate,full_paper_candidate,review_required,path/name indicates a complete examination paper or mock exam,do_not_publish_until_structured_parse_and_answer_analysis_review
/Users/shidianjin/Documents/高考英语/1990-2007·高考英语真题·word/北京/2001年北京高考英语真题及答案.doc,1990-2007·高考英语真题·word/北京/2001年北京高考英语真题及答案.doc,.doc,2324480,paper_only_candidate,full_paper_candidate,review_required,path/name indicates a complete examination paper or mock exam,do_not_publish_until_structured_parse_and_answer_analysis_review
/Users/shidianjin/Documents/高考英语/1990-2007·高考英语真题·word/北京/2002年北京高考英语真题及答案.doc,1990-2007·高考英语真题·word/北京/2002年北京高考英语真题及答案.doc,.doc,1362432,paper_only_candidate,full_paper_candidate,review_required,path/name indicates a complete examination paper or mock exam,do_not_publish_until_structured_parse_and_answer_analysis_review
/Users/shidianjin/Documents/高考英语/1990-2007·高考英语真题·word/北京/2003年北京高考英语真题及答案.doc,1990-2007·高考英语真题·word/北京/2003年北京高考英语真题及答案.doc,.doc,391680,paper_only_candidate,full_paper_candidate,review_required,path/name indicates a complete examination paper or mock exam,do_not_publish_until_structured_parse_and_answer_analysis_review
/Users/shidianjin/Documents/高考英语/1990-2007·高考英语真题·word/北京/2004年北京高考英语真题及答案.doc,1990-2007·高考英语真题·word/北京/2004年北京高考英语真题及答案.doc,.doc,69632,paper_only_candidate,full_paper_candidate,review_required,path/name indicates a complete examination paper or mock exam,do_not_publish_until_structured_parse_and_answer_analysis_review
/Users/shidianjin/Documents/高考英语/1990-2007·高考英语真题·word/北京/2005年北京高考英语真题及答案.doc,1990-2007·高考英语真题·word/北京/2005年北京高考英语真题及答案.doc,.doc,340480,paper_only_candidate,full_paper_candidate,review_required,path/name indicates a complete examination paper or mock exam,do_not_publish_until_structured_parse_and_answer_analysis_review
/Users/shidianjin/Documents/高考英语/1990-2007·高考英语真题·word/北京/2006年北京高考英语真题及答案.doc,1990-2007·高考英语真题·word/北京/2006年北京高考英语真题及答案.doc,.doc,1090560,paper_only_candidate,full_paper_candidate,review_required,path/name indicates a complete examination paper or mock exam,do_not_publish_until_structured_parse_and_answer_analysis_review
/Users/shidianjin/Documents/高考英语/1990-2007·高考英语真题·word/北京/2007年北京高考英语真题及答案.doc,1990-2007·高考英语真题·word/北京/2007年北京高考英语真题及答案.doc,.doc,543232,paper_only_candidate,full_paper_candidate,review_required,path/name indicates a complete examination paper or mock exam,do_not_publish_until_structured_parse_and_answer_analysis_review
/Users/shidianjin/Documents/高考英语/1990-2007·高考英语真题·word/安徽/1990年安徽高考英语真题及答案.doc,1990-2007·高考英语真题·word/安徽/1990年安徽高考英语真题及答案.doc,.doc,67584,paper_only_candidate,full_paper_candidate,review_required,path/name indicates a complete examination paper or mock exam,do_not_publish_until_structured_parse_and_answer_analysis_review
/Users/shidianjin/Documents/高考英语/1990-2007·高考英语真题·word/安徽/1991年安徽高考英语真题及答案.doc,1990-2007·高考英语真题·word/安徽/1991年安徽高考英语真题及答案.doc,.doc,50688,paper_only_candidate,full_paper_candidate,review_required,path/name indicates a complete examination paper or mock exam,do_not_publish_until_structured_parse_and_answer_analysis_review
/Users/shidianjin/Documents/高考英语/1990-2007·高考英语真题·word/安徽/1992年安徽高考英语真题及答案.doc,1990-2007·高考英语真题·word/安徽/1992年安徽高考英语真题及答案.doc,.doc,56320,paper_only_candidate,full_paper_candidate,review_required,path/name indicates a complete examination paper or mock exam,do_not_publish_until_structured_parse_and_answer_analysis_review
/Users/shidianjin/Documents/高考英语/1990-2007·高考英语真题·word/安徽/1993年安徽高考英语真题及答案.doc,1990-2007·高考英语真题·word/安徽/1993年安徽高考英语真题及答案.doc,.doc,67584,paper_only_candidate,full_paper_candidate,review_required,path/name indicates a complete examination paper or mock exam,do_not_publish_until_structured_parse_and_answer_analysis_review
/Users/shidianjin/Documents/高考英语/1990-2007·高考英语真题·word/安徽/1994年安徽高考英语真题及答案.doc,1990-2007·高考英语真题·word/安徽/1994年安徽高考英语真题及答案.doc,.doc,55808,paper_only_candidate,full_paper_candidate,review_required,path/name indicates a complete examination paper or mock exam,do_not_publish_until_structured_parse_and_answer_analysis_review
/Users/shidianjin/Documents/高考英语/1990-2007·高考英语真题·word/安徽/1995年安徽高考英语真题及答案.doc,1990-2007·高考英语真题·word/安徽/1995年安徽高考英语真题及答案.doc,.doc,61952,paper_only_candidate,full_paper_candidate,review_required,path/name indicates a complete examination paper or mock exam,do_not_publish_until_structured_parse_and_answer_analysis_review
/Users/shidianjin/Documents/高考英语/1990-2007·高考英语真题·word/安徽/1996年安徽高考英语真题及答案.doc,1990-2007·高考英语真题·word/安徽/1996年安徽高考英语真题及答案.doc,.doc,68608,paper_only_candidate,full_paper_candidate,review_required,path/name indicates a complete examination paper or mock exam,do_not_publish_until_structured_parse_and_answer_analysis_review
/Users/shidianjin/Documents/高考英语/1990-2007·高考英语真题·word/安徽/1997年安徽高考英语真题及答案.doc,1990-2007·高考英语真题·word/安徽/1997年安徽高考英语真题及答案.doc,.doc,61952,paper_only_candidate,full_paper_candidate,review_required,path/name indicates a complete examination paper or mock exam,do_not_publish_until_structured_parse_and_answer_analysis_review
/Users/shidianjin/Documents/高考英语/1990-2007·高考英语真题·word/安徽/1998年安徽高考英语真题及答案.doc,1990-2007·高考英语真题·word/安徽/1998年安徽高考英语真题及答案.doc,.doc,88576,paper_only_candidate,full_paper_candidate,review_required,path/name indicates a complete examination paper or mock exam,do_not_publish_until_structured_parse_and_answer_analysis_review
/Users/shidianjin/Documents/高考英语/1990-2007·高考英语真题·word/安徽/1999年安徽高考英语真题及答案.doc,1990-2007·高考英语真题·word/安徽/1999年安徽高考英语真题及答案.doc,.doc,52736,paper_only_candidate,full_paper_candidate,review_required,path/name indicates a complete examination paper or mock exam,do_not_publish_until_structured_parse_and_answer_analysis_review
/Users/shidianjin/Documents/高考英语/1990-2007·高考英语真题·word/安徽/2000年安徽高考英语真题及答案.doc,1990-2007·高考英语真题·word/安徽/2000年安徽高考英语真题及答案.doc,.doc,61440,paper_only_candidate,full_paper_candidate,review_required,path/name indicates a complete examination paper or mock exam,do_not_publish_until_structured_parse_and_answer_analysis_review
/Users/shidianjin/Documents/高考英语/1990-2007·高考英语真题·word/安徽/2001年安徽高考英语真题及答案.doc,1990-2007·高考英语真题·word/安徽/2001年安徽高考英语真题及答案.doc,.doc,2445824,paper_only_candidate,full_paper_candidate,review_required,path/name indicates a complete examination paper or mock exam,do_not_publish_until_structured_parse_and_answer_analysis_review
/Users/shidianjin/Documents/高考英语/1990-2007·高考英语真题·word/安徽/2002年安徽高考英语真题及答案.doc,1990-2007·高考英语真题·word/安徽/2002年安徽高考英语真题及答案.doc,.doc,66048,paper_only_candidate,full_paper_candidate,review_required,path/name indicates a complete examination paper or mock exam,do_not_publish_until_structured_parse_and_answer_analysis_review
/Users/shidianjin/Documents/高考英语/1990-2007·高考英语真题·word/安徽/2003年安徽高考英语真题及答案.doc,1990-2007·高考英语真题·word/安徽/2003年安徽高考英语真题及答案.doc,.doc,738816,paper_only_candidate,full_paper_candidate,review_required,path/name indicates a complete examination paper or mock exam,do_not_publish_until_structured_parse_and_answer_analysis_review
/Users/shidianjin/Documents/高考英语/1990-2007·高考英语真题·word/安徽/2004年安徽高考英语真题及答案.doc,1990-2007·高考英语真题·word/安徽/2004年安徽高考英语真题及答案.doc,.doc,94720,paper_only_candidate,full_paper_candidate,review_required,path/name indicates a complete examination paper or mock exam,do_not_publish_until_structured_parse_and_answer_analysis_review
/Users/shidianjin/Documents/高考英语/1990-2007·高考英语真题·word/安徽/2005年安徽高考英语真题及答案.doc,1990-2007·高考英语真题·word/安徽/2005年安徽高考英语真题及答案.doc,.doc,118784,paper_only_candidate,full_paper_candidate,review_required,path/name indicates a complete examination paper or mock exam,do_not_publish_until_structured_parse_and_answer_analysis_review
/Users/shidianjin/Documents/高考英语/1990-2007·高考英语真题·word/安徽/2006年安徽高考英语真题及答案.doc,1990-2007·高考英语真题·word/安徽/2006年安徽高考英语真题及答案.doc,.doc,70656,paper_only_candidate,full_paper_candidate,review_required,path/name indicates a complete examination paper or mock exam,do_not_publish_until_structured_parse_and_answer_analysis_review
/Users/shidianjin/Documents/高考英语/1990-2007·高考英语真题·word/安徽/2007年安徽高考英语真题及答案.doc,1990-2007·高考英语真题·word/安徽/2007年安徽高考英语真题及答案.doc,.doc,81920,paper_only_candidate,full_paper_candidate,review_required,path/name indicates a complete examination paper or mock exam,do_not_publish_until_structured_parse_and_answer_analysis_review
/Users/shidianjin/Documents/高考英语/1990-2007·高考英语真题·word/广东/1990年广东高考英语真题及答案.doc,1990-2007·高考英语真题·word/广东/1990年广东高考英语真题及答案.doc,.doc,67584,paper_only_candidate,full_paper_candidate,review_required,path/name indicates a complete examination paper or mock exam,do_not_publish_until_structured_parse_and_answer_analysis_review
/Users/shidianjin/Documents/高考英语/1990-2007·高考英语真题·word/广东/1991年广东高考英语真题及答案.doc,1990-2007·高考英语真题·word/广东/1991年广东高考英语真题及答案.doc,.doc,50688,paper_only_candidate,full_paper_candidate,review_required,path/name indicates a complete examination paper or mock exam,do_not_publish_until_structured_parse_and_answer_analysis_review
/Users/shidianjin/Documents/高考英语/1990-2007·高考英语真题·word/广东/1992年广东高考英语真题及答案.doc,1990-2007·高考英语真题·word/广东/1992年广东高考英语真题及答案.doc,.doc,56320,paper_only_candidate,full_paper_candidate,review_required,path/name indicates a complete examination paper or mock exam,do_not_publish_until_structured_parse_and_answer_analysis_review
/Users/shidianjin/Documents/高考英语/1990-2007·高考英语真题·word/广东/1993年广东高考英语真题及答案.doc,1990-2007·高考英语真题·word/广东/1993年广东高考英语真题及答案.doc,.doc,67584,paper_only_candidate,full_paper_candidate,review_required,path/name indicates a complete examination paper or mock exam,do_not_publish_until_structured_parse_and_answer_analysis_review
/Users/shidianjin/Documents/高考英语/1990-2007·高考英语真题·word/广东/1994年广东高考英语真题及答案.doc,1990-2007·高考英语真题·word/广东/1994年广东高考英语真题及答案.doc,.doc,55808,paper_only_candidate,full_paper_candidate,review_required,path/name indicates a complete examination paper or mock exam,do_not_publish_until_structured_parse_and_answer_analysis_review
/Users/shidianjin/Documents/高考英语/1990-2007·高考英语真题·word/广东/1995年广东高考英语真题及答案.doc,1990-2007·高考英语真题·word/广东/1995年广东高考英语真题及答案.doc,.doc,61952,paper_only_candidate,full_paper_candidate,review_required,path/name indicates a complete examination paper or mock exam,do_not_publish_until_structured_parse_and_answer_analysis_review
/Users/shidianjin/Documents/高考英语/1990-2007·高考英语真题·word/广东/1996年广东高考英语真题及答案.doc,1990-2007·高考英语真题·word/广东/1996年广东高考英语真题及答案.doc,.doc,68608,paper_only_candidate,full_paper_candidate,review_required,path/name indicates a complete examination paper or mock exam,do_not_publish_until_structured_parse_and_answer_analysis_review
/Users/shidianjin/Documents/高考英语/1990-2007·高考英语真题·word/广东/1997年广东高考英语真题及答案.doc,1990-2007·高考英语真题·word/广东/1997年广东高考英语真题及答案.doc,.doc,61952,paper_only_candidate,full_paper_candidate,review_required,path/name indicates a complete examination paper or mock exam,do_not_publish_until_structured_parse_and_answer_analysis_review
/Users/shidianjin/Documents/高考英语/1990-2007·高考英语真题·word/广东/1998年广东高考英语真题及答案.doc,1990-2007·高考英语真题·word/广东/1998年广东高考英语真题及答案.doc,.doc,88576,paper_only_candidate,full_paper_candidate,review_required,path/name indicates a complete examination paper or mock exam,do_not_publish_until_structured_parse_and_answer_analysis_review
/Users/shidianjin/Documents/高考英语/1990-2007·高考英语真题·word/广东/1999年广东高考英语真题及答案.doc,1990-2007·高考英语真题·word/广东/1999年广东高考英语真题及答案.doc,.doc,52736,paper_only_candidate,full_paper_candidate,review_required,path/name indicates a complete examination paper or mock exam,do_not_publish_until_structured_parse_and_answer_analysis_review
/Users/shidianjin/Documents/高考英语/1990-2007·高考英语真题·word/广东/2001年广东高考英语真题及答案.doc,1990-2007·高考英语真题·word/广东/2001年广东高考英语真题及答案.doc,.doc,2445824,paper_only_candidate,full_paper_candidate,review_required,path/name indicates a complete examination paper or mock exam,do_not_publish_until_structured_parse_and_answer_analysis_review
/Users/shidianjin/Documents/高考英语/1990-2007·高考英语真题·word/广东/2002年广东高考英语真题及答案.doc,1990-2007·高考英语真题·word/广东/2002年广东高考英语真题及答案.doc,.doc,65024,paper_only_candidate,full_paper_candidate,review_required,path/name indicates a complete examination paper or mock exam,do_not_publish_until_structured_parse_and_answer_analysis_review
/Users/shidianjin/Documents/高考英语/1990-2007·高考英语真题·word/广东/2003年广东高考英语真题及答案.doc,1990-2007·高考英语真题·word/广东/2003年广东高考英语真题及答案.doc,.doc,127488,paper_only_candidate,full_paper_candidate,review_required,path/name indicates a complete examination paper or mock exam,do_not_publish_until_structured_parse_and_answer_analysis_review
/Users/shidianjin/Documents/高考英语/1990-2007·高考英语真题·word/广东/2004年广东高考英语真题及答案.doc,1990-2007·高考英语真题·word/广东/2004年广东高考英语真题及答案.doc,.doc,169984,paper_only_candidate,full_paper_candidate,review_required,path/name indicates a complete examination paper or mock exam,do_not_publish_until_structured_parse_and_answer_analysis_review
/Users/shidianjin/Documents/高考英语/1990-2007·高考英语真题·word/广东/2005年广东高考英语真题及答案.doc,1990-2007·高考英语真题·word/广东/2005年广东高考英语真题及答案.doc,.doc,121344,paper_only_candidate,full_paper_candidate,review_required,path/name indicates a complete examination paper or mock exam,do_not_publish_until_structured_parse_and_answer_analysis_review
/Users/shidianjin/Documents/高考英语/1990-2007·高考英语真题·word/广东/2006年广东高考英语真题及答案.doc,1990-2007·高考英语真题·word/广东/2006年广东高考英语真题及答案.doc,.doc,152576,paper_only_candidate,full_paper_candidate,review_required,path/name indicates a complete examination paper or mock exam,do_not_publish_until_structured_parse_and_answer_analysis_review
/Users/shidianjin/Documents/高考英语/1990-2007·高考英语真题·word/广东/2007年广东高考英语真题及答案.doc,1990-2007·高考英语真题·word/广东/2007年广东高考英语真题及答案.doc,.doc,433152,paper_only_candidate,full_paper_candidate,review_required,path/name indicates a complete examination paper or mock exam,do_not_publish_until_structured_parse_and_answer_analysis_review
/Users/shidianjin/Documents/高考英语/1990-2007·高考英语真题·word/广西/1990年广西高考英语真题及答案.doc,1990-2007·高考英语真题·word/广西/1990年广西高考英语真题及答案.doc,.doc,67584,paper_only_candidate,full_paper_candidate,review_required,path/name indicates a complete examination paper or mock exam,do_not_publish_until_structured_parse_and_answer_analysis_review
/Users/shidianjin/Documents/高考英语/1990-2007·高考英语真题·word/广西/1991年广西高考英语真题及答案.doc,1990-2007·高考英语真题·word/广西/1991年广西高考英语真题及答案.doc,.doc,50688,paper_only_candidate,full_paper_candidate,review_required,path/name indicates a complete examination paper or mock exam,do_not_publish_until_structured_parse_and_answer_analysis_review
/Users/shidianjin/Documents/高考英语/1990-2007·高考英语真题·word/广西/1992年广西高考英语真题及答案.doc,1990-2007·高考英语真题·word/广西/1992年广西高考英语真题及答案.doc,.doc,56320,paper_only_candidate,full_paper_candidate,review_required,path/name indicates a complete examination paper or mock exam,do_not_publish_until_structured_parse_and_answer_analysis_review
/Users/shidianjin/Documents/高考英语/1990-2007·高考英语真题·word/广西/1993年广西高考英语真题及答案.doc,1990-2007·高考英语真题·word/广西/1993年广西高考英语真题及答案.doc,.doc,67584,paper_only_candidate,full_paper_candidate,review_required,path/name indicates a complete examination paper or mock exam,do_not_publish_until_structured_parse_and_answer_analysis_review
/Users/shidianjin/Documents/高考英语/1990-2007·高考英语真题·word/广西/1994年广西高考英语真题及答案.doc,1990-2007·高考英语真题·word/广西/1994年广西高考英语真题及答案.doc,.doc,55808,paper_only_candidate,full_paper_candidate,review_required,path/name indicates a complete examination paper or mock exam,do_not_publish_until_structured_parse_and_answer_analysis_review
/Users/shidianjin/Documents/高考英语/1990-2007·高考英语真题·word/广西/1995年广西高考英语真题及答案.doc,1990-2007·高考英语真题·word/广西/1995年广西高考英语真题及答案.doc,.doc,61952,paper_only_candidate,full_paper_candidate,review_required,path/name indicates a complete examination paper or mock exam,do_not_publish_until_structured_parse_and_answer_analysis_review
/Users/shidianjin/Documents/高考英语/1990-2007·高考英语真题·word/广西/1996年广西高考英语真题及答案.doc,1990-2007·高考英语真题·word/广西/1996年广西高考英语真题及答案.doc,.doc,68608,paper_only_candidate,full_paper_candidate,review_required,path/name indicates a complete examination paper or mock exam,do_not_publish_until_structured_parse_and_answer_analysis_review
/Users/shidianjin/Documents/高考英语/1990-2007·高考英语真题·word/广西/1997年广西高考英语真题及答案.doc,1990-2007·高考英语真题·word/广西/1997年广西高考英语真题及答案.doc,.doc,61952,paper_only_candidate,full_paper_candidate,review_required,path/name indicates a complete examination paper or mock exam,do_not_publish_until_structured_parse_and_answer_analysis_review
/Users/shidianjin/Documents/高考英语/1990-2007·高考英语真题·word/广西/1998年广西高考英语真题及答案.doc,1990-2007·高考英语真题·word/广西/1998年广西高考英语真题及答案.doc,.doc,88576,paper_only_candidate,full_paper_candidate,review_required,path/name indicates a complete examination paper or mock exam,do_not_publish_until_structured_parse_and_answer_analysis_review
/Users/shidianjin/Documents/高考英语/1990-2007·高考英语真题·word/广西/1999年广西高考英语真题及答案.doc,1990-2007·高考英语真题·word/广西/1999年广西高考英语真题及答案.doc,.doc,52736,paper_only_candidate,full_paper_candidate,review_required,path/name indicates a complete examination paper or mock exam,do_not_publish_until_structured_parse_and_answer_analysis_review
/Users/shidianjin/Documents/高考英语/1990-2007·高考英语真题·word/广西/2000年广西高考英语真题及答案.doc,1990-2007·高考英语真题·word/广西/2000年广西高考英语真题及答案.doc,.doc,70144,paper_only_candidate,full_paper_candidate,review_required,path/name indicates a complete examination paper or mock exam,do_not_publish_until_structured_parse_and_answer_analysis_review
/Users/shidianjin/Documents/高考英语/1990-2007·高考英语真题·word/广西/2002年广西高考英语真题及答案.doc,1990-2007·高考英语真题·word/广西/2002年广西高考英语真题及答案.doc,.doc,67072,paper_only_candidate,full_paper_candidate,review_required,path/name indicates a complete examination paper or mock exam,do_not_publish_until_structured_parse_and_answer_analysis_review
/Users/shidianjin/Documents/高考英语/1990-2007·高考英语真题·word/广西/2003年广西高考英语真题及答案.doc,1990-2007·高考英语真题·word/广西/2003年广西高考英语真题及答案.doc,.doc,753152,paper_only_candidate,full_paper_candidate,review_required,path/name indicates a complete examination paper or mock exam,do_not_publish_until_structured_parse_and_answer_analysis_review
/Users/shidianjin/Documents/高考英语/1990-2007·高考英语真题·word/广西/2004年广西高考英语真题及答案.doc,1990-2007·高考英语真题·word/广西/2004年广西高考英语真题及答案.doc,.doc,51712,paper_only_candidate,full_paper_candidate,review_required,path/name indicates a complete examination paper or mock exam,do_not_publish_until_structured_parse_and_answer_analysis_review
/Users/shidianjin/Documents/高考英语/1990-2007·高考英语真题·word/广西/2005年广西高考英语真题及答案.doc,1990-2007·高考英语真题·word/广西/2005年广西高考英语真题及答案.doc,.doc,118784,paper_only_candidate,full_paper_candidate,review_required,path/name indicates a complete examination paper or mock exam,do_not_publish_until_structured_parse_and_answer_analysis_review
/Users/shidianjin/Documents/高考英语/1990-2007·高考英语真题·word/广西/2006年广西高考英语真题及答案.doc,1990-2007·高考英语真题·word/广西/2006年广西高考英语真题及答案.doc,.doc,253440,paper_only_candidate,full_paper_candidate,review_required,path/name indicates a complete examination paper or mock exam,do_not_publish_until_structured_parse_and_answer_analysis_review
/Users/shidianjin/Documents/高考英语/1990-2007·高考英语真题·word/广西/2007年广西高考英语真题及答案.doc,1990-2007·高考英语真题·word/广西/2007年广西高考英语真题及答案.doc,.doc,64000,paper_only_candidate,full_paper_candidate,review_required,path/name indicates a complete examination paper or mock exam,do_not_publish_until_structured_parse_and_answer_analysis_review
/Users/shidianjin/Documents/高考英语/1990-2007·高考英语真题·word/河北/1990年河北高考英语真题及答案.doc,1990-2007·高考英语真题·word/河北/1990年河北高考英语真题及答案.doc,.doc,67584,paper_only_candidate,full_paper_candidate,review_required,path/name indicates a complete examination paper or mock exam,do_not_publish_until_structured_parse_and_answer_analysis_review
/Users/shidianjin/Documents/高考英语/1990-2007·高考英语真题·word/河北/1991年河北高考英语真题及答案.doc,1990-2007·高考英语真题·word/河北/1991年河北高考英语真题及答案.doc,.doc,50688,paper_only_candidate,full_paper_candidate,review_required,path/name indicates a complete examination paper or mock exam,do_not_publish_until_structured_parse_and_answer_analysis_review
/Users/shidianjin/Documents/高考英语/1990-2007·高考英语真题·word/河北/1992年河北高考英语真题及答案.doc,1990-2007·高考英语真题·word/河北/1992年河北高考英语真题及答案.doc,.doc,56320,paper_only_candidate,full_paper_candidate,review_required,path/name indicates a complete examination paper or mock exam,do_not_publish_until_structured_parse_and_answer_analysis_review
/Users/shidianjin/Documents/高考英语/1990-2007·高考英语真题·word/河北/1993年河北高考英语真题及答案.doc,1990-2007·高考英语真题·word/河北/1993年河北高考英语真题及答案.doc,.doc,67584,paper_only_candidate,full_paper_candidate,review_required,path/name indicates a complete examination paper or mock exam,do_not_publish_until_structured_parse_and_answer_analysis_review
/Users/shidianjin/Documents/高考英语/1990-2007·高考英语真题·word/河北/1994年河北高考英语真题及答案.doc,1990-2007·高考英语真题·word/河北/1994年河北高考英语真题及答案.doc,.doc,55808,paper_only_candidate,full_paper_candidate,review_required,path/name indicates a complete examination paper or mock exam,do_not_publish_until_structured_parse_and_answer_analysis_review
/Users/shidianjin/Documents/高考英语/1990-2007·高考英语真题·word/河北/1995年河北高考英语真题及答案.doc,1990-2007·高考英语真题·word/河北/1995年河北高考英语真题及答案.doc,.doc,61952,paper_only_candidate,full_paper_candidate,review_required,path/name indicates a complete examination paper or mock exam,do_not_publish_until_structured_parse_and_answer_analysis_review
/Users/shidianjin/Documents/高考英语/1990-2007·高考英语真题·word/河北/1996年河北高考英语真题及答案.doc,1990-2007·高考英语真题·word/河北/1996年河北高考英语真题及答案.doc,.doc,58368,paper_only_candidate,full_paper_candidate,review_required,path/name indicates a complete examination paper or mock exam,do_not_publish_until_structured_parse_and_answer_analysis_review
/Users/shidianjin/Documents/高考英语/1990-2007·高考英语真题·word/河北/1997年河北高考英语真题及答案.doc,1990-2007·高考英语真题·word/河北/1997年河北高考英语真题及答案.doc,.doc,61952,paper_only_candidate,full_paper_candidate,review_required,path/name indicates a complete examination paper or mock exam,do_not_publish_until_structured_parse_and_answer_analysis_review
/Users/shidianjin/Documents/高考英语/1990-2007·高考英语真题·word/河北/1998年河北高考英语真题及答案.doc,1990-2007·高考英语真题·word/河北/1998年河北高考英语真题及答案.doc,.doc,88576,paper_only_candidate,full_paper_candidate,review_required,path/name indicates a complete examination paper or mock exam,do_not_publish_until_structured_parse_and_answer_analysis_review
/Users/shidianjin/Documents/高考英语/1990-2007·高考英语真题·word/河北/1999年河北高考英语真题及答案.doc,1990-2007·高考英语真题·word/河北/1999年河北高考英语真题及答案.doc,.doc,52736,paper_only_candidate,full_paper_candidate,review_required,path/name indicates a complete examination paper or mock exam,do_not_publish_until_structured_parse_and_answer_analysis_review
/Users/shidianjin/Documents/高考英语/1990-2007·高考英语真题·word/河北/2000年河北高考英语真题及答案.doc,1990-2007·高考英语真题·word/河北/2000年河北高考英语真题及答案.doc,.doc,70144,paper_only_candidate,full_paper_candidate,review_required,path/name indicates a complete examination paper or mock exam,do_not_publish_until_structured_parse_and_answer_analysis_review
/Users/shidianjin/Documents/高考英语/1990-2007·高考英语真题·word/河北/2001年河北高考英语真题及答案.doc,1990-2007·高考英语真题·word/河北/2001年河北高考英语真题及答案.doc,.doc,2445824,paper_only_candidate,full_paper_candidate,review_required,path/name indicates a complete examination paper or mock exam,do_not_publish_until_structured_parse_and_answer_analysis_review
/Users/shidianjin/Documents/高考英语/1990-2007·高考英语真题·word/河北/2002年河北高考英语真题及答案.doc,1990-2007·高考英语真题·word/河北/2002年河北高考英语真题及答案.doc,.doc,67072,paper_only_candidate,full_paper_candidate,review_required,path/name indicates a complete examination paper or mock exam,do_not_publish_until_structured_parse_and_answer_analysis_review
/Users/shidianjin/Documents/高考英语/1990-2007·高考英语真题·word/河北/2003年河北高考英语真题及答案.doc,1990-2007·高考英语真题·word/河北/2003年河北高考英语真题及答案.doc,.doc,107520,paper_only_candidate,full_paper_candidate,review_required,path/name indicates a complete examination paper or mock exam,do_not_publish_until_structured_parse_and_answer_analysis_review
/Users/shidianjin/Documents/高考英语/1990-2007·高考英语真题·word/河北/2004年河北高考英语真题及答案.doc,1990-2007·高考英语真题·word/河北/2004年河北高考英语真题及答案.doc,.doc,94720,paper_only_candidate,full_paper_candidate,review_required,path/name indicates a complete examination paper or mock exam,do_not_publish_until_structured_parse_and_answer_analysis_review
/Users/shidianjin/Documents/高考英语/1990-2007·高考英语真题·word/河北/2005年河北高考英语真题及答案.doc,1990-2007·高考英语真题·word/河北/2005年河北高考英语真题及答案.doc,.doc,118784,paper_only_candidate,full_paper_candidate,review_required,path/name indicates a complete examination paper or mock exam,do_not_publish_until_structured_parse_and_answer_analysis_review
/Users/shidianjin/Documents/高考英语/1990-2007·高考英语真题·word/河北/2006年河北高考英语真题及答案.doc,1990-2007·高考英语真题·word/河北/2006年河北高考英语真题及答案.doc,.doc,253440,paper_only_candidate,full_paper_candidate,review_required,path/name indicates a complete examination paper or mock exam,do_not_publish_until_structured_parse_and_answer_analysis_review
/Users/shidianjin/Documents/高考英语/1990-2007·高考英语真题·word/河北/2007年河北高考英语真题及答案.doc,1990-2007·高考英语真题·word/河北/2007年河北高考英语真题及答案.doc,.doc,64000,paper_only_candidate,full_paper_candidate,review_required,path/name indicates a complete examination paper or mock exam,do_not_publish_until_structured_parse_and_answer_analysis_review
/Users/shidianjin/Documents/高考英语/1990-2007·高考英语真题·word/河南/1990年河南高考英语真题及答案.doc,1990-2007·高考英语真题·word/河南/1990年河南高考英语真题及答案.doc,.doc,67584,paper_only_candidate,full_paper_candidate,review_required,path/name indicates a complete examination paper or mock exam,do_not_publish_until_structured_parse_and_answer_analysis_review
/Users/shidianjin/Documents/高考英语/1990-2007·高考英语真题·word/河南/1991年河南高考英语真题及答案.doc,1990-2007·高考英语真题·word/河南/1991年河南高考英语真题及答案.doc,.doc,50688,paper_only_candidate,full_paper_candidate,review_required,path/name indicates a complete examination paper or mock exam,do_not_publish_until_structured_parse_and_answer_analysis_review
/Users/shidianjin/Documents/高考英语/1990-2007·高考英语真题·word/河南/1992年河南高考英语真题及答案.doc,1990-2007·高考英语真题·word/河南/1992年河南高考英语真题及答案.doc,.doc,56320,paper_only_candidate,full_paper_candidate,review_required,path/name indicates a complete examination paper or mock exam,do_not_publish_until_structured_parse_and_answer_analysis_review
/Users/shidianjin/Documents/高考英语/1990-2007·高考英语真题·word/河南/1993年河南高考英语真题及答案.doc,1990-2007·高考英语真题·word/河南/1993年河南高考英语真题及答案.doc,.doc,67584,paper_only_candidate,full_paper_candidate,review_required,path/name indicates a complete examination paper or mock exam,do_not_publish_until_structured_parse_and_answer_analysis_review
/Users/shidianjin/Documents/高考英语/1990-2007·高考英语真题·word/河南/1994年河南高考英语真题及答案.doc,1990-2007·高考英语真题·word/河南/1994年河南高考英语真题及答案.doc,.doc,55808,paper_only_candidate,full_paper_candidate,review_required,path/name indicates a complete examination paper or mock exam,do_not_publish_until_structured_parse_and_answer_analysis_review
/Users/shidianjin/Documents/高考英语/1990-2007·高考英语真题·word/河南/1995年河南高考英语真题及答案.doc,1990-2007·高考英语真题·word/河南/1995年河南高考英语真题及答案.doc,.doc,61952,paper_only_candidate,full_paper_candidate,review_required,path/name indicates a complete examination paper or mock exam,do_not_publish_until_structured_parse_and_answer_analysis_review
/Users/shidianjin/Documents/高考英语/1990-2007·高考英语真题·word/河南/1996年河南高考英语真题及答案.doc,1990-2007·高考英语真题·word/河南/1996年河南高考英语真题及答案.doc,.doc,58368,paper_only_candidate,full_paper_candidate,review_required,path/name indicates a complete examination paper or mock exam,do_not_publish_until_structured_parse_and_answer_analysis_review
/Users/shidianjin/Documents/高考英语/1990-2007·高考英语真题·word/河南/1997年河南高考英语真题及答案.doc,1990-2007·高考英语真题·word/河南/1997年河南高考英语真题及答案.doc,.doc,61952,paper_only_candidate,full_paper_candidate,review_required,path/name indicates a complete examination paper or mock exam,do_not_publish_until_structured_parse_and_answer_analysis_review
/Users/shidianjin/Documents/高考英语/1990-2007·高考英语真题·word/河南/1998年河南高考英语真题及答案.doc,1990-2007·高考英语真题·word/河南/1998年河南高考英语真题及答案.doc,.doc,88576,paper_only_candidate,full_paper_candidate,review_required,path/name indicates a complete examination paper or mock exam,do_not_publish_until_structured_parse_and_answer_analysis_review
/Users/shidianjin/Documents/高考英语/1990-2007·高考英语真题·word/河南/1999年河南高考英语真题及答案.doc,1990-2007·高考英语真题·word/河南/1999年河南高考英语真题及答案.doc,.doc,52736,paper_only_candidate,full_paper_candidate,review_required,path/name indicates a complete examination paper or mock exam,do_not_publish_until_structured_parse_and_answer_analysis_review
/Users/shidianjin/Documents/高考英语/1990-2007·高考英语真题·word/河南/2000年河南高考英语真题及答案.doc,1990-2007·高考英语真题·word/河南/2000年河南高考英语真题及答案.doc,.doc,70144,paper_only_candidate,full_paper_candidate,review_required,path/name indicates a complete examination paper or mock exam,do_not_publish_until_structured_parse_and_answer_analysis_review
/Users/shidianjin/Documents/高考英语/1990-2007·高考英语真题·word/河南/2002年河南高考英语真题及答案.doc,1990-2007·高考英语真题·word/河南/2002年河南高考英语真题及答案.doc,.doc,65024,paper_only_candidate,full_paper_candidate,review_required,path/name indicates a complete examination paper or mock exam,do_not_publish_until_structured_parse_and_answer_analysis_review
/Users/shidianjin/Documents/高考英语/1990-2007·高考英语真题·word/河南/2003年河南高考英语真题及答案.doc,1990-2007·高考英语真题·word/河南/2003年河南高考英语真题及答案.doc,.doc,737280,paper_only_candidate,full_paper_candidate,review_required,path/name indicates a complete examination paper or mock exam,do_not_publish_until_structured_parse_and_answer_analysis_review
/Users/shidianjin/Documents/高考英语/1990-2007·高考英语真题·word/河南/2004年河南高考英语真题及答案.doc,1990-2007·高考英语真题·word/河南/2004年河南高考英语真题及答案.doc,.doc,94720,paper_only_candidate,full_paper_candidate,review_required,path/name indicates a complete examination paper or mock exam,do_not_publish_until_structured_parse_and_answer_analysis_review
/Users/shidianjin/Documents/高考英语/1990-2007·高考英语真题·word/河南/2005年河南高考英语真题及答案.doc,1990-2007·高考英语真题·word/河南/2005年河南高考英语真题及答案.doc,.doc,118784,paper_only_candidate,full_paper_candidate,review_required,path/name indicates a complete examination paper or mock exam,do_not_publish_until_structured_parse_and_answer_analysis_review
/Users/shidianjin/Documents/高考英语/1990-2007·高考英语真题·word/河南/2006年河南高考英语真题及答案.doc,1990-2007·高考英语真题·word/河南/2006年河南高考英语真题及答案.doc,.doc,253440,paper_only_candidate,full_paper_candidate,review_required,path/name indicates a complete examination paper or mock exam,do_not_publish_until_structured_parse_and_answer_analysis_review
/Users/shidianjin/Documents/高考英语/1990-2007·高考英语真题·word/河南/2007年河南高考英语真题及答案.doc,1990-2007·高考英语真题·word/河南/2007年河南高考英语真题及答案.doc,.doc,64000,paper_only_candidate,full_paper_candidate,review_required,path/name indicates a complete examination paper or mock exam,do_not_publish_until_structured_parse_and_answer_analysis_review
/Users/shidianjin/Documents/高考英语/1990-2007·高考英语真题·word/海南/1990年海南高考英语真题及答案.doc,1990-2007·高考英语真题·word/海南/1990年海南高考英语真题及答案.doc,.doc,67584,paper_only_candidate,full_paper_candidate,review_required,path/name indicates a complete examination paper or mock exam,do_not_publish_until_structured_parse_and_answer_analysis_review
/Users/shidianjin/Documents/高考英语/1990-2007·高考英语真题·word/海南/1991年海南高考英语真题及答案.doc,1990-2007·高考英语真题·word/海南/1991年海南高考英语真题及答案.doc,.doc,50688,paper_only_candidate,full_paper_candidate,review_required,path/name indicates a complete examination paper or mock exam,do_not_publish_until_structured_parse_and_answer_analysis_review
/Users/shidianjin/Documents/高考英语/1990-2007·高考英语真题·word/海南/1992年海南高考英语真题及答案.doc,1990-2007·高考英语真题·word/海南/1992年海南高考英语真题及答案.doc,.doc,56320,paper_only_candidate,full_paper_candidate,review_required,path/name indicates a complete examination paper or mock exam,do_not_publish_until_structured_parse_and_answer_analysis_review
/Users/shidianjin/Documents/高考英语/1990-2007·高考英语真题·word/海南/1993年海南高考英语真题及答案.doc,1990-2007·高考英语真题·word/海南/1993年海南高考英语真题及答案.doc,.doc,67584,paper_only_candidate,full_paper_candidate,review_required,path/name indicates a complete examination paper or mock exam,do_not_publish_until_structured_parse_and_answer_analysis_review
/Users/shidianjin/Documents/高考英语/1990-2007·高考英语真题·word/海南/1994年海南高考英语真题及答案.doc,1990-2007·高考英语真题·word/海南/1994年海南高考英语真题及答案.doc,.doc,55808,paper_only_candidate,full_paper_candidate,review_required,path/name indicates a complete examination paper or mock exam,do_not_publish_until_structured_parse_and_answer_analysis_review
/Users/shidianjin/Documents/高考英语/1990-2007·高考英语真题·word/海南/1995年海南高考英语真题及答案.doc,1990-2007·高考英语真题·word/海南/1995年海南高考英语真题及答案.doc,.doc,61952,paper_only_candidate,full_paper_candidate,review_required,path/name indicates a complete examination paper or mock exam,do_not_publish_until_structured_parse_and_answer_analysis_review
/Users/shidianjin/Documents/高考英语/1990-2007·高考英语真题·word/海南/1996年海南高考英语真题及答案.doc,1990-2007·高考英语真题·word/海南/1996年海南高考英语真题及答案.doc,.doc,68608,paper_only_candidate,full_paper_candidate,review_required,path/name indicates a complete examination paper or mock exam,do_not_publish_until_structured_parse_and_answer_analysis_review
/Users/shidianjin/Documents/高考英语/1990-2007·高考英语真题·word/海南/1997年海南高考英语真题及答案.doc,1990-2007·高考英语真题·word/海南/1997年海南高考英语真题及答案.doc,.doc,61952,paper_only_candidate,full_paper_candidate,review_required,path/name indicates a complete examination paper or mock exam,do_not_publish_until_structured_parse_and_answer_analysis_review
/Users/shidianjin/Documents/高考英语/1990-2007·高考英语真题·word/海南/1998年海南高考英语真题及答案.doc,1990-2007·高考英语真题·word/海南/1998年海南高考英语真题及答案.doc,.doc,88576,paper_only_candidate,full_paper_candidate,review_required,path/name indicates a complete examination paper or mock exam,do_not_publish_until_structured_parse_and_answer_analysis_review
/Users/shidianjin/Documents/高考英语/1990-2007·高考英语真题·word/海南/1999年海南高考英语真题及答案.doc,1990-2007·高考英语真题·word/海南/1999年海南高考英语真题及答案.doc,.doc,53248,paper_only_candidate,full_paper_candidate,review_required,path/name indicates a complete examination paper or mock exam,do_not_publish_until_structured_parse_and_answer_analysis_review
/Users/shidianjin/Documents/高考英语/1990-2007·高考英语真题·word/海南/2000年海南高考英语真题及答案.doc,1990-2007·高考英语真题·word/海南/2000年海南高考英语真题及答案.doc,.doc,70144,paper_only_candidate,full_paper_candidate,review_required,path/name indicates a complete examination paper or mock exam,do_not_publish_until_structured_parse_and_answer_analysis_review
/Users/shidianjin/Documents/高考英语/1990-2007·高考英语真题·word/湖北/1990年湖北高考英语真题及答案.doc,1990-2007·高考英语真题·word/湖北/1990年湖北高考英语真题及答案.doc,.doc,67584,paper_only_candidate,full_paper_candidate,review_required,path/name indicates a complete examination paper or mock exam,do_not_publish_until_structured_parse_and_answer_analysis_review
/Users/shidianjin/Documents/高考英语/1990-2007·高考英语真题·word/湖北/1992年湖北高考英语真题及答案.doc,1990-2007·高考英语真题·word/湖北/1992年湖北高考英语真题及答案.doc,.doc,56320,paper_only_candidate,full_paper_candidate,review_required,path/name indicates a complete examination paper or mock exam,do_not_publish_until_structured_parse_and_answer_analysis_review
/Users/shidianjin/Documents/高考英语/1990-2007·高考英语真题·word/湖北/1993年湖北高考英语真题及答案.doc,1990-2007·高考英语真题·word/湖北/1993年湖北高考英语真题及答案.doc,.doc,67584,paper_only_candidate,full_paper_candidate,review_required,path/name indicates a complete examination paper or mock exam,do_not_publish_until_structured_parse_and_answer_analysis_review
/Users/shidianjin/Documents/高考英语/1990-2007·高考英语真题·word/湖北/1994年湖北高考英语真题及答案.doc,1990-2007·高考英语真题·word/湖北/1994年湖北高考英语真题及答案.doc,.doc,55808,paper_only_candidate,full_paper_candidate,review_required,path/name indicates a complete examination paper or mock exam,do_not_publish_until_structured_parse_and_answer_analysis_review
/Users/shidianjin/Documents/高考英语/1990-2007·高考英语真题·word/湖北/1995年湖北高考英语真题及答案.doc,1990-2007·高考英语真题·word/湖北/1995年湖北高考英语真题及答案.doc,.doc,61952,paper_only_candidate,full_paper_candidate,review_required,path/name indicates a complete examination paper or mock exam,do_not_publish_until_structured_parse_and_answer_analysis_review
/Users/shidianjin/Documents/高考英语/1990-2007·高考英语真题·word/湖北/1996年湖北高考英语真题及答案.doc,1990-2007·高考英语真题·word/湖北/1996年湖北高考英语真题及答案.doc,.doc,68608,paper_only_candidate,full_paper_candidate,review_required,path/name indicates a complete examination paper or mock exam,do_not_publish_until_structured_parse_and_answer_analysis_review
/Users/shidianjin/Documents/高考英语/1990-2007·高考英语真题·word/湖北/1997年湖北高考英语真题及答案.doc,1990-2007·高考英语真题·word/湖北/1997年湖北高考英语真题及答案.doc,.doc,61952,paper_only_candidate,full_paper_candidate,review_required,path/name indicates a complete examination paper or mock exam,do_not_publish_until_structured_parse_and_answer_analysis_review
/Users/shidianjin/Documents/高考英语/1990-2007·高考英语真题·word/湖北/1998年湖北高考英语真题及答案.doc,1990-2007·高考英语真题·word/湖北/1998年湖北高考英语真题及答案.doc,.doc,88576,paper_only_candidate,full_paper_candidate,review_required,path/name indicates a complete examination paper or mock exam,do_not_publish_until_structured_parse_and_answer_analysis_review
/Users/shidianjin/Documents/高考英语/1990-2007·高考英语真题·word/湖北/1999年湖北高考英语真题及答案.doc,1990-2007·高考英语真题·word/湖北/1999年湖北高考英语真题及答案.doc,.doc,52736,paper_only_candidate,full_paper_candidate,review_required,path/name indicates a complete examination paper or mock exam,do_not_publish_until_structured_parse_and_answer_analysis_review
/Users/shidianjin/Documents/高考英语/1990-2007·高考英语真题·word/湖北/2000年湖北高考英语真题及答案.doc,1990-2007·高考英语真题·word/湖北/2000年湖北高考英语真题及答案.doc,.doc,70144,paper_only_candidate,full_paper_candidate,review_required,path/name indicates a complete examination paper or mock exam,do_not_publish_until_structured_parse_and_answer_analysis_review
/Users/shidianjin/Documents/高考英语/1990-2007·高考英语真题·word/湖北/2002年湖北高考英语真题及答案.doc,1990-2007·高考英语真题·word/湖北/2002年湖北高考英语真题及答案.doc,.doc,66048,paper_only_candidate,full_paper_candidate,review_required,path/name indicates a complete examination paper or mock exam,do_not_publish_until_structured_parse_and_answer_analysis_review
/Users/shidianjin/Documents/高考英语/1990-2007·高考英语真题·word/湖北/2003年湖北高考英语真题及答案.doc,1990-2007·高考英语真题·word/湖北/2003年湖北高考英语真题及答案.doc,.doc,739328,paper_only_candidate,full_paper_candidate,review_required,path/name indicates a complete examination paper or mock exam,do_not_publish_until_structured_parse_and_answer_analysis_review
/Users/shidianjin/Documents/高考英语/1990-2007·高考英语真题·word/湖北/2004年湖北高考英语真题及答案.doc,1990-2007·高考英语真题·word/湖北/2004年湖北高考英语真题及答案.doc,.doc,76288,paper_only_candidate,full_paper_candidate,review_required,path/name indicates a complete examination paper or mock exam,do_not_publish_until_structured_parse_and_answer_analysis_review
/Users/shidianjin/Documents/高考英语/1990-2007·高考英语真题·word/湖北/2005年湖北高考英语真题及答案.doc,1990-2007·高考英语真题·word/湖北/2005年湖北高考英语真题及答案.doc,.doc,64000,paper_only_candidate,full_paper_candidate,review_required,path/name indicates a complete examination paper or mock exam,do_not_publish_until_structured_parse_and_answer_analysis_review
/Users/shidianjin/Documents/高考英语/1990-2007·高考英语真题·word/湖北/2006年湖北高考英语真题及答案.doc,1990-2007·高考英语真题·word/湖北/2006年湖北高考英语真题及答案.doc,.doc,91136,paper_only_candidate,full_paper_candidate,review_required,path/name indicates a complete examination paper or mock exam,do_not_publish_until_structured_parse_and_answer_analysis_review
/Users/shidianjin/Documents/高考英语/1990-2007·高考英语真题·word/湖北/2007年湖北高考英语真题及答案.doc,1990-2007·高考英语真题·word/湖北/2007年湖北高考英语真题及答案.doc,.doc,69632,paper_only_candidate,full_paper_candidate,review_required,path/name indicates a complete examination paper or mock exam,do_not_publish_until_structured_parse_and_answer_analysis_review
/Users/shidianjin/Documents/高考英语/1990-2007·高考英语真题·word/湖南/1990年湖南高考英语真题及答案.doc,1990-2007·高考英语真题·word/湖南/1990年湖南高考英语真题及答案.doc,.doc,67584,paper_only_candidate,full_paper_candidate,review_required,path/name indicates a complete examination paper or mock exam,do_not_publish_until_structured_parse_and_answer_analysis_review
/Users/shidianjin/Documents/高考英语/1990-2007·高考英语真题·word/湖南/1991年湖南高考英语真题及答案.doc,1990-2007·高考英语真题·word/湖南/1991年湖南高考英语真题及答案.doc,.doc,50688,paper_only_candidate,full_paper_candidate,review_required,path/name indicates a complete examination paper or mock exam,do_not_publish_until_structured_parse_and_answer_analysis_review
/Users/shidianjin/Documents/高考英语/1990-2007·高考英语真题·word/湖南/1992年湖南高考英语真题及答案.doc,1990-2007·高考英语真题·word/湖南/1992年湖南高考英语真题及答案.doc,.doc,56320,paper_only_candidate,full_paper_candidate,review_required,path/name indicates a complete examination paper or mock exam,do_not_publish_until_structured_parse_and_answer_analysis_review
/Users/shidianjin/Documents/高考英语/1990-2007·高考英语真题·word/湖南/1993年湖南高考英语真题及答案.doc,1990-2007·高考英语真题·word/湖南/1993年湖南高考英语真题及答案.doc,.doc,67584,paper_only_candidate,full_paper_candidate,review_required,path/name indicates a complete examination paper or mock exam,do_not_publish_until_structured_parse_and_answer_analysis_review
/Users/shidianjin/Documents/高考英语/1990-2007·高考英语真题·word/湖南/1994年湖南高考英语真题及答案.doc,1990-2007·高考英语真题·word/湖南/1994年湖南高考英语真题及答案.doc,.doc,55808,paper_only_candidate,full_paper_candidate,review_required,path/name indicates a complete examination paper or mock exam,do_not_publish_until_structured_parse_and_answer_analysis_review
/Users/shidianjin/Documents/高考英语/1990-2007·高考英语真题·word/湖南/1995年湖南高考英语真题及答案.doc,1990-2007·高考英语真题·word/湖南/1995年湖南高考英语真题及答案.doc,.doc,61952,paper_only_candidate,full_paper_candidate,review_required,path/name indicates a complete examination paper or mock exam,do_not_publish_until_structured_parse_and_answer_analysis_review
/Users/shidianjin/Documents/高考英语/1990-2007·高考英语真题·word/湖南/1996年湖南高考英语真题及答案.doc,1990-2007·高考英语真题·word/湖南/1996年湖南高考英语真题及答案.doc,.doc,68608,paper_only_candidate,full_paper_candidate,review_required,path/name indicates a complete examination paper or mock exam,do_not_publish_until_structured_parse_and_answer_analysis_review
/Users/shidianjin/Documents/高考英语/1990-2007·高考英语真题·word/湖南/1997年湖南高考英语真题及答案.doc,1990-2007·高考英语真题·word/湖南/1997年湖南高考英语真题及答案.doc,.doc,61952,paper_only_candidate,full_paper_candidate,review_required,path/name indicates a complete examination paper or mock exam,do_not_publish_until_structured_parse_and_answer_analysis_review
/Users/shidianjin/Documents/高考英语/1990-2007·高考英语真题·word/湖南/1998年湖南高考英语真题及答案.doc,1990-2007·高考英语真题·word/湖南/1998年湖南高考英语真题及答案.doc,.doc,88576,paper_only_candidate,full_paper_candidate,review_required,path/name indicates a complete examination paper or mock exam,do_not_publish_until_structured_parse_and_answer_analysis_review
/Users/shidianjin/Documents/高考英语/1990-2007·高考英语真题·word/湖南/1999年湖南高考英语真题及答案.doc,1990-2007·高考英语真题·word/湖南/1999年湖南高考英语真题及答案.doc,.doc,52736,paper_only_candidate,full_paper_candidate,review_required,path/name indicates a complete examination paper or mock exam,do_not_publish_until_structured_parse_and_answer_analysis_review
/Users/shidianjin/Documents/高考英语/1990-2007·高考英语真题·word/湖南/2000年湖南高考英语真题及答案.doc,1990-2007·高考英语真题·word/湖南/2000年湖南高考英语真题及答案.doc,.doc,70144,paper_only_candidate,full_paper_candidate,review_required,path/name indicates a complete examination paper or mock exam,do_not_publish_until_structured_parse_and_answer_analysis_review
/Users/shidianjin/Documents/高考英语/1990-2007·高考英语真题·word/湖南/2002年湖南高考英语真题及答案.doc,1990-2007·高考英语真题·word/湖南/2002年湖南高考英语真题及答案.doc,.doc,67072,paper_only_candidate,full_paper_candidate,review_required,path/name indicates a complete examination paper or mock exam,do_not_publish_until_structured_parse_and_answer_analysis_review
/Users/shidianjin/Documents/高考英语/1990-2007·高考英语真题·word/湖南/2003年湖南高考英语真题及答案.doc,1990-2007·高考英语真题·word/湖南/2003年湖南高考英语真题及答案.doc,.doc,739328,paper_only_candidate,full_paper_candidate,review_required,path/name indicates a complete examination paper or mock exam,do_not_publish_until_structured_parse_and_answer_analysis_review
/Users/shidianjin/Documents/高考英语/1990-2007·高考英语真题·word/湖南/2004年湖南高考英语真题及答案.doc,1990-2007·高考英语真题·word/湖南/2004年湖南高考英语真题及答案.doc,.doc,57856,paper_only_candidate,full_paper_candidate,review_required,path/name indicates a complete examination paper or mock exam,do_not_publish_until_structured_parse_and_answer_analysis_review
/Users/shidianjin/Documents/高考英语/1990-2007·高考英语真题·word/湖南/2005年湖南高考英语真题及答案.doc,1990-2007·高考英语真题·word/湖南/2005年湖南高考英语真题及答案.doc,.doc,87040,paper_only_candidate,full_paper_candidate,review_required,path/name indicates a complete examination paper or mock exam,do_not_publish_until_structured_parse_and_answer_analysis_review
/Users/shidianjin/Documents/高考英语/1990-2007·高考英语真题·word/湖南/2006年湖南高考英语真题及答案.doc,1990-2007·高考英语真题·word/湖南/2006年湖南高考英语真题及答案.doc,.doc,505344,paper_only_candidate,full_paper_candidate,review_required,path/name indicates a complete examination paper or mock exam,do_not_publish_until_structured_parse_and_answer_analysis_review
/Users/shidianjin/Documents/高考英语/1990-2007·高考英语真题·word/湖南/2007年湖南高考英语真题及答案.doc,1990-2007·高考英语真题·word/湖南/2007年湖南高考英语真题及答案.doc,.doc,107520,paper_only_candidate,full_paper_candidate,review_required,path/name indicates a complete examination paper or mock exam,do_not_publish_until_structured_parse_and_answer_analysis_review
/Users/shidianjin/Documents/高考英语/1990-2007·高考英语真题·word/福建/1990年福建高考英语真题及答案.doc,1990-2007·高考英语真题·word/福建/1990年福建高考英语真题及答案.doc,.doc,67584,paper_only_candidate,full_paper_candidate,review_required,path/name indicates a complete examination paper or mock exam,do_not_publish_until_structured_parse_and_answer_analysis_review
/Users/shidianjin/Documents/高考英语/1990-2007·高考英语真题·word/福建/1991年福建高考英语真题及答案.doc,1990-2007·高考英语真题·word/福建/1991年福建高考英语真题及答案.doc,.doc,50688,paper_only_candidate,full_paper_candidate,review_required,path/name indicates a complete examination paper or mock exam,do_not_publish_until_structured_parse_and_answer_analysis_review
/Users/shidianjin/Documents/高考英语/1990-2007·高考英语真题·word/福建/1992年福建高考英语真题及答案.doc,1990-2007·高考英语真题·word/福建/1992年福建高考英语真题及答案.doc,.doc,56320,paper_only_candidate,full_paper_candidate,review_required,path/name indicates a complete examination paper or mock exam,do_not_publish_until_structured_parse_and_answer_analysis_review
/Users/shidianjin/Documents/高考英语/1990-2007·高考英语真题·word/福建/1993年福建高考英语真题及答案.doc,1990-2007·高考英语真题·word/福建/1993年福建高考英语真题及答案.doc,.doc,67584,paper_only_candidate,full_paper_candidate,review_required,path/name indicates a complete examination paper or mock exam,do_not_publish_until_structured_parse_and_answer_analysis_review
/Users/shidianjin/Documents/高考英语/1990-2007·高考英语真题·word/福建/1994年福建高考英语真题及答案.doc,1990-2007·高考英语真题·word/福建/1994年福建高考英语真题及答案.doc,.doc,55808,paper_only_candidate,full_paper_candidate,review_required,path/name indicates a complete examination paper or mock exam,do_not_publish_until_structured_parse_and_answer_analysis_review
/Users/shidianjin/Documents/高考英语/1990-2007·高考英语真题·word/福建/1995年福建高考英语真题及答案.doc,1990-2007·高考英语真题·word/福建/1995年福建高考英语真题及答案.doc,.doc,61952,paper_only_candidate,full_paper_candidate,review_required,path/name indicates a complete examination paper or mock exam,do_not_publish_until_structured_parse_and_answer_analysis_review
/Users/shidianjin/Documents/高考英语/1990-2007·高考英语真题·word/福建/1996年福建高考英语真题及答案.doc,1990-2007·高考英语真题·word/福建/1996年福建高考英语真题及答案.doc,.doc,68608,paper_only_candidate,full_paper_candidate,review_required,path/name indicates a complete examination paper or mock exam,do_not_publish_until_structured_parse_and_answer_analysis_review
/Users/shidianjin/Documents/高考英语/1990-2007·高考英语真题·word/福建/1997年福建高考英语真题及答案.doc,1990-2007·高考英语真题·word/福建/1997年福建高考英语真题及答案.doc,.doc,61952,paper_only_candidate,full_paper_candidate,review_required,path/name indicates a complete examination paper or mock exam,do_not_publish_until_structured_parse_and_answer_analysis_review
/Users/shidianjin/Documents/高考英语/1990-2007·高考英语真题·word/福建/1998年福建高考英语真题及答案.doc,1990-2007·高考英语真题·word/福建/1998年福建高考英语真题及答案.doc,.doc,88576,paper_only_candidate,full_paper_candidate,review_required,path/name indicates a complete examination paper or mock exam,do_not_publish_until_structured_parse_and_answer_analysis_review
/Users/shidianjin/Documents/高考英语/1990-2007·高考英语真题·word/福建/1999年福建高考英语真题及答案.doc,1990-2007·高考英语真题·word/福建/1999年福建高考英语真题及答案.doc,.doc,52736,paper_only_candidate,full_paper_candidate,review_required,path/name indicates a complete examination paper or mock exam,do_not_publish_until_structured_parse_and_answer_analysis_review
/Users/shidianjin/Documents/高考英语/1990-2007·高考英语真题·word/福建/2000年福建高考英语真题及答案.doc,1990-2007·高考英语真题·word/福建/2000年福建高考英语真题及答案.doc,.doc,70144,paper_only_candidate,full_paper_candidate,review_required,path/name indicates a complete examination paper or mock exam,do_not_publish_until_structured_parse_and_answer_analysis_review
/Users/shidianjin/Documents/高考英语/1990-2007·高考英语真题·word/福建/2001年福建高考英语真题及答案.doc,1990-2007·高考英语真题·word/福建/2001年福建高考英语真题及答案.doc,.doc,2445824,paper_only_candidate,full_paper_candidate,review_required,path/name indicates a complete examination paper or mock exam,do_not_publish_until_structured_parse_and_answer_analysis_review
/Users/shidianjin/Documents/高考英语/1990-2007·高考英语真题·word/福建/2002年福建高考英语真题及答案.doc,1990-2007·高考英语真题·word/福建/2002年福建高考英语真题及答案.doc,.doc,67072,paper_only_candidate,full_paper_candidate,review_required,path/name indicates a complete examination paper or mock exam,do_not_publish_until_structured_parse_and_answer_analysis_review
/Users/shidianjin/Documents/高考英语/1990-2007·高考英语真题·word/福建/2003年福建高考英语真题及答案.doc,1990-2007·高考英语真题·word/福建/2003年福建高考英语真题及答案.doc,.doc,738816,paper_only_candidate,full_paper_candidate,review_required,path/name indicates a complete examination paper or mock exam,do_not_publish_until_structured_parse_and_answer_analysis_review
/Users/shidianjin/Documents/高考英语/1990-2007·高考英语真题·word/福建/2004年福建高考英语真题及答案.doc,1990-2007·高考英语真题·word/福建/2004年福建高考英语真题及答案.doc,.doc,212480,paper_only_candidate,full_paper_candidate,review_required,path/name indicates a complete examination paper or mock exam,do_not_publish_until_structured_parse_and_answer_analysis_review
/Users/shidianjin/Documents/高考英语/1990-2007·高考英语真题·word/福建/2005年福建高考英语真题及答案.doc,1990-2007·高考英语真题·word/福建/2005年福建高考英语真题及答案.doc,.doc,84992,paper_only_candidate,full_paper_candidate,review_required,path/name indicates a complete examination paper or mock exam,do_not_publish_until_structured_parse_and_answer_analysis_review
/Users/shidianjin/Documents/高考英语/1990-2007·高考英语真题·word/福建/2006年福建高考英语真题及答案.doc,1990-2007·高考英语真题·word/福建/2006年福建高考英语真题及答案.doc,.doc,73216,paper_only_candidate,full_paper_candidate,review_required,path/name indicates a complete examination paper or mock exam,do_not_publish_until_structured_parse_and_answer_analysis_review
/Users/shidianjin/Documents/高考英语/1990-2007·高考英语真题·word/福建/2007年福建高考英语真题及答案.doc,1990-2007·高考英语真题·word/福建/2007年福建高考英语真题及答案.doc,.doc,670208,paper_only_candidate,full_paper_candidate,review_required,path/name indicates a complete examination paper or mock exam,do_not_publish_until_structured_parse_and_answer_analysis_review
/Users/shidianjin/Documents/高考英语/1990-2007·高考英语真题·word/贵州/1990年贵州高考英语真题及答案.doc,1990-2007·高考英语真题·word/贵州/1990年贵州高考英语真题及答案.doc,.doc,67584,paper_only_candidate,full_paper_candidate,review_required,path/name indicates a complete examination paper or mock exam,do_not_publish_until_structured_parse_and_answer_analysis_review
/Users/shidianjin/Documents/高考英语/1990-2007·高考英语真题·word/贵州/1991年贵州高考英语真题及答案.doc,1990-2007·高考英语真题·word/贵州/1991年贵州高考英语真题及答案.doc,.doc,50688,paper_only_candidate,full_paper_candidate,review_required,path/name indicates a complete examination paper or mock exam,do_not_publish_until_structured_parse_and_answer_analysis_review
/Users/shidianjin/Documents/高考英语/1990-2007·高考英语真题·word/贵州/1992年贵州高考英语真题及答案.doc,1990-2007·高考英语真题·word/贵州/1992年贵州高考英语真题及答案.doc,.doc,56320,paper_only_candidate,full_paper_candidate,review_required,path/name indicates a complete examination paper or mock exam,do_not_publish_until_structured_parse_and_answer_analysis_review
/Users/shidianjin/Documents/高考英语/1990-2007·高考英语真题·word/贵州/1993年贵州高考英语真题及答案.doc,1990-2007·高考英语真题·word/贵州/1993年贵州高考英语真题及答案.doc,.doc,67584,paper_only_candidate,full_paper_candidate,review_required,path/name indicates a complete examination paper or mock exam,do_not_publish_until_structured_parse_and_answer_analysis_review
/Users/shidianjin/Documents/高考英语/1990-2007·高考英语真题·word/贵州/1994年贵州高考英语真题及答案.doc,1990-2007·高考英语真题·word/贵州/1994年贵州高考英语真题及答案.doc,.doc,55808,paper_only_candidate,full_paper_candidate,review_required,path/name indicates a complete examination paper or mock exam,do_not_publish_until_structured_parse_and_answer_analysis_review
/Users/shidianjin/Documents/高考英语/1990-2007·高考英语真题·word/贵州/1995年贵州高考英语真题及答案.doc,1990-2007·高考英语真题·word/贵州/1995年贵州高考英语真题及答案.doc,.doc,61952,paper_only_candidate,full_paper_candidate,review_required,path/name indicates a complete examination paper or mock exam,do_not_publish_until_structured_parse_and_answer_analysis_review
/Users/shidianjin/Documents/高考英语/1990-2007·高考英语真题·word/贵州/1996年贵州高考英语真题及答案.doc,1990-2007·高考英语真题·word/贵州/1996年贵州高考英语真题及答案.doc,.doc,68608,paper_only_candidate,full_paper_candidate,review_required,path/name indicates a complete examination paper or mock exam,do_not_publish_until_structured_parse_and_answer_analysis_review
/Users/shidianjin/Documents/高考英语/1990-2007·高考英语真题·word/贵州/1997年贵州高考英语真题及答案.doc,1990-2007·高考英语真题·word/贵州/1997年贵州高考英语真题及答案.doc,.doc,61952,paper_only_candidate,full_paper_candidate,review_required,path/name indicates a complete examination paper or mock exam,do_not_publish_until_structured_parse_and_answer_analysis_review
/Users/shidianjin/Documents/高考英语/1990-2007·高考英语真题·word/贵州/1998年贵州高考英语真题及答案.doc,1990-2007·高考英语真题·word/贵州/1998年贵州高考英语真题及答案.doc,.doc,88576,paper_only_candidate,full_paper_candidate,review_required,path/name indicates a complete examination paper or mock exam,do_not_publish_until_structured_parse_and_answer_analysis_review
/Users/shidianjin/Documents/高考英语/1990-2007·高考英语真题·word/贵州/1999年贵州高考英语真题及答案.doc,1990-2007·高考英语真题·word/贵州/1999年贵州高考英语真题及答案.doc,.doc,53248,paper_only_candidate,full_paper_candidate,review_required,path/name indicates a complete examination paper or mock exam,do_not_publish_until_structured_parse_and_answer_analysis_review
/Users/shidianjin/Documents/高考英语/1990-2007·高考英语真题·word/贵州/2000年贵州高考英语真题及答案.doc,1990-2007·高考英语真题·word/贵州/2000年贵州高考英语真题及答案.doc,.doc,70144,paper_only_candidate,full_paper_candidate,review_required,path/name indicates a complete examination paper or mock exam,do_not_publish_until_structured_parse_and_answer_analysis_review
/Users/shidianjin/Documents/高考英语/1990-2007·高考英语真题·word/贵州/2002年贵州高考英语真题及答案.doc,1990-2007·高考英语真题·word/贵州/2002年贵州高考英语真题及答案.doc,.doc,67072,paper_only_candidate,full_paper_candidate,review_required,path/name indicates a complete examination paper or mock exam,do_not_publish_until_structured_parse_and_answer_analysis_review
/Users/shidianjin/Documents/高考英语/1990-2007·高考英语真题·word/贵州/2003年贵州高考英语真题及答案.doc,1990-2007·高考英语真题·word/贵州/2003年贵州高考英语真题及答案.doc,.doc,107520,paper_only_candidate,full_paper_candidate,review_required,path/name indicates a complete examination paper or mock exam,do_not_publish_until_structured_parse_and_answer_analysis_review
/Users/shidianjin/Documents/高考英语/1990-2007·高考英语真题·word/贵州/2004年贵州高考英语真题及答案.doc,1990-2007·高考英语真题·word/贵州/2004年贵州高考英语真题及答案.doc,.doc,83456,paper_only_candidate,full_paper_candidate,review_required,path/name indicates a complete examination paper or mock exam,do_not_publish_until_structured_parse_and_answer_analysis_review
/Users/shidianjin/Documents/高考英语/1990-2007·高考英语真题·word/贵州/2005年贵州高考英语真题及答案.doc,1990-2007·高考英语真题·word/贵州/2005年贵州高考英语真题及答案.doc,.doc,61440,paper_only_candidate,full_paper_candidate,review_required,path/name indicates a complete examination paper or mock exam,do_not_publish_until_structured_parse_and_answer_analysis_review
/Users/shidianjin/Documents/高考英语/1990-2007·高考英语真题·word/贵州/2006年贵州高考英语真题及答案.doc,1990-2007·高考英语真题·word/贵州/2006年贵州高考英语真题及答案.doc,.doc,68608,paper_only_candidate,full_paper_candidate,review_required,path/name indicates a complete examination paper or mock exam,do_not_publish_until_structured_parse_and_answer_analysis_review
/Users/shidianjin/Documents/高考英语/1990-2007·高考英语真题·word/贵州/2007年贵州高考英语真题及答案.doc,1990-2007·高考英语真题·word/贵州/2007年贵州高考英语真题及答案.doc,.doc,97792,paper_only_candidate,full_paper_candidate,review_required,path/name indicates a complete examination paper or mock exam,do_not_publish_until_structured_parse_and_answer_analysis_review
/Users/shidianjin/Documents/高考英语/1990-2007·高考英语真题·word/黑龙江/1990年黑龙江高考英语真题及答案.doc,1990-2007·高考英语真题·word/黑龙江/1990年黑龙江高考英语真题及答案.doc,.doc,67584,paper_only_candidate,full_paper_candidate,review_required,path/name indicates a complete examination paper or mock exam,do_not_publish_until_structured_parse_and_answer_analysis_review
/Users/shidianjin/Documents/高考英语/1990-2007·高考英语真题·word/黑龙江/1991年黑龙江高考英语真题及答案.doc,1990-2007·高考英语真题·word/黑龙江/1991年黑龙江高考英语真题及答案.doc,.doc,50688,paper_only_candidate,full_paper_candidate,review_required,path/name indicates a complete examination paper or mock exam,do_not_publish_until_structured_parse_and_answer_analysis_review
/Users/shidianjin/Documents/高考英语/1990-2007·高考英语真题·word/黑龙江/1992年黑龙江高考英语真题及答案.doc,1990-2007·高考英语真题·word/黑龙江/1992年黑龙江高考英语真题及答案.doc,.doc,56320,paper_only_candidate,full_paper_candidate,review_required,path/name indicates a complete examination paper or mock exam,do_not_publish_until_structured_parse_and_answer_analysis_review
/Users/shidianjin/Documents/高考英语/1990-2007·高考英语真题·word/黑龙江/1993年黑龙江高考英语真题及答案.doc,1990-2007·高考英语真题·word/黑龙江/1993年黑龙江高考英语真题及答案.doc,.doc,67584,paper_only_candidate,full_paper_candidate,review_required,path/name indicates a complete examination paper or mock exam,do_not_publish_until_structured_parse_and_answer_analysis_review
/Users/shidianjin/Documents/高考英语/1990-2007·高考英语真题·word/黑龙江/1994年黑龙江高考英语真题及答案.doc,1990-2007·高考英语真题·word/黑龙江/1994年黑龙江高考英语真题及答案.doc,.doc,55808,paper_only_candidate,full_paper_candidate,review_required,path/name indicates a complete examination paper or mock exam,do_not_publish_until_structured_parse_and_answer_analysis_review
/Users/shidianjin/Documents/高考英语/1990-2007·高考英语真题·word/黑龙江/1995年黑龙江高考英语真题及答案.doc,1990-2007·高考英语真题·word/黑龙江/1995年黑龙江高考英语真题及答案.doc,.doc,61952,paper_only_candidate,full_paper_candidate,review_required,path/name indicates a complete examination paper or mock exam,do_not_publish_until_structured_parse_and_answer_analysis_review
/Users/shidianjin/Documents/高考英语/1990-2007·高考英语真题·word/黑龙江/1996年黑龙江高考英语真题及答案.doc,1990-2007·高考英语真题·word/黑龙江/1996年黑龙江高考英语真题及答案.doc,.doc,58368,paper_only_candidate,full_paper_candidate,review_required,path/name indicates a complete examination paper or mock exam,do_not_publish_until_structured_parse_and_answer_analysis_review
/Users/shidianjin/Documents/高考英语/1990-2007·高考英语真题·word/黑龙江/1997年黑龙江高考英语真题及答案.doc,1990-2007·高考英语真题·word/黑龙江/1997年黑龙江高考英语真题及答案.doc,.doc,61952,paper_only_candidate,full_paper_candidate,review_required,path/name indicates a complete examination paper or mock exam,do_not_publish_until_structured_parse_and_answer_analysis_review
/Users/shidianjin/Documents/高考英语/1990-2007·高考英语真题·word/黑龙江/1998年黑龙江高考英语真题及答案.doc,1990-2007·高考英语真题·word/黑龙江/1998年黑龙江高考英语真题及答案.doc,.doc,88576,paper_only_candidate,full_paper_candidate,review_required,path/name indicates a complete examination paper or mock exam,do_not_publish_until_structured_parse_and_answer_analysis_review
/Users/shidianjin/Documents/高考英语/1990-2007·高考英语真题·word/黑龙江/1999年黑龙江高考英语真题及答案.doc,1990-2007·高考英语真题·word/黑龙江/1999年黑龙江高考英语真题及答案.doc,.doc,53248,paper_only_candidate,full_paper_candidate,review_required,path/name indicates a complete examination paper or mock exam,do_not_publish_until_structured_parse_and_answer_analysis_review
/Users/shidianjin/Documents/高考英语/1990-2007·高考英语真题·word/黑龙江/2000年黑龙江高考英语真题及答案.doc,1990-2007·高考英语真题·word/黑龙江/2000年黑龙江高考英语真题及答案.doc,.doc,70144,paper_only_candidate,full_paper_candidate,review_required,path/name indicates a complete examination paper or mock exam,do_not_publish_until_structured_parse_and_answer_analysis_review
/Users/shidianjin/Documents/高考英语/1990-2007·高考英语真题·word/黑龙江/2002年黑龙江高考英语真题及答案.doc,1990-2007·高考英语真题·word/黑龙江/2002年黑龙江高考英语真题及答案.doc,.doc,67072,paper_only_candidate,full_paper_candidate,review_required,path/name indicates a complete examination paper or mock exam,do_not_publish_until_structured_parse_and_answer_analysis_review
/Users/shidianjin/Documents/高考英语/1990-2007·高考英语真题·word/黑龙江/2004年黑龙江高考英语真题及答案.doc,1990-2007·高考英语真题·word/黑龙江/2004年黑龙江高考英语真题及答案.doc,.doc,51712,paper_only_candidate,full_paper_candidate,review_required,path/name indicates a complete examination paper or mock exam,do_not_publish_until_structured_parse_and_answer_analysis_review
/Users/shidianjin/Documents/高考英语/1990-2007·高考英语真题·word/黑龙江/2005年黑龙江高考英语真题及答案.doc,1990-2007·高考英语真题·word/黑龙江/2005年黑龙江高考英语真题及答案.doc,.doc,118784,paper_only_candidate,full_paper_candidate,review_required,path/name indicates a complete examination paper or mock exam,do_not_publish_until_structured_parse_and_answer_analysis_review
/Users/shidianjin/Documents/高考英语/1990-2007·高考英语真题·word/黑龙江/2006年黑龙江高考英语真题及答案.doc,1990-2007·高考英语真题·word/黑龙江/2006年黑龙江高考英语真题及答案.doc,.doc,66048,paper_only_candidate,full_paper_candidate,review_required,path/name indicates a complete examination paper or mock exam,do_not_publish_until_structured_parse_and_answer_analysis_review
/Users/shidianjin/Documents/高考英语/1990-2007·高考英语真题·word/黑龙江/2007年黑龙江高考英语真题及答案.doc,1990-2007·高考英语真题·word/黑龙江/2007年黑龙江高考英语真题及答案.doc,.doc,97792,paper_only_candidate,full_paper_candidate,review_required,path/name indicates a complete examination paper or mock exam,do_not_publish_until_structured_parse_and_answer_analysis_review
/Users/shidianjin/Documents/高考英语/2007年高考真题----英语/2007年普通高等学校招生全国统一考试英语试卷及答案-上海卷.doc,2007年高考真题----英语/2007年普通高等学校招生全国统一考试英语试卷及答案-上海卷.doc,.doc,183808,paper_only_candidate,full_paper_candidate,review_required,path/name indicates a complete examination paper or mock exam,do_not_publish_until_structured_parse_and_answer_analysis_review
/Users/shidianjin/Documents/高考英语/2007年高考真题----英语/2007年普通高等学校招生全国统一考试英语试卷及答案-全国1.doc,2007年高考真题----英语/2007年普通高等学校招生全国统一考试英语试卷及答案-全国1.doc,.doc,74240,paper_only_candidate,full_paper_candidate,review_required,path/name indicates a complete examination paper or mock exam,do_not_publish_until_structured_parse_and_answer_analysis_review
/Users/shidianjin/Documents/高考英语/2007年高考真题----英语/2007年普通高等学校招生全国统一考试英语试卷及答案-全国2.doc,2007年高考真题----英语/2007年普通高等学校招生全国统一考试英语试卷及答案-全国2.doc,.doc,102400,paper_only_candidate,full_paper_candidate,review_required,path/name indicates a complete examination paper or mock exam,do_not_publish_until_structured_parse_and_answer_analysis_review
/Users/shidianjin/Documents/高考英语/2007年高考真题----英语/2007年普通高等学校招生全国统一考试英语试卷及答案-北京卷.doc,2007年高考真题----英语/2007年普通高等学校招生全国统一考试英语试卷及答案-北京卷.doc,.doc,553984,paper_only_candidate,full_paper_candidate,review_required,path/name indicates a complete examination paper or mock exam,do_not_publish_until_structured_parse_and_answer_analysis_review
/Users/shidianjin/Documents/高考英语/2007年高考真题----英语/2007年普通高等学校招生全国统一考试英语试卷及答案-四川卷.doc,2007年高考真题----英语/2007年普通高等学校招生全国统一考试英语试卷及答案-四川卷.doc,.doc,78336,paper_only_candidate,full_paper_candidate,review_required,path/name indicates a complete examination paper or mock exam,do_not_publish_until_structured_parse_and_answer_analysis_review
/Users/shidianjin/Documents/高考英语/2007年高考真题----英语/2007年普通高等学校招生全国统一考试英语试卷及答案-天津卷.doc,2007年高考真题----英语/2007年普通高等学校招生全国统一考试英语试卷及答案-天津卷.doc,.doc,92672,paper_only_candidate,full_paper_candidate,review_required,path/name indicates a complete examination paper or mock exam,do_not_publish_until_structured_parse_and_answer_analysis_review
/Users/shidianjin/Documents/高考英语/2007年高考真题----英语/2007年普通高等学校招生全国统一考试英语试卷及答案-山东卷.doc,2007年高考真题----英语/2007年普通高等学校招生全国统一考试英语试卷及答案-山东卷.doc,.doc,101376,paper_only_candidate,full_paper_candidate,review_required,path/name indicates a complete examination paper or mock exam,do_not_publish_until_structured_parse_and_answer_analysis_review
/Users/shidianjin/Documents/高考英语/2007年高考真题----英语/2007年普通高等学校招生全国统一考试英语试卷及答案-广东卷.doc,2007年高考真题----英语/2007年普通高等学校招生全国统一考试英语试卷及答案-广东卷.doc,.doc,441856,paper_only_candidate,full_paper_candidate,review_required,path/name indicates a complete examination paper or mock exam,do_not_publish_until_structured_parse_and_answer_analysis_review
/Users/shidianjin/Documents/高考英语/2007年高考真题----英语/2007年普通高等学校招生全国统一考试英语试卷及答案-江苏卷.doc,2007年高考真题----英语/2007年普通高等学校招生全国统一考试英语试卷及答案-江苏卷.doc,.doc,357888,paper_only_candidate,full_paper_candidate,review_required,path/name indicates a complete examination paper or mock exam,do_not_publish_until_structured_parse_and_answer_analysis_review
/Users/shidianjin/Documents/高考英语/2007年高考真题----英语/2007年普通高等学校招生全国统一考试英语试卷及答案-江西卷.doc,2007年高考真题----英语/2007年普通高等学校招生全国统一考试英语试卷及答案-江西卷.doc,.doc,133120,paper_only_candidate,full_paper_candidate,review_required,path/name indicates a complete examination paper or mock exam,do_not_publish_until_structured_parse_and_answer_analysis_review
/Users/shidianjin/Documents/高考英语/2007年高考真题----英语/2007年普通高等学校招生全国统一考试英语试卷及答案-湖北卷.doc,2007年高考真题----英语/2007年普通高等学校招生全国统一考试英语试卷及答案-湖北卷.doc,.doc,85504,paper_only_candidate,full_paper_candidate,review_required,path/name indicates a complete examination paper or mock exam,do_not_publish_until_structured_parse_and_answer_analysis_review
/Users/shidianjin/Documents/高考英语/2007年高考真题----英语/2007年普通高等学校招生全国统一考试英语试卷及答案-湖南卷.doc,2007年高考真题----英语/2007年普通高等学校招生全国统一考试英语试卷及答案-湖南卷.doc,.doc,110592,paper_only_candidate,full_paper_candidate,review_required,path/name indicates a complete examination paper or mock exam,do_not_publish_until_structured_parse_and_answer_analysis_review
/Users/shidianjin/Documents/高考英语/2007年高考真题----英语/2007年普通高等学校招生全国统一考试英语试卷及答案-福建卷.doc,2007年高考真题----英语/2007年普通高等学校招生全国统一考试英语试卷及答案-福建卷.doc,.doc,79872,paper_only_candidate,full_paper_candidate,review_required,path/name indicates a complete examination paper or mock exam,do_not_publish_until_structured_parse_and_answer_analysis_review
/Users/shidianjin/Documents/高考英语/2007年高考真题----英语/2007年普通高等学校招生全国统一考试英语试卷及答案-辽宁卷.doc,2007年高考真题----英语/2007年普通高等学校招生全国统一考试英语试卷及答案-辽宁卷.doc,.doc,80896,paper_only_candidate,full_paper_candidate,review_required,path/name indicates a complete examination paper or mock exam,do_not_publish_until_structured_parse_and_answer_analysis_review
/Users/shidianjin/Documents/高考英语/2007年高考真题----英语/2007年普通高等学校招生全国统一考试英语试卷及答案-重庆卷.doc,2007年高考真题----英语/2007年普通高等学校招生全国统一考试英语试卷及答案-重庆卷.doc,.doc,86016,paper_only_candidate,full_paper_candidate,review_required,path/name indicates a complete examination paper or mock exam,do_not_publish_until_structured_parse_and_answer_analysis_review
/Users/shidianjin/Documents/高考英语/2007年高考真题----英语/2007年普通高等学校招生全国统一考试英语试卷及答案-陕西卷.doc,2007年高考真题----英语/2007年普通高等学校招生全国统一考试英语试卷及答案-陕西卷.doc,.doc,76288,paper_only_candidate,full_paper_candidate,review_required,path/name indicates a complete examination paper or mock exam,do_not_publish_until_structured_parse_and_answer_analysis_review
/Users/shidianjin/Documents/高考英语/2007年高考真题----英语/2007年普通高等学校招生全国统一考试英语试题及答案-安徽卷.doc,2007年高考真题----英语/2007年普通高等学校招生全国统一考试英语试题及答案-安徽卷.doc,.doc,90112,paper_only_candidate,full_paper_candidate,review_required,path/name indicates a complete examination paper or mock exam,do_not_publish_until_structured_parse_and_answer_analysis_review
/Users/shidianjin/Documents/高考英语/2007年高考真题----英语/2007年普通高等学校招生全国统一考试英语试题及答案-浙江卷.doc,2007年高考真题----英语/2007年普通高等学校招生全国统一考试英语试题及答案-浙江卷.doc,.doc,83968,paper_only_candidate,full_paper_candidate,review_required,path/name indicates a complete examination paper or mock exam,do_not_publish_until_structured_parse_and_answer_analysis_review
/Users/shidianjin/Documents/高考英语/2008·高考英语真题/2008年高考英语试卷（上海）（秋考）听力音频.mp3,2008·高考英语真题/2008年高考英语试卷（上海）（秋考）听力音频.mp3,.mp3,22778353,paper_only_candidate,"full_paper_candidate,media_source",review_required,path/name indicates a complete examination paper or mock exam; audio/video source asset; establish mapping only,do_not_publish_until_structured_parse_and_answer_analysis_review
/Users/shidianjin/Documents/高考英语/2008·高考英语真题/2008年高考英语试卷（上海）（秋考）（空白卷）.doc,2008·高考英语真题/2008年高考英语试卷（上海）（秋考）（空白卷）.doc,.doc,91648,paper_only_candidate,full_paper_candidate,review_required,path/name indicates a complete examination paper or mock exam,do_not_publish_until_structured_parse_and_answer_analysis_review
/Users/shidianjin/Documents/高考英语/2008·高考英语真题/2008年高考英语试卷（上海）（秋考）（解析卷）.doc,2008·高考英语真题/2008年高考英语试卷（上海）（秋考）（解析卷）.doc,.doc,39424,paper_only_candidate,full_paper_candidate,review_required,path/name indicates a complete examination paper or mock exam,do_not_publish_until_structured_parse_and_answer_analysis_review
/Users/shidianjin/Documents/高考英语/2008·高考英语真题/2008年高考英语试卷（全国Ⅰ卷）（空白卷）.doc,2008·高考英语真题/2008年高考英语试卷（全国Ⅰ卷）（空白卷）.doc,.doc,270336,paper_only_candidate,full_paper_candidate,review_required,path/name indicates a complete examination paper or mock exam,do_not_publish_until_structured_parse_and_answer_analysis_review
/Users/shidianjin/Documents/高考英语/2008·高考英语真题/2008年高考英语试卷（全国Ⅰ卷）（解析卷）.doc,2008·高考英语真题/2008年高考英语试卷（全国Ⅰ卷）（解析卷）.doc,.doc,305152,paper_only_candidate,full_paper_candidate,review_required,path/name indicates a complete examination paper or mock exam,do_not_publish_until_structured_parse_and_answer_analysis_review
/Users/shidianjin/Documents/高考英语/2008·高考英语真题/2008年高考英语试卷（全国Ⅱ卷）（空白卷）.doc,2008·高考英语真题/2008年高考英语试卷（全国Ⅱ卷）（空白卷）.doc,.doc,75264,paper_only_candidate,full_paper_candidate,review_required,path/name indicates a complete examination paper or mock exam,do_not_publish_until_structured_parse_and_answer_analysis_review
/Users/shidianjin/Documents/高考英语/2008·高考英语真题/2008年高考英语试卷（全国Ⅱ卷）（解析卷）.doc,2008·高考英语真题/2008年高考英语试卷（全国Ⅱ卷）（解析卷）.doc,.doc,49664,paper_only_candidate,full_paper_candidate,review_required,path/name indicates a complete examination paper or mock exam,do_not_publish_until_structured_parse_and_answer_analysis_review
/Users/shidianjin/Documents/高考英语/2008·高考英语真题/2008年高考英语试卷（北京）听力音频.mp3,2008·高考英语真题/2008年高考英语试卷（北京）听力音频.mp3,.mp3,9756968,paper_only_candidate,"full_paper_candidate,media_source",review_required,path/name indicates a complete examination paper or mock exam; audio/video source asset; establish mapping only,do_not_publish_until_structured_parse_and_answer_analysis_review
/Users/shidianjin/Documents/高考英语/2008·高考英语真题/2008年高考英语试卷（北京）（空白卷）.doc,2008·高考英语真题/2008年高考英语试卷（北京）（空白卷）.doc,.doc,224256,paper_only_candidate,full_paper_candidate,review_required,path/name indicates a complete examination paper or mock exam,do_not_publish_until_structured_parse_and_answer_analysis_review
/Users/shidianjin/Documents/高考英语/2008·高考英语真题/2008年高考英语试卷（北京）（解析卷）.doc,2008·高考英语真题/2008年高考英语试卷（北京）（解析卷）.doc,.doc,245248,paper_only_candidate,full_paper_candidate,review_required,path/name indicates a complete examination paper or mock exam,do_not_publish_until_structured_parse_and_answer_analysis_review
/Users/shidianjin/Documents/高考英语/2008·高考英语真题/2008年高考英语试卷（四川）（空白卷）.doc,2008·高考英语真题/2008年高考英语试卷（四川）（空白卷）.doc,.doc,129536,paper_only_candidate,full_paper_candidate,review_required,path/name indicates a complete examination paper or mock exam,do_not_publish_until_structured_parse_and_answer_analysis_review
/Users/shidianjin/Documents/高考英语/2008·高考英语真题/2008年高考英语试卷（四川）（解析卷）.doc,2008·高考英语真题/2008年高考英语试卷（四川）（解析卷）.doc,.doc,282112,paper_only_candidate,full_paper_candidate,review_required,path/name indicates a complete examination paper or mock exam,do_not_publish_until_structured_parse_and_answer_analysis_review
/Users/shidianjin/Documents/高考英语/2008·高考英语真题/2008年高考英语试卷（天津卷）听力音频.mp3,2008·高考英语真题/2008年高考英语试卷（天津卷）听力音频.mp3,.mp3,5136322,paper_only_candidate,"full_paper_candidate,media_source",review_required,path/name indicates a complete examination paper or mock exam; audio/video source asset; establish mapping only,do_not_publish_until_structured_parse_and_answer_analysis_review
/Users/shidianjin/Documents/高考英语/2008·高考英语真题/2008年高考英语试卷（天津）（空白卷）.doc,2008·高考英语真题/2008年高考英语试卷（天津）（空白卷）.doc,.doc,242688,paper_only_candidate,full_paper_candidate,review_required,path/name indicates a complete examination paper or mock exam,do_not_publish_until_structured_parse_and_answer_analysis_review
/Users/shidianjin/Documents/高考英语/2008·高考英语真题/2008年高考英语试卷（天津）（解析卷）.doc,2008·高考英语真题/2008年高考英语试卷（天津）（解析卷）.doc,.doc,271360,paper_only_candidate,full_paper_candidate,review_required,path/name indicates a complete examination paper or mock exam,do_not_publish_until_structured_parse_and_answer_analysis_review
/Users/shidianjin/Documents/高考英语/2008·高考英语真题/2008年高考英语试卷（宁夏、海南）听力音频.mp3,2008·高考英语真题/2008年高考英语试卷（宁夏、海南）听力音频.mp3,.mp3,470,paper_only_candidate,"full_paper_candidate,media_source",review_required,path/name indicates a complete examination paper or mock exam; audio/video source asset; establish mapping only,do_not_publish_until_structured_parse_and_answer_analysis_review
/Users/shidianjin/Documents/高考英语/2008·高考英语真题/2008年高考英语试卷（宁夏、海南）（空白卷）.doc,2008·高考英语真题/2008年高考英语试卷（宁夏、海南）（空白卷）.doc,.doc,69632,paper_only_candidate,full_paper_candidate,review_required,path/name indicates a complete examination paper or mock exam,do_not_publish_until_structured_parse_and_answer_analysis_review
/Users/shidianjin/Documents/高考英语/2008·高考英语真题/2008年高考英语试卷（宁夏、海南）（解析卷）.doc,2008·高考英语真题/2008年高考英语试卷（宁夏、海南）（解析卷）.doc,.doc,74752,paper_only_candidate,full_paper_candidate,review_required,path/name indicates a complete examination paper or mock exam,do_not_publish_until_structured_parse_and_answer_analysis_review
/Users/shidianjin/Documents/高考英语/2008·高考英语真题/2008年高考英语试卷（山东）听力音频.mp3,2008·高考英语真题/2008年高考英语试卷（山东）听力音频.mp3,.mp3,8947596,paper_only_candidate,"full_paper_candidate,media_source",review_required,path/name indicates a complete examination paper or mock exam; audio/video source asset; establish mapping only,do_not_publish_until_structured_parse_and_answer_analysis_review
/Users/shidianjin/Documents/高考英语/2008·高考英语真题/2008年高考英语试卷（山东）（空白卷）.doc,2008·高考英语真题/2008年高考英语试卷（山东）（空白卷）.doc,.doc,74752,paper_only_candidate,full_paper_candidate,review_required,path/name indicates a complete examination paper or mock exam,do_not_publish_until_structured_parse_and_answer_analysis_review
/Users/shidianjin/Documents/高考英语/2008·高考英语真题/2008年高考英语试卷（山东）（解析卷）.doc,2008·高考英语真题/2008年高考英语试卷（山东）（解析卷）.doc,.doc,96768,paper_only_candidate,full_paper_candidate,review_required,path/name indicates a complete examination paper or mock exam,do_not_publish_until_structured_parse_and_answer_analysis_review
/Users/shidianjin/Documents/高考英语/2008·高考英语真题/2008年高考英语试卷（广东）（空白卷）.doc,2008·高考英语真题/2008年高考英语试卷（广东）（空白卷）.doc,.doc,150016,paper_only_candidate,full_paper_candidate,review_required,path/name indicates a complete examination paper or mock exam,do_not_publish_until_structured_parse_and_answer_analysis_review
/Users/shidianjin/Documents/高考英语/2008·高考英语真题/2008年高考英语试卷（广东）（解析卷）.doc,2008·高考英语真题/2008年高考英语试卷（广东）（解析卷）.doc,.doc,155136,paper_only_candidate,full_paper_candidate,review_required,path/name indicates a complete examination paper or mock exam,do_not_publish_until_structured_parse_and_answer_analysis_review
/Users/shidianjin/Documents/高考英语/2008·高考英语真题/2008年高考英语试卷（江苏）听力音频.mp3,2008·高考英语真题/2008年高考英语试卷（江苏）听力音频.mp3,.mp3,4475760,paper_only_candidate,"full_paper_candidate,media_source",review_required,path/name indicates a complete examination paper or mock exam; audio/video source asset; establish mapping only,do_not_publish_until_structured_parse_and_answer_analysis_review
/Users/shidianjin/Documents/高考英语/2008·高考英语真题/2008年高考英语试卷（江苏）（空白卷）.doc,2008·高考英语真题/2008年高考英语试卷（江苏）（空白卷）.doc,.doc,86016,paper_only_candidate,full_paper_candidate,review_required,path/name indicates a complete examination paper or mock exam,do_not_publish_until_structured_parse_and_answer_analysis_review
/Users/shidianjin/Documents/高考英语/2008·高考英语真题/2008年高考英语试卷（江苏）（解析卷）.doc,2008·高考英语真题/2008年高考英语试卷（江苏）（解析卷）.doc,.doc,153600,paper_only_candidate,full_paper_candidate,review_required,path/name indicates a complete examination paper or mock exam,do_not_publish_until_structured_parse_and_answer_analysis_review
/Users/shidianjin/Documents/高考英语/2008·高考英语真题/2008年高考英语试卷（浙江）（空白卷）.doc,2008·高考英语真题/2008年高考英语试卷（浙江）（空白卷）.doc,.doc,81920,paper_only_candidate,full_paper_candidate,review_required,path/name indicates a complete examination paper or mock exam,do_not_publish_until_structured_parse_and_answer_analysis_review
/Users/shidianjin/Documents/高考英语/2008·高考英语真题/2008年高考英语试卷（浙江）（解析卷）.doc,2008·高考英语真题/2008年高考英语试卷（浙江）（解析卷）.doc,.doc,151040,paper_only_candidate,full_paper_candidate,review_required,path/name indicates a complete examination paper or mock exam,do_not_publish_until_structured_parse_and_answer_analysis_review
/Users/shidianjin/Documents/高考英语/2008·高考英语真题/2008年高考英语试卷（湖南）（空白卷）.doc,2008·高考英语真题/2008年高考英语试卷（湖南）（空白卷）.doc,.doc,232960,paper_only_candidate,full_paper_candidate,review_required,path/name indicates a complete examination paper or mock exam,do_not_publish_until_structured_parse_and_answer_analysis_review
/Users/shidianjin/Documents/高考英语/2008·高考英语真题/2008年高考英语试卷（湖南）（解析卷）.doc,2008·高考英语真题/2008年高考英语试卷（湖南）（解析卷）.doc,.doc,251392,paper_only_candidate,full_paper_candidate,review_required,path/name indicates a complete examination paper or mock exam,do_not_publish_until_structured_parse_and_answer_analysis_review
/Users/shidianjin/Documents/高考英语/2008·高考英语真题/2008年高考英语试卷（陕西）（空白卷）.doc,2008·高考英语真题/2008年高考英语试卷（陕西）（空白卷）.doc,.doc,68096,paper_only_candidate,full_paper_candidate,review_required,path/name indicates a complete examination paper or mock exam,do_not_publish_until_structured_parse_and_answer_analysis_review
/Users/shidianjin/Documents/高考英语/2008·高考英语真题/2008年高考英语试卷（陕西）（解析卷）.doc,2008·高考英语真题/2008年高考英语试卷（陕西）（解析卷）.doc,.doc,85504,paper_only_candidate,full_paper_candidate,review_required,path/name indicates a complete examination paper or mock exam,do_not_publish_until_structured_parse_and_answer_analysis_review
/Users/shidianjin/Documents/高考英语/2008年高考真题----英语/2008年普通高等学校招生全国统一考试英语试卷及答案-全国卷2.doc,2008年高考真题----英语/2008年普通高等学校招生全国统一考试英语试卷及答案-全国卷2.doc,.doc,94720,paper_only_candidate,full_paper_candidate,review_required,path/name indicates a complete examination paper or mock exam,do_not_publish_until_structured_parse_and_answer_analysis_review
/Users/shidianjin/Documents/高考英语/2008年高考真题----英语/2008年普通高等学校招生全国统一考试英语试卷及答案-湖北卷.doc,2008年高考真题----英语/2008年普通高等学校招生全国统一考试英语试卷及答案-湖北卷.doc,.doc,99328,paper_only_candidate,full_paper_candidate,review_required,path/name indicates a complete examination paper or mock exam,do_not_publish_until_structured_parse_and_answer_analysis_review
/Users/shidianjin/Documents/高考英语/2008年高考真题----英语/2008年普通高等学校招生全国统一考试英语试卷及答案-湖南卷.doc,2008年高考真题----英语/2008年普通高等学校招生全国统一考试英语试卷及答案-湖南卷.doc,.doc,391680,paper_only_candidate,full_paper_candidate,review_required,path/name indicates a complete examination paper or mock exam,do_not_publish_until_structured_parse_and_answer_analysis_review
/Users/shidianjin/Documents/高考英语/2008年高考真题----英语/2008年普通高等学校招生全国统一考试英语试卷及答案-福建卷.doc,2008年高考真题----英语/2008年普通高等学校招生全国统一考试英语试卷及答案-福建卷.doc,.doc,95232,paper_only_candidate,full_paper_candidate,review_required,path/name indicates a complete examination paper or mock exam,do_not_publish_until_structured_parse_and_answer_analysis_review
/Users/shidianjin/Documents/高考英语/2008年高考真题----英语/2008年普通高等学校招生全国统一考试英语试卷及答案-重庆卷.doc,2008年高考真题----英语/2008年普通高等学校招生全国统一考试英语试卷及答案-重庆卷.doc,.doc,68096,paper_only_candidate,full_paper_candidate,review_required,path/name indicates a complete examination paper or mock exam,do_not_publish_until_structured_parse_and_answer_analysis_review
/Users/shidianjin/Documents/高考英语/2008年高考真题----英语/2008年普通高等学校招生全国统一考试英语试题及答案-上海卷.doc,2008年高考真题----英语/2008年普通高等学校招生全国统一考试英语试题及答案-上海卷.doc,.doc,106496,paper_only_candidate,full_paper_candidate,review_required,path/name indicates a complete examination paper or mock exam,do_not_publish_until_structured_parse_and_answer_analysis_review
/Users/shidianjin/Documents/高考英语/2008年高考真题----英语/2008年普通高等学校招生全国统一考试英语试题及答案-全国1.doc,2008年高考真题----英语/2008年普通高等学校招生全国统一考试英语试题及答案-全国1.doc,.doc,99840,paper_only_candidate,full_paper_candidate,review_required,path/name indicates a complete examination paper or mock exam,do_not_publish_until_structured_parse_and_answer_analysis_review
/Users/shidianjin/Documents/高考英语/2008年高考真题----英语/2008年普通高等学校招生全国统一考试英语试题及答案-北京卷.doc,2008年高考真题----英语/2008年普通高等学校招生全国统一考试英语试题及答案-北京卷.doc,.doc,241664,paper_only_candidate,full_paper_candidate,review_required,path/name indicates a complete examination paper or mock exam,do_not_publish_until_structured_parse_and_answer_analysis_review
/Users/shidianjin/Documents/高考英语/2008年高考真题----英语/2008年普通高等学校招生全国统一考试英语试题及答案-四川卷.doc,2008年高考真题----英语/2008年普通高等学校招生全国统一考试英语试题及答案-四川卷.doc,.doc,152576,paper_only_candidate,full_paper_candidate,review_required,path/name indicates a complete examination paper or mock exam,do_not_publish_until_structured_parse_and_answer_analysis_review
/Users/shidianjin/Documents/高考英语/2008年高考真题----英语/2008年普通高等学校招生全国统一考试英语试题及答案-四川延考卷.doc,2008年高考真题----英语/2008年普通高等学校招生全国统一考试英语试题及答案-四川延考卷.doc,.doc,69632,paper_only_candidate,full_paper_candidate,review_required,path/name indicates a complete examination paper or mock exam,do_not_publish_until_structured_parse_and_answer_analysis_review
/Users/shidianjin/Documents/高考英语/2008年高考真题----英语/2008年普通高等学校招生全国统一考试英语试题及答案-天津卷.doc,2008年高考真题----英语/2008年普通高等学校招生全国统一考试英语试题及答案-天津卷.doc,.doc,244736,paper_only_candidate,full_paper_candidate,review_required,path/name indicates a complete examination paper or mock exam,do_not_publish_until_structured_parse_and_answer_analysis_review
/Users/shidianjin/Documents/高考英语/2008年高考真题----英语/2008年普通高等学校招生全国统一考试英语试题及答案-宁夏卷.doc,2008年高考真题----英语/2008年普通高等学校招生全国统一考试英语试题及答案-宁夏卷.doc,.doc,84992,paper_only_candidate,full_paper_candidate,review_required,path/name indicates a complete examination paper or mock exam,do_not_publish_until_structured_parse_and_answer_analysis_review
/Users/shidianjin/Documents/高考英语/2008年高考真题----英语/2008年普通高等学校招生全国统一考试英语试题及答案-安徽卷.doc,2008年高考真题----英语/2008年普通高等学校招生全国统一考试英语试题及答案-安徽卷.doc,.doc,84992,paper_only_candidate,full_paper_candidate,review_required,path/name indicates a complete examination paper or mock exam,do_not_publish_until_structured_parse_and_answer_analysis_review
/Users/shidianjin/Documents/高考英语/2008年高考真题----英语/2008年普通高等学校招生全国统一考试英语试题及答案-山东卷.doc,2008年高考真题----英语/2008年普通高等学校招生全国统一考试英语试题及答案-山东卷.doc,.doc,80384,paper_only_candidate,full_paper_candidate,review_required,path/name indicates a complete examination paper or mock exam,do_not_publish_until_structured_parse_and_answer_analysis_review
/Users/shidianjin/Documents/高考英语/2008年高考真题----英语/2008年普通高等学校招生全国统一考试英语试题及答案-广东卷.doc,2008年高考真题----英语/2008年普通高等学校招生全国统一考试英语试题及答案-广东卷.doc,.doc,210944,paper_only_candidate,full_paper_candidate,review_required,path/name indicates a complete examination paper or mock exam,do_not_publish_until_structured_parse_and_answer_analysis_review
/Users/shidianjin/Documents/高考英语/2008年高考真题----英语/2008年普通高等学校招生全国统一考试英语试题及答案-江苏卷.doc,2008年高考真题----英语/2008年普通高等学校招生全国统一考试英语试题及答案-江苏卷.doc,.doc,112640,paper_only_candidate,full_paper_candidate,review_required,path/name indicates a complete examination paper or mock exam,do_not_publish_until_structured_parse_and_answer_analysis_review
/Users/shidianjin/Documents/高考英语/2008年高考真题----英语/2008年普通高等学校招生全国统一考试英语试题及答案-江西卷.doc,2008年高考真题----英语/2008年普通高等学校招生全国统一考试英语试题及答案-江西卷.doc,.doc,79872,paper_only_candidate,full_paper_candidate,review_required,path/name indicates a complete examination paper or mock exam,do_not_publish_until_structured_parse_and_answer_analysis_review
/Users/shidianjin/Documents/高考英语/2008年高考真题----英语/2008年普通高等学校招生全国统一考试英语试题及答案-浙江卷.doc,2008年高考真题----英语/2008年普通高等学校招生全国统一考试英语试题及答案-浙江卷.doc,.doc,108544,paper_only_candidate,full_paper_candidate,review_required,path/name indicates a complete examination paper or mock exam,do_not_publish_until_structured_parse_and_answer_analysis_review
/Users/shidianjin/Documents/高考英语/2008年高考真题----英语/2008年普通高等学校招生全国统一考试英语试题及答案-辽宁卷.doc,2008年高考真题----英语/2008年普通高等学校招生全国统一考试英语试题及答案-辽宁卷.doc,.doc,86016,paper_only_candidate,full_paper_candidate,review_required,path/name indicates a complete examination paper or mock exam,do_not_publish_until_structured_parse_and_answer_analysis_review
/Users/shidianjin/Documents/高考英语/2008年高考真题----英语/2008年普通高等学校招生全国统一考试英语试题及答案-陕西卷.doc,2008年高考真题----英语/2008年普通高等学校招生全国统一考试英语试题及答案-陕西卷.doc,.doc,82944,paper_only_candidate,full_paper_candidate,review_required,path/name indicates a complete examination paper or mock exam,do_not_publish_until_structured_parse_and_answer_analysis_review
/Users/shidianjin/Documents/高考英语/2009·高考英语真题/2009年高考英语试卷（上海）（秋考）听力音频.mp3,2009·高考英语真题/2009年高考英语试卷（上海）（秋考）听力音频.mp3,.mp3,21728551,paper_only_candidate,"full_paper_candidate,media_source",review_required,path/name indicates a complete examination paper or mock exam; audio/video source asset; establish mapping only,do_not_publish_until_structured_parse_and_answer_analysis_review
/Users/shidianjin/Documents/高考英语/2009·高考英语真题/2009年高考英语试卷（上海）（秋考）（空白卷）.doc,2009·高考英语真题/2009年高考英语试卷（上海）（秋考）（空白卷）.doc,.doc,154112,paper_only_candidate,full_paper_candidate,review_required,path/name indicates a complete examination paper or mock exam,do_not_publish_until_structured_parse_and_answer_analysis_review
/Users/shidianjin/Documents/高考英语/2009·高考英语真题/2009年高考英语试卷（上海）（秋考）（解析卷）.doc,2009·高考英语真题/2009年高考英语试卷（上海）（秋考）（解析卷）.doc,.doc,316928,paper_only_candidate,full_paper_candidate,review_required,path/name indicates a complete examination paper or mock exam,do_not_publish_until_structured_parse_and_answer_analysis_review
/Users/shidianjin/Documents/高考英语/2009·高考英语真题/2009年高考英语试卷（全国Ⅰ卷）（空白卷）.doc,2009·高考英语真题/2009年高考英语试卷（全国Ⅰ卷）（空白卷）.doc,.doc,547328,paper_only_candidate,full_paper_candidate,review_required,path/name indicates a complete examination paper or mock exam,do_not_publish_until_structured_parse_and_answer_analysis_review
/Users/shidianjin/Documents/高考英语/2009·高考英语真题/2009年高考英语试卷（全国Ⅰ卷）（解析卷）.doc,2009·高考英语真题/2009年高考英语试卷（全国Ⅰ卷）（解析卷）.doc,.doc,591872,paper_only_candidate,full_paper_candidate,review_required,path/name indicates a complete examination paper or mock exam,do_not_publish_until_structured_parse_and_answer_analysis_review
/Users/shidianjin/Documents/高考英语/2009·高考英语真题/2009年高考英语试卷（全国Ⅱ卷）（空白卷）.doc,2009·高考英语真题/2009年高考英语试卷（全国Ⅱ卷）（空白卷）.doc,.doc,555520,paper_only_candidate,full_paper_candidate,review_required,path/name indicates a complete examination paper or mock exam,do_not_publish_until_structured_parse_and_answer_analysis_review
/Users/shidianjin/Documents/高考英语/2009·高考英语真题/2009年高考英语试卷（全国Ⅱ卷）（解析卷）.doc,2009·高考英语真题/2009年高考英语试卷（全国Ⅱ卷）（解析卷）.doc,.doc,692736,paper_only_candidate,full_paper_candidate,review_required,path/name indicates a complete examination paper or mock exam,do_not_publish_until_structured_parse_and_answer_analysis_review
/Users/shidianjin/Documents/高考英语/2009·高考英语真题/2009年高考英语试卷（北京）听力音频.mp3,2009·高考英语真题/2009年高考英语试卷（北京）听力音频.mp3,.mp3,20582017,paper_only_candidate,"full_paper_candidate,media_source",review_required,path/name indicates a complete examination paper or mock exam; audio/video source asset; establish mapping only,do_not_publish_until_structured_parse_and_answer_analysis_review
/Users/shidianjin/Documents/高考英语/2009·高考英语真题/2009年高考英语试卷（北京）（空白卷）.doc,2009·高考英语真题/2009年高考英语试卷（北京）（空白卷）.doc,.doc,249344,paper_only_candidate,full_paper_candidate,review_required,path/name indicates a complete examination paper or mock exam,do_not_publish_until_structured_parse_and_answer_analysis_review
/Users/shidianjin/Documents/高考英语/2009·高考英语真题/2009年高考英语试卷（北京）（解析卷）.doc,2009·高考英语真题/2009年高考英语试卷（北京）（解析卷）.doc,.doc,568320,paper_only_candidate,full_paper_candidate,review_required,path/name indicates a complete examination paper or mock exam,do_not_publish_until_structured_parse_and_answer_analysis_review
/Users/shidianjin/Documents/高考英语/2009·高考英语真题/2009年高考英语试卷（四川）（空白卷）.doc,2009·高考英语真题/2009年高考英语试卷（四川）（空白卷）.doc,.doc,62464,paper_only_candidate,full_paper_candidate,review_required,path/name indicates a complete examination paper or mock exam,do_not_publish_until_structured_parse_and_answer_analysis_review
/Users/shidianjin/Documents/高考英语/2009·高考英语真题/2009年高考英语试卷（四川）（解析卷）.doc,2009·高考英语真题/2009年高考英语试卷（四川）（解析卷）.doc,.doc,8532992,paper_only_candidate,full_paper_candidate,review_required,path/name indicates a complete examination paper or mock exam,do_not_publish_until_structured_parse_and_answer_analysis_review
/Users/shidianjin/Documents/高考英语/2009·高考英语真题/2009年高考英语试卷（天津卷）听力音频.mp3,2009·高考英语真题/2009年高考英语试卷（天津卷）听力音频.mp3,.mp3,5155235,paper_only_candidate,"full_paper_candidate,media_source",review_required,path/name indicates a complete examination paper or mock exam; audio/video source asset; establish mapping only,do_not_publish_until_structured_parse_and_answer_analysis_review
/Users/shidianjin/Documents/高考英语/2009·高考英语真题/2009年高考英语试卷（天津）（空白卷）.doc,2009·高考英语真题/2009年高考英语试卷（天津）（空白卷）.doc,.doc,81920,paper_only_candidate,full_paper_candidate,review_required,path/name indicates a complete examination paper or mock exam,do_not_publish_until_structured_parse_and_answer_analysis_review
/Users/shidianjin/Documents/高考英语/2009·高考英语真题/2009年高考英语试卷（天津）（解析卷）.doc,2009·高考英语真题/2009年高考英语试卷（天津）（解析卷）.doc,.doc,119808,paper_only_candidate,full_paper_candidate,review_required,path/name indicates a complete examination paper or mock exam,do_not_publish_until_structured_parse_and_answer_analysis_review
/Users/shidianjin/Documents/高考英语/2009·高考英语真题/2009年高考英语试卷（山东）听力音频.mp3,2009·高考英语真题/2009年高考英语试卷（山东）听力音频.mp3,.mp3,8747635,paper_only_candidate,"full_paper_candidate,media_source",review_required,path/name indicates a complete examination paper or mock exam; audio/video source asset; establish mapping only,do_not_publish_until_structured_parse_and_answer_analysis_review
/Users/shidianjin/Documents/高考英语/2009·高考英语真题/2009年高考英语试卷（山东）（空白卷）.doc,2009·高考英语真题/2009年高考英语试卷（山东）（空白卷）.doc,.doc,70656,paper_only_candidate,full_paper_candidate,review_required,path/name indicates a complete examination paper or mock exam,do_not_publish_until_structured_parse_and_answer_analysis_review
/Users/shidianjin/Documents/高考英语/2009·高考英语真题/2009年高考英语试卷（山东）（解析卷）.doc,2009·高考英语真题/2009年高考英语试卷（山东）（解析卷）.doc,.doc,88064,paper_only_candidate,full_paper_candidate,review_required,path/name indicates a complete examination paper or mock exam,do_not_publish_until_structured_parse_and_answer_analysis_review
/Users/shidianjin/Documents/高考英语/2009·高考英语真题/2009年高考英语试卷（广东）（空白卷）.doc,2009·高考英语真题/2009年高考英语试卷（广东）（空白卷）.doc,.doc,79872,paper_only_candidate,full_paper_candidate,review_required,path/name indicates a complete examination paper or mock exam,do_not_publish_until_structured_parse_and_answer_analysis_review
/Users/shidianjin/Documents/高考英语/2009·高考英语真题/2009年高考英语试卷（广东）（解析卷）.doc,2009·高考英语真题/2009年高考英语试卷（广东）（解析卷）.doc,.doc,101888,paper_only_candidate,full_paper_candidate,review_required,path/name indicates a complete examination paper or mock exam,do_not_publish_until_structured_parse_and_answer_analysis_review
/Users/shidianjin/Documents/高考英语/2009·高考英语真题/2009年高考英语试卷（江苏）听力音频.mp3,2009·高考英语真题/2009年高考英语试卷（江苏）听力音频.mp3,.mp3,10000762,paper_only_candidate,"full_paper_candidate,media_source",review_required,path/name indicates a complete examination paper or mock exam; audio/video source asset; establish mapping only,do_not_publish_until_structured_parse_and_answer_analysis_review
/Users/shidianjin/Documents/高考英语/2009·高考英语真题/2009年高考英语试卷（江苏）（空白卷）.doc,2009·高考英语真题/2009年高考英语试卷（江苏）（空白卷）.doc,.doc,111616,paper_only_candidate,full_paper_candidate,review_required,path/name indicates a complete examination paper or mock exam,do_not_publish_until_structured_parse_and_answer_analysis_review
/Users/shidianjin/Documents/高考英语/2009·高考英语真题/2009年高考英语试卷（江苏）（解析卷）.doc,2009·高考英语真题/2009年高考英语试卷（江苏）（解析卷）.doc,.doc,334848,paper_only_candidate,full_paper_candidate,review_required,path/name indicates a complete examination paper or mock exam,do_not_publish_until_structured_parse_and_answer_analysis_review
/Users/shidianjin/Documents/高考英语/2009·高考英语真题/2009年高考英语试卷（浙江）（空白卷）.doc,2009·高考英语真题/2009年高考英语试卷（浙江）（空白卷）.doc,.doc,81920,paper_only_candidate,full_paper_candidate,review_required,path/name indicates a complete examination paper or mock exam,do_not_publish_until_structured_parse_and_answer_analysis_review
/Users/shidianjin/Documents/高考英语/2009·高考英语真题/2009年高考英语试卷（浙江）（解析卷）.doc,2009·高考英语真题/2009年高考英语试卷（浙江）（解析卷）.doc,.doc,125440,paper_only_candidate,full_paper_candidate,review_required,path/name indicates a complete examination paper or mock exam,do_not_publish_until_structured_parse_and_answer_analysis_review
/Users/shidianjin/Documents/高考英语/2009·高考英语真题/2009年高考英语试卷（湖南）听力音频.mp3,2009·高考英语真题/2009年高考英语试卷（湖南）听力音频.mp3,.mp3,9336209,paper_only_candidate,"full_paper_candidate,media_source",review_required,path/name indicates a complete examination paper or mock exam; audio/video source asset; establish mapping only,do_not_publish_until_structured_parse_and_answer_analysis_review
/Users/shidianjin/Documents/高考英语/2009·高考英语真题/2009年高考英语试卷（湖南）（空白卷）.doc,2009·高考英语真题/2009年高考英语试卷（湖南）（空白卷）.doc,.doc,669184,paper_only_candidate,full_paper_candidate,review_required,path/name indicates a complete examination paper or mock exam,do_not_publish_until_structured_parse_and_answer_analysis_review
/Users/shidianjin/Documents/高考英语/2009·高考英语真题/2009年高考英语试卷（湖南）（解析卷）.doc,2009·高考英语真题/2009年高考英语试卷（湖南）（解析卷）.doc,.doc,673280,paper_only_candidate,full_paper_candidate,review_required,path/name indicates a complete examination paper or mock exam,do_not_publish_until_structured_parse_and_answer_analysis_review
/Users/shidianjin/Documents/高考英语/2009·高考英语真题/2009年高考英语试卷（陕西）（空白卷）.doc,2009·高考英语真题/2009年高考英语试卷（陕西）（空白卷）.doc,.doc,121856,paper_only_candidate,full_paper_candidate,review_required,path/name indicates a complete examination paper or mock exam,do_not_publish_until_structured_parse_and_answer_analysis_review
/Users/shidianjin/Documents/高考英语/2009·高考英语真题/2009年高考英语试卷（陕西）（解析卷）.doc,2009·高考英语真题/2009年高考英语试卷（陕西）（解析卷）.doc,.doc,6865408,paper_only_candidate,full_paper_candidate,review_required,path/name indicates a complete examination paper or mock exam,do_not_publish_until_structured_parse_and_answer_analysis_review
/Users/shidianjin/Documents/高考英语/2009年高考真题----英语/2009年全国高考英语试题及答案-上海卷.doc,2009年高考真题----英语/2009年全国高考英语试题及答案-上海卷.doc,.doc,159744,paper_only_candidate,full_paper_candidate,review_required,path/name indicates a complete examination paper or mock exam,do_not_publish_until_structured_parse_and_answer_analysis_review
/Users/shidianjin/Documents/高考英语/2009年高考真题----英语/2009年全国高考英语试题及答案-全国1.doc,2009年高考真题----英语/2009年全国高考英语试题及答案-全国1.doc,.doc,84992,paper_only_candidate,full_paper_candidate,review_required,path/name indicates a complete examination paper or mock exam,do_not_publish_until_structured_parse_and_answer_analysis_review
/Users/shidianjin/Documents/高考英语/2009年高考真题----英语/2009年全国高考英语试题及答案-全国2.doc,2009年高考真题----英语/2009年全国高考英语试题及答案-全国2.doc,.doc,351232,paper_only_candidate,full_paper_candidate,review_required,path/name indicates a complete examination paper or mock exam,do_not_publish_until_structured_parse_and_answer_analysis_review
/Users/shidianjin/Documents/高考英语/2009年高考真题----英语/2009年全国高考英语试题及答案-北京卷.doc,2009年高考真题----英语/2009年全国高考英语试题及答案-北京卷.doc,.doc,268288,paper_only_candidate,full_paper_candidate,review_required,path/name indicates a complete examination paper or mock exam,do_not_publish_until_structured_parse_and_answer_analysis_review
/Users/shidianjin/Documents/高考英语/2009年高考真题----英语/2009年全国高考英语试题及答案-四川卷.doc,2009年高考真题----英语/2009年全国高考英语试题及答案-四川卷.doc,.doc,88064,paper_only_candidate,full_paper_candidate,review_required,path/name indicates a complete examination paper or mock exam,do_not_publish_until_structured_parse_and_answer_analysis_review
/Users/shidianjin/Documents/高考英语/2009年高考真题----英语/2009年全国高考英语试题及答案-天津卷.doc,2009年高考真题----英语/2009年全国高考英语试题及答案-天津卷.doc,.doc,678912,paper_only_candidate,full_paper_candidate,review_required,path/name indicates a complete examination paper or mock exam,do_not_publish_until_structured_parse_and_answer_analysis_review
/Users/shidianjin/Documents/高考英语/2009年高考真题----英语/2009年全国高考英语试题及答案-安徽卷.doc,2009年高考真题----英语/2009年全国高考英语试题及答案-安徽卷.doc,.doc,1193472,paper_only_candidate,full_paper_candidate,review_required,path/name indicates a complete examination paper or mock exam,do_not_publish_until_structured_parse_and_answer_analysis_review
/Users/shidianjin/Documents/高考英语/2009年高考真题----英语/2009年全国高考英语试题及答案-山东卷.doc,2009年高考真题----英语/2009年全国高考英语试题及答案-山东卷.doc,.doc,80384,paper_only_candidate,full_paper_candidate,review_required,path/name indicates a complete examination paper or mock exam,do_not_publish_until_structured_parse_and_answer_analysis_review
/Users/shidianjin/Documents/高考英语/2009年高考真题----英语/2009年全国高考英语试题及答案-广东卷.doc,2009年高考真题----英语/2009年全国高考英语试题及答案-广东卷.doc,.doc,289792,paper_only_candidate,full_paper_candidate,review_required,path/name indicates a complete examination paper or mock exam,do_not_publish_until_structured_parse_and_answer_analysis_review
/Users/shidianjin/Documents/高考英语/2009年高考真题----英语/2009年全国高考英语试题及答案-江苏卷.doc,2009年高考真题----英语/2009年全国高考英语试题及答案-江苏卷.doc,.doc,551424,paper_only_candidate,full_paper_candidate,review_required,path/name indicates a complete examination paper or mock exam,do_not_publish_until_structured_parse_and_answer_analysis_review
/Users/shidianjin/Documents/高考英语/2009年高考真题----英语/2009年全国高考英语试题及答案-江西卷.doc,2009年高考真题----英语/2009年全国高考英语试题及答案-江西卷.doc,.doc,192000,paper_only_candidate,full_paper_candidate,review_required,path/name indicates a complete examination paper or mock exam,do_not_publish_until_structured_parse_and_answer_analysis_review
/Users/shidianjin/Documents/高考英语/2009年高考真题----英语/2009年全国高考英语试题及答案-浙江卷.doc,2009年高考真题----英语/2009年全国高考英语试题及答案-浙江卷.doc,.doc,89600,paper_only_candidate,full_paper_candidate,review_required,path/name indicates a complete examination paper or mock exam,do_not_publish_until_structured_parse_and_answer_analysis_review
/Users/shidianjin/Documents/高考英语/2009年高考真题----英语/2009年全国高考英语试题及答案-湖北卷.doc,2009年高考真题----英语/2009年全国高考英语试题及答案-湖北卷.doc,.doc,88064,paper_only_candidate,full_paper_candidate,review_required,path/name indicates a complete examination paper or mock exam,do_not_publish_until_structured_parse_and_answer_analysis_review
/Users/shidianjin/Documents/高考英语/2009年高考真题----英语/2009年全国高考英语试题及答案-湖南卷.doc,2009年高考真题----英语/2009年全国高考英语试题及答案-湖南卷.doc,.doc,147456,paper_only_candidate,full_paper_candidate,review_required,path/name indicates a complete examination paper or mock exam,do_not_publish_until_structured_parse_and_answer_analysis_review
/Users/shidianjin/Documents/高考英语/2009年高考真题----英语/2009年全国高考英语试题及答案-福建卷.doc,2009年高考真题----英语/2009年全国高考英语试题及答案-福建卷.doc,.doc,1251328,paper_only_candidate,full_paper_candidate,review_required,path/name indicates a complete examination paper or mock exam,do_not_publish_until_structured_parse_and_answer_analysis_review
/Users/shidianjin/Documents/高考英语/2009年高考真题----英语/2009年全国高考英语试题及答案-辽宁卷.doc,2009年高考真题----英语/2009年全国高考英语试题及答案-辽宁卷.doc,.doc,157696,paper_only_candidate,full_paper_candidate,review_required,path/name indicates a complete examination paper or mock exam,do_not_publish_until_structured_parse_and_answer_analysis_review
/Users/shidianjin/Documents/高考英语/2009年高考真题----英语/2009年全国高考英语试题及答案-重庆卷.doc,2009年高考真题----英语/2009年全国高考英语试题及答案-重庆卷.doc,.doc,87552,paper_only_candidate,full_paper_candidate,review_required,path/name indicates a complete examination paper or mock exam,do_not_publish_until_structured_parse_and_answer_analysis_review
/Users/shidianjin/Documents/高考英语/2009年高考真题----英语/2009年全国高考英语试题及答案-陕西卷.doc,2009年高考真题----英语/2009年全国高考英语试题及答案-陕西卷.doc,.doc,146432,paper_only_candidate,full_paper_candidate,review_required,path/name indicates a complete examination paper or mock exam,do_not_publish_until_structured_parse_and_answer_analysis_review
/Users/shidianjin/Documents/高考英语/2010·高考英语真题/2010年高考英语试卷（上海）（秋考）听力音频.mp3,2010·高考英语真题/2010年高考英语试卷（上海）（秋考）听力音频.mp3,.mp3,21459997,paper_only_candidate,"full_paper_candidate,media_source",review_required,path/name indicates a complete examination paper or mock exam; audio/video source asset; establish mapping only,do_not_publish_until_structured_parse_and_answer_analysis_review
/Users/shidianjin/Documents/高考英语/2010·高考英语真题/2010年高考英语试卷（上海）（秋考）（空白卷）.doc,2010·高考英语真题/2010年高考英语试卷（上海）（秋考）（空白卷）.doc,.doc,407552,paper_only_candidate,full_paper_candidate,review_required,path/name indicates a complete examination paper or mock exam,do_not_publish_until_structured_parse_and_answer_analysis_review
/Users/shidianjin/Documents/高考英语/2010·高考英语真题/2010年高考英语试卷（上海）（秋考）（解析卷）.doc,2010·高考英语真题/2010年高考英语试卷（上海）（秋考）（解析卷）.doc,.doc,276480,paper_only_candidate,full_paper_candidate,review_required,path/name indicates a complete examination paper or mock exam,do_not_publish_until_structured_parse_and_answer_analysis_review
/Users/shidianjin/Documents/高考英语/2010·高考英语真题/2010年高考英语试卷（北京）听力音频.mp3,2010·高考英语真题/2010年高考英语试卷（北京）听力音频.mp3,.mp3,4623761,paper_only_candidate,"full_paper_candidate,media_source",review_required,path/name indicates a complete examination paper or mock exam; audio/video source asset; establish mapping only,do_not_publish_until_structured_parse_and_answer_analysis_review
/Users/shidianjin/Documents/高考英语/2010·高考英语真题/2010年高考英语试卷（北京）（空白卷）.doc,2010·高考英语真题/2010年高考英语试卷（北京）（空白卷）.doc,.doc,497152,paper_only_candidate,full_paper_candidate,review_required,path/name indicates a complete examination paper or mock exam,do_not_publish_until_structured_parse_and_answer_analysis_review
/Users/shidianjin/Documents/高考英语/2010·高考英语真题/2010年高考英语试卷（北京）（解析卷）.doc,2010·高考英语真题/2010年高考英语试卷（北京）（解析卷）.doc,.doc,595456,paper_only_candidate,full_paper_candidate,review_required,path/name indicates a complete examination paper or mock exam,do_not_publish_until_structured_parse_and_answer_analysis_review
/Users/shidianjin/Documents/高考英语/2010·高考英语真题/2010年高考英语试卷（四川）（空白卷）.doc,2010·高考英语真题/2010年高考英语试卷（四川）（空白卷）.doc,.doc,225792,paper_only_candidate,full_paper_candidate,review_required,path/name indicates a complete examination paper or mock exam,do_not_publish_until_structured_parse_and_answer_analysis_review
/Users/shidianjin/Documents/高考英语/2010·高考英语真题/2010年高考英语试卷（四川）（解析卷）.doc,2010·高考英语真题/2010年高考英语试卷（四川）（解析卷）.doc,.doc,296448,paper_only_candidate,full_paper_candidate,review_required,path/name indicates a complete examination paper or mock exam,do_not_publish_until_structured_parse_and_answer_analysis_review
/Users/shidianjin/Documents/高考英语/2010·高考英语真题/2010年高考英语试卷（天津）（空白卷）.doc,2010·高考英语真题/2010年高考英语试卷（天津）（空白卷）.doc,.doc,258560,paper_only_candidate,full_paper_candidate,review_required,path/name indicates a complete examination paper or mock exam,do_not_publish_until_structured_parse_and_answer_analysis_review
/Users/shidianjin/Documents/高考英语/2010·高考英语真题/2010年高考英语试卷（天津）（解析卷）.doc,2010·高考英语真题/2010年高考英语试卷（天津）（解析卷）.doc,.doc,294912,paper_only_candidate,full_paper_candidate,review_required,path/name indicates a complete examination paper or mock exam,do_not_publish_until_structured_parse_and_answer_analysis_review
/Users/shidianjin/Documents/高考英语/2010·高考英语真题/2010年高考英语试卷（山东）听力音频.mp3,2010·高考英语真题/2010年高考英语试卷（山东）听力音频.mp3,.mp3,22176888,paper_only_candidate,"full_paper_candidate,media_source",review_required,path/name indicates a complete examination paper or mock exam; audio/video source asset; establish mapping only,do_not_publish_until_structured_parse_and_answer_analysis_review
/Users/shidianjin/Documents/高考英语/2010·高考英语真题/2010年高考英语试卷（山东）（空白卷）.doc,2010·高考英语真题/2010年高考英语试卷（山东）（空白卷）.doc,.doc,74752,paper_only_candidate,full_paper_candidate,review_required,path/name indicates a complete examination paper or mock exam,do_not_publish_until_structured_parse_and_answer_analysis_review
/Users/shidianjin/Documents/高考英语/2010·高考英语真题/2010年高考英语试卷（山东）（解析卷）.doc,2010·高考英语真题/2010年高考英语试卷（山东）（解析卷）.doc,.doc,169984,paper_only_candidate,full_paper_candidate,review_required,path/name indicates a complete examination paper or mock exam,do_not_publish_until_structured_parse_and_answer_analysis_review
/Users/shidianjin/Documents/高考英语/2010·高考英语真题/2010年高考英语试卷（广东）（空白卷）.doc,2010·高考英语真题/2010年高考英语试卷（广东）（空白卷）.doc,.doc,188416,paper_only_candidate,full_paper_candidate,review_required,path/name indicates a complete examination paper or mock exam,do_not_publish_until_structured_parse_and_answer_analysis_review
/Users/shidianjin/Documents/高考英语/2010·高考英语真题/2010年高考英语试卷（广东）（解析卷）.doc,2010·高考英语真题/2010年高考英语试卷（广东）（解析卷）.doc,.doc,207872,paper_only_candidate,full_paper_candidate,review_required,path/name indicates a complete examination paper or mock exam,do_not_publish_until_structured_parse_and_answer_analysis_review
/Users/shidianjin/Documents/高考英语/2010·高考英语真题/2010年高考英语试卷（新课标Ⅰ卷）（空白卷）.doc,2010·高考英语真题/2010年高考英语试卷（新课标Ⅰ卷）（空白卷）.doc,.doc,94720,paper_only_candidate,full_paper_candidate,review_required,path/name indicates a complete examination paper or mock exam,do_not_publish_until_structured_parse_and_answer_analysis_review
/Users/shidianjin/Documents/高考英语/2010·高考英语真题/2010年高考英语试卷（新课标Ⅰ卷）（解析卷）.doc,2010·高考英语真题/2010年高考英语试卷（新课标Ⅰ卷）（解析卷）.doc,.doc,141824,paper_only_candidate,full_paper_candidate,review_required,path/name indicates a complete examination paper or mock exam,do_not_publish_until_structured_parse_and_answer_analysis_review
/Users/shidianjin/Documents/高考英语/2010·高考英语真题/2010年高考英语试卷（新课标Ⅱ卷）（空白卷）.doc,2010·高考英语真题/2010年高考英语试卷（新课标Ⅱ卷）（空白卷）.doc,.doc,98816,paper_only_candidate,full_paper_candidate,review_required,path/name indicates a complete examination paper or mock exam,do_not_publish_until_structured_parse_and_answer_analysis_review
/Users/shidianjin/Documents/高考英语/2010·高考英语真题/2010年高考英语试卷（新课标Ⅱ卷）（解析卷）.doc,2010·高考英语真题/2010年高考英语试卷（新课标Ⅱ卷）（解析卷）.doc,.doc,148480,paper_only_candidate,full_paper_candidate,review_required,path/name indicates a complete examination paper or mock exam,do_not_publish_until_structured_parse_and_answer_analysis_review
/Users/shidianjin/Documents/高考英语/2010·高考英语真题/2010年高考英语试卷（江苏）听力音频.mp3,2010·高考英语真题/2010年高考英语试卷（江苏）听力音频.mp3,.mp3,11069364,paper_only_candidate,"full_paper_candidate,media_source",review_required,path/name indicates a complete examination paper or mock exam; audio/video source asset; establish mapping only,do_not_publish_until_structured_parse_and_answer_analysis_review
/Users/shidianjin/Documents/高考英语/2010·高考英语真题/2010年高考英语试卷（江苏）（空白卷）.doc,2010·高考英语真题/2010年高考英语试卷（江苏）（空白卷）.doc,.doc,130048,paper_only_candidate,full_paper_candidate,review_required,path/name indicates a complete examination paper or mock exam,do_not_publish_until_structured_parse_and_answer_analysis_review
/Users/shidianjin/Documents/高考英语/2010·高考英语真题/2010年高考英语试卷（江苏）（解析卷）.doc,2010·高考英语真题/2010年高考英语试卷（江苏）（解析卷）.doc,.doc,171520,paper_only_candidate,full_paper_candidate,review_required,path/name indicates a complete examination paper or mock exam,do_not_publish_until_structured_parse_and_answer_analysis_review
/Users/shidianjin/Documents/高考英语/2010·高考英语真题/2010年高考英语试卷（浙江）（空白卷）.doc,2010·高考英语真题/2010年高考英语试卷（浙江）（空白卷）.doc,.doc,121344,paper_only_candidate,full_paper_candidate,review_required,path/name indicates a complete examination paper or mock exam,do_not_publish_until_structured_parse_and_answer_analysis_review
/Users/shidianjin/Documents/高考英语/2010·高考英语真题/2010年高考英语试卷（浙江）（解析卷）.doc,2010·高考英语真题/2010年高考英语试卷（浙江）（解析卷）.doc,.doc,178688,paper_only_candidate,full_paper_candidate,review_required,path/name indicates a complete examination paper or mock exam,do_not_publish_until_structured_parse_and_answer_analysis_review
/Users/shidianjin/Documents/高考英语/2010·高考英语真题/2010年高考英语试卷（湖南）听力音频.mp3,2010·高考英语真题/2010年高考英语试卷（湖南）听力音频.mp3,.mp3,9654587,paper_only_candidate,"full_paper_candidate,media_source",review_required,path/name indicates a complete examination paper or mock exam; audio/video source asset; establish mapping only,do_not_publish_until_structured_parse_and_answer_analysis_review
/Users/shidianjin/Documents/高考英语/2010·高考英语真题/2010年高考英语试卷（湖南）（空白卷）.doc,2010·高考英语真题/2010年高考英语试卷（湖南）（空白卷）.doc,.doc,259584,paper_only_candidate,full_paper_candidate,review_required,path/name indicates a complete examination paper or mock exam,do_not_publish_until_structured_parse_and_answer_analysis_review
/Users/shidianjin/Documents/高考英语/2010·高考英语真题/2010年高考英语试卷（湖南）（解析卷）.doc,2010·高考英语真题/2010年高考英语试卷（湖南）（解析卷）.doc,.doc,292864,paper_only_candidate,full_paper_candidate,review_required,path/name indicates a complete examination paper or mock exam,do_not_publish_until_structured_parse_and_answer_analysis_review
/Users/shidianjin/Documents/高考英语/2010·高考英语真题/2010年高考英语试卷（陕西）（空白卷）.doc,2010·高考英语真题/2010年高考英语试卷（陕西）（空白卷）.doc,.doc,71680,paper_only_candidate,full_paper_candidate,review_required,path/name indicates a complete examination paper or mock exam,do_not_publish_until_structured_parse_and_answer_analysis_review
/Users/shidianjin/Documents/高考英语/2010·高考英语真题/2010年高考英语试卷（陕西）（解析卷）.doc,2010·高考英语真题/2010年高考英语试卷（陕西）（解析卷）.doc,.doc,112128,paper_only_candidate,full_paper_candidate,review_required,path/name indicates a complete examination paper or mock exam,do_not_publish_until_structured_parse_and_answer_analysis_review
/Users/shidianjin/Documents/高考英语/2010年高考真题----英语/2010年全国高考英语试题及答案-上海.doc,2010年高考真题----英语/2010年全国高考英语试题及答案-上海.doc,.doc,168448,paper_only_candidate,full_paper_candidate,review_required,path/name indicates a complete examination paper or mock exam,do_not_publish_until_structured_parse_and_answer_analysis_review
/Users/shidianjin/Documents/高考英语/2010年高考真题----英语/2010年全国高考英语试题及答案-全国1.doc,2010年高考真题----英语/2010年全国高考英语试题及答案-全国1.doc,.doc,202240,paper_only_candidate,full_paper_candidate,review_required,path/name indicates a complete examination paper or mock exam,do_not_publish_until_structured_parse_and_answer_analysis_review
/Users/shidianjin/Documents/高考英语/2010年高考真题----英语/2010年全国高考英语试题及答案-全国2.doc,2010年高考真题----英语/2010年全国高考英语试题及答案-全国2.doc,.doc,145408,paper_only_candidate,full_paper_candidate,review_required,path/name indicates a complete examination paper or mock exam,do_not_publish_until_structured_parse_and_answer_analysis_review
/Users/shidianjin/Documents/高考英语/2010年高考真题----英语/2010年全国高考英语试题及答案-北京.doc,2010年高考真题----英语/2010年全国高考英语试题及答案-北京.doc,.doc,309760,paper_only_candidate,full_paper_candidate,review_required,path/name indicates a complete examination paper or mock exam,do_not_publish_until_structured_parse_and_answer_analysis_review
/Users/shidianjin/Documents/高考英语/2010年高考真题----英语/2010年全国高考英语试题及答案-四川.doc,2010年高考真题----英语/2010年全国高考英语试题及答案-四川.doc,.doc,141312,paper_only_candidate,full_paper_candidate,review_required,path/name indicates a complete examination paper or mock exam,do_not_publish_until_structured_parse_and_answer_analysis_review
/Users/shidianjin/Documents/高考英语/2010年高考真题----英语/2010年全国高考英语试题及答案-天津.doc,2010年高考真题----英语/2010年全国高考英语试题及答案-天津.doc,.doc,633856,paper_only_candidate,full_paper_candidate,review_required,path/name indicates a complete examination paper or mock exam,do_not_publish_until_structured_parse_and_answer_analysis_review
/Users/shidianjin/Documents/高考英语/2010年高考真题----英语/2010年全国高考英语试题及答案-安徽.doc,2010年高考真题----英语/2010年全国高考英语试题及答案-安徽.doc,.doc,82944,paper_only_candidate,full_paper_candidate,review_required,path/name indicates a complete examination paper or mock exam,do_not_publish_until_structured_parse_and_answer_analysis_review
/Users/shidianjin/Documents/高考英语/2010年高考真题----英语/2010年全国高考英语试题及答案-山东.doc,2010年高考真题----英语/2010年全国高考英语试题及答案-山东.doc,.doc,75776,paper_only_candidate,full_paper_candidate,review_required,path/name indicates a complete examination paper or mock exam,do_not_publish_until_structured_parse_and_answer_analysis_review
/Users/shidianjin/Documents/高考英语/2010年高考真题----英语/2010年全国高考英语试题及答案-广东.doc,2010年高考真题----英语/2010年全国高考英语试题及答案-广东.doc,.doc,254464,paper_only_candidate,full_paper_candidate,review_required,path/name indicates a complete examination paper or mock exam,do_not_publish_until_structured_parse_and_answer_analysis_review
/Users/shidianjin/Documents/高考英语/2010年高考真题----英语/2010年全国高考英语试题及答案-新课标.doc,2010年高考真题----英语/2010年全国高考英语试题及答案-新课标.doc,.doc,111616,paper_only_candidate,full_paper_candidate,review_required,path/name indicates a complete examination paper or mock exam,do_not_publish_until_structured_parse_and_answer_analysis_review
/Users/shidianjin/Documents/高考英语/2010年高考真题----英语/2010年全国高考英语试题及答案-江苏.doc,2010年高考真题----英语/2010年全国高考英语试题及答案-江苏.doc,.doc,133120,paper_only_candidate,full_paper_candidate,review_required,path/name indicates a complete examination paper or mock exam,do_not_publish_until_structured_parse_and_answer_analysis_review
/Users/shidianjin/Documents/高考英语/2010年高考真题----英语/2010年全国高考英语试题及答案-江西.doc,2010年高考真题----英语/2010年全国高考英语试题及答案-江西.doc,.doc,96256,paper_only_candidate,full_paper_candidate,review_required,path/name indicates a complete examination paper or mock exam,do_not_publish_until_structured_parse_and_answer_analysis_review
/Users/shidianjin/Documents/高考英语/2010年高考真题----英语/2010年全国高考英语试题及答案-浙江.doc,2010年高考真题----英语/2010年全国高考英语试题及答案-浙江.doc,.doc,90112,paper_only_candidate,full_paper_candidate,review_required,path/name indicates a complete examination paper or mock exam,do_not_publish_until_structured_parse_and_answer_analysis_review
/Users/shidianjin/Documents/高考英语/2010年高考真题----英语/2010年全国高考英语试题及答案-海南.doc,2010年高考真题----英语/2010年全国高考英语试题及答案-海南.doc,.doc,89600,paper_only_candidate,full_paper_candidate,review_required,path/name indicates a complete examination paper or mock exam,do_not_publish_until_structured_parse_and_answer_analysis_review
/Users/shidianjin/Documents/高考英语/2010年高考真题----英语/2010年全国高考英语试题及答案-湖北.doc,2010年高考真题----英语/2010年全国高考英语试题及答案-湖北.doc,.doc,89600,paper_only_candidate,full_paper_candidate,review_required,path/name indicates a complete examination paper or mock exam,do_not_publish_until_structured_parse_and_answer_analysis_review
/Users/shidianjin/Documents/高考英语/2010年高考真题----英语/2010年全国高考英语试题及答案-湖南.doc,2010年高考真题----英语/2010年全国高考英语试题及答案-湖南.doc,.doc,257536,paper_only_candidate,full_paper_candidate,review_required,path/name indicates a complete examination paper or mock exam,do_not_publish_until_structured_parse_and_answer_analysis_review
/Users/shidianjin/Documents/高考英语/2010年高考真题----英语/2010年全国高考英语试题及答案-福建.doc,2010年高考真题----英语/2010年全国高考英语试题及答案-福建.doc,.doc,524800,paper_only_candidate,full_paper_candidate,review_required,path/name indicates a complete examination paper or mock exam,do_not_publish_until_structured_parse_and_answer_analysis_review
/Users/shidianjin/Documents/高考英语/2010年高考真题----英语/2010年全国高考英语试题及答案-辽宁.doc,2010年高考真题----英语/2010年全国高考英语试题及答案-辽宁.doc,.doc,267776,paper_only_candidate,full_paper_candidate,review_required,path/name indicates a complete examination paper or mock exam,do_not_publish_until_structured_parse_and_answer_analysis_review
/Users/shidianjin/Documents/高考英语/2010年高考真题----英语/2010年全国高考英语试题及答案-重庆.doc,2010年高考真题----英语/2010年全国高考英语试题及答案-重庆.doc,.doc,122880,paper_only_candidate,full_paper_candidate,review_required,path/name indicates a complete examination paper or mock exam,do_not_publish_until_structured_parse_and_answer_analysis_review
/Users/shidianjin/Documents/高考英语/2010年高考真题----英语/2010年全国高考英语试题及答案-陕西.doc,2010年高考真题----英语/2010年全国高考英语试题及答案-陕西.doc,.doc,98304,paper_only_candidate,full_paper_candidate,review_required,path/name indicates a complete examination paper or mock exam,do_not_publish_until_structured_parse_and_answer_analysis_review
/Users/shidianjin/Documents/高考英语/2011·高考英语真题/2011年高考英语试卷（上海）（秋考）听力音频.mp3,2011·高考英语真题/2011年高考英语试卷（上海）（秋考）听力音频.mp3,.mp3,22136703,paper_only_candidate,"full_paper_candidate,media_source",review_required,path/name indicates a complete examination paper or mock exam; audio/video source asset; establish mapping only,do_not_publish_until_structured_parse_and_answer_analysis_review
/Users/shidianjin/Documents/高考英语/2011·高考英语真题/2011年高考英语试卷（上海）（秋考）（空白卷）.doc,2011·高考英语真题/2011年高考英语试卷（上海）（秋考）（空白卷）.doc,.doc,371200,paper_only_candidate,full_paper_candidate,review_required,path/name indicates a complete examination paper or mock exam,do_not_publish_until_structured_parse_and_answer_analysis_review
/Users/shidianjin/Documents/高考英语/2011·高考英语真题/2011年高考英语试卷（上海）（秋考）（解析卷）.doc,2011·高考英语真题/2011年高考英语试卷（上海）（秋考）（解析卷）.doc,.doc,1891328,paper_only_candidate,full_paper_candidate,review_required,path/name indicates a complete examination paper or mock exam,do_not_publish_until_structured_parse_and_answer_analysis_review
/Users/shidianjin/Documents/高考英语/2011·高考英语真题/2011年高考英语试卷（北京）听力音频.mp3,2011·高考英语真题/2011年高考英语试卷（北京）听力音频.mp3,.mp3,4898858,paper_only_candidate,"full_paper_candidate,media_source",review_required,path/name indicates a complete examination paper or mock exam; audio/video source asset; establish mapping only,do_not_publish_until_structured_parse_and_answer_analysis_review
/Users/shidianjin/Documents/高考英语/2011·高考英语真题/2011年高考英语试卷（北京）（空白卷）.doc,2011·高考英语真题/2011年高考英语试卷（北京）（空白卷）.doc,.doc,480768,paper_only_candidate,full_paper_candidate,review_required,path/name indicates a complete examination paper or mock exam,do_not_publish_until_structured_parse_and_answer_analysis_review
/Users/shidianjin/Documents/高考英语/2011·高考英语真题/2011年高考英语试卷（北京）（解析卷）.doc,2011·高考英语真题/2011年高考英语试卷（北京）（解析卷）.doc,.doc,564224,paper_only_candidate,full_paper_candidate,review_required,path/name indicates a complete examination paper or mock exam,do_not_publish_until_structured_parse_and_answer_analysis_review
/Users/shidianjin/Documents/高考英语/2011·高考英语真题/2011年高考英语试卷（四川）（空白卷）.doc,2011·高考英语真题/2011年高考英语试卷（四川）（空白卷）.doc,.doc,67072,paper_only_candidate,full_paper_candidate,review_required,path/name indicates a complete examination paper or mock exam,do_not_publish_until_structured_parse_and_answer_analysis_review
/Users/shidianjin/Documents/高考英语/2011·高考英语真题/2011年高考英语试卷（四川）（解析卷）.doc,2011·高考英语真题/2011年高考英语试卷（四川）（解析卷）.doc,.doc,86528,paper_only_candidate,full_paper_candidate,review_required,path/name indicates a complete examination paper or mock exam,do_not_publish_until_structured_parse_and_answer_analysis_review
/Users/shidianjin/Documents/高考英语/2011·高考英语真题/2011年高考英语试卷（天津）（空白卷）.doc,2011·高考英语真题/2011年高考英语试卷（天津）（空白卷）.doc,.doc,72192,paper_only_candidate,full_paper_candidate,review_required,path/name indicates a complete examination paper or mock exam,do_not_publish_until_structured_parse_and_answer_analysis_review
/Users/shidianjin/Documents/高考英语/2011·高考英语真题/2011年高考英语试卷（天津）（解析卷）.doc,2011·高考英语真题/2011年高考英语试卷（天津）（解析卷）.doc,.doc,109568,paper_only_candidate,full_paper_candidate,review_required,path/name indicates a complete examination paper or mock exam,do_not_publish_until_structured_parse_and_answer_analysis_review
/Users/shidianjin/Documents/高考英语/2011·高考英语真题/2011年高考英语试卷（山东）听力音频.mp3,2011·高考英语真题/2011年高考英语试卷（山东）听力音频.mp3,.mp3,8669474,paper_only_candidate,"full_paper_candidate,media_source",review_required,path/name indicates a complete examination paper or mock exam; audio/video source asset; establish mapping only,do_not_publish_until_structured_parse_and_answer_analysis_review
/Users/shidianjin/Documents/高考英语/2011·高考英语真题/2011年高考英语试卷（山东）（空白卷）.doc,2011·高考英语真题/2011年高考英语试卷（山东）（空白卷）.doc,.doc,71680,paper_only_candidate,full_paper_candidate,review_required,path/name indicates a complete examination paper or mock exam,do_not_publish_until_structured_parse_and_answer_analysis_review
/Users/shidianjin/Documents/高考英语/2011·高考英语真题/2011年高考英语试卷（山东）（解析卷）.doc,2011·高考英语真题/2011年高考英语试卷（山东）（解析卷）.doc,.doc,171520,paper_only_candidate,full_paper_candidate,review_required,path/name indicates a complete examination paper or mock exam,do_not_publish_until_structured_parse_and_answer_analysis_review
/Users/shidianjin/Documents/高考英语/2011·高考英语真题/2011年高考英语试卷（广东）（空白卷）.doc,2011·高考英语真题/2011年高考英语试卷（广东）（空白卷）.doc,.doc,116224,paper_only_candidate,full_paper_candidate,review_required,path/name indicates a complete examination paper or mock exam,do_not_publish_until_structured_parse_and_answer_analysis_review
/Users/shidianjin/Documents/高考英语/2011·高考英语真题/2011年高考英语试卷（广东）（解析卷）.doc,2011·高考英语真题/2011年高考英语试卷（广东）（解析卷）.doc,.doc,133120,paper_only_candidate,full_paper_candidate,review_required,path/name indicates a complete examination paper or mock exam,do_not_publish_until_structured_parse_and_answer_analysis_review
/Users/shidianjin/Documents/高考英语/2011·高考英语真题/2011年高考英语试卷（新课标）（空白卷）.doc,2011·高考英语真题/2011年高考英语试卷（新课标）（空白卷）.doc,.doc,68096,paper_only_candidate,full_paper_candidate,review_required,path/name indicates a complete examination paper or mock exam,do_not_publish_until_structured_parse_and_answer_analysis_review
/Users/shidianjin/Documents/高考英语/2011·高考英语真题/2011年高考英语试卷（新课标）（解析卷）.doc,2011·高考英语真题/2011年高考英语试卷（新课标）（解析卷）.doc,.doc,116224,paper_only_candidate,full_paper_candidate,review_required,path/name indicates a complete examination paper or mock exam,do_not_publish_until_structured_parse_and_answer_analysis_review
/Users/shidianjin/Documents/高考英语/2011·高考英语真题/2011年高考英语试卷（江苏）听力音频.mp3,2011·高考英语真题/2011年高考英语试卷（江苏）听力音频.mp3,.mp3,11506352,paper_only_candidate,"full_paper_candidate,media_source",review_required,path/name indicates a complete examination paper or mock exam; audio/video source asset; establish mapping only,do_not_publish_until_structured_parse_and_answer_analysis_review
/Users/shidianjin/Documents/高考英语/2011·高考英语真题/2011年高考英语试卷（江苏）（空白卷）.doc,2011·高考英语真题/2011年高考英语试卷（江苏）（空白卷）.doc,.doc,436224,paper_only_candidate,full_paper_candidate,review_required,path/name indicates a complete examination paper or mock exam,do_not_publish_until_structured_parse_and_answer_analysis_review
/Users/shidianjin/Documents/高考英语/2011·高考英语真题/2011年高考英语试卷（江苏）（解析卷）.doc,2011·高考英语真题/2011年高考英语试卷（江苏）（解析卷）.doc,.doc,527360,paper_only_candidate,full_paper_candidate,review_required,path/name indicates a complete examination paper or mock exam,do_not_publish_until_structured_parse_and_answer_analysis_review
/Users/shidianjin/Documents/高考英语/2011·高考英语真题/2011年高考英语试卷（浙江）（空白卷）.doc,2011·高考英语真题/2011年高考英语试卷（浙江）（空白卷）.doc,.doc,531968,paper_only_candidate,full_paper_candidate,review_required,path/name indicates a complete examination paper or mock exam,do_not_publish_until_structured_parse_and_answer_analysis_review
/Users/shidianjin/Documents/高考英语/2011·高考英语真题/2011年高考英语试卷（浙江）（解析卷）.doc,2011·高考英语真题/2011年高考英语试卷（浙江）（解析卷）.doc,.doc,1077760,paper_only_candidate,full_paper_candidate,review_required,path/name indicates a complete examination paper or mock exam,do_not_publish_until_structured_parse_and_answer_analysis_review
/Users/shidianjin/Documents/高考英语/2011·高考英语真题/2011年高考英语试卷（湖南）听力音频.mp3,2011·高考英语真题/2011年高考英语试卷（湖南）听力音频.mp3,.mp3,10545105,paper_only_candidate,"full_paper_candidate,media_source",review_required,path/name indicates a complete examination paper or mock exam; audio/video source asset; establish mapping only,do_not_publish_until_structured_parse_and_answer_analysis_review
/Users/shidianjin/Documents/高考英语/2011·高考英语真题/2011年高考英语试卷（湖南）（空白卷）.docx,2011·高考英语真题/2011年高考英语试卷（湖南）（空白卷）.docx,.docx,108673,paper_only_candidate,full_paper_candidate,review_required,path/name indicates a complete examination paper or mock exam,do_not_publish_until_structured_parse_and_answer_analysis_review
/Users/shidianjin/Documents/高考英语/2011·高考英语真题/2011年高考英语试卷（湖南）（解析卷）.docx,2011·高考英语真题/2011年高考英语试卷（湖南）（解析卷）.docx,.docx,864465,paper_only_candidate,full_paper_candidate,review_required,path/name indicates a complete examination paper or mock exam,do_not_publish_until_structured_parse_and_answer_analysis_review
/Users/shidianjin/Documents/高考英语/2011·高考英语真题/2011年高考英语试卷（陕西）（空白卷）.docx,2011·高考英语真题/2011年高考英语试卷（陕西）（空白卷）.docx,.docx,45098,paper_only_candidate,full_paper_candidate,review_required,path/name indicates a complete examination paper or mock exam,do_not_publish_until_structured_parse_and_answer_analysis_review
/Users/shidianjin/Documents/高考英语/2011·高考英语真题/2011年高考英语试卷（陕西）（解析卷）.docx,2011·高考英语真题/2011年高考英语试卷（陕西）（解析卷）.docx,.docx,56519,paper_only_candidate,full_paper_candidate,review_required,path/name indicates a complete examination paper or mock exam,do_not_publish_until_structured_parse_and_answer_analysis_review
/Users/shidianjin/Documents/高考英语/2011年高考真题----英语/2011年全国高考英语试题及答案-上海.doc,2011年高考真题----英语/2011年全国高考英语试题及答案-上海.doc,.doc,111104,paper_only_candidate,full_paper_candidate,review_required,path/name indicates a complete examination paper or mock exam,do_not_publish_until_structured_parse_and_answer_analysis_review
/Users/shidianjin/Documents/高考英语/2011年高考真题----英语/2011年全国高考英语试题及答案-全国.doc,2011年高考真题----英语/2011年全国高考英语试题及答案-全国.doc,.doc,177664,paper_only_candidate,full_paper_candidate,review_required,path/name indicates a complete examination paper or mock exam,do_not_publish_until_structured_parse_and_answer_analysis_review
/Users/shidianjin/Documents/高考英语/2011年高考真题----英语/2011年全国高考英语试题及答案-北京.doc,2011年高考真题----英语/2011年全国高考英语试题及答案-北京.doc,.doc,526336,paper_only_candidate,full_paper_candidate,review_required,path/name indicates a complete examination paper or mock exam,do_not_publish_until_structured_parse_and_answer_analysis_review
/Users/shidianjin/Documents/高考英语/2011年高考真题----英语/2011年全国高考英语试题及答案-四川.doc,2011年高考真题----英语/2011年全国高考英语试题及答案-四川.doc,.doc,203264,paper_only_candidate,full_paper_candidate,review_required,path/name indicates a complete examination paper or mock exam,do_not_publish_until_structured_parse_and_answer_analysis_review
/Users/shidianjin/Documents/高考英语/2011年高考真题----英语/2011年全国高考英语试题及答案-天津.doc,2011年高考真题----英语/2011年全国高考英语试题及答案-天津.doc,.doc,120832,paper_only_candidate,full_paper_candidate,review_required,path/name indicates a complete examination paper or mock exam,do_not_publish_until_structured_parse_and_answer_analysis_review
/Users/shidianjin/Documents/高考英语/2011年高考真题----英语/2011年全国高考英语试题及答案-安徽.doc,2011年高考真题----英语/2011年全国高考英语试题及答案-安徽.doc,.doc,140288,paper_only_candidate,full_paper_candidate,review_required,path/name indicates a complete examination paper or mock exam,do_not_publish_until_structured_parse_and_answer_analysis_review
/Users/shidianjin/Documents/高考英语/2011年高考真题----英语/2011年全国高考英语试题及答案-山东.doc,2011年高考真题----英语/2011年全国高考英语试题及答案-山东.doc,.doc,123904,paper_only_candidate,full_paper_candidate,review_required,path/name indicates a complete examination paper or mock exam,do_not_publish_until_structured_parse_and_answer_analysis_review
/Users/shidianjin/Documents/高考英语/2011年高考真题----英语/2011年全国高考英语试题及答案-广东.doc,2011年高考真题----英语/2011年全国高考英语试题及答案-广东.doc,.doc,133632,paper_only_candidate,full_paper_candidate,review_required,path/name indicates a complete examination paper or mock exam,do_not_publish_until_structured_parse_and_answer_analysis_review
/Users/shidianjin/Documents/高考英语/2011年高考真题----英语/2011年全国高考英语试题及答案-新课标.doc,2011年高考真题----英语/2011年全国高考英语试题及答案-新课标.doc,.doc,175616,paper_only_candidate,full_paper_candidate,review_required,path/name indicates a complete examination paper or mock exam,do_not_publish_until_structured_parse_and_answer_analysis_review
/Users/shidianjin/Documents/高考英语/2011年高考真题----英语/2011年全国高考英语试题及答案-江苏.doc,2011年高考真题----英语/2011年全国高考英语试题及答案-江苏.doc,.doc,465920,paper_only_candidate,full_paper_candidate,review_required,path/name indicates a complete examination paper or mock exam,do_not_publish_until_structured_parse_and_answer_analysis_review
/Users/shidianjin/Documents/高考英语/2011年高考真题----英语/2011年全国高考英语试题及答案-江西.doc,2011年高考真题----英语/2011年全国高考英语试题及答案-江西.doc,.doc,122880,paper_only_candidate,full_paper_candidate,review_required,path/name indicates a complete examination paper or mock exam,do_not_publish_until_structured_parse_and_answer_analysis_review
/Users/shidianjin/Documents/高考英语/2011年高考真题----英语/2011年全国高考英语试题及答案-浙江.doc,2011年高考真题----英语/2011年全国高考英语试题及答案-浙江.doc,.doc,609280,paper_only_candidate,full_paper_candidate,review_required,path/name indicates a complete examination paper or mock exam,do_not_publish_until_structured_parse_and_answer_analysis_review
/Users/shidianjin/Documents/高考英语/2011年高考真题----英语/2011年全国高考英语试题及答案-湖北.doc,2011年高考真题----英语/2011年全国高考英语试题及答案-湖北.doc,.doc,130048,paper_only_candidate,full_paper_candidate,review_required,path/name indicates a complete examination paper or mock exam,do_not_publish_until_structured_parse_and_answer_analysis_review
/Users/shidianjin/Documents/高考英语/2011年高考真题----英语/2011年全国高考英语试题及答案-湖南.doc,2011年高考真题----英语/2011年全国高考英语试题及答案-湖南.doc,.doc,167936,paper_only_candidate,full_paper_candidate,review_required,path/name indicates a complete examination paper or mock exam,do_not_publish_until_structured_parse_and_answer_analysis_review
/Users/shidianjin/Documents/高考英语/2011年高考真题----英语/2011年全国高考英语试题及答案-福建.doc,2011年高考真题----英语/2011年全国高考英语试题及答案-福建.doc,.doc,496128,paper_only_candidate,full_paper_candidate,review_required,path/name indicates a complete examination paper or mock exam,do_not_publish_until_structured_parse_and_answer_analysis_review
/Users/shidianjin/Documents/高考英语/2011年高考真题----英语/2011年全国高考英语试题及答案-辽宁.doc,2011年高考真题----英语/2011年全国高考英语试题及答案-辽宁.doc,.doc,116224,paper_only_candidate,full_paper_candidate,review_required,path/name indicates a complete examination paper or mock exam,do_not_publish_until_structured_parse_and_answer_analysis_review
/Users/shidianjin/Documents/高考英语/2011年高考真题----英语/2011年全国高考英语试题及答案-重庆.doc,2011年高考真题----英语/2011年全国高考英语试题及答案-重庆.doc,.doc,126976,paper_only_candidate,full_paper_candidate,review_required,path/name indicates a complete examination paper or mock exam,do_not_publish_until_structured_parse_and_answer_analysis_review
/Users/shidianjin/Documents/高考英语/2011年高考真题----英语/2011年全国高考英语试题及答案-陕西.doc,2011年高考真题----英语/2011年全国高考英语试题及答案-陕西.doc,.doc,136704,paper_only_candidate,full_paper_candidate,review_required,path/name indicates a complete examination paper or mock exam,do_not_publish_until_structured_parse_and_answer_analysis_review
/Users/shidianjin/Documents/高考英语/2012·高考英语真题/2012年高考英语听力真题（重庆卷）.mp3,2012·高考英语真题/2012年高考英语听力真题（重庆卷）.mp3,.mp3,10129493,paper_only_candidate,"full_paper_candidate,media_source",review_required,path/name indicates a complete examination paper or mock exam; audio/video source asset; establish mapping only,do_not_publish_until_structured_parse_and_answer_analysis_review
/Users/shidianjin/Documents/高考英语/2012·高考英语真题/2012年高考英语试卷（上海）（秋考）听力音频.mp3,2012·高考英语真题/2012年高考英语试卷（上海）（秋考）听力音频.mp3,.mp3,22559253,paper_only_candidate,"full_paper_candidate,media_source",review_required,path/name indicates a complete examination paper or mock exam; audio/video source asset; establish mapping only,do_not_publish_until_structured_parse_and_answer_analysis_review
/Users/shidianjin/Documents/高考英语/2012·高考英语真题/2012年高考英语试卷（上海）（秋考）（空白卷）.doc,2012·高考英语真题/2012年高考英语试卷（上海）（秋考）（空白卷）.doc,.doc,597504,paper_only_candidate,full_paper_candidate,review_required,path/name indicates a complete examination paper or mock exam,do_not_publish_until_structured_parse_and_answer_analysis_review
/Users/shidianjin/Documents/高考英语/2012·高考英语真题/2012年高考英语试卷（上海）（秋考）（解析卷）.doc,2012·高考英语真题/2012年高考英语试卷（上海）（秋考）（解析卷）.doc,.doc,822784,paper_only_candidate,full_paper_candidate,review_required,path/name indicates a complete examination paper or mock exam,do_not_publish_until_structured_parse_and_answer_analysis_review
/Users/shidianjin/Documents/高考英语/2012·高考英语真题/2012年高考英语试卷（北京）听力音频.mp3,2012·高考英语真题/2012年高考英语试卷（北京）听力音频.mp3,.mp3,4987146,paper_only_candidate,"full_paper_candidate,media_source",review_required,path/name indicates a complete examination paper or mock exam; audio/video source asset; establish mapping only,do_not_publish_until_structured_parse_and_answer_analysis_review
/Users/shidianjin/Documents/高考英语/2012·高考英语真题/2012年高考英语试卷（北京）（空白卷）.doc,2012·高考英语真题/2012年高考英语试卷（北京）（空白卷）.doc,.doc,517120,paper_only_candidate,full_paper_candidate,review_required,path/name indicates a complete examination paper or mock exam,do_not_publish_until_structured_parse_and_answer_analysis_review
/Users/shidianjin/Documents/高考英语/2012·高考英语真题/2012年高考英语试卷（北京）（解析卷）.doc,2012·高考英语真题/2012年高考英语试卷（北京）（解析卷）.doc,.doc,539648,paper_only_candidate,full_paper_candidate,review_required,path/name indicates a complete examination paper or mock exam,do_not_publish_until_structured_parse_and_answer_analysis_review
/Users/shidianjin/Documents/高考英语/2012·高考英语真题/2012年高考英语试卷（四川）（空白卷）.doc,2012·高考英语真题/2012年高考英语试卷（四川）（空白卷）.doc,.doc,90112,paper_only_candidate,full_paper_candidate,review_required,path/name indicates a complete examination paper or mock exam,do_not_publish_until_structured_parse_and_answer_analysis_review
/Users/shidianjin/Documents/高考英语/2012·高考英语真题/2012年高考英语试卷（四川）（解析卷）.doc,2012·高考英语真题/2012年高考英语试卷（四川）（解析卷）.doc,.doc,122368,paper_only_candidate,full_paper_candidate,review_required,path/name indicates a complete examination paper or mock exam,do_not_publish_until_structured_parse_and_answer_analysis_review
/Users/shidianjin/Documents/高考英语/2012·高考英语真题/2012年高考英语试卷（天津）（空白卷）.doc,2012·高考英语真题/2012年高考英语试卷（天津）（空白卷）.doc,.doc,82944,paper_only_candidate,full_paper_candidate,review_required,path/name indicates a complete examination paper or mock exam,do_not_publish_until_structured_parse_and_answer_analysis_review
/Users/shidianjin/Documents/高考英语/2012·高考英语真题/2012年高考英语试卷（天津）（解析卷）.doc,2012·高考英语真题/2012年高考英语试卷（天津）（解析卷）.doc,.doc,118784,paper_only_candidate,full_paper_candidate,review_required,path/name indicates a complete examination paper or mock exam,do_not_publish_until_structured_parse_and_answer_analysis_review
/Users/shidianjin/Documents/高考英语/2012·高考英语真题/2012年高考英语试卷（安徽）听力音频.mp3,2012·高考英语真题/2012年高考英语试卷（安徽）听力音频.mp3,.mp3,21911901,paper_only_candidate,"full_paper_candidate,media_source",review_required,path/name indicates a complete examination paper or mock exam; audio/video source asset; establish mapping only,do_not_publish_until_structured_parse_and_answer_analysis_review
/Users/shidianjin/Documents/高考英语/2012·高考英语真题/2012年高考英语试卷（安徽）（空白卷）.doc,2012·高考英语真题/2012年高考英语试卷（安徽）（空白卷）.doc,.doc,475648,paper_only_candidate,full_paper_candidate,review_required,path/name indicates a complete examination paper or mock exam,do_not_publish_until_structured_parse_and_answer_analysis_review
/Users/shidianjin/Documents/高考英语/2012·高考英语真题/2012年高考英语试卷（安徽）（解析卷）.doc,2012·高考英语真题/2012年高考英语试卷（安徽）（解析卷）.doc,.doc,711680,paper_only_candidate,full_paper_candidate,review_required,path/name indicates a complete examination paper or mock exam,do_not_publish_until_structured_parse_and_answer_analysis_review
/Users/shidianjin/Documents/高考英语/2012·高考英语真题/2012年高考英语试卷（山东）（空白卷）.doc,2012·高考英语真题/2012年高考英语试卷（山东）（空白卷）.doc,.doc,529920,paper_only_candidate,full_paper_candidate,review_required,path/name indicates a complete examination paper or mock exam,do_not_publish_until_structured_parse_and_answer_analysis_review
/Users/shidianjin/Documents/高考英语/2012·高考英语真题/2012年高考英语试卷（山东）（解析卷）.doc,2012·高考英语真题/2012年高考英语试卷（山东）（解析卷）.doc,.doc,833024,paper_only_candidate,full_paper_candidate,review_required,path/name indicates a complete examination paper or mock exam,do_not_publish_until_structured_parse_and_answer_analysis_review
/Users/shidianjin/Documents/高考英语/2012·高考英语真题/2012年高考英语试卷（广东）（空白卷）.doc,2012·高考英语真题/2012年高考英语试卷（广东）（空白卷）.doc,.doc,541696,paper_only_candidate,full_paper_candidate,review_required,path/name indicates a complete examination paper or mock exam,do_not_publish_until_structured_parse_and_answer_analysis_review
/Users/shidianjin/Documents/高考英语/2012·高考英语真题/2012年高考英语试卷（广东）（解析卷）.doc,2012·高考英语真题/2012年高考英语试卷（广东）（解析卷）.doc,.doc,640512,paper_only_candidate,full_paper_candidate,review_required,path/name indicates a complete examination paper or mock exam,do_not_publish_until_structured_parse_and_answer_analysis_review
/Users/shidianjin/Documents/高考英语/2012·高考英语真题/2012年高考英语试卷（新课标）（空白卷）.doc,2012·高考英语真题/2012年高考英语试卷（新课标）（空白卷）.doc,.doc,57856,paper_only_candidate,full_paper_candidate,review_required,path/name indicates a complete examination paper or mock exam,do_not_publish_until_structured_parse_and_answer_analysis_review
/Users/shidianjin/Documents/高考英语/2012·高考英语真题/2012年高考英语试卷（新课标）（解析卷）.doc,2012·高考英语真题/2012年高考英语试卷（新课标）（解析卷）.doc,.doc,121344,paper_only_candidate,full_paper_candidate,review_required,path/name indicates a complete examination paper or mock exam,do_not_publish_until_structured_parse_and_answer_analysis_review
/Users/shidianjin/Documents/高考英语/2012·高考英语真题/2012年高考英语试卷（江苏）听力音频.mp3,2012·高考英语真题/2012年高考英语试卷（江苏）听力音频.mp3,.mp3,10937444,paper_only_candidate,"full_paper_candidate,media_source",review_required,path/name indicates a complete examination paper or mock exam; audio/video source asset; establish mapping only,do_not_publish_until_structured_parse_and_answer_analysis_review
/Users/shidianjin/Documents/高考英语/2012·高考英语真题/2012年高考英语试卷（江苏）（空白卷）   .doc,2012·高考英语真题/2012年高考英语试卷（江苏）（空白卷）   .doc,.doc,666624,paper_only_candidate,full_paper_candidate,review_required,path/name indicates a complete examination paper or mock exam,do_not_publish_until_structured_parse_and_answer_analysis_review
/Users/shidianjin/Documents/高考英语/2012·高考英语真题/2012年高考英语试卷（江苏）（解析卷）   .doc,2012·高考英语真题/2012年高考英语试卷（江苏）（解析卷）   .doc,.doc,1114624,paper_only_candidate,full_paper_candidate,review_required,path/name indicates a complete examination paper or mock exam,do_not_publish_until_structured_parse_and_answer_analysis_review
/Users/shidianjin/Documents/高考英语/2012·高考英语真题/2012年高考英语试卷（江西）听力音频.mp3,2012·高考英语真题/2012年高考英语试卷（江西）听力音频.mp3,.mp3,10936782,paper_only_candidate,"full_paper_candidate,media_source",review_required,path/name indicates a complete examination paper or mock exam; audio/video source asset; establish mapping only,do_not_publish_until_structured_parse_and_answer_analysis_review
/Users/shidianjin/Documents/高考英语/2012·高考英语真题/2012年高考英语试卷（江西）（空白卷）.doc,2012·高考英语真题/2012年高考英语试卷（江西）（空白卷）.doc,.doc,416256,paper_only_candidate,full_paper_candidate,review_required,path/name indicates a complete examination paper or mock exam,do_not_publish_until_structured_parse_and_answer_analysis_review
/Users/shidianjin/Documents/高考英语/2012·高考英语真题/2012年高考英语试卷（江西）（解析卷）.doc,2012·高考英语真题/2012年高考英语试卷（江西）（解析卷）.doc,.doc,509952,paper_only_candidate,full_paper_candidate,review_required,path/name indicates a complete examination paper or mock exam,do_not_publish_until_structured_parse_and_answer_analysis_review
/Users/shidianjin/Documents/高考英语/2012·高考英语真题/2012年高考英语试卷（浙江）（空白卷）.doc,2012·高考英语真题/2012年高考英语试卷（浙江）（空白卷）.doc,.doc,98304,paper_only_candidate,full_paper_candidate,review_required,path/name indicates a complete examination paper or mock exam,do_not_publish_until_structured_parse_and_answer_analysis_review
/Users/shidianjin/Documents/高考英语/2012·高考英语真题/2012年高考英语试卷（浙江）（解析卷）.doc,2012·高考英语真题/2012年高考英语试卷（浙江）（解析卷）.doc,.doc,147968,paper_only_candidate,full_paper_candidate,review_required,path/name indicates a complete examination paper or mock exam,do_not_publish_until_structured_parse_and_answer_analysis_review
/Users/shidianjin/Documents/高考英语/2012·高考英语真题/2012年高考英语试卷（湖北）听力音频.mp3,2012·高考英语真题/2012年高考英语试卷（湖北）听力音频.mp3,.mp3,11536579,paper_only_candidate,"full_paper_candidate,media_source",review_required,path/name indicates a complete examination paper or mock exam; audio/video source asset; establish mapping only,do_not_publish_until_structured_parse_and_answer_analysis_review
/Users/shidianjin/Documents/高考英语/2012·高考英语真题/2012年高考英语试卷（湖北）（空白卷）.doc,2012·高考英语真题/2012年高考英语试卷（湖北）（空白卷）.doc,.doc,686080,paper_only_candidate,full_paper_candidate,review_required,path/name indicates a complete examination paper or mock exam,do_not_publish_until_structured_parse_and_answer_analysis_review
/Users/shidianjin/Documents/高考英语/2012·高考英语真题/2012年高考英语试卷（湖北）（解析卷）.doc,2012·高考英语真题/2012年高考英语试卷（湖北）（解析卷）.doc,.doc,851968,paper_only_candidate,full_paper_candidate,review_required,path/name indicates a complete examination paper or mock exam,do_not_publish_until_structured_parse_and_answer_analysis_review
/Users/shidianjin/Documents/高考英语/2012·高考英语真题/2012年高考英语试卷（湖南）听力音频.mp3,2012·高考英语真题/2012年高考英语试卷（湖南）听力音频.mp3,.mp3,5207503,paper_only_candidate,"full_paper_candidate,media_source",review_required,path/name indicates a complete examination paper or mock exam; audio/video source asset; establish mapping only,do_not_publish_until_structured_parse_and_answer_analysis_review
/Users/shidianjin/Documents/高考英语/2012·高考英语真题/2012年高考英语试卷（湖南）（空白卷）.doc,2012·高考英语真题/2012年高考英语试卷（湖南）（空白卷）.doc,.doc,471040,paper_only_candidate,full_paper_candidate,review_required,path/name indicates a complete examination paper or mock exam,do_not_publish_until_structured_parse_and_answer_analysis_review
/Users/shidianjin/Documents/高考英语/2012·高考英语真题/2012年高考英语试卷（湖南）（解析卷）.doc,2012·高考英语真题/2012年高考英语试卷（湖南）（解析卷）.doc,.doc,596992,paper_only_candidate,full_paper_candidate,review_required,path/name indicates a complete examination paper or mock exam,do_not_publish_until_structured_parse_and_answer_analysis_review
/Users/shidianjin/Documents/高考英语/2012·高考英语真题/2012年高考英语试卷（福建）（空白卷）.doc,2012·高考英语真题/2012年高考英语试卷（福建）（空白卷）.doc,.doc,435712,paper_only_candidate,full_paper_candidate,review_required,path/name indicates a complete examination paper or mock exam,do_not_publish_until_structured_parse_and_answer_analysis_review
/Users/shidianjin/Documents/高考英语/2012·高考英语真题/2012年高考英语试卷（福建）（解析卷）.doc,2012·高考英语真题/2012年高考英语试卷（福建）（解析卷）.doc,.doc,518656,paper_only_candidate,full_paper_candidate,review_required,path/name indicates a complete examination paper or mock exam,do_not_publish_until_structured_parse_and_answer_analysis_review
/Users/shidianjin/Documents/高考英语/2012·高考英语真题/2012年高考英语试卷（辽宁）（空白卷）.doc,2012·高考英语真题/2012年高考英语试卷（辽宁）（空白卷）.doc,.doc,625152,paper_only_candidate,full_paper_candidate,review_required,path/name indicates a complete examination paper or mock exam,do_not_publish_until_structured_parse_and_answer_analysis_review
/Users/shidianjin/Documents/高考英语/2012·高考英语真题/2012年高考英语试卷（辽宁）（解析卷）.doc,2012·高考英语真题/2012年高考英语试卷（辽宁）（解析卷）.doc,.doc,776704,paper_only_candidate,full_paper_candidate,review_required,path/name indicates a complete examination paper or mock exam,do_not_publish_until_structured_parse_and_answer_analysis_review
/Users/shidianjin/Documents/高考英语/2012·高考英语真题/2012年高考英语试卷（重庆）（空白卷）.doc,2012·高考英语真题/2012年高考英语试卷（重庆）（空白卷）.doc,.doc,477184,paper_only_candidate,full_paper_candidate,review_required,path/name indicates a complete examination paper or mock exam,do_not_publish_until_structured_parse_and_answer_analysis_review
/Users/shidianjin/Documents/高考英语/2012·高考英语真题/2012年高考英语试卷（重庆）（解析卷）.doc,2012·高考英语真题/2012年高考英语试卷（重庆）（解析卷）.doc,.doc,695808,paper_only_candidate,full_paper_candidate,review_required,path/name indicates a complete examination paper or mock exam,do_not_publish_until_structured_parse_and_answer_analysis_review
/Users/shidianjin/Documents/高考英语/2012·高考英语真题/2012年高考英语试卷（陕西）（空白卷）.docx,2012·高考英语真题/2012年高考英语试卷（陕西）（空白卷）.docx,.docx,56214,paper_only_candidate,full_paper_candidate,review_required,path/name indicates a complete examination paper or mock exam,do_not_publish_until_structured_parse_and_answer_analysis_review
/Users/shidianjin/Documents/高考英语/2012·高考英语真题/2012年高考英语试卷（陕西）（解析卷）.docx,2012·高考英语真题/2012年高考英语试卷（陕西）（解析卷）.docx,.docx,65538,paper_only_candidate,full_paper_candidate,review_required,path/name indicates a complete examination paper or mock exam,do_not_publish_until_structured_parse_and_answer_analysis_review
/Users/shidianjin/Documents/高考英语/2012年高考真题----英语/2012年上海卷英语听力.mp3,2012年高考真题----英语/2012年上海卷英语听力.mp3,.mp3,17530880,paper_only_candidate,"full_paper_candidate,media_source",review_required,path/name indicates a complete examination paper or mock exam; audio/video source asset; establish mapping only,do_not_publish_until_structured_parse_and_answer_analysis_review
/Users/shidianjin/Documents/高考英语/2012年高考真题----英语/2012年高考真题——英语听力（安徽卷）.mp3,2012年高考真题----英语/2012年高考真题——英语听力（安徽卷）.mp3,.mp3,9927320,paper_only_candidate,"full_paper_candidate,media_source",review_required,path/name indicates a complete examination paper or mock exam; audio/video source asset; establish mapping only,do_not_publish_until_structured_parse_and_answer_analysis_review
/Users/shidianjin/Documents/高考英语/2012年高考真题----英语/2012年高考真题——英语语文试题（新课标全国卷）word版含答案.doc,2012年高考真题----英语/2012年高考真题——英语语文试题（新课标全国卷）word版含答案.doc,.doc,144896,paper_only_candidate,full_paper_candidate,review_required,path/name indicates a complete examination paper or mock exam,do_not_publish_until_structured_parse_and_answer_analysis_review
/Users/shidianjin/Documents/高考英语/2012年高考真题----英语/2012年高考真题——英语（北京卷）Word版.doc,2012年高考真题----英语/2012年高考真题——英语（北京卷）Word版.doc,.doc,407040,paper_only_candidate,full_paper_candidate,review_required,path/name indicates a complete examination paper or mock exam,do_not_publish_until_structured_parse_and_answer_analysis_review
/Users/shidianjin/Documents/高考英语/2012年高考真题----英语/2012年高考真题——英语（四川卷）word版含答案.doc,2012年高考真题----英语/2012年高考真题——英语（四川卷）word版含答案.doc,.doc,87040,paper_only_candidate,full_paper_candidate,review_required,path/name indicates a complete examination paper or mock exam,do_not_publish_until_structured_parse_and_answer_analysis_review
/Users/shidianjin/Documents/高考英语/2012年高考真题----英语/2012年高考真题——英语（安徽卷）word 版.doc,2012年高考真题----英语/2012年高考真题——英语（安徽卷）word 版.doc,.doc,133632,paper_only_candidate,full_paper_candidate,review_required,path/name indicates a complete examination paper or mock exam,do_not_publish_until_structured_parse_and_answer_analysis_review
/Users/shidianjin/Documents/高考英语/2012年高考真题----英语/2012年高考真题——英语（新课标全国卷）word版含答案.doc,2012年高考真题----英语/2012年高考真题——英语（新课标全国卷）word版含答案.doc,.doc,100352,paper_only_candidate,full_paper_candidate,review_required,path/name indicates a complete examination paper or mock exam,do_not_publish_until_structured_parse_and_answer_analysis_review
/Users/shidianjin/Documents/高考英语/2012年高考真题----英语/2012年高考真题——英语（新课标卷）word版（含答案）.doc,2012年高考真题----英语/2012年高考真题——英语（新课标卷）word版（含答案）.doc,.doc,152064,paper_only_candidate,full_paper_candidate,review_required,path/name indicates a complete examination paper or mock exam,do_not_publish_until_structured_parse_and_answer_analysis_review
/Users/shidianjin/Documents/高考英语/2012年高考真题----英语/2012年高考真题——英语（新课标卷）（含答案）.doc,2012年高考真题----英语/2012年高考真题——英语（新课标卷）（含答案）.doc,.doc,3275776,paper_only_candidate,full_paper_candidate,review_required,path/name indicates a complete examination paper or mock exam,do_not_publish_until_structured_parse_and_answer_analysis_review
/Users/shidianjin/Documents/高考英语/2012年高考真题----英语/2012年高考真题——英语（海南卷）word版（含答案）.doc,2012年高考真题----英语/2012年高考真题——英语（海南卷）word版（含答案）.doc,.doc,153600,paper_only_candidate,full_paper_candidate,review_required,path/name indicates a complete examination paper or mock exam,do_not_publish_until_structured_parse_and_answer_analysis_review
/Users/shidianjin/Documents/高考英语/2012年高考真题----英语/2012年高考真题——英语（湖北A卷）Word版.doc,2012年高考真题----英语/2012年高考真题——英语（湖北A卷）Word版.doc,.doc,160256,paper_only_candidate,full_paper_candidate,review_required,path/name indicates a complete examination paper or mock exam,do_not_publish_until_structured_parse_and_answer_analysis_review
/Users/shidianjin/Documents/高考英语/2012年高考真题----英语/2012年高考真题——英语（湖北卷）word版.doc,2012年高考真题----英语/2012年高考真题——英语（湖北卷）word版.doc,.doc,119808,paper_only_candidate,full_paper_candidate,review_required,path/name indicates a complete examination paper or mock exam,do_not_publish_until_structured_parse_and_answer_analysis_review
/Users/shidianjin/Documents/高考英语/2012年高考真题----英语/2012年高考真题——英语（湖北卷）word解析版.doc,2012年高考真题----英语/2012年高考真题——英语（湖北卷）word解析版.doc,.doc,180224,paper_only_candidate,full_paper_candidate,review_required,path/name indicates a complete examination paper or mock exam,do_not_publish_until_structured_parse_and_answer_analysis_review
/Users/shidianjin/Documents/高考英语/2012年高考真题----英语/2012年高考真题——英语（湖南卷）word版.doc,2012年高考真题----英语/2012年高考真题——英语（湖南卷）word版.doc,.doc,558080,paper_only_candidate,full_paper_candidate,review_required,path/name indicates a complete examination paper or mock exam,do_not_publish_until_structured_parse_and_answer_analysis_review
/Users/shidianjin/Documents/高考英语/2012年高考真题----英语/2012年高考真题——英语（重庆卷）word版.doc,2012年高考真题----英语/2012年高考真题——英语（重庆卷）word版.doc,.doc,165376,paper_only_candidate,full_paper_candidate,review_required,path/name indicates a complete examination paper or mock exam,do_not_publish_until_structured_parse_and_answer_analysis_review
/Users/shidianjin/Documents/高考英语/2012年高考真题----英语/2012年高考真题——英语（重庆卷）word版含答案.doc,2012年高考真题----英语/2012年高考真题——英语（重庆卷）word版含答案.doc,.doc,184832,paper_only_candidate,full_paper_candidate,review_required,path/name indicates a complete examination paper or mock exam,do_not_publish_until_structured_parse_and_answer_analysis_review
/Users/shidianjin/Documents/高考英语/2013·高考英语真题/2013年高考英语听力真题（重庆卷）.mp3,2013·高考英语真题/2013年高考英语听力真题（重庆卷）.mp3,.mp3,29519667,paper_only_candidate,"full_paper_candidate,media_source",review_required,path/name indicates a complete examination paper or mock exam; audio/video source asset; establish mapping only,do_not_publish_until_structured_parse_and_answer_analysis_review
/Users/shidianjin/Documents/高考英语/2013·高考英语真题/2013年高考英语试卷（上海）（秋考）听力音频.mp3,2013·高考英语真题/2013年高考英语试卷（上海）（秋考）听力音频.mp3,.mp3,23500131,paper_only_candidate,"full_paper_candidate,media_source",review_required,path/name indicates a complete examination paper or mock exam; audio/video source asset; establish mapping only,do_not_publish_until_structured_parse_and_answer_analysis_review
/Users/shidianjin/Documents/高考英语/2013·高考英语真题/2013年高考英语试卷（上海）（秋考）（空白卷）.doc,2013·高考英语真题/2013年高考英语试卷（上海）（秋考）（空白卷）.doc,.doc,94720,paper_only_candidate,full_paper_candidate,review_required,path/name indicates a complete examination paper or mock exam,do_not_publish_until_structured_parse_and_answer_analysis_review
/Users/shidianjin/Documents/高考英语/2013·高考英语真题/2013年高考英语试卷（上海）（秋考）（解析卷）.doc,2013·高考英语真题/2013年高考英语试卷（上海）（秋考）（解析卷）.doc,.doc,95232,paper_only_candidate,full_paper_candidate,review_required,path/name indicates a complete examination paper or mock exam,do_not_publish_until_structured_parse_and_answer_analysis_review
/Users/shidianjin/Documents/高考英语/2013·高考英语真题/2013年高考英语试卷（北京）听力音频.mp3,2013·高考英语真题/2013年高考英语试卷（北京）听力音频.mp3,.mp3,4049381,paper_only_candidate,"full_paper_candidate,media_source",review_required,path/name indicates a complete examination paper or mock exam; audio/video source asset; establish mapping only,do_not_publish_until_structured_parse_and_answer_analysis_review
/Users/shidianjin/Documents/高考英语/2013·高考英语真题/2013年高考英语试卷（北京）（空白卷）.doc,2013·高考英语真题/2013年高考英语试卷（北京）（空白卷）.doc,.doc,333312,paper_only_candidate,full_paper_candidate,review_required,path/name indicates a complete examination paper or mock exam,do_not_publish_until_structured_parse_and_answer_analysis_review
/Users/shidianjin/Documents/高考英语/2013·高考英语真题/2013年高考英语试卷（北京）（解析卷）.doc,2013·高考英语真题/2013年高考英语试卷（北京）（解析卷）.doc,.doc,281600,paper_only_candidate,full_paper_candidate,review_required,path/name indicates a complete examination paper or mock exam,do_not_publish_until_structured_parse_and_answer_analysis_review
/Users/shidianjin/Documents/高考英语/2013·高考英语真题/2013年高考英语试卷（四川）（空白卷）.doc,2013·高考英语真题/2013年高考英语试卷（四川）（空白卷）.doc,.doc,67072,paper_only_candidate,full_paper_candidate,review_required,path/name indicates a complete examination paper or mock exam,do_not_publish_until_structured_parse_and_answer_analysis_review
/Users/shidianjin/Documents/高考英语/2013·高考英语真题/2013年高考英语试卷（四川）（解析卷）.doc,2013·高考英语真题/2013年高考英语试卷（四川）（解析卷）.doc,.doc,94208,paper_only_candidate,full_paper_candidate,review_required,path/name indicates a complete examination paper or mock exam,do_not_publish_until_structured_parse_and_answer_analysis_review
/Users/shidianjin/Documents/高考英语/2013·高考英语真题/2013年高考英语试卷（天津）（空白卷）.doc,2013·高考英语真题/2013年高考英语试卷（天津）（空白卷）.doc,.doc,71168,paper_only_candidate,full_paper_candidate,review_required,path/name indicates a complete examination paper or mock exam,do_not_publish_until_structured_parse_and_answer_analysis_review
/Users/shidianjin/Documents/高考英语/2013·高考英语真题/2013年高考英语试卷（天津）（解析卷）.doc,2013·高考英语真题/2013年高考英语试卷（天津）（解析卷）.doc,.doc,129024,paper_only_candidate,full_paper_candidate,review_required,path/name indicates a complete examination paper or mock exam,do_not_publish_until_structured_parse_and_answer_analysis_review
/Users/shidianjin/Documents/高考英语/2013·高考英语真题/2013年高考英语试卷（安徽）听力音频.mp3,2013·高考英语真题/2013年高考英语试卷（安徽）听力音频.mp3,.mp3,11482637,paper_only_candidate,"full_paper_candidate,media_source",review_required,path/name indicates a complete examination paper or mock exam; audio/video source asset; establish mapping only,do_not_publish_until_structured_parse_and_answer_analysis_review
/Users/shidianjin/Documents/高考英语/2013·高考英语真题/2013年高考英语试卷（安徽）（空白卷）.doc,2013·高考英语真题/2013年高考英语试卷（安徽）（空白卷）.doc,.doc,1151488,paper_only_candidate,full_paper_candidate,review_required,path/name indicates a complete examination paper or mock exam,do_not_publish_until_structured_parse_and_answer_analysis_review
/Users/shidianjin/Documents/高考英语/2013·高考英语真题/2013年高考英语试卷（安徽）（解析卷）.doc,2013·高考英语真题/2013年高考英语试卷（安徽）（解析卷）.doc,.doc,1893888,paper_only_candidate,full_paper_candidate,review_required,path/name indicates a complete examination paper or mock exam,do_not_publish_until_structured_parse_and_answer_analysis_review
/Users/shidianjin/Documents/高考英语/2013·高考英语真题/2013年高考英语试卷（山东）听力音频.mp3,2013·高考英语真题/2013年高考英语试卷（山东）听力音频.mp3,.mp3,6303624,paper_only_candidate,"full_paper_candidate,media_source",review_required,path/name indicates a complete examination paper or mock exam; audio/video source asset; establish mapping only,do_not_publish_until_structured_parse_and_answer_analysis_review
/Users/shidianjin/Documents/高考英语/2013·高考英语真题/2013年高考英语试卷（山东）（空白卷）.doc,2013·高考英语真题/2013年高考英语试卷（山东）（空白卷）.doc,.doc,621568,paper_only_candidate,full_paper_candidate,review_required,path/name indicates a complete examination paper or mock exam,do_not_publish_until_structured_parse_and_answer_analysis_review
/Users/shidianjin/Documents/高考英语/2013·高考英语真题/2013年高考英语试卷（山东）（解析卷）.doc,2013·高考英语真题/2013年高考英语试卷（山东）（解析卷）.doc,.doc,1356288,paper_only_candidate,full_paper_candidate,review_required,path/name indicates a complete examination paper or mock exam,do_not_publish_until_structured_parse_and_answer_analysis_review
/Users/shidianjin/Documents/高考英语/2013·高考英语真题/2013年高考英语试卷（广东）（空白卷）.doc,2013·高考英语真题/2013年高考英语试卷（广东）（空白卷）.doc,.doc,1406464,paper_only_candidate,full_paper_candidate,review_required,path/name indicates a complete examination paper or mock exam,do_not_publish_until_structured_parse_and_answer_analysis_review
/Users/shidianjin/Documents/高考英语/2013·高考英语真题/2013年高考英语试卷（广东）（解析卷）.doc,2013·高考英语真题/2013年高考英语试卷（广东）（解析卷）.doc,.doc,2171904,paper_only_candidate,full_paper_candidate,review_required,path/name indicates a complete examination paper or mock exam,do_not_publish_until_structured_parse_and_answer_analysis_review
/Users/shidianjin/Documents/高考英语/2013·高考英语真题/2013年高考英语试卷（新课标Ⅰ卷）（空白卷）.doc,2013·高考英语真题/2013年高考英语试卷（新课标Ⅰ卷）（空白卷）.doc,.doc,74752,paper_only_candidate,full_paper_candidate,review_required,path/name indicates a complete examination paper or mock exam,do_not_publish_until_structured_parse_and_answer_analysis_review
/Users/shidianjin/Documents/高考英语/2013·高考英语真题/2013年高考英语试卷（新课标Ⅰ卷）（解析卷）.doc,2013·高考英语真题/2013年高考英语试卷（新课标Ⅰ卷）（解析卷）.doc,.doc,123904,paper_only_candidate,full_paper_candidate,review_required,path/name indicates a complete examination paper or mock exam,do_not_publish_until_structured_parse_and_answer_analysis_review
/Users/shidianjin/Documents/高考英语/2013·高考英语真题/2013年高考英语试卷（新课标Ⅱ卷）（空白卷）.doc,2013·高考英语真题/2013年高考英语试卷（新课标Ⅱ卷）（空白卷）.doc,.doc,59904,paper_only_candidate,full_paper_candidate,review_required,path/name indicates a complete examination paper or mock exam,do_not_publish_until_structured_parse_and_answer_analysis_review
/Users/shidianjin/Documents/高考英语/2013·高考英语真题/2013年高考英语试卷（新课标Ⅱ卷）（解析卷）.doc,2013·高考英语真题/2013年高考英语试卷（新课标Ⅱ卷）（解析卷）.doc,.doc,107520,paper_only_candidate,full_paper_candidate,review_required,path/name indicates a complete examination paper or mock exam,do_not_publish_until_structured_parse_and_answer_analysis_review
/Users/shidianjin/Documents/高考英语/2013·高考英语真题/2013年高考英语试卷（江苏）（空白卷）   .doc,2013·高考英语真题/2013年高考英语试卷（江苏）（空白卷）   .doc,.doc,482304,paper_only_candidate,full_paper_candidate,review_required,path/name indicates a complete examination paper or mock exam,do_not_publish_until_structured_parse_and_answer_analysis_review
/Users/shidianjin/Documents/高考英语/2013·高考英语真题/2013年高考英语试卷（江苏）（解析卷）   .doc,2013·高考英语真题/2013年高考英语试卷（江苏）（解析卷）   .doc,.doc,519168,paper_only_candidate,full_paper_candidate,review_required,path/name indicates a complete examination paper or mock exam,do_not_publish_until_structured_parse_and_answer_analysis_review
/Users/shidianjin/Documents/高考英语/2013·高考英语真题/2013年高考英语试卷（江西）听力音频.mp3,2013·高考英语真题/2013年高考英语试卷（江西）听力音频.mp3,.mp3,11488512,paper_only_candidate,"full_paper_candidate,media_source",review_required,path/name indicates a complete examination paper or mock exam; audio/video source asset; establish mapping only,do_not_publish_until_structured_parse_and_answer_analysis_review
/Users/shidianjin/Documents/高考英语/2013·高考英语真题/2013年高考英语试卷（江西）（空白卷）.doc,2013·高考英语真题/2013年高考英语试卷（江西）（空白卷）.doc,.doc,720896,paper_only_candidate,full_paper_candidate,review_required,path/name indicates a complete examination paper or mock exam,do_not_publish_until_structured_parse_and_answer_analysis_review
/Users/shidianjin/Documents/高考英语/2013·高考英语真题/2013年高考英语试卷（江西）（解析卷）.doc,2013·高考英语真题/2013年高考英语试卷（江西）（解析卷）.doc,.doc,1622528,paper_only_candidate,full_paper_candidate,review_required,path/name indicates a complete examination paper or mock exam,do_not_publish_until_structured_parse_and_answer_analysis_review
/Users/shidianjin/Documents/高考英语/2013·高考英语真题/2013年高考英语试卷（浙江）（空白卷）.doc,2013·高考英语真题/2013年高考英语试卷（浙江）（空白卷）.doc,.doc,80896,paper_only_candidate,full_paper_candidate,review_required,path/name indicates a complete examination paper or mock exam,do_not_publish_until_structured_parse_and_answer_analysis_review
/Users/shidianjin/Documents/高考英语/2013·高考英语真题/2013年高考英语试卷（浙江）（解析卷）.doc,2013·高考英语真题/2013年高考英语试卷（浙江）（解析卷）.doc,.doc,167936,paper_only_candidate,full_paper_candidate,review_required,path/name indicates a complete examination paper or mock exam,do_not_publish_until_structured_parse_and_answer_analysis_review
/Users/shidianjin/Documents/高考英语/2013·高考英语真题/2013年高考英语试卷（湖北）听力音频.mp3,2013·高考英语真题/2013年高考英语试卷（湖北）听力音频.mp3,.mp3,13240154,paper_only_candidate,"full_paper_candidate,media_source",review_required,path/name indicates a complete examination paper or mock exam; audio/video source asset; establish mapping only,do_not_publish_until_structured_parse_and_answer_analysis_review
/Users/shidianjin/Documents/高考英语/2013·高考英语真题/2013年高考英语试卷（湖北）（空白卷）.doc,2013·高考英语真题/2013年高考英语试卷（湖北）（空白卷）.doc,.doc,822784,paper_only_candidate,full_paper_candidate,review_required,path/name indicates a complete examination paper or mock exam,do_not_publish_until_structured_parse_and_answer_analysis_review
/Users/shidianjin/Documents/高考英语/2013·高考英语真题/2013年高考英语试卷（湖北）（解析卷）.doc,2013·高考英语真题/2013年高考英语试卷（湖北）（解析卷）.doc,.doc,1361920,paper_only_candidate,full_paper_candidate,review_required,path/name indicates a complete examination paper or mock exam,do_not_publish_until_structured_parse_and_answer_analysis_review
/Users/shidianjin/Documents/高考英语/2013·高考英语真题/2013年高考英语试卷（湖南）听力音频.mp3,2013·高考英语真题/2013年高考英语试卷（湖南）听力音频.mp3,.mp3,9632749,paper_only_candidate,"full_paper_candidate,media_source",review_required,path/name indicates a complete examination paper or mock exam; audio/video source asset; establish mapping only,do_not_publish_until_structured_parse_and_answer_analysis_review
/Users/shidianjin/Documents/高考英语/2013·高考英语真题/2013年高考英语试卷（湖南）（空白卷）.doc,2013·高考英语真题/2013年高考英语试卷（湖南）（空白卷）.doc,.doc,799232,paper_only_candidate,full_paper_candidate,review_required,path/name indicates a complete examination paper or mock exam,do_not_publish_until_structured_parse_and_answer_analysis_review
/Users/shidianjin/Documents/高考英语/2013·高考英语真题/2013年高考英语试卷（湖南）（解析卷）.doc,2013·高考英语真题/2013年高考英语试卷（湖南）（解析卷）.doc,.doc,1420800,paper_only_candidate,full_paper_candidate,review_required,path/name indicates a complete examination paper or mock exam,do_not_publish_until_structured_parse_and_answer_analysis_review
/Users/shidianjin/Documents/高考英语/2013·高考英语真题/2013年高考英语试卷（福建）（空白卷）.doc,2013·高考英语真题/2013年高考英语试卷（福建）（空白卷）.doc,.doc,710656,paper_only_candidate,full_paper_candidate,review_required,path/name indicates a complete examination paper or mock exam,do_not_publish_until_structured_parse_and_answer_analysis_review
/Users/shidianjin/Documents/高考英语/2013·高考英语真题/2013年高考英语试卷（福建）（解析卷）.doc,2013·高考英语真题/2013年高考英语试卷（福建）（解析卷）.doc,.doc,2113024,paper_only_candidate,full_paper_candidate,review_required,path/name indicates a complete examination paper or mock exam,do_not_publish_until_structured_parse_and_answer_analysis_review
/Users/shidianjin/Documents/高考英语/2013·高考英语真题/2013年高考英语试卷（辽宁）（空白卷）.doc,2013·高考英语真题/2013年高考英语试卷（辽宁）（空白卷）.doc,.doc,712192,paper_only_candidate,full_paper_candidate,review_required,path/name indicates a complete examination paper or mock exam,do_not_publish_until_structured_parse_and_answer_analysis_review
/Users/shidianjin/Documents/高考英语/2013·高考英语真题/2013年高考英语试卷（辽宁）（解析卷）.doc,2013·高考英语真题/2013年高考英语试卷（辽宁）（解析卷）.doc,.doc,1174016,paper_only_candidate,full_paper_candidate,review_required,path/name indicates a complete examination paper or mock exam,do_not_publish_until_structured_parse_and_answer_analysis_review
/Users/shidianjin/Documents/高考英语/2013·高考英语真题/2013年高考英语试卷（重庆）（空白卷）.doc,2013·高考英语真题/2013年高考英语试卷（重庆）（空白卷）.doc,.doc,1009664,paper_only_candidate,full_paper_candidate,review_required,path/name indicates a complete examination paper or mock exam,do_not_publish_until_structured_parse_and_answer_analysis_review
/Users/shidianjin/Documents/高考英语/2013·高考英语真题/2013年高考英语试卷（重庆）（解析卷）.doc,2013·高考英语真题/2013年高考英语试卷（重庆）（解析卷）.doc,.doc,1669120,paper_only_candidate,full_paper_candidate,review_required,path/name indicates a complete examination paper or mock exam,do_not_publish_until_structured_parse_and_answer_analysis_review
/Users/shidianjin/Documents/高考英语/2013·高考英语真题/2013年高考英语试卷（陕西）（空白卷）.docx,2013·高考英语真题/2013年高考英语试卷（陕西）（空白卷）.docx,.docx,184542,paper_only_candidate,full_paper_candidate,review_required,path/name indicates a complete examination paper or mock exam,do_not_publish_until_structured_parse_and_answer_analysis_review
/Users/shidianjin/Documents/高考英语/2013·高考英语真题/2013年高考英语试卷（陕西）（解析卷）.docx,2013·高考英语真题/2013年高考英语试卷（陕西）（解析卷）.docx,.docx,246234,paper_only_candidate,full_paper_candidate,review_required,path/name indicates a complete examination paper or mock exam,do_not_publish_until_structured_parse_and_answer_analysis_review
/Users/shidianjin/Documents/高考英语/2013年高考真题----英语/2013年全国高考自选模块试题及答案-浙江卷.doc,2013年高考真题----英语/2013年全国高考自选模块试题及答案-浙江卷.doc,.doc,525824,paper_only_candidate,full_paper_candidate,review_required,path/name indicates a complete examination paper or mock exam,do_not_publish_until_structured_parse_and_answer_analysis_review
/Users/shidianjin/Documents/高考英语/2013年高考真题----英语/2013年全国高考英语试题及答案-上海卷.doc,2013年高考真题----英语/2013年全国高考英语试题及答案-上海卷.doc,.doc,98816,paper_only_candidate,full_paper_candidate,review_required,path/name indicates a complete examination paper or mock exam,do_not_publish_until_structured_parse_and_answer_analysis_review
/Users/shidianjin/Documents/高考英语/2013年高考真题----英语/2013年全国高考英语试题及答案-全国卷.doc,2013年高考真题----英语/2013年全国高考英语试题及答案-全国卷.doc,.doc,119808,paper_only_candidate,full_paper_candidate,review_required,path/name indicates a complete examination paper or mock exam,do_not_publish_until_structured_parse_and_answer_analysis_review
/Users/shidianjin/Documents/高考英语/2013年高考真题----英语/2013年全国高考英语试题及答案-北京卷.doc,2013年高考真题----英语/2013年全国高考英语试题及答案-北京卷.doc,.doc,367616,paper_only_candidate,full_paper_candidate,review_required,path/name indicates a complete examination paper or mock exam,do_not_publish_until_structured_parse_and_answer_analysis_review
/Users/shidianjin/Documents/高考英语/2013年高考真题----英语/2013年全国高考英语试题及答案-四川卷.doc,2013年高考真题----英语/2013年全国高考英语试题及答案-四川卷.doc,.doc,261120,paper_only_candidate,full_paper_candidate,review_required,path/name indicates a complete examination paper or mock exam,do_not_publish_until_structured_parse_and_answer_analysis_review
/Users/shidianjin/Documents/高考英语/2013年高考真题----英语/2013年全国高考英语试题及答案-天津卷.doc,2013年高考真题----英语/2013年全国高考英语试题及答案-天津卷.doc,.doc,113664,paper_only_candidate,full_paper_candidate,review_required,path/name indicates a complete examination paper or mock exam,do_not_publish_until_structured_parse_and_answer_analysis_review
/Users/shidianjin/Documents/高考英语/2013年高考真题----英语/2013年全国高考英语试题及答案-安徽卷.doc,2013年高考真题----英语/2013年全国高考英语试题及答案-安徽卷.doc,.doc,609280,paper_only_candidate,full_paper_candidate,review_required,path/name indicates a complete examination paper or mock exam,do_not_publish_until_structured_parse_and_answer_analysis_review
/Users/shidianjin/Documents/高考英语/2013年高考真题----英语/2013年全国高考英语试题及答案-山东卷.doc,2013年高考真题----英语/2013年全国高考英语试题及答案-山东卷.doc,.doc,118784,paper_only_candidate,full_paper_candidate,review_required,path/name indicates a complete examination paper or mock exam,do_not_publish_until_structured_parse_and_answer_analysis_review
/Users/shidianjin/Documents/高考英语/2013年高考真题----英语/2013年全国高考英语试题及答案-广东卷.doc,2013年高考真题----英语/2013年全国高考英语试题及答案-广东卷.doc,.doc,1149440,paper_only_candidate,full_paper_candidate,review_required,path/name indicates a complete examination paper or mock exam,do_not_publish_until_structured_parse_and_answer_analysis_review
/Users/shidianjin/Documents/高考英语/2013年高考真题----英语/2013年全国高考英语试题及答案-新课标1.doc,2013年高考真题----英语/2013年全国高考英语试题及答案-新课标1.doc,.doc,126976,paper_only_candidate,full_paper_candidate,review_required,path/name indicates a complete examination paper or mock exam,do_not_publish_until_structured_parse_and_answer_analysis_review
/Users/shidianjin/Documents/高考英语/2013年高考真题----英语/2013年全国高考英语试题及答案-新课标2.doc,2013年高考真题----英语/2013年全国高考英语试题及答案-新课标2.doc,.doc,110080,paper_only_candidate,full_paper_candidate,review_required,path/name indicates a complete examination paper or mock exam,do_not_publish_until_structured_parse_and_answer_analysis_review
/Users/shidianjin/Documents/高考英语/2013年高考真题----英语/2013年全国高考英语试题及答案-江苏卷.doc,2013年高考真题----英语/2013年全国高考英语试题及答案-江苏卷.doc,.doc,4254208,paper_only_candidate,full_paper_candidate,review_required,path/name indicates a complete examination paper or mock exam,do_not_publish_until_structured_parse_and_answer_analysis_review
/Users/shidianjin/Documents/高考英语/2013年高考真题----英语/2013年全国高考英语试题及答案-江西卷.doc,2013年高考真题----英语/2013年全国高考英语试题及答案-江西卷.doc,.doc,3596800,paper_only_candidate,full_paper_candidate,review_required,path/name indicates a complete examination paper or mock exam,do_not_publish_until_structured_parse_and_answer_analysis_review
/Users/shidianjin/Documents/高考英语/2013年高考真题----英语/2013年全国高考英语试题及答案-浙江卷.doc,2013年高考真题----英语/2013年全国高考英语试题及答案-浙江卷.doc,.doc,157184,paper_only_candidate,full_paper_candidate,review_required,path/name indicates a complete examination paper or mock exam,do_not_publish_until_structured_parse_and_answer_analysis_review
/Users/shidianjin/Documents/高考英语/2013年高考真题----英语/2013年全国高考英语试题及答案-湖北卷.doc,2013年高考真题----英语/2013年全国高考英语试题及答案-湖北卷.doc,.doc,206336,paper_only_candidate,full_paper_candidate,review_required,path/name indicates a complete examination paper or mock exam,do_not_publish_until_structured_parse_and_answer_analysis_review
/Users/shidianjin/Documents/高考英语/2013年高考真题----英语/2013年全国高考英语试题及答案-湖南卷.doc,2013年高考真题----英语/2013年全国高考英语试题及答案-湖南卷.doc,.doc,110592,paper_only_candidate,full_paper_candidate,review_required,path/name indicates a complete examination paper or mock exam,do_not_publish_until_structured_parse_and_answer_analysis_review
/Users/shidianjin/Documents/高考英语/2013年高考真题----英语/2013年全国高考英语试题及答案-福建卷.doc,2013年高考真题----英语/2013年全国高考英语试题及答案-福建卷.doc,.doc,943104,paper_only_candidate,full_paper_candidate,review_required,path/name indicates a complete examination paper or mock exam,do_not_publish_until_structured_parse_and_answer_analysis_review
/Users/shidianjin/Documents/高考英语/2013年高考真题----英语/2013年全国高考英语试题及答案-辽宁卷.doc,2013年高考真题----英语/2013年全国高考英语试题及答案-辽宁卷.doc,.doc,2840576,paper_only_candidate,full_paper_candidate,review_required,path/name indicates a complete examination paper or mock exam,do_not_publish_until_structured_parse_and_answer_analysis_review
/Users/shidianjin/Documents/高考英语/2013年高考真题----英语/2013年全国高考英语试题及答案-重庆卷.doc,2013年高考真题----英语/2013年全国高考英语试题及答案-重庆卷.doc,.doc,203776,paper_only_candidate,full_paper_candidate,review_required,path/name indicates a complete examination paper or mock exam,do_not_publish_until_structured_parse_and_answer_analysis_review
/Users/shidianjin/Documents/高考英语/2013年高考真题----英语/2013年全国高考英语试题及答案-陕西卷.doc,2013年高考真题----英语/2013年全国高考英语试题及答案-陕西卷.doc,.doc,345600,paper_only_candidate,full_paper_candidate,review_required,path/name indicates a complete examination paper or mock exam,do_not_publish_until_structured_parse_and_answer_analysis_review
/Users/shidianjin/Documents/高考英语/2014·高考英语真题/2014年高考英语试卷（上海）（秋考）听力音频.mp3,2014·高考英语真题/2014年高考英语试卷（上海）（秋考）听力音频.mp3,.mp3,24166821,paper_only_candidate,"full_paper_candidate,media_source",review_required,path/name indicates a complete examination paper or mock exam; audio/video source asset; establish mapping only,do_not_publish_until_structured_parse_and_answer_analysis_review
/Users/shidianjin/Documents/高考英语/2014·高考英语真题/2014年高考英语试卷（上海）（秋考）（空白卷）.doc,2014·高考英语真题/2014年高考英语试卷（上海）（秋考）（空白卷）.doc,.doc,145920,paper_only_candidate,full_paper_candidate,review_required,path/name indicates a complete examination paper or mock exam,do_not_publish_until_structured_parse_and_answer_analysis_review
/Users/shidianjin/Documents/高考英语/2014·高考英语真题/2014年高考英语试卷（上海）（秋考）（解析卷）.doc,2014·高考英语真题/2014年高考英语试卷（上海）（秋考）（解析卷）.doc,.doc,1325568,paper_only_candidate,full_paper_candidate,review_required,path/name indicates a complete examination paper or mock exam,do_not_publish_until_structured_parse_and_answer_analysis_review
/Users/shidianjin/Documents/高考英语/2014·高考英语真题/2014年高考英语试卷（北京）听力音频.mp3,2014·高考英语真题/2014年高考英语试卷（北京）听力音频.mp3,.mp3,22284878,paper_only_candidate,"full_paper_candidate,media_source",review_required,path/name indicates a complete examination paper or mock exam; audio/video source asset; establish mapping only,do_not_publish_until_structured_parse_and_answer_analysis_review
/Users/shidianjin/Documents/高考英语/2014·高考英语真题/2014年高考英语试卷（北京）（空白卷）.doc,2014·高考英语真题/2014年高考英语试卷（北京）（空白卷）.doc,.doc,11757568,paper_only_candidate,full_paper_candidate,review_required,path/name indicates a complete examination paper or mock exam,do_not_publish_until_structured_parse_and_answer_analysis_review
/Users/shidianjin/Documents/高考英语/2014·高考英语真题/2014年高考英语试卷（北京）（解析卷）.doc,2014·高考英语真题/2014年高考英语试卷（北京）（解析卷）.doc,.doc,11788288,paper_only_candidate,full_paper_candidate,review_required,path/name indicates a complete examination paper or mock exam,do_not_publish_until_structured_parse_and_answer_analysis_review
/Users/shidianjin/Documents/高考英语/2014·高考英语真题/2014年高考英语试卷（四川）（空白卷）.doc,2014·高考英语真题/2014年高考英语试卷（四川）（空白卷）.doc,.doc,71168,paper_only_candidate,full_paper_candidate,review_required,path/name indicates a complete examination paper or mock exam,do_not_publish_until_structured_parse_and_answer_analysis_review
/Users/shidianjin/Documents/高考英语/2014·高考英语真题/2014年高考英语试卷（四川）（解析卷）.doc,2014·高考英语真题/2014年高考英语试卷（四川）（解析卷）.doc,.doc,99328,paper_only_candidate,full_paper_candidate,review_required,path/name indicates a complete examination paper or mock exam,do_not_publish_until_structured_parse_and_answer_analysis_review
/Users/shidianjin/Documents/高考英语/2014·高考英语真题/2014年高考英语试卷（天津）（空白卷）.doc,2014·高考英语真题/2014年高考英语试卷（天津）（空白卷）.doc,.doc,72192,paper_only_candidate,full_paper_candidate,review_required,path/name indicates a complete examination paper or mock exam,do_not_publish_until_structured_parse_and_answer_analysis_review
/Users/shidianjin/Documents/高考英语/2014·高考英语真题/2014年高考英语试卷（天津）（解析卷）.doc,2014·高考英语真题/2014年高考英语试卷（天津）（解析卷）.doc,.doc,130048,paper_only_candidate,full_paper_candidate,review_required,path/name indicates a complete examination paper or mock exam,do_not_publish_until_structured_parse_and_answer_analysis_review
/Users/shidianjin/Documents/高考英语/2014·高考英语真题/2014年高考英语试卷（安徽）听力音频.mp3,2014·高考英语真题/2014年高考英语试卷（安徽）听力音频.mp3,.mp3,10919018,paper_only_candidate,"full_paper_candidate,media_source",review_required,path/name indicates a complete examination paper or mock exam; audio/video source asset; establish mapping only,do_not_publish_until_structured_parse_and_answer_analysis_review
/Users/shidianjin/Documents/高考英语/2014·高考英语真题/2014年高考英语试卷（安徽）（空白卷）.doc,2014·高考英语真题/2014年高考英语试卷（安徽）（空白卷）.doc,.doc,160256,paper_only_candidate,full_paper_candidate,review_required,path/name indicates a complete examination paper or mock exam,do_not_publish_until_structured_parse_and_answer_analysis_review
/Users/shidianjin/Documents/高考英语/2014·高考英语真题/2014年高考英语试卷（安徽）（解析卷）.doc,2014·高考英语真题/2014年高考英语试卷（安徽）（解析卷）.doc,.doc,894976,paper_only_candidate,full_paper_candidate,review_required,path/name indicates a complete examination paper or mock exam,do_not_publish_until_structured_parse_and_answer_analysis_review
/Users/shidianjin/Documents/高考英语/2014·高考英语真题/2014年高考英语试卷（山东）（空白卷）.doc,2014·高考英语真题/2014年高考英语试卷（山东）（空白卷）.doc,.doc,493056,paper_only_candidate,full_paper_candidate,review_required,path/name indicates a complete examination paper or mock exam,do_not_publish_until_structured_parse_and_answer_analysis_review
/Users/shidianjin/Documents/高考英语/2014·高考英语真题/2014年高考英语试卷（山东）（解析卷）.doc,2014·高考英语真题/2014年高考英语试卷（山东）（解析卷）.doc,.doc,2035712,paper_only_candidate,full_paper_candidate,review_required,path/name indicates a complete examination paper or mock exam,do_not_publish_until_structured_parse_and_answer_analysis_review
/Users/shidianjin/Documents/高考英语/2014·高考英语真题/2014年高考英语试卷（广东）（空白卷）.doc,2014·高考英语真题/2014年高考英语试卷（广东）（空白卷）.doc,.doc,601088,paper_only_candidate,full_paper_candidate,review_required,path/name indicates a complete examination paper or mock exam,do_not_publish_until_structured_parse_and_answer_analysis_review
/Users/shidianjin/Documents/高考英语/2014·高考英语真题/2014年高考英语试卷（广东）（解析卷）.doc,2014·高考英语真题/2014年高考英语试卷（广东）（解析卷）.doc,.doc,2184192,paper_only_candidate,full_paper_candidate,review_required,path/name indicates a complete examination paper or mock exam,do_not_publish_until_structured_parse_and_answer_analysis_review
/Users/shidianjin/Documents/高考英语/2014·高考英语真题/2014年高考英语试卷（新课标Ⅰ卷）听力音频.mp3,2014·高考英语真题/2014年高考英语试卷（新课标Ⅰ卷）听力音频.mp3,.mp3,21824732,paper_only_candidate,"full_paper_candidate,media_source",review_required,path/name indicates a complete examination paper or mock exam; audio/video source asset; establish mapping only,do_not_publish_until_structured_parse_and_answer_analysis_review
/Users/shidianjin/Documents/高考英语/2014·高考英语真题/2014年高考英语试卷（新课标Ⅰ卷）（空白卷）.doc,2014·高考英语真题/2014年高考英语试卷（新课标Ⅰ卷）（空白卷）.doc,.doc,115712,paper_only_candidate,full_paper_candidate,review_required,path/name indicates a complete examination paper or mock exam,do_not_publish_until_structured_parse_and_answer_analysis_review
/Users/shidianjin/Documents/高考英语/2014·高考英语真题/2014年高考英语试卷（新课标Ⅰ卷）（解析卷）.doc,2014·高考英语真题/2014年高考英语试卷（新课标Ⅰ卷）（解析卷）.doc,.doc,157696,paper_only_candidate,full_paper_candidate,review_required,path/name indicates a complete examination paper or mock exam,do_not_publish_until_structured_parse_and_answer_analysis_review
/Users/shidianjin/Documents/高考英语/2014·高考英语真题/2014年高考英语试卷（新课标Ⅱ卷）（空白卷）.doc,2014·高考英语真题/2014年高考英语试卷（新课标Ⅱ卷）（空白卷）.doc,.doc,84992,paper_only_candidate,full_paper_candidate,review_required,path/name indicates a complete examination paper or mock exam,do_not_publish_until_structured_parse_and_answer_analysis_review
/Users/shidianjin/Documents/高考英语/2014·高考英语真题/2014年高考英语试卷（新课标Ⅱ卷）（解析卷）.doc,2014·高考英语真题/2014年高考英语试卷（新课标Ⅱ卷）（解析卷）.doc,.doc,128512,paper_only_candidate,full_paper_candidate,review_required,path/name indicates a complete examination paper or mock exam,do_not_publish_until_structured_parse_and_answer_analysis_review
/Users/shidianjin/Documents/高考英语/2014·高考英语真题/2014年高考英语试卷（江苏）听力音频.mp3,2014·高考英语真题/2014年高考英语试卷（江苏）听力音频.mp3,.mp3,10893314,paper_only_candidate,"full_paper_candidate,media_source",review_required,path/name indicates a complete examination paper or mock exam; audio/video source asset; establish mapping only,do_not_publish_until_structured_parse_and_answer_analysis_review
/Users/shidianjin/Documents/高考英语/2014·高考英语真题/2014年高考英语试卷（江苏）（空白卷）   .doc,2014·高考英语真题/2014年高考英语试卷（江苏）（空白卷）   .doc,.doc,526848,paper_only_candidate,full_paper_candidate,review_required,path/name indicates a complete examination paper or mock exam,do_not_publish_until_structured_parse_and_answer_analysis_review
/Users/shidianjin/Documents/高考英语/2014·高考英语真题/2014年高考英语试卷（江苏）（解析卷）   .doc,2014·高考英语真题/2014年高考英语试卷（江苏）（解析卷）   .doc,.doc,696832,paper_only_candidate,full_paper_candidate,review_required,path/name indicates a complete examination paper or mock exam,do_not_publish_until_structured_parse_and_answer_analysis_review
/Users/shidianjin/Documents/高考英语/2014·高考英语真题/2014年高考英语试卷（江西）听力音频.mp3,2014·高考英语真题/2014年高考英语试卷（江西）听力音频.mp3,.mp3,10893214,paper_only_candidate,"full_paper_candidate,media_source",review_required,path/name indicates a complete examination paper or mock exam; audio/video source asset; establish mapping only,do_not_publish_until_structured_parse_and_answer_analysis_review
/Users/shidianjin/Documents/高考英语/2014·高考英语真题/2014年高考英语试卷（江西）（空白卷）.doc,2014·高考英语真题/2014年高考英语试卷（江西）（空白卷）.doc,.doc,349696,paper_only_candidate,full_paper_candidate,review_required,path/name indicates a complete examination paper or mock exam,do_not_publish_until_structured_parse_and_answer_analysis_review
/Users/shidianjin/Documents/高考英语/2014·高考英语真题/2014年高考英语试卷（江西）（解析卷）.doc,2014·高考英语真题/2014年高考英语试卷（江西）（解析卷）.doc,.doc,2421248,paper_only_candidate,full_paper_candidate,review_required,path/name indicates a complete examination paper or mock exam,do_not_publish_until_structured_parse_and_answer_analysis_review
/Users/shidianjin/Documents/高考英语/2014·高考英语真题/2014年高考英语试卷（浙江）（空白卷）.doc,2014·高考英语真题/2014年高考英语试卷（浙江）（空白卷）.doc,.doc,75776,paper_only_candidate,full_paper_candidate,review_required,path/name indicates a complete examination paper or mock exam,do_not_publish_until_structured_parse_and_answer_analysis_review
/Users/shidianjin/Documents/高考英语/2014·高考英语真题/2014年高考英语试卷（浙江）（解析卷）.doc,2014·高考英语真题/2014年高考英语试卷（浙江）（解析卷）.doc,.doc,137216,paper_only_candidate,full_paper_candidate,review_required,path/name indicates a complete examination paper or mock exam,do_not_publish_until_structured_parse_and_answer_analysis_review
/Users/shidianjin/Documents/高考英语/2014·高考英语真题/2014年高考英语试卷（湖北）听力音频.mp3,2014·高考英语真题/2014年高考英语试卷（湖北）听力音频.mp3,.mp3,12120760,paper_only_candidate,"full_paper_candidate,media_source",review_required,path/name indicates a complete examination paper or mock exam; audio/video source asset; establish mapping only,do_not_publish_until_structured_parse_and_answer_analysis_review
/Users/shidianjin/Documents/高考英语/2014·高考英语真题/2014年高考英语试卷（湖北）（空白卷）.doc,2014·高考英语真题/2014年高考英语试卷（湖北）（空白卷）.doc,.doc,265216,paper_only_candidate,full_paper_candidate,review_required,path/name indicates a complete examination paper or mock exam,do_not_publish_until_structured_parse_and_answer_analysis_review
/Users/shidianjin/Documents/高考英语/2014·高考英语真题/2014年高考英语试卷（湖北）（解析卷）.doc,2014·高考英语真题/2014年高考英语试卷（湖北）（解析卷）.doc,.doc,1977344,paper_only_candidate,full_paper_candidate,review_required,path/name indicates a complete examination paper or mock exam,do_not_publish_until_structured_parse_and_answer_analysis_review
/Users/shidianjin/Documents/高考英语/2014·高考英语真题/2014年高考英语试卷（湖南）听力音频.mp3,2014·高考英语真题/2014年高考英语试卷（湖南）听力音频.mp3,.mp3,9079163,paper_only_candidate,"full_paper_candidate,media_source",review_required,path/name indicates a complete examination paper or mock exam; audio/video source asset; establish mapping only,do_not_publish_until_structured_parse_and_answer_analysis_review
/Users/shidianjin/Documents/高考英语/2014·高考英语真题/2014年高考英语试卷（湖南）（空白卷）.doc,2014·高考英语真题/2014年高考英语试卷（湖南）（空白卷）.doc,.doc,297984,paper_only_candidate,full_paper_candidate,review_required,path/name indicates a complete examination paper or mock exam,do_not_publish_until_structured_parse_and_answer_analysis_review
/Users/shidianjin/Documents/高考英语/2014·高考英语真题/2014年高考英语试卷（湖南）（解析卷）.doc,2014·高考英语真题/2014年高考英语试卷（湖南）（解析卷）.doc,.doc,2303488,paper_only_candidate,full_paper_candidate,review_required,path/name indicates a complete examination paper or mock exam,do_not_publish_until_structured_parse_and_answer_analysis_review
/Users/shidianjin/Documents/高考英语/2014·高考英语真题/2014年高考英语试卷（福建）（空白卷）.doc,2014·高考英语真题/2014年高考英语试卷（福建）（空白卷）.doc,.doc,412160,paper_only_candidate,full_paper_candidate,review_required,path/name indicates a complete examination paper or mock exam,do_not_publish_until_structured_parse_and_answer_analysis_review
/Users/shidianjin/Documents/高考英语/2014·高考英语真题/2014年高考英语试卷（福建）（解析卷）.doc,2014·高考英语真题/2014年高考英语试卷（福建）（解析卷）.doc,.doc,2156032,paper_only_candidate,full_paper_candidate,review_required,path/name indicates a complete examination paper or mock exam,do_not_publish_until_structured_parse_and_answer_analysis_review
/Users/shidianjin/Documents/高考英语/2014·高考英语真题/2014年高考英语试卷（辽宁）听力音频.mp3,2014·高考英语真题/2014年高考英语试卷（辽宁）听力音频.mp3,.mp3,5446593,paper_only_candidate,"full_paper_candidate,media_source",review_required,path/name indicates a complete examination paper or mock exam; audio/video source asset; establish mapping only,do_not_publish_until_structured_parse_and_answer_analysis_review
/Users/shidianjin/Documents/高考英语/2014·高考英语真题/2014年高考英语试卷（辽宁）（空白卷）.doc,2014·高考英语真题/2014年高考英语试卷（辽宁）（空白卷）.doc,.doc,331264,paper_only_candidate,full_paper_candidate,review_required,path/name indicates a complete examination paper or mock exam,do_not_publish_until_structured_parse_and_answer_analysis_review
/Users/shidianjin/Documents/高考英语/2014·高考英语真题/2014年高考英语试卷（辽宁）（解析卷）.doc,2014·高考英语真题/2014年高考英语试卷（辽宁）（解析卷）.doc,.doc,1953792,paper_only_candidate,full_paper_candidate,review_required,path/name indicates a complete examination paper or mock exam,do_not_publish_until_structured_parse_and_answer_analysis_review
/Users/shidianjin/Documents/高考英语/2014·高考英语真题/2014年高考英语试卷（重庆）（空白卷）.doc,2014·高考英语真题/2014年高考英语试卷（重庆）（空白卷）.doc,.doc,312832,paper_only_candidate,full_paper_candidate,review_required,path/name indicates a complete examination paper or mock exam,do_not_publish_until_structured_parse_and_answer_analysis_review
/Users/shidianjin/Documents/高考英语/2014·高考英语真题/2014年高考英语试卷（重庆）（解析卷）.doc,2014·高考英语真题/2014年高考英语试卷（重庆）（解析卷）.doc,.doc,2045952,paper_only_candidate,full_paper_candidate,review_required,path/name indicates a complete examination paper or mock exam,do_not_publish_until_structured_parse_and_answer_analysis_review
/Users/shidianjin/Documents/高考英语/2014·高考英语真题/2014年高考英语试卷（陕西）（空白卷）.docx,2014·高考英语真题/2014年高考英语试卷（陕西）（空白卷）.docx,.docx,87051,paper_only_candidate,full_paper_candidate,review_required,path/name indicates a complete examination paper or mock exam,do_not_publish_until_structured_parse_and_answer_analysis_review
/Users/shidianjin/Documents/高考英语/2014·高考英语真题/2014年高考英语试卷（陕西）（解析卷）.docx,2014·高考英语真题/2014年高考英语试卷（陕西）（解析卷）.docx,.docx,1074169,paper_only_candidate,full_paper_candidate,review_required,path/name indicates a complete examination paper or mock exam,do_not_publish_until_structured_parse_and_answer_analysis_review
/Users/shidianjin/Documents/高考英语/2014年高考真题----英语/2014年全国高考英语试题及答案-上海卷.doc,2014年高考真题----英语/2014年全国高考英语试题及答案-上海卷.doc,.doc,181760,paper_only_candidate,full_paper_candidate,review_required,path/name indicates a complete examination paper or mock exam,do_not_publish_until_structured_parse_and_answer_analysis_review
/Users/shidianjin/Documents/高考英语/2014年高考真题----英语/2014年全国高考英语试题及答案-全国卷.doc,2014年高考真题----英语/2014年全国高考英语试题及答案-全国卷.doc,.doc,79360,paper_only_candidate,full_paper_candidate,review_required,path/name indicates a complete examination paper or mock exam,do_not_publish_until_structured_parse_and_answer_analysis_review
/Users/shidianjin/Documents/高考英语/2014年高考真题----英语/2014年全国高考英语试题及答案-北京卷.doc,2014年高考真题----英语/2014年全国高考英语试题及答案-北京卷.doc,.doc,205312,paper_only_candidate,full_paper_candidate,review_required,path/name indicates a complete examination paper or mock exam,do_not_publish_until_structured_parse_and_answer_analysis_review
/Users/shidianjin/Documents/高考英语/2014年高考真题----英语/2014年全国高考英语试题及答案-四川卷.doc,2014年高考真题----英语/2014年全国高考英语试题及答案-四川卷.doc,.doc,164352,paper_only_candidate,full_paper_candidate,review_required,path/name indicates a complete examination paper or mock exam,do_not_publish_until_structured_parse_and_answer_analysis_review
/Users/shidianjin/Documents/高考英语/2014年高考真题----英语/2014年全国高考英语试题及答案-天津卷.doc,2014年高考真题----英语/2014年全国高考英语试题及答案-天津卷.doc,.doc,69120,paper_only_candidate,full_paper_candidate,review_required,path/name indicates a complete examination paper or mock exam,do_not_publish_until_structured_parse_and_answer_analysis_review
/Users/shidianjin/Documents/高考英语/2014年高考真题----英语/2014年全国高考英语试题及答案-安徽卷.doc,2014年高考真题----英语/2014年全国高考英语试题及答案-安徽卷.doc,.doc,85504,paper_only_candidate,full_paper_candidate,review_required,path/name indicates a complete examination paper or mock exam,do_not_publish_until_structured_parse_and_answer_analysis_review
/Users/shidianjin/Documents/高考英语/2014年高考真题----英语/2014年全国高考英语试题及答案-山东卷.doc,2014年高考真题----英语/2014年全国高考英语试题及答案-山东卷.doc,.doc,1171456,paper_only_candidate,full_paper_candidate,review_required,path/name indicates a complete examination paper or mock exam,do_not_publish_until_structured_parse_and_answer_analysis_review
/Users/shidianjin/Documents/高考英语/2014年高考真题----英语/2014年全国高考英语试题及答案-广东卷.doc,2014年高考真题----英语/2014年全国高考英语试题及答案-广东卷.doc,.doc,254976,paper_only_candidate,full_paper_candidate,review_required,path/name indicates a complete examination paper or mock exam,do_not_publish_until_structured_parse_and_answer_analysis_review
/Users/shidianjin/Documents/高考英语/2014年高考真题----英语/2014年全国高考英语试题及答案-新课标1.doc,2014年高考真题----英语/2014年全国高考英语试题及答案-新课标1.doc,.doc,162304,paper_only_candidate,full_paper_candidate,review_required,path/name indicates a complete examination paper or mock exam,do_not_publish_until_structured_parse_and_answer_analysis_review
/Users/shidianjin/Documents/高考英语/2014年高考真题----英语/2014年全国高考英语试题及答案-新课标2.doc,2014年高考真题----英语/2014年全国高考英语试题及答案-新课标2.doc,.doc,75776,paper_only_candidate,full_paper_candidate,review_required,path/name indicates a complete examination paper or mock exam,do_not_publish_until_structured_parse_and_answer_analysis_review
/Users/shidianjin/Documents/高考英语/2014年高考真题----英语/2014年全国高考英语试题及答案-江苏卷.doc,2014年高考真题----英语/2014年全国高考英语试题及答案-江苏卷.doc,.doc,1688576,paper_only_candidate,full_paper_candidate,review_required,path/name indicates a complete examination paper or mock exam,do_not_publish_until_structured_parse_and_answer_analysis_review
/Users/shidianjin/Documents/高考英语/2014年高考真题----英语/2014年全国高考英语试题及答案-江西卷.doc,2014年高考真题----英语/2014年全国高考英语试题及答案-江西卷.doc,.doc,76800,paper_only_candidate,full_paper_candidate,review_required,path/name indicates a complete examination paper or mock exam,do_not_publish_until_structured_parse_and_answer_analysis_review
/Users/shidianjin/Documents/高考英语/2014年高考真题----英语/2014年全国高考英语试题及答案-浙江卷.doc,2014年高考真题----英语/2014年全国高考英语试题及答案-浙江卷.doc,.doc,84480,paper_only_candidate,full_paper_candidate,review_required,path/name indicates a complete examination paper or mock exam,do_not_publish_until_structured_parse_and_answer_analysis_review
/Users/shidianjin/Documents/高考英语/2014年高考真题----英语/2014年全国高考英语试题及答案-湖北卷.doc,2014年高考真题----英语/2014年全国高考英语试题及答案-湖北卷.doc,.doc,94720,paper_only_candidate,full_paper_candidate,review_required,path/name indicates a complete examination paper or mock exam,do_not_publish_until_structured_parse_and_answer_analysis_review
/Users/shidianjin/Documents/高考英语/2014年高考真题----英语/2014年全国高考英语试题及答案-湖南卷.doc,2014年高考真题----英语/2014年全国高考英语试题及答案-湖南卷.doc,.doc,142336,paper_only_candidate,full_paper_candidate,review_required,path/name indicates a complete examination paper or mock exam,do_not_publish_until_structured_parse_and_answer_analysis_review
/Users/shidianjin/Documents/高考英语/2014年高考真题----英语/2014年全国高考英语试题及答案-福建卷.doc,2014年高考真题----英语/2014年全国高考英语试题及答案-福建卷.doc,.doc,132608,paper_only_candidate,full_paper_candidate,review_required,path/name indicates a complete examination paper or mock exam,do_not_publish_until_structured_parse_and_answer_analysis_review
/Users/shidianjin/Documents/高考英语/2014年高考真题----英语/2014年全国高考英语试题及答案-辽宁卷.doc,2014年高考真题----英语/2014年全国高考英语试题及答案-辽宁卷.doc,.doc,70656,paper_only_candidate,full_paper_candidate,review_required,path/name indicates a complete examination paper or mock exam,do_not_publish_until_structured_parse_and_answer_analysis_review
/Users/shidianjin/Documents/高考英语/2014年高考真题----英语/2014年全国高考英语试题及答案-重庆卷.doc,2014年高考真题----英语/2014年全国高考英语试题及答案-重庆卷.doc,.doc,68096,paper_only_candidate,full_paper_candidate,review_required,path/name indicates a complete examination paper or mock exam,do_not_publish_until_structured_parse_and_answer_analysis_review
/Users/shidianjin/Documents/高考英语/2014年高考真题----英语/2014年全国高考英语试题及答案-陕西卷.doc,2014年高考真题----英语/2014年全国高考英语试题及答案-陕西卷.doc,.doc,144896,paper_only_candidate,full_paper_candidate,review_required,path/name indicates a complete examination paper or mock exam,do_not_publish_until_structured_parse_and_answer_analysis_review
/Users/shidianjin/Documents/高考英语/2015·高考英语真题/2015年高考英语试卷（上海）（秋考）听力音频.mp3,2015·高考英语真题/2015年高考英语试卷（上海）（秋考）听力音频.mp3,.mp3,24067287,paper_only_candidate,"full_paper_candidate,media_source",review_required,path/name indicates a complete examination paper or mock exam; audio/video source asset; establish mapping only,do_not_publish_until_structured_parse_and_answer_analysis_review
/Users/shidianjin/Documents/高考英语/2015·高考英语真题/2015年高考英语试卷（上海）（秋考）（空白卷）.doc,2015·高考英语真题/2015年高考英语试卷（上海）（秋考）（空白卷）.doc,.doc,285696,paper_only_candidate,full_paper_candidate,review_required,path/name indicates a complete examination paper or mock exam,do_not_publish_until_structured_parse_and_answer_analysis_review
/Users/shidianjin/Documents/高考英语/2015·高考英语真题/2015年高考英语试卷（上海）（秋考）（解析卷）.doc,2015·高考英语真题/2015年高考英语试卷（上海）（秋考）（解析卷）.doc,.doc,2102784,paper_only_candidate,full_paper_candidate,review_required,path/name indicates a complete examination paper or mock exam,do_not_publish_until_structured_parse_and_answer_analysis_review
/Users/shidianjin/Documents/高考英语/2015·高考英语真题/2015年高考英语试卷（北京）听力音频.mp3,2015·高考英语真题/2015年高考英语试卷（北京）听力音频.mp3,.mp3,11460350,paper_only_candidate,"full_paper_candidate,media_source",review_required,path/name indicates a complete examination paper or mock exam; audio/video source asset; establish mapping only,do_not_publish_until_structured_parse_and_answer_analysis_review
/Users/shidianjin/Documents/高考英语/2015·高考英语真题/2015年高考英语试卷（北京）（空白卷）.doc,2015·高考英语真题/2015年高考英语试卷（北京）（空白卷）.doc,.doc,292864,paper_only_candidate,full_paper_candidate,review_required,path/name indicates a complete examination paper or mock exam,do_not_publish_until_structured_parse_and_answer_analysis_review
/Users/shidianjin/Documents/高考英语/2015·高考英语真题/2015年高考英语试卷（北京）（解析卷）.doc,2015·高考英语真题/2015年高考英语试卷（北京）（解析卷）.doc,.doc,324608,paper_only_candidate,full_paper_candidate,review_required,path/name indicates a complete examination paper or mock exam,do_not_publish_until_structured_parse_and_answer_analysis_review
/Users/shidianjin/Documents/高考英语/2015·高考英语真题/2015年高考英语试卷（四川）（空白卷）.doc,2015·高考英语真题/2015年高考英语试卷（四川）（空白卷）.doc,.doc,146432,paper_only_candidate,full_paper_candidate,review_required,path/name indicates a complete examination paper or mock exam,do_not_publish_until_structured_parse_and_answer_analysis_review
/Users/shidianjin/Documents/高考英语/2015·高考英语真题/2015年高考英语试卷（四川）（解析卷）.doc,2015·高考英语真题/2015年高考英语试卷（四川）（解析卷）.doc,.doc,235008,paper_only_candidate,full_paper_candidate,review_required,path/name indicates a complete examination paper or mock exam,do_not_publish_until_structured_parse_and_answer_analysis_review
/Users/shidianjin/Documents/高考英语/2015·高考英语真题/2015年高考英语试卷（天津）（空白卷）.doc,2015·高考英语真题/2015年高考英语试卷（天津）（空白卷）.doc,.doc,70144,paper_only_candidate,full_paper_candidate,review_required,path/name indicates a complete examination paper or mock exam,do_not_publish_until_structured_parse_and_answer_analysis_review
/Users/shidianjin/Documents/高考英语/2015·高考英语真题/2015年高考英语试卷（天津）（解析卷）.doc,2015·高考英语真题/2015年高考英语试卷（天津）（解析卷）.doc,.doc,106496,paper_only_candidate,full_paper_candidate,review_required,path/name indicates a complete examination paper or mock exam,do_not_publish_until_structured_parse_and_answer_analysis_review
/Users/shidianjin/Documents/高考英语/2015·高考英语真题/2015年高考英语试卷（安徽）听力音频.mp3,2015·高考英语真题/2015年高考英语试卷（安徽）听力音频.mp3,.mp3,9015713,paper_only_candidate,"full_paper_candidate,media_source",review_required,path/name indicates a complete examination paper or mock exam; audio/video source asset; establish mapping only,do_not_publish_until_structured_parse_and_answer_analysis_review
/Users/shidianjin/Documents/高考英语/2015·高考英语真题/2015年高考英语试卷（安徽）（空白卷）.docx,2015·高考英语真题/2015年高考英语试卷（安徽）（空白卷）.docx,.docx,51490,paper_only_candidate,full_paper_candidate,review_required,path/name indicates a complete examination paper or mock exam,do_not_publish_until_structured_parse_and_answer_analysis_review
/Users/shidianjin/Documents/高考英语/2015·高考英语真题/2015年高考英语试卷（安徽）（解析卷）.docx,2015·高考英语真题/2015年高考英语试卷（安徽）（解析卷）.docx,.docx,556844,paper_only_candidate,full_paper_candidate,review_required,path/name indicates a complete examination paper or mock exam,do_not_publish_until_structured_parse_and_answer_analysis_review
/Users/shidianjin/Documents/高考英语/2015·高考英语真题/2015年高考英语试卷（广东）（空白卷）.docx,2015·高考英语真题/2015年高考英语试卷（广东）（空白卷）.docx,.docx,289548,paper_only_candidate,full_paper_candidate,review_required,path/name indicates a complete examination paper or mock exam,do_not_publish_until_structured_parse_and_answer_analysis_review
/Users/shidianjin/Documents/高考英语/2015·高考英语真题/2015年高考英语试卷（广东）（解析卷）.doc,2015·高考英语真题/2015年高考英语试卷（广东）（解析卷）.doc,.doc,1683456,paper_only_candidate,full_paper_candidate,review_required,path/name indicates a complete examination paper or mock exam,do_not_publish_until_structured_parse_and_answer_analysis_review
/Users/shidianjin/Documents/高考英语/2015·高考英语真题/2015年高考英语试卷（新课标Ⅰ卷）听力音频.mp3,2015·高考英语真题/2015年高考英语试卷（新课标Ⅰ卷）听力音频.mp3,.mp3,18069760,paper_only_candidate,"full_paper_candidate,media_source",review_required,path/name indicates a complete examination paper or mock exam; audio/video source asset; establish mapping only,do_not_publish_until_structured_parse_and_answer_analysis_review
/Users/shidianjin/Documents/高考英语/2015·高考英语真题/2015年高考英语试卷（新课标Ⅰ卷）（空白卷）.doc,2015·高考英语真题/2015年高考英语试卷（新课标Ⅰ卷）（空白卷）.doc,.doc,63488,paper_only_candidate,full_paper_candidate,review_required,path/name indicates a complete examination paper or mock exam,do_not_publish_until_structured_parse_and_answer_analysis_review
/Users/shidianjin/Documents/高考英语/2015·高考英语真题/2015年高考英语试卷（新课标Ⅰ卷）（解析卷）.doc,2015·高考英语真题/2015年高考英语试卷（新课标Ⅰ卷）（解析卷）.doc,.doc,95744,paper_only_candidate,full_paper_candidate,review_required,path/name indicates a complete examination paper or mock exam,do_not_publish_until_structured_parse_and_answer_analysis_review
/Users/shidianjin/Documents/高考英语/2015·高考英语真题/2015年高考英语试卷（新课标Ⅱ卷）（空白卷）.doc,2015·高考英语真题/2015年高考英语试卷（新课标Ⅱ卷）（空白卷）.doc,.doc,91648,paper_only_candidate,full_paper_candidate,review_required,path/name indicates a complete examination paper or mock exam,do_not_publish_until_structured_parse_and_answer_analysis_review
/Users/shidianjin/Documents/高考英语/2015·高考英语真题/2015年高考英语试卷（新课标Ⅱ卷）（解析卷）.doc,2015·高考英语真题/2015年高考英语试卷（新课标Ⅱ卷）（解析卷）.doc,.doc,133632,paper_only_candidate,full_paper_candidate,review_required,path/name indicates a complete examination paper or mock exam,do_not_publish_until_structured_parse_and_answer_analysis_review
/Users/shidianjin/Documents/高考英语/2015·高考英语真题/2015年高考英语试卷（江苏）听力音频.mp3,2015·高考英语真题/2015年高考英语试卷（江苏）听力音频.mp3,.mp3,9015784,paper_only_candidate,"full_paper_candidate,media_source",review_required,path/name indicates a complete examination paper or mock exam; audio/video source asset; establish mapping only,do_not_publish_until_structured_parse_and_answer_analysis_review
/Users/shidianjin/Documents/高考英语/2015·高考英语真题/2015年高考英语试卷（江苏）（空白卷）   .doc,2015·高考英语真题/2015年高考英语试卷（江苏）（空白卷）   .doc,.doc,84992,paper_only_candidate,full_paper_candidate,review_required,path/name indicates a complete examination paper or mock exam,do_not_publish_until_structured_parse_and_answer_analysis_review
/Users/shidianjin/Documents/高考英语/2015·高考英语真题/2015年高考英语试卷（江苏）（解析卷）   .doc,2015·高考英语真题/2015年高考英语试卷（江苏）（解析卷）   .doc,.doc,395264,paper_only_candidate,full_paper_candidate,review_required,path/name indicates a complete examination paper or mock exam,do_not_publish_until_structured_parse_and_answer_analysis_review
/Users/shidianjin/Documents/高考英语/2015·高考英语真题/2015年高考英语试卷（浙江）（空白卷）.doc,2015·高考英语真题/2015年高考英语试卷（浙江）（空白卷）.doc,.doc,229888,paper_only_candidate,full_paper_candidate,review_required,path/name indicates a complete examination paper or mock exam,do_not_publish_until_structured_parse_and_answer_analysis_review
/Users/shidianjin/Documents/高考英语/2015·高考英语真题/2015年高考英语试卷（浙江）（解析卷）.doc,2015·高考英语真题/2015年高考英语试卷（浙江）（解析卷）.doc,.doc,701440,paper_only_candidate,full_paper_candidate,review_required,path/name indicates a complete examination paper or mock exam,do_not_publish_until_structured_parse_and_answer_analysis_review
/Users/shidianjin/Documents/高考英语/2015·高考英语真题/2015年高考英语试卷（湖北）听力音频.mp3,2015·高考英语真题/2015年高考英语试卷（湖北）听力音频.mp3,.mp3,11843842,paper_only_candidate,"full_paper_candidate,media_source",review_required,path/name indicates a complete examination paper or mock exam; audio/video source asset; establish mapping only,do_not_publish_until_structured_parse_and_answer_analysis_review
/Users/shidianjin/Documents/高考英语/2015·高考英语真题/2015年高考英语试卷（湖北）（空白卷）.docx,2015·高考英语真题/2015年高考英语试卷（湖北）（空白卷）.docx,.docx,43244,paper_only_candidate,full_paper_candidate,review_required,path/name indicates a complete examination paper or mock exam,do_not_publish_until_structured_parse_and_answer_analysis_review
/Users/shidianjin/Documents/高考英语/2015·高考英语真题/2015年高考英语试卷（湖北）（解析卷）.docx,2015·高考英语真题/2015年高考英语试卷（湖北）（解析卷）.docx,.docx,1396965,paper_only_candidate,full_paper_candidate,review_required,path/name indicates a complete examination paper or mock exam,do_not_publish_until_structured_parse_and_answer_analysis_review
/Users/shidianjin/Documents/高考英语/2015·高考英语真题/2015年高考英语试卷（湖南）听力音频.mp3,2015·高考英语真题/2015年高考英语试卷（湖南）听力音频.mp3,.mp3,11761054,paper_only_candidate,"full_paper_candidate,media_source",review_required,path/name indicates a complete examination paper or mock exam; audio/video source asset; establish mapping only,do_not_publish_until_structured_parse_and_answer_analysis_review
/Users/shidianjin/Documents/高考英语/2015·高考英语真题/2015年高考英语试卷（湖南）（空白卷）.doc,2015·高考英语真题/2015年高考英语试卷（湖南）（空白卷）.doc,.doc,363008,paper_only_candidate,full_paper_candidate,review_required,path/name indicates a complete examination paper or mock exam,do_not_publish_until_structured_parse_and_answer_analysis_review
/Users/shidianjin/Documents/高考英语/2015·高考英语真题/2015年高考英语试卷（湖南）（解析卷）.doc,2015·高考英语真题/2015年高考英语试卷（湖南）（解析卷）.doc,.doc,2031104,paper_only_candidate,full_paper_candidate,review_required,path/name indicates a complete examination paper or mock exam,do_not_publish_until_structured_parse_and_answer_analysis_review
/Users/shidianjin/Documents/高考英语/2015·高考英语真题/2015年高考英语试卷（福建）（空白卷）.doc,2015·高考英语真题/2015年高考英语试卷（福建）（空白卷）.doc,.doc,330752,paper_only_candidate,full_paper_candidate,review_required,path/name indicates a complete examination paper or mock exam,do_not_publish_until_structured_parse_and_answer_analysis_review
/Users/shidianjin/Documents/高考英语/2015·高考英语真题/2015年高考英语试卷（福建）（解析卷）.doc,2015·高考英语真题/2015年高考英语试卷（福建）（解析卷）.doc,.doc,1894912,paper_only_candidate,full_paper_candidate,review_required,path/name indicates a complete examination paper or mock exam,do_not_publish_until_structured_parse_and_answer_analysis_review
/Users/shidianjin/Documents/高考英语/2015·高考英语真题/2015年高考英语试卷（重庆）（空白卷）.docx,2015·高考英语真题/2015年高考英语试卷（重庆）（空白卷）.docx,.docx,52280,paper_only_candidate,full_paper_candidate,review_required,path/name indicates a complete examination paper or mock exam,do_not_publish_until_structured_parse_and_answer_analysis_review
/Users/shidianjin/Documents/高考英语/2015·高考英语真题/2015年高考英语试卷（重庆）（解析卷）.docx,2015·高考英语真题/2015年高考英语试卷（重庆）（解析卷）.docx,.docx,1265844,paper_only_candidate,full_paper_candidate,review_required,path/name indicates a complete examination paper or mock exam,do_not_publish_until_structured_parse_and_answer_analysis_review
/Users/shidianjin/Documents/高考英语/2015·高考英语真题/2015年高考英语试卷（陕西）（空白卷）.doc,2015·高考英语真题/2015年高考英语试卷（陕西）（空白卷）.doc,.doc,79872,paper_only_candidate,full_paper_candidate,review_required,path/name indicates a complete examination paper or mock exam,do_not_publish_until_structured_parse_and_answer_analysis_review
/Users/shidianjin/Documents/高考英语/2015·高考英语真题/2015年高考英语试卷（陕西）（解析卷）.doc,2015·高考英语真题/2015年高考英语试卷（陕西）（解析卷）.doc,.doc,589824,paper_only_candidate,full_paper_candidate,review_required,path/name indicates a complete examination paper or mock exam,do_not_publish_until_structured_parse_and_answer_analysis_review
/Users/shidianjin/Documents/高考英语/2015年高考真题----英语/2015年全国高考英语试题及答案-上海卷.doc,2015年高考真题----英语/2015年全国高考英语试题及答案-上海卷.doc,.doc,3180032,paper_only_candidate,full_paper_candidate,review_required,path/name indicates a complete examination paper or mock exam,do_not_publish_until_structured_parse_and_answer_analysis_review
/Users/shidianjin/Documents/高考英语/2015年高考真题----英语/2015年全国高考英语试题及答案-北京卷.doc,2015年高考真题----英语/2015年全国高考英语试题及答案-北京卷.doc,.doc,418816,paper_only_candidate,full_paper_candidate,review_required,path/name indicates a complete examination paper or mock exam,do_not_publish_until_structured_parse_and_answer_analysis_review
/Users/shidianjin/Documents/高考英语/2015年高考真题----英语/2015年全国高考英语试题及答案-四川卷.doc,2015年高考真题----英语/2015年全国高考英语试题及答案-四川卷.doc,.doc,340992,paper_only_candidate,full_paper_candidate,review_required,path/name indicates a complete examination paper or mock exam,do_not_publish_until_structured_parse_and_answer_analysis_review
/Users/shidianjin/Documents/高考英语/2015年高考真题----英语/2015年全国高考英语试题及答案-天津卷.doc,2015年高考真题----英语/2015年全国高考英语试题及答案-天津卷.doc,.doc,135168,paper_only_candidate,full_paper_candidate,review_required,path/name indicates a complete examination paper or mock exam,do_not_publish_until_structured_parse_and_answer_analysis_review
/Users/shidianjin/Documents/高考英语/2015年高考真题----英语/2015年全国高考英语试题及答案-安徽卷.doc,2015年高考真题----英语/2015年全国高考英语试题及答案-安徽卷.doc,.doc,130560,paper_only_candidate,full_paper_candidate,review_required,path/name indicates a complete examination paper or mock exam,do_not_publish_until_structured_parse_and_answer_analysis_review
/Users/shidianjin/Documents/高考英语/2015年高考真题----英语/2015年全国高考英语试题及答案-广东卷.doc,2015年高考真题----英语/2015年全国高考英语试题及答案-广东卷.doc,.doc,74240,paper_only_candidate,full_paper_candidate,review_required,path/name indicates a complete examination paper or mock exam,do_not_publish_until_structured_parse_and_answer_analysis_review
/Users/shidianjin/Documents/高考英语/2015年高考真题----英语/2015年全国高考英语试题及答案-新课标1.doc,2015年高考真题----英语/2015年全国高考英语试题及答案-新课标1.doc,.doc,145408,paper_only_candidate,full_paper_candidate,review_required,path/name indicates a complete examination paper or mock exam,do_not_publish_until_structured_parse_and_answer_analysis_review
/Users/shidianjin/Documents/高考英语/2015年高考真题----英语/2015年全国高考英语试题及答案-新课标2.doc,2015年高考真题----英语/2015年全国高考英语试题及答案-新课标2.doc,.doc,306688,paper_only_candidate,full_paper_candidate,review_required,path/name indicates a complete examination paper or mock exam,do_not_publish_until_structured_parse_and_answer_analysis_review
/Users/shidianjin/Documents/高考英语/2015年高考真题----英语/2015年全国高考英语试题及答案-江苏卷.doc,2015年高考真题----英语/2015年全国高考英语试题及答案-江苏卷.doc,.doc,388608,paper_only_candidate,full_paper_candidate,review_required,path/name indicates a complete examination paper or mock exam,do_not_publish_until_structured_parse_and_answer_analysis_review
/Users/shidianjin/Documents/高考英语/2015年高考真题----英语/2015年全国高考英语试题及答案-浙江卷.doc,2015年高考真题----英语/2015年全国高考英语试题及答案-浙江卷.doc,.doc,277504,paper_only_candidate,full_paper_candidate,review_required,path/name indicates a complete examination paper or mock exam,do_not_publish_until_structured_parse_and_answer_analysis_review
/Users/shidianjin/Documents/高考英语/2015年高考真题----英语/2015年全国高考英语试题及答案-湖北卷.doc,2015年高考真题----英语/2015年全国高考英语试题及答案-湖北卷.doc,.doc,86016,paper_only_candidate,full_paper_candidate,review_required,path/name indicates a complete examination paper or mock exam,do_not_publish_until_structured_parse_and_answer_analysis_review
/Users/shidianjin/Documents/高考英语/2015年高考真题----英语/2015年全国高考英语试题及答案-湖南卷.doc,2015年高考真题----英语/2015年全国高考英语试题及答案-湖南卷.doc,.doc,248320,paper_only_candidate,full_paper_candidate,review_required,path/name indicates a complete examination paper or mock exam,do_not_publish_until_structured_parse_and_answer_analysis_review
/Users/shidianjin/Documents/高考英语/2015年高考真题----英语/2015年全国高考英语试题及答案-福建卷.doc,2015年高考真题----英语/2015年全国高考英语试题及答案-福建卷.doc,.doc,1744896,paper_only_candidate,full_paper_candidate,review_required,path/name indicates a complete examination paper or mock exam,do_not_publish_until_structured_parse_and_answer_analysis_review
/Users/shidianjin/Documents/高考英语/2015年高考真题----英语/2015年全国高考英语试题及答案-重庆卷.doc,2015年高考真题----英语/2015年全国高考英语试题及答案-重庆卷.doc,.doc,157696,paper_only_candidate,full_paper_candidate,review_required,path/name indicates a complete examination paper or mock exam,do_not_publish_until_structured_parse_and_answer_analysis_review
/Users/shidianjin/Documents/高考英语/2015年高考真题----英语/2015年全国高考英语试题及答案-陕西卷.doc,2015年高考真题----英语/2015年全国高考英语试题及答案-陕西卷.doc,.doc,111616,paper_only_candidate,full_paper_candidate,review_required,path/name indicates a complete examination paper or mock exam,do_not_publish_until_structured_parse_and_answer_analysis_review
/Users/shidianjin/Documents/高考英语/2016·高考英语真题/2016年高考英语试卷（上海）（秋考）听力音频.mp3,2016·高考英语真题/2016年高考英语试卷（上海）（秋考）听力音频.mp3,.mp3,23743645,paper_only_candidate,"full_paper_candidate,media_source",review_required,path/name indicates a complete examination paper or mock exam; audio/video source asset; establish mapping only,do_not_publish_until_structured_parse_and_answer_analysis_review
/Users/shidianjin/Documents/高考英语/2016·高考英语真题/2016年高考英语试卷（上海）（秋考）（空白卷）.doc,2016·高考英语真题/2016年高考英语试卷（上海）（秋考）（空白卷）.doc,.doc,466944,paper_only_candidate,full_paper_candidate,review_required,path/name indicates a complete examination paper or mock exam,do_not_publish_until_structured_parse_and_answer_analysis_review
/Users/shidianjin/Documents/高考英语/2016·高考英语真题/2016年高考英语试卷（上海）（秋考）（解析卷）.doc,2016·高考英语真题/2016年高考英语试卷（上海）（秋考）（解析卷）.doc,.doc,829440,paper_only_candidate,full_paper_candidate,review_required,path/name indicates a complete examination paper or mock exam,do_not_publish_until_structured_parse_and_answer_analysis_review
/Users/shidianjin/Documents/高考英语/2016·高考英语真题/2016年高考英语试卷（北京）听力音频.mp3,2016·高考英语真题/2016年高考英语试卷（北京）听力音频.mp3,.mp3,11378774,paper_only_candidate,"full_paper_candidate,media_source",review_required,path/name indicates a complete examination paper or mock exam; audio/video source asset; establish mapping only,do_not_publish_until_structured_parse_and_answer_analysis_review
/Users/shidianjin/Documents/高考英语/2016·高考英语真题/2016年高考英语试卷（北京）（空白卷）.doc,2016·高考英语真题/2016年高考英语试卷（北京）（空白卷）.doc,.doc,317440,paper_only_candidate,full_paper_candidate,review_required,path/name indicates a complete examination paper or mock exam,do_not_publish_until_structured_parse_and_answer_analysis_review
/Users/shidianjin/Documents/高考英语/2016·高考英语真题/2016年高考英语试卷（北京）（解析卷）.doc,2016·高考英语真题/2016年高考英语试卷（北京）（解析卷）.doc,.doc,363008,paper_only_candidate,full_paper_candidate,review_required,path/name indicates a complete examination paper or mock exam,do_not_publish_until_structured_parse_and_answer_analysis_review
/Users/shidianjin/Documents/高考英语/2016·高考英语真题/2016年高考英语试卷（四川）听力音频.mp3,2016·高考英语真题/2016年高考英语试卷（四川）听力音频.mp3,.mp3,11092425,paper_only_candidate,"full_paper_candidate,media_source",review_required,path/name indicates a complete examination paper or mock exam; audio/video source asset; establish mapping only,do_not_publish_until_structured_parse_and_answer_analysis_review
/Users/shidianjin/Documents/高考英语/2016·高考英语真题/2016年高考英语试卷（四川）（空白卷）.docx,2016·高考英语真题/2016年高考英语试卷（四川）（空白卷）.docx,.docx,26785,paper_only_candidate,full_paper_candidate,review_required,path/name indicates a complete examination paper or mock exam,do_not_publish_until_structured_parse_and_answer_analysis_review
/Users/shidianjin/Documents/高考英语/2016·高考英语真题/2016年高考英语试卷（四川）（解析卷）.docx,2016·高考英语真题/2016年高考英语试卷（四川）（解析卷）.docx,.docx,49593,paper_only_candidate,full_paper_candidate,review_required,path/name indicates a complete examination paper or mock exam,do_not_publish_until_structured_parse_and_answer_analysis_review
/Users/shidianjin/Documents/高考英语/2016·高考英语真题/2016年高考英语试卷（天津）（空白卷）.doc,2016·高考英语真题/2016年高考英语试卷（天津）（空白卷）.doc,.doc,76288,paper_only_candidate,full_paper_candidate,review_required,path/name indicates a complete examination paper or mock exam,do_not_publish_until_structured_parse_and_answer_analysis_review
/Users/shidianjin/Documents/高考英语/2016·高考英语真题/2016年高考英语试卷（天津）（解析卷）.doc,2016·高考英语真题/2016年高考英语试卷（天津）（解析卷）.doc,.doc,116224,paper_only_candidate,full_paper_candidate,review_required,path/name indicates a complete examination paper or mock exam,do_not_publish_until_structured_parse_and_answer_analysis_review
/Users/shidianjin/Documents/高考英语/2016·高考英语真题/2016年高考英语试卷（新课标Ⅰ卷）（空白卷）.doc,2016·高考英语真题/2016年高考英语试卷（新课标Ⅰ卷）（空白卷）.doc,.doc,70656,paper_only_candidate,full_paper_candidate,review_required,path/name indicates a complete examination paper or mock exam,do_not_publish_until_structured_parse_and_answer_analysis_review
/Users/shidianjin/Documents/高考英语/2016·高考英语真题/2016年高考英语试卷（新课标Ⅰ卷）（解析卷）.doc,2016·高考英语真题/2016年高考英语试卷（新课标Ⅰ卷）（解析卷）.doc,.doc,113664,paper_only_candidate,full_paper_candidate,review_required,path/name indicates a complete examination paper or mock exam,do_not_publish_until_structured_parse_and_answer_analysis_review
/Users/shidianjin/Documents/高考英语/2016·高考英语真题/2016年高考英语试卷（新课标Ⅱ卷）听力音频.mp3,2016·高考英语真题/2016年高考英语试卷（新课标Ⅱ卷）听力音频.mp3,.mp3,5341334,paper_only_candidate,"full_paper_candidate,media_source",review_required,path/name indicates a complete examination paper or mock exam; audio/video source asset; establish mapping only,do_not_publish_until_structured_parse_and_answer_analysis_review
/Users/shidianjin/Documents/高考英语/2016·高考英语真题/2016年高考英语试卷（新课标Ⅱ卷）（空白卷）.doc,2016·高考英语真题/2016年高考英语试卷（新课标Ⅱ卷）（空白卷）.doc,.doc,55808,paper_only_candidate,full_paper_candidate,review_required,path/name indicates a complete examination paper or mock exam,do_not_publish_until_structured_parse_and_answer_analysis_review
/Users/shidianjin/Documents/高考英语/2016·高考英语真题/2016年高考英语试卷（新课标Ⅱ卷）（解析卷）.doc,2016·高考英语真题/2016年高考英语试卷（新课标Ⅱ卷）（解析卷）.doc,.doc,104448,paper_only_candidate,full_paper_candidate,review_required,path/name indicates a complete examination paper or mock exam,do_not_publish_until_structured_parse_and_answer_analysis_review
/Users/shidianjin/Documents/高考英语/2016·高考英语真题/2016年高考英语试卷（新课标Ⅲ卷）（空白卷）.doc,2016·高考英语真题/2016年高考英语试卷（新课标Ⅲ卷）（空白卷）.doc,.doc,55296,paper_only_candidate,full_paper_candidate,review_required,path/name indicates a complete examination paper or mock exam,do_not_publish_until_structured_parse_and_answer_analysis_review
/Users/shidianjin/Documents/高考英语/2016·高考英语真题/2016年高考英语试卷（新课标Ⅲ卷）（解析卷）.doc,2016·高考英语真题/2016年高考英语试卷（新课标Ⅲ卷）（解析卷）.doc,.doc,105984,paper_only_candidate,full_paper_candidate,review_required,path/name indicates a complete examination paper or mock exam,do_not_publish_until_structured_parse_and_answer_analysis_review
/Users/shidianjin/Documents/高考英语/2016·高考英语真题/2016年高考英语试卷（江苏）听力音频.mp3,2016·高考英语真题/2016年高考英语试卷（江苏）听力音频.mp3,.mp3,11092613,paper_only_candidate,"full_paper_candidate,media_source",review_required,path/name indicates a complete examination paper or mock exam; audio/video source asset; establish mapping only,do_not_publish_until_structured_parse_and_answer_analysis_review
/Users/shidianjin/Documents/高考英语/2016·高考英语真题/2016年高考英语试卷（江苏）（空白卷）   .doc,2016·高考英语真题/2016年高考英语试卷（江苏）（空白卷）   .doc,.doc,109056,paper_only_candidate,full_paper_candidate,review_required,path/name indicates a complete examination paper or mock exam,do_not_publish_until_structured_parse_and_answer_analysis_review
/Users/shidianjin/Documents/高考英语/2016·高考英语真题/2016年高考英语试卷（江苏）（解析卷）   .doc,2016·高考英语真题/2016年高考英语试卷（江苏）（解析卷）   .doc,.doc,141824,paper_only_candidate,full_paper_candidate,review_required,path/name indicates a complete examination paper or mock exam,do_not_publish_until_structured_parse_and_answer_analysis_review
/Users/shidianjin/Documents/高考英语/2016·高考英语真题/2016年高考英语试卷（浙江）（10月）（空白卷）.doc,2016·高考英语真题/2016年高考英语试卷（浙江）（10月）（空白卷）.doc,.doc,51200,paper_only_candidate,full_paper_candidate,review_required,path/name indicates a complete examination paper or mock exam,do_not_publish_until_structured_parse_and_answer_analysis_review
/Users/shidianjin/Documents/高考英语/2016·高考英语真题/2016年高考英语试卷（浙江）（10月）（解析卷）.doc,2016·高考英语真题/2016年高考英语试卷（浙江）（10月）（解析卷）.doc,.doc,87552,paper_only_candidate,full_paper_candidate,review_required,path/name indicates a complete examination paper or mock exam,do_not_publish_until_structured_parse_and_answer_analysis_review
/Users/shidianjin/Documents/高考英语/2016·高考英语真题/2016年高考英语试卷（浙江）（6月）听力音频.mp3,2016·高考英语真题/2016年高考英语试卷（浙江）（6月）听力音频.mp3,.mp3,18904840,paper_only_candidate,"full_paper_candidate,media_source",review_required,path/name indicates a complete examination paper or mock exam; audio/video source asset; establish mapping only,do_not_publish_until_structured_parse_and_answer_analysis_review
/Users/shidianjin/Documents/高考英语/2016·高考英语真题/2016年高考英语试卷（浙江）（6月）（空白卷）.docx,2016·高考英语真题/2016年高考英语试卷（浙江）（6月）（空白卷）.docx,.docx,343216,paper_only_candidate,full_paper_candidate,review_required,path/name indicates a complete examination paper or mock exam,do_not_publish_until_structured_parse_and_answer_analysis_review
/Users/shidianjin/Documents/高考英语/2016·高考英语真题/2016年高考英语试卷（浙江）（6月）（解析卷）.docx,2016·高考英语真题/2016年高考英语试卷（浙江）（6月）（解析卷）.docx,.docx,666806,paper_only_candidate,full_paper_candidate,review_required,path/name indicates a complete examination paper or mock exam,do_not_publish_until_structured_parse_and_answer_analysis_review
/Users/shidianjin/Documents/高考英语/2017·高考英语真题/2017年高考英语试卷（上海）（春考）听力音频.mp3,2017·高考英语真题/2017年高考英语试卷（上海）（春考）听力音频.mp3,.mp3,12752792,paper_only_candidate,"full_paper_candidate,media_source",review_required,path/name indicates a complete examination paper or mock exam; audio/video source asset; establish mapping only,do_not_publish_until_structured_parse_and_answer_analysis_review
/Users/shidianjin/Documents/高考英语/2017·高考英语真题/2017年高考英语试卷（上海）（春考）（空白卷）.docx,2017·高考英语真题/2017年高考英语试卷（上海）（春考）（空白卷）.docx,.docx,256904,paper_only_candidate,full_paper_candidate,review_required,path/name indicates a complete examination paper or mock exam,do_not_publish_until_structured_parse_and_answer_analysis_review
/Users/shidianjin/Documents/高考英语/2017·高考英语真题/2017年高考英语试卷（上海）（春考）（解析卷）.docx,2017·高考英语真题/2017年高考英语试卷（上海）（春考）（解析卷）.docx,.docx,47456,paper_only_candidate,full_paper_candidate,review_required,path/name indicates a complete examination paper or mock exam,do_not_publish_until_structured_parse_and_answer_analysis_review
/Users/shidianjin/Documents/高考英语/2017·高考英语真题/2017年高考英语试卷（上海）（秋考）听力音频.mp3,2017·高考英语真题/2017年高考英语试卷（上海）（秋考）听力音频.mp3,.mp3,23245798,paper_only_candidate,"full_paper_candidate,media_source",review_required,path/name indicates a complete examination paper or mock exam; audio/video source asset; establish mapping only,do_not_publish_until_structured_parse_and_answer_analysis_review
/Users/shidianjin/Documents/高考英语/2017·高考英语真题/2017年高考英语试卷（上海）（秋考）（空白卷）.doc,2017·高考英语真题/2017年高考英语试卷（上海）（秋考）（空白卷）.doc,.doc,92672,paper_only_candidate,full_paper_candidate,review_required,path/name indicates a complete examination paper or mock exam,do_not_publish_until_structured_parse_and_answer_analysis_review
/Users/shidianjin/Documents/高考英语/2017·高考英语真题/2017年高考英语试卷（上海）（秋考）（答案卷）.doc,2017·高考英语真题/2017年高考英语试卷（上海）（秋考）（答案卷）.doc,.doc,34816,paper_only_candidate,full_paper_candidate,review_required,path/name indicates a complete examination paper or mock exam,do_not_publish_until_structured_parse_and_answer_analysis_review
/Users/shidianjin/Documents/高考英语/2017·高考英语真题/2017年高考英语试卷（北京）听力音频.mp3,2017·高考英语真题/2017年高考英语试卷（北京）听力音频.mp3,.mp3,11147261,paper_only_candidate,"full_paper_candidate,media_source",review_required,path/name indicates a complete examination paper or mock exam; audio/video source asset; establish mapping only,do_not_publish_until_structured_parse_and_answer_analysis_review
/Users/shidianjin/Documents/高考英语/2017·高考英语真题/2017年高考英语试卷（北京）（空白卷）.doc,2017·高考英语真题/2017年高考英语试卷（北京）（空白卷）.doc,.doc,184832,paper_only_candidate,full_paper_candidate,review_required,path/name indicates a complete examination paper or mock exam,do_not_publish_until_structured_parse_and_answer_analysis_review
/Users/shidianjin/Documents/高考英语/2017·高考英语真题/2017年高考英语试卷（北京）（解析卷）.doc,2017·高考英语真题/2017年高考英语试卷（北京）（解析卷）.doc,.doc,231424,paper_only_candidate,full_paper_candidate,review_required,path/name indicates a complete examination paper or mock exam,do_not_publish_until_structured_parse_and_answer_analysis_review
/Users/shidianjin/Documents/高考英语/2017·高考英语真题/2017年高考英语试卷（天津）（空白卷）.doc,2017·高考英语真题/2017年高考英语试卷（天津）（空白卷）.doc,.doc,71680,paper_only_candidate,full_paper_candidate,review_required,path/name indicates a complete examination paper or mock exam,do_not_publish_until_structured_parse_and_answer_analysis_review
/Users/shidianjin/Documents/高考英语/2017·高考英语真题/2017年高考英语试卷（天津）（解析卷）.doc,2017·高考英语真题/2017年高考英语试卷（天津）（解析卷）.doc,.doc,114176,paper_only_candidate,full_paper_candidate,review_required,path/name indicates a complete examination paper or mock exam,do_not_publish_until_structured_parse_and_answer_analysis_review
/Users/shidianjin/Documents/高考英语/2017·高考英语真题/2017年高考英语试卷（新课标Ⅰ卷）（空白卷）.doc,2017·高考英语真题/2017年高考英语试卷（新课标Ⅰ卷）（空白卷）.doc,.doc,71680,paper_only_candidate,full_paper_candidate,review_required,path/name indicates a complete examination paper or mock exam,do_not_publish_until_structured_parse_and_answer_analysis_review
/Users/shidianjin/Documents/高考英语/2017·高考英语真题/2017年高考英语试卷（新课标Ⅰ卷）（解析卷）.doc,2017·高考英语真题/2017年高考英语试卷（新课标Ⅰ卷）（解析卷）.doc,.doc,110080,paper_only_candidate,full_paper_candidate,review_required,path/name indicates a complete examination paper or mock exam,do_not_publish_until_structured_parse_and_answer_analysis_review
/Users/shidianjin/Documents/高考英语/2017·高考英语真题/2017年高考英语试卷（新课标Ⅱ卷）听力音频.mp3,2017·高考英语真题/2017年高考英语试卷（新课标Ⅱ卷）听力音频.mp3,.mp3,5490248,paper_only_candidate,"full_paper_candidate,media_source",review_required,path/name indicates a complete examination paper or mock exam; audio/video source asset; establish mapping only,do_not_publish_until_structured_parse_and_answer_analysis_review
/Users/shidianjin/Documents/高考英语/2017·高考英语真题/2017年高考英语试卷（新课标Ⅱ卷）（空白卷）.doc,2017·高考英语真题/2017年高考英语试卷（新课标Ⅱ卷）（空白卷）.doc,.doc,69632,paper_only_candidate,full_paper_candidate,review_required,path/name indicates a complete examination paper or mock exam,do_not_publish_until_structured_parse_and_answer_analysis_review
/Users/shidianjin/Documents/高考英语/2017·高考英语真题/2017年高考英语试卷（新课标Ⅱ卷）（解析卷）.doc,2017·高考英语真题/2017年高考英语试卷（新课标Ⅱ卷）（解析卷）.doc,.doc,121856,paper_only_candidate,full_paper_candidate,review_required,path/name indicates a complete examination paper or mock exam,do_not_publish_until_structured_parse_and_answer_analysis_review
/Users/shidianjin/Documents/高考英语/2017·高考英语真题/2017年高考英语试卷（新课标Ⅲ卷）（空白卷）.doc,2017·高考英语真题/2017年高考英语试卷（新课标Ⅲ卷）（空白卷）.doc,.doc,71168,paper_only_candidate,full_paper_candidate,review_required,path/name indicates a complete examination paper or mock exam,do_not_publish_until_structured_parse_and_answer_analysis_review
/Users/shidianjin/Documents/高考英语/2017·高考英语真题/2017年高考英语试卷（新课标Ⅲ卷）（解析卷）.doc,2017·高考英语真题/2017年高考英语试卷（新课标Ⅲ卷）（解析卷）.doc,.doc,123904,paper_only_candidate,full_paper_candidate,review_required,path/name indicates a complete examination paper or mock exam,do_not_publish_until_structured_parse_and_answer_analysis_review
/Users/shidianjin/Documents/高考英语/2017·高考英语真题/2017年高考英语试卷（江苏）听力音频.mp3,2017·高考英语真题/2017年高考英语试卷（江苏）听力音频.mp3,.mp3,29479949,paper_only_candidate,"full_paper_candidate,media_source",review_required,path/name indicates a complete examination paper or mock exam; audio/video source asset; establish mapping only,do_not_publish_until_structured_parse_and_answer_analysis_review
/Users/shidianjin/Documents/高考英语/2017·高考英语真题/2017年高考英语试卷（江苏）（空白卷）   .doc,2017·高考英语真题/2017年高考英语试卷（江苏）（空白卷）   .doc,.doc,1152000,paper_only_candidate,full_paper_candidate,review_required,path/name indicates a complete examination paper or mock exam,do_not_publish_until_structured_parse_and_answer_analysis_review
/Users/shidianjin/Documents/高考英语/2017·高考英语真题/2017年高考英语试卷（江苏）（解析卷）   .doc,2017·高考英语真题/2017年高考英语试卷（江苏）（解析卷）   .doc,.doc,329728,paper_only_candidate,full_paper_candidate,review_required,path/name indicates a complete examination paper or mock exam,do_not_publish_until_structured_parse_and_answer_analysis_review
/Users/shidianjin/Documents/高考英语/2017·高考英语真题/2017年高考英语试卷（浙江）（11月）听力音频.mp3,2017·高考英语真题/2017年高考英语试卷（浙江）（11月）听力音频.mp3,.mp3,17428190,paper_only_candidate,"full_paper_candidate,media_source",review_required,path/name indicates a complete examination paper or mock exam; audio/video source asset; establish mapping only,do_not_publish_until_structured_parse_and_answer_analysis_review
/Users/shidianjin/Documents/高考英语/2017·高考英语真题/2017年高考英语试卷（浙江）（11月）（空白卷）.doc,2017·高考英语真题/2017年高考英语试卷（浙江）（11月）（空白卷）.doc,.doc,58368,paper_only_candidate,full_paper_candidate,review_required,path/name indicates a complete examination paper or mock exam,do_not_publish_until_structured_parse_and_answer_analysis_review
/Users/shidianjin/Documents/高考英语/2017·高考英语真题/2017年高考英语试卷（浙江）（11月）（解析卷）.doc,2017·高考英语真题/2017年高考英语试卷（浙江）（11月）（解析卷）.doc,.doc,94720,paper_only_candidate,full_paper_candidate,review_required,path/name indicates a complete examination paper or mock exam,do_not_publish_until_structured_parse_and_answer_analysis_review
/Users/shidianjin/Documents/高考英语/2017·高考英语真题/2017年高考英语试卷（浙江）（6月）听力音频.mp3,2017·高考英语真题/2017年高考英语试卷（浙江）（6月）听力音频.mp3,.mp3,19783390,paper_only_candidate,"full_paper_candidate,media_source",review_required,path/name indicates a complete examination paper or mock exam; audio/video source asset; establish mapping only,do_not_publish_until_structured_parse_and_answer_analysis_review
/Users/shidianjin/Documents/高考英语/2017·高考英语真题/2017年高考英语试卷（浙江）（6月）（空白卷）.docx,2017·高考英语真题/2017年高考英语试卷（浙江）（6月）（空白卷）.docx,.docx,26120,paper_only_candidate,full_paper_candidate,review_required,path/name indicates a complete examination paper or mock exam,do_not_publish_until_structured_parse_and_answer_analysis_review
/Users/shidianjin/Documents/高考英语/2017·高考英语真题/2017年高考英语试卷（浙江）（6月）（解析卷）.docx,2017·高考英语真题/2017年高考英语试卷（浙江）（6月）（解析卷）.docx,.docx,585773,paper_only_candidate,full_paper_candidate,review_required,path/name indicates a complete examination paper or mock exam,do_not_publish_until_structured_parse_and_answer_analysis_review
/Users/shidianjin/Documents/高考英语/2017年高考真题----英语/英语 全国卷Ⅰ@高考直通车.pdf,2017年高考真题----英语/英语 全国卷Ⅰ@高考直通车.pdf,.pdf,1377317,paper_only_candidate,full_paper_candidate,review_required,path/name indicates a complete examination paper or mock exam,do_not_publish_until_structured_parse_and_answer_analysis_review
/Users/shidianjin/Documents/高考英语/2017年高考真题----英语/英语 全国卷Ⅱ@高考直通车.pdf,2017年高考真题----英语/英语 全国卷Ⅱ@高考直通车.pdf,.pdf,1581273,paper_only_candidate,full_paper_candidate,review_required,path/name indicates a complete examination paper or mock exam,do_not_publish_until_structured_parse_and_answer_analysis_review
/Users/shidianjin/Documents/高考英语/2017年高考真题----英语/英语 全国卷Ⅲ@高考直通车.pdf,2017年高考真题----英语/英语 全国卷Ⅲ@高考直通车.pdf,.pdf,1543104,paper_only_candidate,full_paper_candidate,review_required,path/name indicates a complete examination paper or mock exam,do_not_publish_until_structured_parse_and_answer_analysis_review
/Users/shidianjin/Documents/高考英语/2017年高考真题----英语/英语 北京卷@高考直通车.pdf,2017年高考真题----英语/英语 北京卷@高考直通车.pdf,.pdf,2158386,paper_only_candidate,full_paper_candidate,review_required,path/name indicates a complete examination paper or mock exam,do_not_publish_until_structured_parse_and_answer_analysis_review
/Users/shidianjin/Documents/高考英语/2017年高考真题----英语/英语 天津卷@高考直通车.pdf,2017年高考真题----英语/英语 天津卷@高考直通车.pdf,.pdf,1882239,paper_only_candidate,full_paper_candidate,review_required,path/name indicates a complete examination paper or mock exam,do_not_publish_until_structured_parse_and_answer_analysis_review
/Users/shidianjin/Documents/高考英语/2017年高考真题----英语/英语 江苏卷@高考直通车.pdf,2017年高考真题----英语/英语 江苏卷@高考直通车.pdf,.pdf,2238493,paper_only_candidate,full_paper_candidate,review_required,path/name indicates a complete examination paper or mock exam,do_not_publish_until_structured_parse_and_answer_analysis_review
/Users/shidianjin/Documents/高考英语/2017年高考真题----英语/英语 浙江卷@高考直通车.pdf,2017年高考真题----英语/英语 浙江卷@高考直通车.pdf,.pdf,1525679,paper_only_candidate,full_paper_candidate,review_required,path/name indicates a complete examination paper or mock exam,do_not_publish_until_structured_parse_and_answer_analysis_review
/Users/shidianjin/Documents/高考英语/2018·高考英语真题/2018年高考英语试卷（上海）（春考）听力音频.mp3,2018·高考英语真题/2018年高考英语试卷（上海）（春考）听力音频.mp3,.mp3,3815803,paper_only_candidate,"full_paper_candidate,media_source",review_required,path/name indicates a complete examination paper or mock exam; audio/video source asset; establish mapping only,do_not_publish_until_structured_parse_and_answer_analysis_review
/Users/shidianjin/Documents/高考英语/2018·高考英语真题/2018年高考英语试卷（上海）（春考）（空白卷）.doc,2018·高考英语真题/2018年高考英语试卷（上海）（春考）（空白卷）.doc,.doc,313856,paper_only_candidate,full_paper_candidate,review_required,path/name indicates a complete examination paper or mock exam,do_not_publish_until_structured_parse_and_answer_analysis_review
/Users/shidianjin/Documents/高考英语/2018·高考英语真题/2018年高考英语试卷（上海）（春考）（解析卷）.doc,2018·高考英语真题/2018年高考英语试卷（上海）（春考）（解析卷）.doc,.doc,42496,paper_only_candidate,full_paper_candidate,review_required,path/name indicates a complete examination paper or mock exam,do_not_publish_until_structured_parse_and_answer_analysis_review
/Users/shidianjin/Documents/高考英语/2018·高考英语真题/2018年高考英语试卷（上海）（秋考）听力音频.mp3,2018·高考英语真题/2018年高考英语试卷（上海）（秋考）听力音频.mp3,.mp3,23571298,paper_only_candidate,"full_paper_candidate,media_source",review_required,path/name indicates a complete examination paper or mock exam; audio/video source asset; establish mapping only,do_not_publish_until_structured_parse_and_answer_analysis_review
/Users/shidianjin/Documents/高考英语/2018·高考英语真题/2018年高考英语试卷（上海）（秋考）（空白卷）.doc,2018·高考英语真题/2018年高考英语试卷（上海）（秋考）（空白卷）.doc,.doc,966144,paper_only_candidate,full_paper_candidate,review_required,path/name indicates a complete examination paper or mock exam,do_not_publish_until_structured_parse_and_answer_analysis_review
/Users/shidianjin/Documents/高考英语/2018·高考英语真题/2018年高考英语试卷（上海）（秋考）（答案卷）.doc,2018·高考英语真题/2018年高考英语试卷（上海）（秋考）（答案卷）.doc,.doc,34816,paper_only_candidate,full_paper_candidate,review_required,path/name indicates a complete examination paper or mock exam,do_not_publish_until_structured_parse_and_answer_analysis_review
/Users/shidianjin/Documents/高考英语/2018·高考英语真题/2018年高考英语试卷（北京）（机考 无听力）（空白卷）.doc,2018·高考英语真题/2018年高考英语试卷（北京）（机考 无听力）（空白卷）.doc,.doc,568320,paper_only_candidate,full_paper_candidate,review_required,path/name indicates a complete examination paper or mock exam,do_not_publish_until_structured_parse_and_answer_analysis_review
/Users/shidianjin/Documents/高考英语/2018·高考英语真题/2018年高考英语试卷（北京）（机考 无听力）（解析卷）.doc,2018·高考英语真题/2018年高考英语试卷（北京）（机考 无听力）（解析卷）.doc,.doc,615424,paper_only_candidate,full_paper_candidate,review_required,path/name indicates a complete examination paper or mock exam,do_not_publish_until_structured_parse_and_answer_analysis_review
/Users/shidianjin/Documents/高考英语/2018·高考英语真题/2018年高考英语试卷（天津）（空白卷）.doc,2018·高考英语真题/2018年高考英语试卷（天津）（空白卷）.doc,.doc,77824,paper_only_candidate,full_paper_candidate,review_required,path/name indicates a complete examination paper or mock exam,do_not_publish_until_structured_parse_and_answer_analysis_review
/Users/shidianjin/Documents/高考英语/2018·高考英语真题/2018年高考英语试卷（天津）（解析卷）.doc,2018·高考英语真题/2018年高考英语试卷（天津）（解析卷）.doc,.doc,122880,paper_only_candidate,full_paper_candidate,review_required,path/name indicates a complete examination paper or mock exam,do_not_publish_until_structured_parse_and_answer_analysis_review
/Users/shidianjin/Documents/高考英语/2018·高考英语真题/2018年高考英语试卷（新课标Ⅰ卷）听力音频.mp3,2018·高考英语真题/2018年高考英语试卷（新课标Ⅰ卷）听力音频.mp3,.mp3,11467615,paper_only_candidate,"full_paper_candidate,media_source",review_required,path/name indicates a complete examination paper or mock exam; audio/video source asset; establish mapping only,do_not_publish_until_structured_parse_and_answer_analysis_review
/Users/shidianjin/Documents/高考英语/2018·高考英语真题/2018年高考英语试卷（新课标Ⅰ卷）（空白卷）.doc,2018·高考英语真题/2018年高考英语试卷（新课标Ⅰ卷）（空白卷）.doc,.doc,59392,paper_only_candidate,full_paper_candidate,review_required,path/name indicates a complete examination paper or mock exam,do_not_publish_until_structured_parse_and_answer_analysis_review
/Users/shidianjin/Documents/高考英语/2018·高考英语真题/2018年高考英语试卷（新课标Ⅰ卷）（解析卷）.doc,2018·高考英语真题/2018年高考英语试卷（新课标Ⅰ卷）（解析卷）.doc,.doc,100352,paper_only_candidate,full_paper_candidate,review_required,path/name indicates a complete examination paper or mock exam,do_not_publish_until_structured_parse_and_answer_analysis_review
/Users/shidianjin/Documents/高考英语/2018·高考英语真题/2018年高考英语试卷（新课标Ⅱ卷）听力音频.mp3,2018·高考英语真题/2018年高考英语试卷（新课标Ⅱ卷）听力音频.mp3,.mp3,11035438,paper_only_candidate,"full_paper_candidate,media_source",review_required,path/name indicates a complete examination paper or mock exam; audio/video source asset; establish mapping only,do_not_publish_until_structured_parse_and_answer_analysis_review
/Users/shidianjin/Documents/高考英语/2018·高考英语真题/2018年高考英语试卷（新课标Ⅱ卷）（空白卷）.doc,2018·高考英语真题/2018年高考英语试卷（新课标Ⅱ卷）（空白卷）.doc,.doc,59904,paper_only_candidate,full_paper_candidate,review_required,path/name indicates a complete examination paper or mock exam,do_not_publish_until_structured_parse_and_answer_analysis_review
/Users/shidianjin/Documents/高考英语/2018·高考英语真题/2018年高考英语试卷（新课标Ⅱ卷）（解析卷）.doc,2018·高考英语真题/2018年高考英语试卷（新课标Ⅱ卷）（解析卷）.doc,.doc,98816,paper_only_candidate,full_paper_candidate,review_required,path/name indicates a complete examination paper or mock exam,do_not_publish_until_structured_parse_and_answer_analysis_review
/Users/shidianjin/Documents/高考英语/2018·高考英语真题/2018年高考英语试卷（新课标Ⅲ卷）（空白卷）.doc,2018·高考英语真题/2018年高考英语试卷（新课标Ⅲ卷）（空白卷）.doc,.doc,64000,paper_only_candidate,full_paper_candidate,review_required,path/name indicates a complete examination paper or mock exam,do_not_publish_until_structured_parse_and_answer_analysis_review
/Users/shidianjin/Documents/高考英语/2018·高考英语真题/2018年高考英语试卷（新课标Ⅲ卷）（解析卷）.doc,2018·高考英语真题/2018年高考英语试卷（新课标Ⅲ卷）（解析卷）.doc,.doc,108544,paper_only_candidate,full_paper_candidate,review_required,path/name indicates a complete examination paper or mock exam,do_not_publish_until_structured_parse_and_answer_analysis_review
/Users/shidianjin/Documents/高考英语/2018·高考英语真题/2018年高考英语试卷（江苏）听力音频.mp3,2018·高考英语真题/2018年高考英语试卷（江苏）听力音频.mp3,.mp3,11463576,paper_only_candidate,"full_paper_candidate,media_source",review_required,path/name indicates a complete examination paper or mock exam; audio/video source asset; establish mapping only,do_not_publish_until_structured_parse_and_answer_analysis_review
/Users/shidianjin/Documents/高考英语/2018·高考英语真题/2018年高考英语试卷（江苏）（空白卷）   .doc,2018·高考英语真题/2018年高考英语试卷（江苏）（空白卷）   .doc,.doc,1549824,paper_only_candidate,full_paper_candidate,review_required,path/name indicates a complete examination paper or mock exam,do_not_publish_until_structured_parse_and_answer_analysis_review
/Users/shidianjin/Documents/高考英语/2018·高考英语真题/2018年高考英语试卷（江苏）（解析卷）   .doc,2018·高考英语真题/2018年高考英语试卷（江苏）（解析卷）   .doc,.doc,1880576,paper_only_candidate,full_paper_candidate,review_required,path/name indicates a complete examination paper or mock exam,do_not_publish_until_structured_parse_and_answer_analysis_review
/Users/shidianjin/Documents/高考英语/2018·高考英语真题/2018年高考英语试卷（浙江）（11月）听力音频.mp3,2018·高考英语真题/2018年高考英语试卷（浙江）（11月）听力音频.mp3,.mp3,22279024,paper_only_candidate,"full_paper_candidate,media_source",review_required,path/name indicates a complete examination paper or mock exam; audio/video source asset; establish mapping only,do_not_publish_until_structured_parse_and_answer_analysis_review
/Users/shidianjin/Documents/高考英语/2018·高考英语真题/2018年高考英语试卷（浙江）（11月）（空白卷）.docx,2018·高考英语真题/2018年高考英语试卷（浙江）（11月）（空白卷）.docx,.docx,28044,paper_only_candidate,full_paper_candidate,review_required,path/name indicates a complete examination paper or mock exam,do_not_publish_until_structured_parse_and_answer_analysis_review
/Users/shidianjin/Documents/高考英语/2018·高考英语真题/2018年高考英语试卷（浙江）（11月）（解析卷）.docx,2018·高考英语真题/2018年高考英语试卷（浙江）（11月）（解析卷）.docx,.docx,43107,paper_only_candidate,full_paper_candidate,review_required,path/name indicates a complete examination paper or mock exam,do_not_publish_until_structured_parse_and_answer_analysis_review
/Users/shidianjin/Documents/高考英语/2018·高考英语真题/2018年高考英语试卷（浙江）（6月）听力音频.mp3,2018·高考英语真题/2018年高考英语试卷（浙江）（6月）听力音频.mp3,.mp3,18746015,paper_only_candidate,"full_paper_candidate,media_source",review_required,path/name indicates a complete examination paper or mock exam; audio/video source asset; establish mapping only,do_not_publish_until_structured_parse_and_answer_analysis_review
/Users/shidianjin/Documents/高考英语/2018·高考英语真题/2018年高考英语试卷（浙江）（6月）（空白卷）.docx,2018·高考英语真题/2018年高考英语试卷（浙江）（6月）（空白卷）.docx,.docx,28399,paper_only_candidate,full_paper_candidate,review_required,path/name indicates a complete examination paper or mock exam,do_not_publish_until_structured_parse_and_answer_analysis_review
/Users/shidianjin/Documents/高考英语/2018·高考英语真题/2018年高考英语试卷（浙江）（6月）（解析卷）.docx,2018·高考英语真题/2018年高考英语试卷（浙江）（6月）（解析卷）.docx,.docx,41599,paper_only_candidate,full_paper_candidate,review_required,path/name indicates a complete examination paper or mock exam,do_not_publish_until_structured_parse_and_answer_analysis_review
/Users/shidianjin/Documents/高考英语/2019·高考英语真题/2019年高考英语试卷（上海）（春考）听力音频.mp3,2019·高考英语真题/2019年高考英语试卷（上海）（春考）听力音频.mp3,.mp3,2983583,paper_only_candidate,"full_paper_candidate,media_source",review_required,path/name indicates a complete examination paper or mock exam; audio/video source asset; establish mapping only,do_not_publish_until_structured_parse_and_answer_analysis_review
/Users/shidianjin/Documents/高考英语/2019·高考英语真题/2019年高考英语试卷（上海）（春考）（空白卷）.doc,2019·高考英语真题/2019年高考英语试卷（上海）（春考）（空白卷）.doc,.doc,73728,paper_only_candidate,full_paper_candidate,review_required,path/name indicates a complete examination paper or mock exam,do_not_publish_until_structured_parse_and_answer_analysis_review
/Users/shidianjin/Documents/高考英语/2019·高考英语真题/2019年高考英语试卷（上海）（春考）（解析卷）.doc,2019·高考英语真题/2019年高考英语试卷（上海）（春考）（解析卷）.doc,.doc,112128,paper_only_candidate,full_paper_candidate,review_required,path/name indicates a complete examination paper or mock exam,do_not_publish_until_structured_parse_and_answer_analysis_review
/Users/shidianjin/Documents/高考英语/2019·高考英语真题/2019年高考英语试卷（上海）（秋考）听力音频.mp3,2019·高考英语真题/2019年高考英语试卷（上海）（秋考）听力音频.mp3,.mp3,23394391,paper_only_candidate,"full_paper_candidate,media_source",review_required,path/name indicates a complete examination paper or mock exam; audio/video source asset; establish mapping only,do_not_publish_until_structured_parse_and_answer_analysis_review
/Users/shidianjin/Documents/高考英语/2019·高考英语真题/2019年高考英语试卷（上海）（秋考）（空白卷）.doc,2019·高考英语真题/2019年高考英语试卷（上海）（秋考）（空白卷）.doc,.doc,97792,paper_only_candidate,full_paper_candidate,review_required,path/name indicates a complete examination paper or mock exam,do_not_publish_until_structured_parse_and_answer_analysis_review
/Users/shidianjin/Documents/高考英语/2019·高考英语真题/2019年高考英语试卷（上海）（秋考）（答案卷）.doc,2019·高考英语真题/2019年高考英语试卷（上海）（秋考）（答案卷）.doc,.doc,33280,paper_only_candidate,full_paper_candidate,review_required,path/name indicates a complete examination paper or mock exam,do_not_publish_until_structured_parse_and_answer_analysis_review
/Users/shidianjin/Documents/高考英语/2019·高考英语真题/2019年高考英语试卷（北京）（机考 无听力）（空白卷）.doc,2019·高考英语真题/2019年高考英语试卷（北京）（机考 无听力）（空白卷）.doc,.doc,430080,paper_only_candidate,full_paper_candidate,review_required,path/name indicates a complete examination paper or mock exam,do_not_publish_until_structured_parse_and_answer_analysis_review
/Users/shidianjin/Documents/高考英语/2019·高考英语真题/2019年高考英语试卷（北京）（机考 无听力）（解析卷）.doc,2019·高考英语真题/2019年高考英语试卷（北京）（机考 无听力）（解析卷）.doc,.doc,460800,paper_only_candidate,full_paper_candidate,review_required,path/name indicates a complete examination paper or mock exam,do_not_publish_until_structured_parse_and_answer_analysis_review
/Users/shidianjin/Documents/高考英语/2019·高考英语真题/2019年高考英语试卷（天津）（空白卷）.doc,2019·高考英语真题/2019年高考英语试卷（天津）（空白卷）.doc,.doc,77824,paper_only_candidate,full_paper_candidate,review_required,path/name indicates a complete examination paper or mock exam,do_not_publish_until_structured_parse_and_answer_analysis_review
/Users/shidianjin/Documents/高考英语/2019·高考英语真题/2019年高考英语试卷（天津）（解析卷）.doc,2019·高考英语真题/2019年高考英语试卷（天津）（解析卷）.doc,.doc,126464,paper_only_candidate,full_paper_candidate,review_required,path/name indicates a complete examination paper or mock exam,do_not_publish_until_structured_parse_and_answer_analysis_review
/Users/shidianjin/Documents/高考英语/2019·高考英语真题/2019年高考英语试卷（新课标Ⅰ卷）听力音频.mp3,2019·高考英语真题/2019年高考英语试卷（新课标Ⅰ卷）听力音频.mp3,.mp3,11785130,paper_only_candidate,"full_paper_candidate,media_source",review_required,path/name indicates a complete examination paper or mock exam; audio/video source asset; establish mapping only,do_not_publish_until_structured_parse_and_answer_analysis_review
/Users/shidianjin/Documents/高考英语/2019·高考英语真题/2019年高考英语试卷（新课标Ⅰ卷）（空白卷）.doc,2019·高考英语真题/2019年高考英语试卷（新课标Ⅰ卷）（空白卷）.doc,.doc,60416,paper_only_candidate,full_paper_candidate,review_required,path/name indicates a complete examination paper or mock exam,do_not_publish_until_structured_parse_and_answer_analysis_review
/Users/shidianjin/Documents/高考英语/2019·高考英语真题/2019年高考英语试卷（新课标Ⅰ卷）（解析卷）.doc,2019·高考英语真题/2019年高考英语试卷（新课标Ⅰ卷）（解析卷）.doc,.doc,112128,paper_only_candidate,full_paper_candidate,review_required,path/name indicates a complete examination paper or mock exam,do_not_publish_until_structured_parse_and_answer_analysis_review
/Users/shidianjin/Documents/高考英语/2019·高考英语真题/2019年高考英语试卷（新课标Ⅱ卷）听力音频.mp3,2019·高考英语真题/2019年高考英语试卷（新课标Ⅱ卷）听力音频.mp3,.mp3,11760998,paper_only_candidate,"full_paper_candidate,media_source",review_required,path/name indicates a complete examination paper or mock exam; audio/video source asset; establish mapping only,do_not_publish_until_structured_parse_and_answer_analysis_review
/Users/shidianjin/Documents/高考英语/2019·高考英语真题/2019年高考英语试卷（新课标Ⅱ卷）（空白卷）.doc,2019·高考英语真题/2019年高考英语试卷（新课标Ⅱ卷）（空白卷）.doc,.doc,60416,paper_only_candidate,full_paper_candidate,review_required,path/name indicates a complete examination paper or mock exam,do_not_publish_until_structured_parse_and_answer_analysis_review
/Users/shidianjin/Documents/高考英语/2019·高考英语真题/2019年高考英语试卷（新课标Ⅱ卷）（解析卷）.doc,2019·高考英语真题/2019年高考英语试卷（新课标Ⅱ卷）（解析卷）.doc,.doc,102400,paper_only_candidate,full_paper_candidate,review_required,path/name indicates a complete examination paper or mock exam,do_not_publish_until_structured_parse_and_answer_analysis_review
/Users/shidianjin/Documents/高考英语/2019·高考英语真题/2019年高考英语试卷（新课标Ⅲ卷）（空白卷）.doc,2019·高考英语真题/2019年高考英语试卷（新课标Ⅲ卷）（空白卷）.doc,.doc,59392,paper_only_candidate,full_paper_candidate,review_required,path/name indicates a complete examination paper or mock exam,do_not_publish_until_structured_parse_and_answer_analysis_review
/Users/shidianjin/Documents/高考英语/2019·高考英语真题/2019年高考英语试卷（新课标Ⅲ卷）（解析卷）.doc,2019·高考英语真题/2019年高考英语试卷（新课标Ⅲ卷）（解析卷）.doc,.doc,104448,paper_only_candidate,full_paper_candidate,review_required,path/name indicates a complete examination paper or mock exam,do_not_publish_until_structured_parse_and_answer_analysis_review
/Users/shidianjin/Documents/高考英语/2019·高考英语真题/2019年高考英语试卷（江苏）听力音频.mp3,2019·高考英语真题/2019年高考英语试卷（江苏）听力音频.mp3,.mp3,21447158,paper_only_candidate,"full_paper_candidate,media_source",review_required,path/name indicates a complete examination paper or mock exam; audio/video source asset; establish mapping only,do_not_publish_until_structured_parse_and_answer_analysis_review
/Users/shidianjin/Documents/高考英语/2019·高考英语真题/2019年高考英语试卷（江苏）（空白卷）   .doc,2019·高考英语真题/2019年高考英语试卷（江苏）（空白卷）   .doc,.doc,459264,paper_only_candidate,full_paper_candidate,review_required,path/name indicates a complete examination paper or mock exam,do_not_publish_until_structured_parse_and_answer_analysis_review
/Users/shidianjin/Documents/高考英语/2019·高考英语真题/2019年高考英语试卷（江苏）（解析卷）   .doc,2019·高考英语真题/2019年高考英语试卷（江苏）（解析卷）   .doc,.doc,498176,paper_only_candidate,full_paper_candidate,review_required,path/name indicates a complete examination paper or mock exam,do_not_publish_until_structured_parse_and_answer_analysis_review
/Users/shidianjin/Documents/高考英语/2019·高考英语真题/2019年高考英语试卷（浙江）（6月）听力音频.mp3,2019·高考英语真题/2019年高考英语试卷（浙江）（6月）听力音频.mp3,.mp3,22507648,paper_only_candidate,"full_paper_candidate,media_source",review_required,path/name indicates a complete examination paper or mock exam; audio/video source asset; establish mapping only,do_not_publish_until_structured_parse_and_answer_analysis_review
/Users/shidianjin/Documents/高考英语/2019·高考英语真题/2019年高考英语试卷（浙江）（6月）（空白卷）.doc,2019·高考英语真题/2019年高考英语试卷（浙江）（6月）（空白卷）.doc,.doc,65536,paper_only_candidate,full_paper_candidate,review_required,path/name indicates a complete examination paper or mock exam,do_not_publish_until_structured_parse_and_answer_analysis_review
/Users/shidianjin/Documents/高考英语/2019·高考英语真题/2019年高考英语试卷（浙江）（6月）（解析卷）.doc,2019·高考英语真题/2019年高考英语试卷（浙江）（6月）（解析卷）.doc,.doc,105472,paper_only_candidate,full_paper_candidate,review_required,path/name indicates a complete examination paper or mock exam,do_not_publish_until_structured_parse_and_answer_analysis_review
/Users/shidianjin/Documents/高考英语/2019年/1.mp3,2019年/1.mp3,.mp3,175759,review_required,media_source,review_required,audio/video source asset; establish mapping only,do_not_publish_until_structured_parse_and_answer_analysis_review
/Users/shidianjin/Documents/高考英语/2019年/10.mp3,2019年/10.mp3,.mp3,1165068,review_required,media_source,review_required,audio/video source asset; establish mapping only,do_not_publish_until_structured_parse_and_answer_analysis_review
/Users/shidianjin/Documents/高考英语/2019年/2.mp3,2019年/2.mp3,.mp3,200000,review_required,media_source,review_required,audio/video source asset; establish mapping only,do_not_publish_until_structured_parse_and_answer_analysis_review
/Users/shidianjin/Documents/高考英语/2019年/2019年全国统一高考英语试卷（新课标Ⅰ）（原卷版）.doc,2019年/2019年全国统一高考英语试卷（新课标Ⅰ）（原卷版）.doc,.doc,96256,paper_only_candidate,full_paper_candidate,review_required,path/name indicates a complete examination paper or mock exam,do_not_publish_until_structured_parse_and_answer_analysis_review
/Users/shidianjin/Documents/高考英语/2019年/2019年全国统一高考英语试卷（新课标Ⅰ）（解析版）.doc,2019年/2019年全国统一高考英语试卷（新课标Ⅰ）（解析版）.doc,.doc,214016,paper_only_candidate,full_paper_candidate,review_required,path/name indicates a complete examination paper or mock exam,do_not_publish_until_structured_parse_and_answer_analysis_review
/Users/shidianjin/Documents/高考英语/2019年/3.mp3,2019年/3.mp3,.mp3,183700,review_required,media_source,review_required,audio/video source asset; establish mapping only,do_not_publish_until_structured_parse_and_answer_analysis_review
/Users/shidianjin/Documents/高考英语/2019年/4.mp3,2019年/4.mp3,.mp3,186417,review_required,media_source,review_required,audio/video source asset; establish mapping only,do_not_publish_until_structured_parse_and_answer_analysis_review
/Users/shidianjin/Documents/高考英语/2019年/5.mp3,2019年/5.mp3,.mp3,155906,review_required,media_source,review_required,audio/video source asset; establish mapping only,do_not_publish_until_structured_parse_and_answer_analysis_review
/Users/shidianjin/Documents/高考英语/2019年/6.mp3,2019年/6.mp3,.mp3,599151,review_required,media_source,review_required,audio/video source asset; establish mapping only,do_not_publish_until_structured_parse_and_answer_analysis_review
/Users/shidianjin/Documents/高考英语/2019年/7.mp3,2019年/7.mp3,.mp3,1014812,review_required,media_source,review_required,audio/video source asset; establish mapping only,do_not_publish_until_structured_parse_and_answer_analysis_review
/Users/shidianjin/Documents/高考英语/2019年/8.mp3,2019年/8.mp3,.mp3,1365898,review_required,media_source,review_required,audio/video source asset; establish mapping only,do_not_publish_until_structured_parse_and_answer_analysis_review
/Users/shidianjin/Documents/高考英语/2019年/9.mp3,2019年/9.mp3,.mp3,1435697,review_required,media_source,review_required,audio/video source asset; establish mapping only,do_not_publish_until_structured_parse_and_answer_analysis_review
/Users/shidianjin/Documents/高考英语/2020·高考英语真题/2020年高考英语试卷（上海）（春考）听力音频.mp3,2020·高考英语真题/2020年高考英语试卷（上海）（春考）听力音频.mp3,.mp3,3885264,paper_only_candidate,"full_paper_candidate,media_source",review_required,path/name indicates a complete examination paper or mock exam; audio/video source asset; establish mapping only,do_not_publish_until_structured_parse_and_answer_analysis_review
/Users/shidianjin/Documents/高考英语/2020·高考英语真题/2020年高考英语试卷（上海）（春考）（空白卷）.doc,2020·高考英语真题/2020年高考英语试卷（上海）（春考）（空白卷）.doc,.doc,222208,paper_only_candidate,full_paper_candidate,review_required,path/name indicates a complete examination paper or mock exam,do_not_publish_until_structured_parse_and_answer_analysis_review
/Users/shidianjin/Documents/高考英语/2020·高考英语真题/2020年高考英语试卷（上海）（春考）（解析卷）.doc,2020·高考英语真题/2020年高考英语试卷（上海）（春考）（解析卷）.doc,.doc,249344,paper_only_candidate,full_paper_candidate,review_required,path/name indicates a complete examination paper or mock exam,do_not_publish_until_structured_parse_and_answer_analysis_review
/Users/shidianjin/Documents/高考英语/2020·高考英语真题/2020年高考英语试卷（上海）（秋考）听力音频.mp3,2020·高考英语真题/2020年高考英语试卷（上海）（秋考）听力音频.mp3,.mp3,7710381,paper_only_candidate,"full_paper_candidate,media_source",review_required,path/name indicates a complete examination paper or mock exam; audio/video source asset; establish mapping only,do_not_publish_until_structured_parse_and_answer_analysis_review
/Users/shidianjin/Documents/高考英语/2020·高考英语真题/2020年高考英语试卷（上海）（秋考）（空白卷）.docx,2020·高考英语真题/2020年高考英语试卷（上海）（秋考）（空白卷）.docx,.docx,28165,paper_only_candidate,full_paper_candidate,review_required,path/name indicates a complete examination paper or mock exam,do_not_publish_until_structured_parse_and_answer_analysis_review
/Users/shidianjin/Documents/高考英语/2020·高考英语真题/2020年高考英语试卷（上海）（秋考）（解析卷）.docx,2020·高考英语真题/2020年高考英语试卷（上海）（秋考）（解析卷）.docx,.docx,62842,paper_only_candidate,full_paper_candidate,review_required,path/name indicates a complete examination paper or mock exam,do_not_publish_until_structured_parse_and_answer_analysis_review
/Users/shidianjin/Documents/高考英语/2020·高考英语真题/2020年高考英语试卷（北京）（机考 无听力）（空白卷）.doc,2020·高考英语真题/2020年高考英语试卷（北京）（机考 无听力）（空白卷）.doc,.doc,167936,paper_only_candidate,full_paper_candidate,review_required,path/name indicates a complete examination paper or mock exam,do_not_publish_until_structured_parse_and_answer_analysis_review
/Users/shidianjin/Documents/高考英语/2020·高考英语真题/2020年高考英语试卷（北京）（机考 无听力）（解析卷）.doc,2020·高考英语真题/2020年高考英语试卷（北京）（机考 无听力）（解析卷）.doc,.doc,400896,paper_only_candidate,full_paper_candidate,review_required,path/name indicates a complete examination paper or mock exam,do_not_publish_until_structured_parse_and_answer_analysis_review
/Users/shidianjin/Documents/高考英语/2020·高考英语真题/2020年高考英语试卷（天津）（第一次）（空白卷）.docx,2020·高考英语真题/2020年高考英语试卷（天津）（第一次）（空白卷）.docx,.docx,36910,paper_only_candidate,full_paper_candidate,review_required,path/name indicates a complete examination paper or mock exam,do_not_publish_until_structured_parse_and_answer_analysis_review
/Users/shidianjin/Documents/高考英语/2020·高考英语真题/2020年高考英语试卷（天津）（第一次）（答案版）.docx,2020·高考英语真题/2020年高考英语试卷（天津）（第一次）（答案版）.docx,.docx,38597,paper_only_candidate,full_paper_candidate,review_required,path/name indicates a complete examination paper or mock exam,do_not_publish_until_structured_parse_and_answer_analysis_review
/Users/shidianjin/Documents/高考英语/2020·高考英语真题/2020年高考英语试卷（天津）（第二次）（空白卷）.doc,2020·高考英语真题/2020年高考英语试卷（天津）（第二次）（空白卷）.doc,.doc,102912,paper_only_candidate,full_paper_candidate,review_required,path/name indicates a complete examination paper or mock exam,do_not_publish_until_structured_parse_and_answer_analysis_review
/Users/shidianjin/Documents/高考英语/2020·高考英语真题/2020年高考英语试卷（天津）（第二次）（解析版）.doc,2020·高考英语真题/2020年高考英语试卷（天津）（第二次）（解析版）.doc,.doc,115200,paper_only_candidate,full_paper_candidate,review_required,path/name indicates a complete examination paper or mock exam,do_not_publish_until_structured_parse_and_answer_analysis_review
/Users/shidianjin/Documents/高考英语/2020·高考英语真题/2020年高考英语试卷（新课标Ⅰ卷）（版本一）听力音频.mp3,2020·高考英语真题/2020年高考英语试卷（新课标Ⅰ卷）（版本一）听力音频.mp3,.mp3,11398627,paper_only_candidate,"full_paper_candidate,media_source",review_required,path/name indicates a complete examination paper or mock exam; audio/video source asset; establish mapping only,do_not_publish_until_structured_parse_and_answer_analysis_review
/Users/shidianjin/Documents/高考英语/2020·高考英语真题/2020年高考英语试卷（新课标Ⅰ卷）（空白卷）.doc,2020·高考英语真题/2020年高考英语试卷（新课标Ⅰ卷）（空白卷）.doc,.doc,74752,paper_only_candidate,full_paper_candidate,review_required,path/name indicates a complete examination paper or mock exam,do_not_publish_until_structured_parse_and_answer_analysis_review
/Users/shidianjin/Documents/高考英语/2020·高考英语真题/2020年高考英语试卷（新课标Ⅰ卷）（解析卷）.doc,2020·高考英语真题/2020年高考英语试卷（新课标Ⅰ卷）（解析卷）.doc,.doc,385536,paper_only_candidate,full_paper_candidate,review_required,path/name indicates a complete examination paper or mock exam,do_not_publish_until_structured_parse_and_answer_analysis_review
/Users/shidianjin/Documents/高考英语/2020·高考英语真题/2020年高考英语试卷（新课标Ⅱ卷）听力音频.mp3,2020·高考英语真题/2020年高考英语试卷（新课标Ⅱ卷）听力音频.mp3,.mp3,10220609,paper_only_candidate,"full_paper_candidate,media_source",review_required,path/name indicates a complete examination paper or mock exam; audio/video source asset; establish mapping only,do_not_publish_until_structured_parse_and_answer_analysis_review
/Users/shidianjin/Documents/高考英语/2020·高考英语真题/2020年高考英语试卷（新课标Ⅱ卷）（空白卷）.doc,2020·高考英语真题/2020年高考英语试卷（新课标Ⅱ卷）（空白卷）.doc,.doc,61952,paper_only_candidate,full_paper_candidate,review_required,path/name indicates a complete examination paper or mock exam,do_not_publish_until_structured_parse_and_answer_analysis_review
/Users/shidianjin/Documents/高考英语/2020·高考英语真题/2020年高考英语试卷（新课标Ⅱ卷）（解析卷）.doc,2020·高考英语真题/2020年高考英语试卷（新课标Ⅱ卷）（解析卷）.doc,.doc,102400,paper_only_candidate,full_paper_candidate,review_required,path/name indicates a complete examination paper or mock exam,do_not_publish_until_structured_parse_and_answer_analysis_review
/Users/shidianjin/Documents/高考英语/2020·高考英语真题/2020年高考英语试卷（新课标Ⅲ卷）（空白卷）.doc,2020·高考英语真题/2020年高考英语试卷（新课标Ⅲ卷）（空白卷）.doc,.doc,59392,paper_only_candidate,full_paper_candidate,review_required,path/name indicates a complete examination paper or mock exam,do_not_publish_until_structured_parse_and_answer_analysis_review
/Users/shidianjin/Documents/高考英语/2020·高考英语真题/2020年高考英语试卷（新课标Ⅲ卷）（解析卷）.doc,2020·高考英语真题/2020年高考英语试卷（新课标Ⅲ卷）（解析卷）.doc,.doc,368128,paper_only_candidate,full_paper_candidate,review_required,path/name indicates a complete examination paper or mock exam,do_not_publish_until_structured_parse_and_answer_analysis_review
/Users/shidianjin/Documents/高考英语/2020·高考英语真题/2020年高考英语试卷（新高考Ⅰ卷）（山东第1次）听力音频.mp3,2020·高考英语真题/2020年高考英语试卷（新高考Ⅰ卷）（山东第1次）听力音频.mp3,.mp3,5285138,paper_only_candidate,"full_paper_candidate,media_source",review_required,path/name indicates a complete examination paper or mock exam; audio/video source asset; establish mapping only,do_not_publish_until_structured_parse_and_answer_analysis_review
/Users/shidianjin/Documents/高考英语/2020·高考英语真题/2020年高考英语试卷（新高考Ⅰ卷）（山东第2次）听力音频.mp3,2020·高考英语真题/2020年高考英语试卷（新高考Ⅰ卷）（山东第2次）听力音频.mp3,.mp3,10746985,paper_only_candidate,"full_paper_candidate,media_source",review_required,path/name indicates a complete examination paper or mock exam; audio/video source asset; establish mapping only,do_not_publish_until_structured_parse_and_answer_analysis_review
/Users/shidianjin/Documents/高考英语/2020·高考英语真题/2020年高考英语试卷（新高考Ⅰ卷）（山东）（听力试题及答案）.doc,2020·高考英语真题/2020年高考英语试卷（新高考Ⅰ卷）（山东）（听力试题及答案）.doc,.doc,55296,paper_only_candidate,full_paper_candidate,review_required,path/name indicates a complete examination paper or mock exam,do_not_publish_until_structured_parse_and_answer_analysis_review
/Users/shidianjin/Documents/高考英语/2020·高考英语真题/2020年高考英语试卷（新高考Ⅰ卷）（山东）（空白卷）.doc,2020·高考英语真题/2020年高考英语试卷（新高考Ⅰ卷）（山东）（空白卷）.doc,.doc,56320,paper_only_candidate,full_paper_candidate,review_required,path/name indicates a complete examination paper or mock exam,do_not_publish_until_structured_parse_and_answer_analysis_review
/Users/shidianjin/Documents/高考英语/2020·高考英语真题/2020年高考英语试卷（新高考Ⅰ卷）（山东）（解析卷） .doc,2020·高考英语真题/2020年高考英语试卷（新高考Ⅰ卷）（山东）（解析卷） .doc,.doc,89088,paper_only_candidate,full_paper_candidate,review_required,path/name indicates a complete examination paper or mock exam,do_not_publish_until_structured_parse_and_answer_analysis_review
/Users/shidianjin/Documents/高考英语/2020·高考英语真题/2020年高考英语试卷（新高考Ⅱ卷）（海南）听力音频.mp3,2020·高考英语真题/2020年高考英语试卷（新高考Ⅱ卷）（海南）听力音频.mp3,.mp3,9752912,paper_only_candidate,"full_paper_candidate,media_source",review_required,path/name indicates a complete examination paper or mock exam; audio/video source asset; establish mapping only,do_not_publish_until_structured_parse_and_answer_analysis_review
/Users/shidianjin/Documents/高考英语/2020·高考英语真题/2020年高考英语试卷（新高考Ⅱ卷）（海南）（空白卷）.docx,2020·高考英语真题/2020年高考英语试卷（新高考Ⅱ卷）（海南）（空白卷）.docx,.docx,43849,paper_only_candidate,full_paper_candidate,review_required,path/name indicates a complete examination paper or mock exam,do_not_publish_until_structured_parse_and_answer_analysis_review
/Users/shidianjin/Documents/高考英语/2020·高考英语真题/2020年高考英语试卷（新高考Ⅱ卷）（海南）（解析卷）.doc,2020·高考英语真题/2020年高考英语试卷（新高考Ⅱ卷）（海南）（解析卷）.doc,.doc,160256,paper_only_candidate,full_paper_candidate,review_required,path/name indicates a complete examination paper or mock exam,do_not_publish_until_structured_parse_and_answer_analysis_review
/Users/shidianjin/Documents/高考英语/2020·高考英语真题/2020年高考英语试卷（江苏）听力音频.mp3,2020·高考英语真题/2020年高考英语试卷（江苏）听力音频.mp3,.mp3,20441162,paper_only_candidate,"full_paper_candidate,media_source",review_required,path/name indicates a complete examination paper or mock exam; audio/video source asset; establish mapping only,do_not_publish_until_structured_parse_and_answer_analysis_review
/Users/shidianjin/Documents/高考英语/2020·高考英语真题/2020年高考英语试卷（江苏）（空白卷）   .doc,2020·高考英语真题/2020年高考英语试卷（江苏）（空白卷）   .doc,.doc,75776,paper_only_candidate,full_paper_candidate,review_required,path/name indicates a complete examination paper or mock exam,do_not_publish_until_structured_parse_and_answer_analysis_review
/Users/shidianjin/Documents/高考英语/2020·高考英语真题/2020年高考英语试卷（江苏）（解析卷）   .doc,2020·高考英语真题/2020年高考英语试卷（江苏）（解析卷）   .doc,.doc,123392,paper_only_candidate,full_paper_candidate,review_required,path/name indicates a complete examination paper or mock exam,do_not_publish_until_structured_parse_and_answer_analysis_review
/Users/shidianjin/Documents/高考英语/2020·高考英语真题/2020年高考英语试卷（浙江）（1月）听力音频.mp3,2020·高考英语真题/2020年高考英语试卷（浙江）（1月）听力音频.mp3,.mp3,21229529,paper_only_candidate,"full_paper_candidate,media_source",review_required,path/name indicates a complete examination paper or mock exam; audio/video source asset; establish mapping only,do_not_publish_until_structured_parse_and_answer_analysis_review
/Users/shidianjin/Documents/高考英语/2020·高考英语真题/2020年高考英语试卷（浙江）（1月）（空白卷）.docx,2020·高考英语真题/2020年高考英语试卷（浙江）（1月）（空白卷）.docx,.docx,28017,paper_only_candidate,full_paper_candidate,review_required,path/name indicates a complete examination paper or mock exam,do_not_publish_until_structured_parse_and_answer_analysis_review
/Users/shidianjin/Documents/高考英语/2020·高考英语真题/2020年高考英语试卷（浙江）（1月）（解析卷）.docx,2020·高考英语真题/2020年高考英语试卷（浙江）（1月）（解析卷）.docx,.docx,40636,paper_only_candidate,full_paper_candidate,review_required,path/name indicates a complete examination paper or mock exam,do_not_publish_until_structured_parse_and_answer_analysis_review
/Users/shidianjin/Documents/高考英语/2020·高考英语真题/2020年高考英语试卷（浙江）（7月）听力音频.mp3,2020·高考英语真题/2020年高考英语试卷（浙江）（7月）听力音频.mp3,.mp3,9752286,paper_only_candidate,"full_paper_candidate,media_source",review_required,path/name indicates a complete examination paper or mock exam; audio/video source asset; establish mapping only,do_not_publish_until_structured_parse_and_answer_analysis_review
/Users/shidianjin/Documents/高考英语/2020·高考英语真题/2020年高考英语试卷（浙江）（7月）（空白卷）.doc,2020·高考英语真题/2020年高考英语试卷（浙江）（7月）（空白卷）.doc,.doc,55808,paper_only_candidate,full_paper_candidate,review_required,path/name indicates a complete examination paper or mock exam,do_not_publish_until_structured_parse_and_answer_analysis_review
/Users/shidianjin/Documents/高考英语/2020·高考英语真题/2020年高考英语试卷（浙江）（7月）（解析卷）.doc,2020·高考英语真题/2020年高考英语试卷（浙江）（7月）（解析卷）.doc,.doc,100864,paper_only_candidate,full_paper_candidate,review_required,path/name indicates a complete examination paper or mock exam,do_not_publish_until_structured_parse_and_answer_analysis_review
/Users/shidianjin/Documents/高考英语/2020年/2020年广东高考英语听说考试真题 Test C/2020年广东高考英语听说考试真题 Test C.docx,2020年/2020年广东高考英语听说考试真题 Test C/2020年广东高考英语听说考试真题 Test C.docx,.docx,16378,paper_only_candidate,full_paper_candidate,review_required,path/name indicates a complete examination paper or mock exam,do_not_publish_until_structured_parse_and_answer_analysis_review
/Users/shidianjin/Documents/高考英语/2020年/2020年广东高考英语听说考试真题 Test C/2020年广东高考英语听说考试真题 Test C.mp3,2020年/2020年广东高考英语听说考试真题 Test C/2020年广东高考英语听说考试真题 Test C.mp3,.mp3,10831149,paper_only_candidate,"full_paper_candidate,media_source",review_required,path/name indicates a complete examination paper or mock exam; audio/video source asset; establish mapping only,do_not_publish_until_structured_parse_and_answer_analysis_review
/Users/shidianjin/Documents/高考英语/2020年/2020年广东高考英语听说考试真题 Test D/2020年广东高考英语听说考试真题 Test D.docx,2020年/2020年广东高考英语听说考试真题 Test D/2020年广东高考英语听说考试真题 Test D.docx,.docx,13998,paper_only_candidate,full_paper_candidate,review_required,path/name indicates a complete examination paper or mock exam,do_not_publish_until_structured_parse_and_answer_analysis_review
/Users/shidianjin/Documents/高考英语/2020年/2020年广东高考英语听说考试真题 Test D/2020年广东高考英语听说考试真题 Test D.mp3,2020年/2020年广东高考英语听说考试真题 Test D/2020年广东高考英语听说考试真题 Test D.mp3,.mp3,10862061,paper_only_candidate,"full_paper_candidate,media_source",review_required,path/name indicates a complete examination paper or mock exam; audio/video source asset; establish mapping only,do_not_publish_until_structured_parse_and_answer_analysis_review
/Users/shidianjin/Documents/高考英语/2020年/2020年高考全国1英语高考真题-全国高考真题解析/2020年全国统一高考英语试卷（新课标Ⅰ）听力A版（解析版）.doc,2020年/2020年高考全国1英语高考真题-全国高考真题解析/2020年全国统一高考英语试卷（新课标Ⅰ）听力A版（解析版）.doc,.doc,684544,paper_only_candidate,full_paper_candidate,review_required,path/name indicates a complete examination paper or mock exam,do_not_publish_until_structured_parse_and_answer_analysis_review
/Users/shidianjin/Documents/高考英语/2020年/2020年高考全国1英语高考真题-全国高考真题解析/2020年（新课标Ⅰ）听力A版（原卷版）.doc,2020年/2020年高考全国1英语高考真题-全国高考真题解析/2020年（新课标Ⅰ）听力A版（原卷版）.doc,.doc,105472,paper_only_candidate,full_paper_candidate,review_required,path/name indicates a complete examination paper or mock exam,do_not_publish_until_structured_parse_and_answer_analysis_review
/Users/shidianjin/Documents/高考英语/2021·高考英语真题/2021年高考英语试卷（上海）（春考）听力音频.mp3,2021·高考英语真题/2021年高考英语试卷（上海）（春考）听力音频.mp3,.mp3,7631352,paper_only_candidate,"full_paper_candidate,media_source",review_required,path/name indicates a complete examination paper or mock exam; audio/video source asset; establish mapping only,do_not_publish_until_structured_parse_and_answer_analysis_review
/Users/shidianjin/Documents/高考英语/2021·高考英语真题/2021年高考英语试卷（上海）（春考）（空白卷）.docx,2021·高考英语真题/2021年高考英语试卷（上海）（春考）（空白卷）.docx,.docx,29226,paper_only_candidate,full_paper_candidate,review_required,path/name indicates a complete examination paper or mock exam,do_not_publish_until_structured_parse_and_answer_analysis_review
/Users/shidianjin/Documents/高考英语/2021·高考英语真题/2021年高考英语试卷（上海）（春考）（解析卷）.docx,2021·高考英语真题/2021年高考英语试卷（上海）（春考）（解析卷）.docx,.docx,48680,paper_only_candidate,full_paper_candidate,review_required,path/name indicates a complete examination paper or mock exam,do_not_publish_until_structured_parse_and_answer_analysis_review
/Users/shidianjin/Documents/高考英语/2021·高考英语真题/2021年高考英语试卷（上海）（秋考）听力音频.mp3,2021·高考英语真题/2021年高考英语试卷（上海）（秋考）听力音频.mp3,.mp3,7639711,paper_only_candidate,"full_paper_candidate,media_source",review_required,path/name indicates a complete examination paper or mock exam; audio/video source asset; establish mapping only,do_not_publish_until_structured_parse_and_answer_analysis_review
/Users/shidianjin/Documents/高考英语/2021·高考英语真题/2021年高考英语试卷（上海）（秋考）（空白卷）.docx,2021·高考英语真题/2021年高考英语试卷（上海）（秋考）（空白卷）.docx,.docx,92018,paper_only_candidate,full_paper_candidate,review_required,path/name indicates a complete examination paper or mock exam,do_not_publish_until_structured_parse_and_answer_analysis_review
/Users/shidianjin/Documents/高考英语/2021·高考英语真题/2021年高考英语试卷（上海）（秋考）（解析卷）.docx,2021·高考英语真题/2021年高考英语试卷（上海）（秋考）（解析卷）.docx,.docx,111986,paper_only_candidate,full_paper_candidate,review_required,path/name indicates a complete examination paper or mock exam,do_not_publish_until_structured_parse_and_answer_analysis_review
/Users/shidianjin/Documents/高考英语/2021·高考英语真题/2021年高考英语试卷（全国乙卷）（新课标Ⅰ）（空白卷）.doc,2021·高考英语真题/2021年高考英语试卷（全国乙卷）（新课标Ⅰ）（空白卷）.doc,.doc,72704,paper_only_candidate,full_paper_candidate,review_required,path/name indicates a complete examination paper or mock exam,do_not_publish_until_structured_parse_and_answer_analysis_review
/Users/shidianjin/Documents/高考英语/2021·高考英语真题/2021年高考英语试卷（全国乙卷）（新课标Ⅰ）（解析卷）.docx,2021·高考英语真题/2021年高考英语试卷（全国乙卷）（新课标Ⅰ）（解析卷）.docx,.docx,58866,paper_only_candidate,full_paper_candidate,review_required,path/name indicates a complete examination paper or mock exam,do_not_publish_until_structured_parse_and_answer_analysis_review
/Users/shidianjin/Documents/高考英语/2021·高考英语真题/2021年高考英语试卷（全国甲卷）听力音频.mp3,2021·高考英语真题/2021年高考英语试卷（全国甲卷）听力音频.mp3,.mp3,9600163,paper_only_candidate,"full_paper_candidate,media_source",review_required,path/name indicates a complete examination paper or mock exam; audio/video source asset; establish mapping only,do_not_publish_until_structured_parse_and_answer_analysis_review
/Users/shidianjin/Documents/高考英语/2021·高考英语真题/2021年高考英语试卷（全国甲卷）（空白卷）.doc,2021·高考英语真题/2021年高考英语试卷（全国甲卷）（空白卷）.doc,.doc,65024,paper_only_candidate,full_paper_candidate,review_required,path/name indicates a complete examination paper or mock exam,do_not_publish_until_structured_parse_and_answer_analysis_review
/Users/shidianjin/Documents/高考英语/2021·高考英语真题/2021年高考英语试卷（全国甲卷）（解析卷）.doc,2021·高考英语真题/2021年高考英语试卷（全国甲卷）（解析卷）.doc,.doc,117760,paper_only_candidate,full_paper_candidate,review_required,path/name indicates a complete examination paper or mock exam,do_not_publish_until_structured_parse_and_answer_analysis_review
/Users/shidianjin/Documents/高考英语/2021·高考英语真题/2021年高考英语试卷（北京）（机考 无听力）（空白卷）.doc,2021·高考英语真题/2021年高考英语试卷（北京）（机考 无听力）（空白卷）.doc,.doc,1905664,paper_only_candidate,full_paper_candidate,review_required,path/name indicates a complete examination paper or mock exam,do_not_publish_until_structured_parse_and_answer_analysis_review
/Users/shidianjin/Documents/高考英语/2021·高考英语真题/2021年高考英语试卷（北京）（机考 无听力）（解析卷）.doc,2021·高考英语真题/2021年高考英语试卷（北京）（机考 无听力）（解析卷）.doc,.doc,3521536,paper_only_candidate,full_paper_candidate,review_required,path/name indicates a complete examination paper or mock exam,do_not_publish_until_structured_parse_and_answer_analysis_review
/Users/shidianjin/Documents/高考英语/2021·高考英语真题/2021年高考英语试卷（天津）（第一次）（空白卷）.docx,2021·高考英语真题/2021年高考英语试卷（天津）（第一次）（空白卷）.docx,.docx,30082,paper_only_candidate,full_paper_candidate,review_required,path/name indicates a complete examination paper or mock exam,do_not_publish_until_structured_parse_and_answer_analysis_review
/Users/shidianjin/Documents/高考英语/2021·高考英语真题/2021年高考英语试卷（天津）（第一次）（解析卷）.docx,2021·高考英语真题/2021年高考英语试卷（天津）（第一次）（解析卷）.docx,.docx,62725,paper_only_candidate,full_paper_candidate,review_required,path/name indicates a complete examination paper or mock exam,do_not_publish_until_structured_parse_and_answer_analysis_review
/Users/shidianjin/Documents/高考英语/2021·高考英语真题/2021年高考英语试卷（天津）（第二次）（空白卷）.docx,2021·高考英语真题/2021年高考英语试卷（天津）（第二次）（空白卷）.docx,.docx,36098,paper_only_candidate,full_paper_candidate,review_required,path/name indicates a complete examination paper or mock exam,do_not_publish_until_structured_parse_and_answer_analysis_review
/Users/shidianjin/Documents/高考英语/2021·高考英语真题/2021年高考英语试卷（天津）（第二次）（解析卷）.docx,2021·高考英语真题/2021年高考英语试卷（天津）（第二次）（解析卷）.docx,.docx,61648,paper_only_candidate,full_paper_candidate,review_required,path/name indicates a complete examination paper or mock exam,do_not_publish_until_structured_parse_and_answer_analysis_review
/Users/shidianjin/Documents/高考英语/2021·高考英语真题/2021年高考英语试卷（新高考Ⅰ卷）听力音频.mp3,2021·高考英语真题/2021年高考英语试卷（新高考Ⅰ卷）听力音频.mp3,.mp3,9595774,paper_only_candidate,"full_paper_candidate,media_source",review_required,path/name indicates a complete examination paper or mock exam; audio/video source asset; establish mapping only,do_not_publish_until_structured_parse_and_answer_analysis_review
/Users/shidianjin/Documents/高考英语/2021·高考英语真题/2021年高考英语试卷（新高考Ⅰ卷）（空白卷）.doc,2021·高考英语真题/2021年高考英语试卷（新高考Ⅰ卷）（空白卷）.doc,.doc,64000,paper_only_candidate,full_paper_candidate,review_required,path/name indicates a complete examination paper or mock exam,do_not_publish_until_structured_parse_and_answer_analysis_review
/Users/shidianjin/Documents/高考英语/2021·高考英语真题/2021年高考英语试卷（新高考Ⅰ卷）（解析卷）.doc,2021·高考英语真题/2021年高考英语试卷（新高考Ⅰ卷）（解析卷）.doc,.doc,109056,paper_only_candidate,full_paper_candidate,review_required,path/name indicates a complete examination paper or mock exam,do_not_publish_until_structured_parse_and_answer_analysis_review
/Users/shidianjin/Documents/高考英语/2021·高考英语真题/2021年高考英语试卷（新高考Ⅱ卷）听力音频.mp3,2021·高考英语真题/2021年高考英语试卷（新高考Ⅱ卷）听力音频.mp3,.mp3,22372101,paper_only_candidate,"full_paper_candidate,media_source",review_required,path/name indicates a complete examination paper or mock exam; audio/video source asset; establish mapping only,do_not_publish_until_structured_parse_and_answer_analysis_review
/Users/shidianjin/Documents/高考英语/2021·高考英语真题/2021年高考英语试卷（新高考Ⅱ卷）（空白卷）.doc,2021·高考英语真题/2021年高考英语试卷（新高考Ⅱ卷）（空白卷）.doc,.doc,58368,paper_only_candidate,full_paper_candidate,review_required,path/name indicates a complete examination paper or mock exam,do_not_publish_until_structured_parse_and_answer_analysis_review
/Users/shidianjin/Documents/高考英语/2021·高考英语真题/2021年高考英语试卷（新高考Ⅱ卷）（解析卷）.doc,2021·高考英语真题/2021年高考英语试卷（新高考Ⅱ卷）（解析卷）.doc,.doc,118272,paper_only_candidate,full_paper_candidate,review_required,path/name indicates a complete examination paper or mock exam,do_not_publish_until_structured_parse_and_answer_analysis_review
/Users/shidianjin/Documents/高考英语/2021·高考英语真题/2021年高考英语试卷（浙江）（1月）听力音频.mp3,2021·高考英语真题/2021年高考英语试卷（浙江）（1月）听力音频.mp3,.mp3,23063116,paper_only_candidate,"full_paper_candidate,media_source",review_required,path/name indicates a complete examination paper or mock exam; audio/video source asset; establish mapping only,do_not_publish_until_structured_parse_and_answer_analysis_review
/Users/shidianjin/Documents/高考英语/2021·高考英语真题/2021年高考英语试卷（浙江）（1月）（空白卷）.docx,2021·高考英语真题/2021年高考英语试卷（浙江）（1月）（空白卷）.docx,.docx,27221,paper_only_candidate,full_paper_candidate,review_required,path/name indicates a complete examination paper or mock exam,do_not_publish_until_structured_parse_and_answer_analysis_review
/Users/shidianjin/Documents/高考英语/2021·高考英语真题/2021年高考英语试卷（浙江）（1月）（解析卷）.doc,2021·高考英语真题/2021年高考英语试卷（浙江）（1月）（解析卷）.doc,.doc,110592,paper_only_candidate,full_paper_candidate,review_required,path/name indicates a complete examination paper or mock exam,do_not_publish_until_structured_parse_and_answer_analysis_review
/Users/shidianjin/Documents/高考英语/2021·高考英语真题/2021年高考英语试卷（浙江）（6月）听力音频.mp3,2021·高考英语真题/2021年高考英语试卷（浙江）（6月）听力音频.mp3,.mp3,8223405,paper_only_candidate,"full_paper_candidate,media_source",review_required,path/name indicates a complete examination paper or mock exam; audio/video source asset; establish mapping only,do_not_publish_until_structured_parse_and_answer_analysis_review
/Users/shidianjin/Documents/高考英语/2021·高考英语真题/2021年高考英语试卷（浙江）（6月）（空白卷）.doc,2021·高考英语真题/2021年高考英语试卷（浙江）（6月）（空白卷）.doc,.doc,59904,paper_only_candidate,full_paper_candidate,review_required,path/name indicates a complete examination paper or mock exam,do_not_publish_until_structured_parse_and_answer_analysis_review
/Users/shidianjin/Documents/高考英语/2021·高考英语真题/2021年高考英语试卷（浙江）（6月）（解析卷）.doc,2021·高考英语真题/2021年高考英语试卷（浙江）（6月）（解析卷）.doc,.doc,108544,paper_only_candidate,full_paper_candidate,review_required,path/name indicates a complete examination paper or mock exam,do_not_publish_until_structured_parse_and_answer_analysis_review
/Users/shidianjin/Documents/高考英语/2022·高考英语真题/2022年高考英语试卷（上海）（春考）听力音频.mp3,2022·高考英语真题/2022年高考英语试卷（上海）（春考）听力音频.mp3,.mp3,7413178,paper_only_candidate,"full_paper_candidate,media_source",review_required,path/name indicates a complete examination paper or mock exam; audio/video source asset; establish mapping only,do_not_publish_until_structured_parse_and_answer_analysis_review
/Users/shidianjin/Documents/高考英语/2022·高考英语真题/2022年高考英语试卷（上海）（春考）（空白卷） .doc,2022·高考英语真题/2022年高考英语试卷（上海）（春考）（空白卷） .doc,.doc,89088,paper_only_candidate,full_paper_candidate,review_required,path/name indicates a complete examination paper or mock exam,do_not_publish_until_structured_parse_and_answer_analysis_review
/Users/shidianjin/Documents/高考英语/2022·高考英语真题/2022年高考英语试卷（上海）（春考）（答案卷）.doc,2022·高考英语真题/2022年高考英语试卷（上海）（春考）（答案卷）.doc,.doc,115712,paper_only_candidate,full_paper_candidate,review_required,path/name indicates a complete examination paper or mock exam,do_not_publish_until_structured_parse_and_answer_analysis_review
/Users/shidianjin/Documents/高考英语/2022·高考英语真题/2022年高考英语试卷（上海）（秋考）听力音频.mp3,2022·高考英语真题/2022年高考英语试卷（上海）（秋考）听力音频.mp3,.mp3,7812775,paper_only_candidate,"full_paper_candidate,media_source",review_required,path/name indicates a complete examination paper or mock exam; audio/video source asset; establish mapping only,do_not_publish_until_structured_parse_and_answer_analysis_review
/Users/shidianjin/Documents/高考英语/2022·高考英语真题/2022年高考英语试卷（上海）（秋考）（空白卷）.docx,2022·高考英语真题/2022年高考英语试卷（上海）（秋考）（空白卷）.docx,.docx,57543,paper_only_candidate,full_paper_candidate,review_required,path/name indicates a complete examination paper or mock exam,do_not_publish_until_structured_parse_and_answer_analysis_review
/Users/shidianjin/Documents/高考英语/2022·高考英语真题/2022年高考英语试卷（上海）（秋考）（解析卷）.docx,2022·高考英语真题/2022年高考英语试卷（上海）（秋考）（解析卷）.docx,.docx,79034,paper_only_candidate,full_paper_candidate,review_required,path/name indicates a complete examination paper or mock exam,do_not_publish_until_structured_parse_and_answer_analysis_review
/Users/shidianjin/Documents/高考英语/2022·高考英语真题/2022年高考英语试卷（全国乙卷）听力音频.mp3,2022·高考英语真题/2022年高考英语试卷（全国乙卷）听力音频.mp3,.mp3,12228694,paper_only_candidate,"full_paper_candidate,media_source",review_required,path/name indicates a complete examination paper or mock exam; audio/video source asset; establish mapping only,do_not_publish_until_structured_parse_and_answer_analysis_review
/Users/shidianjin/Documents/高考英语/2022·高考英语真题/2022年高考英语试卷（全国乙卷）（空白卷）.docx,2022·高考英语真题/2022年高考英语试卷（全国乙卷）（空白卷）.docx,.docx,167523,paper_only_candidate,full_paper_candidate,review_required,path/name indicates a complete examination paper or mock exam,do_not_publish_until_structured_parse_and_answer_analysis_review
/Users/shidianjin/Documents/高考英语/2022·高考英语真题/2022年高考英语试卷（全国乙卷）（解析卷）.docx,2022·高考英语真题/2022年高考英语试卷（全国乙卷）（解析卷）.docx,.docx,185036,paper_only_candidate,full_paper_candidate,review_required,path/name indicates a complete examination paper or mock exam,do_not_publish_until_structured_parse_and_answer_analysis_review
/Users/shidianjin/Documents/高考英语/2022·高考英语真题/2022年高考英语试卷（全国甲卷）听力音频.mp3,2022·高考英语真题/2022年高考英语试卷（全国甲卷）听力音频.mp3,.mp3,4751659,paper_only_candidate,"full_paper_candidate,media_source",review_required,path/name indicates a complete examination paper or mock exam; audio/video source asset; establish mapping only,do_not_publish_until_structured_parse_and_answer_analysis_review
/Users/shidianjin/Documents/高考英语/2022·高考英语真题/2022年高考英语试卷（全国甲卷）（空白卷）.docx,2022·高考英语真题/2022年高考英语试卷（全国甲卷）（空白卷）.docx,.docx,30060,paper_only_candidate,full_paper_candidate,review_required,path/name indicates a complete examination paper or mock exam,do_not_publish_until_structured_parse_and_answer_analysis_review
/Users/shidianjin/Documents/高考英语/2022·高考英语真题/2022年高考英语试卷（全国甲卷）（解析卷）.docx,2022·高考英语真题/2022年高考英语试卷（全国甲卷）（解析卷）.docx,.docx,50638,paper_only_candidate,full_paper_candidate,review_required,path/name indicates a complete examination paper or mock exam,do_not_publish_until_structured_parse_and_answer_analysis_review
/Users/shidianjin/Documents/高考英语/2022·高考英语真题/2022年高考英语试卷（北京）（机考 无听力）（空白卷）.docx,2022·高考英语真题/2022年高考英语试卷（北京）（机考 无听力）（空白卷）.docx,.docx,30815,paper_only_candidate,full_paper_candidate,review_required,path/name indicates a complete examination paper or mock exam,do_not_publish_until_structured_parse_and_answer_analysis_review
/Users/shidianjin/Documents/高考英语/2022·高考英语真题/2022年高考英语试卷（北京）（机考 无听力）（解析卷）.docx,2022·高考英语真题/2022年高考英语试卷（北京）（机考 无听力）（解析卷）.docx,.docx,46924,paper_only_candidate,full_paper_candidate,review_required,path/name indicates a complete examination paper or mock exam,do_not_publish_until_structured_parse_and_answer_analysis_review
/Users/shidianjin/Documents/高考英语/2022·高考英语真题/2022年高考英语试卷（天津）（第一次）（空白卷）.docx,2022·高考英语真题/2022年高考英语试卷（天津）（第一次）（空白卷）.docx,.docx,155493,paper_only_candidate,full_paper_candidate,review_required,path/name indicates a complete examination paper or mock exam,do_not_publish_until_structured_parse_and_answer_analysis_review
/Users/shidianjin/Documents/高考英语/2022·高考英语真题/2022年高考英语试卷（天津）（第一次）（答案版）.docx,2022·高考英语真题/2022年高考英语试卷（天津）（第一次）（答案版）.docx,.docx,157880,paper_only_candidate,full_paper_candidate,review_required,path/name indicates a complete examination paper or mock exam,do_not_publish_until_structured_parse_and_answer_analysis_review
/Users/shidianjin/Documents/高考英语/2022·高考英语真题/2022年高考英语试卷（天津）（第二次）（空白卷）.docx,2022·高考英语真题/2022年高考英语试卷（天津）（第二次）（空白卷）.docx,.docx,29190,paper_only_candidate,full_paper_candidate,review_required,path/name indicates a complete examination paper or mock exam,do_not_publish_until_structured_parse_and_answer_analysis_review
/Users/shidianjin/Documents/高考英语/2022·高考英语真题/2022年高考英语试卷（天津）（第二次）（解析卷）.docx,2022·高考英语真题/2022年高考英语试卷（天津）（第二次）（解析卷）.docx,.docx,46915,paper_only_candidate,full_paper_candidate,review_required,path/name indicates a complete examination paper or mock exam,do_not_publish_until_structured_parse_and_answer_analysis_review
/Users/shidianjin/Documents/高考英语/2022·高考英语真题/2022年高考英语试卷（新高考Ⅰ卷）听力音频.mp3,2022·高考英语真题/2022年高考英语试卷（新高考Ⅰ卷）听力音频.mp3,.mp3,33423511,paper_only_candidate,"full_paper_candidate,media_source",review_required,path/name indicates a complete examination paper or mock exam; audio/video source asset; establish mapping only,do_not_publish_until_structured_parse_and_answer_analysis_review
/Users/shidianjin/Documents/高考英语/2022·高考英语真题/2022年高考英语试卷（新高考Ⅰ卷）（空白卷）.docx,2022·高考英语真题/2022年高考英语试卷（新高考Ⅰ卷）（空白卷）.docx,.docx,42919,paper_only_candidate,full_paper_candidate,review_required,path/name indicates a complete examination paper or mock exam,do_not_publish_until_structured_parse_and_answer_analysis_review
/Users/shidianjin/Documents/高考英语/2022·高考英语真题/2022年高考英语试卷（新高考Ⅰ卷）（解析卷）.docx,2022·高考英语真题/2022年高考英语试卷（新高考Ⅰ卷）（解析卷）.docx,.docx,62385,paper_only_candidate,full_paper_candidate,review_required,path/name indicates a complete examination paper or mock exam,do_not_publish_until_structured_parse_and_answer_analysis_review
/Users/shidianjin/Documents/高考英语/2022·高考英语真题/2022年高考英语试卷（新高考Ⅱ卷）听力音频.mp3,2022·高考英语真题/2022年高考英语试卷（新高考Ⅱ卷）听力音频.mp3,.mp3,11139075,paper_only_candidate,"full_paper_candidate,media_source",review_required,path/name indicates a complete examination paper or mock exam; audio/video source asset; establish mapping only,do_not_publish_until_structured_parse_and_answer_analysis_review
/Users/shidianjin/Documents/高考英语/2022·高考英语真题/2022年高考英语试卷（新高考Ⅱ卷）（空白卷）.docx,2022·高考英语真题/2022年高考英语试卷（新高考Ⅱ卷）（空白卷）.docx,.docx,43227,paper_only_candidate,full_paper_candidate,review_required,path/name indicates a complete examination paper or mock exam,do_not_publish_until_structured_parse_and_answer_analysis_review
/Users/shidianjin/Documents/高考英语/2022·高考英语真题/2022年高考英语试卷（新高考Ⅱ卷）（解析卷）.docx,2022·高考英语真题/2022年高考英语试卷（新高考Ⅱ卷）（解析卷）.docx,.docx,61806,paper_only_candidate,full_paper_candidate,review_required,path/name indicates a complete examination paper or mock exam,do_not_publish_until_structured_parse_and_answer_analysis_review
/Users/shidianjin/Documents/高考英语/2022·高考英语真题/2022年高考英语试卷（浙江）（1月）听力音频.mp3,2022·高考英语真题/2022年高考英语试卷（浙江）（1月）听力音频.mp3,.mp3,30806517,paper_only_candidate,"full_paper_candidate,media_source",review_required,path/name indicates a complete examination paper or mock exam; audio/video source asset; establish mapping only,do_not_publish_until_structured_parse_and_answer_analysis_review
/Users/shidianjin/Documents/高考英语/2022·高考英语真题/2022年高考英语试卷（浙江）（1月）（空白卷）.docx,2022·高考英语真题/2022年高考英语试卷（浙江）（1月）（空白卷）.docx,.docx,31319,paper_only_candidate,full_paper_candidate,review_required,path/name indicates a complete examination paper or mock exam,do_not_publish_until_structured_parse_and_answer_analysis_review
/Users/shidianjin/Documents/高考英语/2022·高考英语真题/2022年高考英语试卷（浙江）（1月）（解析卷）.docx,2022·高考英语真题/2022年高考英语试卷（浙江）（1月）（解析卷）.docx,.docx,56023,paper_only_candidate,full_paper_candidate,review_required,path/name indicates a complete examination paper or mock exam,do_not_publish_until_structured_parse_and_answer_analysis_review
/Users/shidianjin/Documents/高考英语/2022·高考英语真题/2022年高考英语试卷（浙江）（7月）听力音频.mp3,2022·高考英语真题/2022年高考英语试卷（浙江）（7月）听力音频.mp3,.mp3,11139911,paper_only_candidate,"full_paper_candidate,media_source",review_required,path/name indicates a complete examination paper or mock exam; audio/video source asset; establish mapping only,do_not_publish_until_structured_parse_and_answer_analysis_review
/Users/shidianjin/Documents/高考英语/2022·高考英语真题/2022年高考英语试卷（浙江）（7月）（空白卷）.docx,2022·高考英语真题/2022年高考英语试卷（浙江）（7月）（空白卷）.docx,.docx,29667,paper_only_candidate,full_paper_candidate,review_required,path/name indicates a complete examination paper or mock exam,do_not_publish_until_structured_parse_and_answer_analysis_review
/Users/shidianjin/Documents/高考英语/2022·高考英语真题/2022年高考英语试卷（浙江）（7月）（解析卷）.docx,2022·高考英语真题/2022年高考英语试卷（浙江）（7月）（解析卷）.docx,.docx,41810,paper_only_candidate,full_paper_candidate,review_required,path/name indicates a complete examination paper or mock exam,do_not_publish_until_structured_parse_and_answer_analysis_review
/Users/shidianjin/Documents/高考英语/2022年/2022年新高考1卷 ABCD篇+七五 -词汇精讲+长难句分析+全篇译文（原卷版）- 2022年高考英语真题深度解析.docx,2022年/2022年新高考1卷 ABCD篇+七五 -词汇精讲+长难句分析+全篇译文（原卷版）- 2022年高考英语真题深度解析.docx,.docx,194342,paper_only_candidate,"full_paper_candidate,knowledge_candidate",review_required,path/name indicates a complete examination paper or mock exam; path/name suggests explanatory knowledge material,do_not_publish_until_structured_parse_and_answer_analysis_review
/Users/shidianjin/Documents/高考英语/2022年/2022年新高考1卷 ABCD篇+七五 -词汇精讲+长难句分析+全篇译文（解析版）- 2022年高考英语真题深度解析.docx,2022年/2022年新高考1卷 ABCD篇+七五 -词汇精讲+长难句分析+全篇译文（解析版）- 2022年高考英语真题深度解析.docx,.docx,244707,paper_only_candidate,"full_paper_candidate,knowledge_candidate",review_required,path/name indicates a complete examination paper or mock exam; path/name suggests explanatory knowledge material,do_not_publish_until_structured_parse_and_answer_analysis_review
/Users/shidianjin/Documents/高考英语/2022年/2022年高考考前押题密卷（广东卷）（A4考试版）.docx,2022年/2022年高考考前押题密卷（广东卷）（A4考试版）.docx,.docx,230917,review_required,,review_required,no reliable filename classification signal,do_not_publish_until_structured_parse_and_answer_analysis_review
/Users/shidianjin/Documents/高考英语/2022年/广东省广州市实验、华附、深中、广雅四校联考2020-2021学年高二下学期期末英语试题（解析版）.docx,2022年/广东省广州市实验、华附、深中、广雅四校联考2020-2021学年高二下学期期末英语试题（解析版）.docx,.docx,634638,review_required,,review_required,no reliable filename classification signal,do_not_publish_until_structured_parse_and_answer_analysis_review
/Users/shidianjin/Documents/高考英语/2023·高考英语真题/2023年高考英语试卷（上海）（春考）听力音频.mp3,2023·高考英语真题/2023年高考英语试卷（上海）（春考）听力音频.mp3,.mp3,7707002,paper_only_candidate,"full_paper_candidate,media_source",review_required,path/name indicates a complete examination paper or mock exam; audio/video source asset; establish mapping only,do_not_publish_until_structured_parse_and_answer_analysis_review
/Users/shidianjin/Documents/高考英语/2023·高考英语真题/2023年高考英语试卷（上海）（春考）（空白卷）.docx,2023·高考英语真题/2023年高考英语试卷（上海）（春考）（空白卷）.docx,.docx,85714,paper_only_candidate,full_paper_candidate,review_required,path/name indicates a complete examination paper or mock exam,do_not_publish_until_structured_parse_and_answer_analysis_review
/Users/shidianjin/Documents/高考英语/2023·高考英语真题/2023年高考英语试卷（上海）（春考）（解析卷）.docx,2023·高考英语真题/2023年高考英语试卷（上海）（春考）（解析卷）.docx,.docx,125471,paper_only_candidate,full_paper_candidate,review_required,path/name indicates a complete examination paper or mock exam,do_not_publish_until_structured_parse_and_answer_analysis_review
/Users/shidianjin/Documents/高考英语/2023·高考英语真题/2023年高考英语试卷（上海）（秋考）听力音频.mp3,2023·高考英语真题/2023年高考英语试卷（上海）（秋考）听力音频.mp3,.mp3,7736677,paper_only_candidate,"full_paper_candidate,media_source",review_required,path/name indicates a complete examination paper or mock exam; audio/video source asset; establish mapping only,do_not_publish_until_structured_parse_and_answer_analysis_review
/Users/shidianjin/Documents/高考英语/2023·高考英语真题/2023年高考英语试卷（上海）（秋考）（空白卷）.docx,2023·高考英语真题/2023年高考英语试卷（上海）（秋考）（空白卷）.docx,.docx,36370,paper_only_candidate,full_paper_candidate,review_required,path/name indicates a complete examination paper or mock exam,do_not_publish_until_structured_parse_and_answer_analysis_review
/Users/shidianjin/Documents/高考英语/2023·高考英语真题/2023年高考英语试卷（上海）（秋考）（解析卷）.docx,2023·高考英语真题/2023年高考英语试卷（上海）（秋考）（解析卷）.docx,.docx,81586,paper_only_candidate,full_paper_candidate,review_required,path/name indicates a complete examination paper or mock exam,do_not_publish_until_structured_parse_and_answer_analysis_review
/Users/shidianjin/Documents/高考英语/2023·高考英语真题/2023年高考英语试卷（全国乙卷）听力音频.mp3,2023·高考英语真题/2023年高考英语试卷（全国乙卷）听力音频.mp3,.mp3,11776879,paper_only_candidate,"full_paper_candidate,media_source",review_required,path/name indicates a complete examination paper or mock exam; audio/video source asset; establish mapping only,do_not_publish_until_structured_parse_and_answer_analysis_review
/Users/shidianjin/Documents/高考英语/2023·高考英语真题/2023年高考英语试卷（全国乙卷）（空白卷）.docx,2023·高考英语真题/2023年高考英语试卷（全国乙卷）（空白卷）.docx,.docx,29854,paper_only_candidate,full_paper_candidate,review_required,path/name indicates a complete examination paper or mock exam,do_not_publish_until_structured_parse_and_answer_analysis_review
/Users/shidianjin/Documents/高考英语/2023·高考英语真题/2023年高考英语试卷（全国乙卷）（解析卷）.docx,2023·高考英语真题/2023年高考英语试卷（全国乙卷）（解析卷）.docx,.docx,50042,paper_only_candidate,full_paper_candidate,review_required,path/name indicates a complete examination paper or mock exam,do_not_publish_until_structured_parse_and_answer_analysis_review
/Users/shidianjin/Documents/高考英语/2023·高考英语真题/2023年高考英语试卷（全国甲卷）（空白卷）.docx,2023·高考英语真题/2023年高考英语试卷（全国甲卷）（空白卷）.docx,.docx,29467,paper_only_candidate,full_paper_candidate,review_required,path/name indicates a complete examination paper or mock exam,do_not_publish_until_structured_parse_and_answer_analysis_review
/Users/shidianjin/Documents/高考英语/2023·高考英语真题/2023年高考英语试卷（全国甲卷）（解析卷）.docx,2023·高考英语真题/2023年高考英语试卷（全国甲卷）（解析卷）.docx,.docx,48747,paper_only_candidate,full_paper_candidate,review_required,path/name indicates a complete examination paper or mock exam,do_not_publish_until_structured_parse_and_answer_analysis_review
/Users/shidianjin/Documents/高考英语/2023·高考英语真题/2023年高考英语试卷（北京）（机考 无听力）（空白卷）.docx,2023·高考英语真题/2023年高考英语试卷（北京）（机考 无听力）（空白卷）.docx,.docx,29812,paper_only_candidate,full_paper_candidate,review_required,path/name indicates a complete examination paper or mock exam,do_not_publish_until_structured_parse_and_answer_analysis_review
/Users/shidianjin/Documents/高考英语/2023·高考英语真题/2023年高考英语试卷（北京）（机考 无听力）（解析卷）.docx,2023·高考英语真题/2023年高考英语试卷（北京）（机考 无听力）（解析卷）.docx,.docx,46734,paper_only_candidate,full_paper_candidate,review_required,path/name indicates a complete examination paper or mock exam,do_not_publish_until_structured_parse_and_answer_analysis_review
/Users/shidianjin/Documents/高考英语/2023·高考英语真题/2023年高考英语试卷（天津）（第一次）（空白卷）.docx,2023·高考英语真题/2023年高考英语试卷（天津）（第一次）（空白卷）.docx,.docx,35895,paper_only_candidate,full_paper_candidate,review_required,path/name indicates a complete examination paper or mock exam,do_not_publish_until_structured_parse_and_answer_analysis_review
/Users/shidianjin/Documents/高考英语/2023·高考英语真题/2023年高考英语试卷（天津）（第一次）（答案卷）.docx,2023·高考英语真题/2023年高考英语试卷（天津）（第一次）（答案卷）.docx,.docx,39455,paper_only_candidate,full_paper_candidate,review_required,path/name indicates a complete examination paper or mock exam,do_not_publish_until_structured_parse_and_answer_analysis_review
/Users/shidianjin/Documents/高考英语/2023·高考英语真题/2023年高考英语试卷（天津）（第二次）（空白卷）.docx,2023·高考英语真题/2023年高考英语试卷（天津）（第二次）（空白卷）.docx,.docx,36257,paper_only_candidate,full_paper_candidate,review_required,path/name indicates a complete examination paper or mock exam,do_not_publish_until_structured_parse_and_answer_analysis_review
/Users/shidianjin/Documents/高考英语/2023·高考英语真题/2023年高考英语试卷（天津）（第二次）（答案卷）.docx,2023·高考英语真题/2023年高考英语试卷（天津）（第二次）（答案卷）.docx,.docx,39846,paper_only_candidate,full_paper_candidate,review_required,path/name indicates a complete examination paper or mock exam,do_not_publish_until_structured_parse_and_answer_analysis_review
/Users/shidianjin/Documents/高考英语/2023·高考英语真题/2023年高考英语试卷（新高考Ⅰ卷）听力音频.mp3,2023·高考英语真题/2023年高考英语试卷（新高考Ⅰ卷）听力音频.mp3,.mp3,11973111,paper_only_candidate,"full_paper_candidate,media_source",review_required,path/name indicates a complete examination paper or mock exam; audio/video source asset; establish mapping only,do_not_publish_until_structured_parse_and_answer_analysis_review
/Users/shidianjin/Documents/高考英语/2023·高考英语真题/2023年高考英语试卷（新高考Ⅰ卷）（空白卷）.docx,2023·高考英语真题/2023年高考英语试卷（新高考Ⅰ卷）（空白卷）.docx,.docx,30917,paper_only_candidate,full_paper_candidate,review_required,path/name indicates a complete examination paper or mock exam,do_not_publish_until_structured_parse_and_answer_analysis_review
/Users/shidianjin/Documents/高考英语/2023·高考英语真题/2023年高考英语试卷（新高考Ⅰ卷）（解析卷）.docx,2023·高考英语真题/2023年高考英语试卷（新高考Ⅰ卷）（解析卷）.docx,.docx,49681,paper_only_candidate,full_paper_candidate,review_required,path/name indicates a complete examination paper or mock exam,do_not_publish_until_structured_parse_and_answer_analysis_review
/Users/shidianjin/Documents/高考英语/2023·高考英语真题/2023年高考英语试卷（新高考Ⅱ卷）（空白卷）.docx,2023·高考英语真题/2023年高考英语试卷（新高考Ⅱ卷）（空白卷）.docx,.docx,32367,paper_only_candidate,full_paper_candidate,review_required,path/name indicates a complete examination paper or mock exam,do_not_publish_until_structured_parse_and_answer_analysis_review
/Users/shidianjin/Documents/高考英语/2023·高考英语真题/2023年高考英语试卷（新高考Ⅱ卷）（解析卷）.docx,2023·高考英语真题/2023年高考英语试卷（新高考Ⅱ卷）（解析卷）.docx,.docx,50147,paper_only_candidate,full_paper_candidate,review_required,path/name indicates a complete examination paper or mock exam,do_not_publish_until_structured_parse_and_answer_analysis_review
/Users/shidianjin/Documents/高考英语/2023·高考英语真题/2023年高考英语试卷（浙江）（1月）听力音频.mp3,2023·高考英语真题/2023年高考英语试卷（浙江）（1月）听力音频.mp3,.mp3,23814441,paper_only_candidate,"full_paper_candidate,media_source",review_required,path/name indicates a complete examination paper or mock exam; audio/video source asset; establish mapping only,do_not_publish_until_structured_parse_and_answer_analysis_review
/Users/shidianjin/Documents/高考英语/2023·高考英语真题/2023年高考英语试卷（浙江）（1月）（空白卷）.docx,2023·高考英语真题/2023年高考英语试卷（浙江）（1月）（空白卷）.docx,.docx,34085,paper_only_candidate,full_paper_candidate,review_required,path/name indicates a complete examination paper or mock exam,do_not_publish_until_structured_parse_and_answer_analysis_review
/Users/shidianjin/Documents/高考英语/2023·高考英语真题/2023年高考英语试卷（浙江）（1月）（解析卷）.docx,2023·高考英语真题/2023年高考英语试卷（浙江）（1月）（解析卷）.docx,.docx,54939,paper_only_candidate,full_paper_candidate,review_required,path/name indicates a complete examination paper or mock exam,do_not_publish_until_structured_parse_and_answer_analysis_review
/Users/shidianjin/Documents/高考英语/2024·高考英语真题/2024年高考英语试卷（全国甲卷）听力音频.mp3,2024·高考英语真题/2024年高考英语试卷（全国甲卷）听力音频.mp3,.mp3,10911077,paper_only_candidate,"full_paper_candidate,media_source",review_required,path/name indicates a complete examination paper or mock exam; audio/video source asset; establish mapping only,do_not_publish_until_structured_parse_and_answer_analysis_review
/Users/shidianjin/Documents/高考英语/2024·高考英语真题/2024年高考英语试卷（全国甲卷）（空白卷）.docx,2024·高考英语真题/2024年高考英语试卷（全国甲卷）（空白卷）.docx,.docx,350577,paper_only_candidate,full_paper_candidate,review_required,path/name indicates a complete examination paper or mock exam,do_not_publish_until_structured_parse_and_answer_analysis_review
/Users/shidianjin/Documents/高考英语/2024·高考英语真题/2024年高考英语试卷（全国甲卷）（解析卷）.docx,2024·高考英语真题/2024年高考英语试卷（全国甲卷）（解析卷）.docx,.docx,378797,paper_only_candidate,full_paper_candidate,review_required,path/name indicates a complete examination paper or mock exam,do_not_publish_until_structured_parse_and_answer_analysis_review
/Users/shidianjin/Documents/高考英语/2024·高考英语真题/2024年高考英语试卷（北京）（机考 无听力）（空白卷）.docx,2024·高考英语真题/2024年高考英语试卷（北京）（机考 无听力）（空白卷）.docx,.docx,39979,paper_only_candidate,full_paper_candidate,review_required,path/name indicates a complete examination paper or mock exam,do_not_publish_until_structured_parse_and_answer_analysis_review
/Users/shidianjin/Documents/高考英语/2024·高考英语真题/2024年高考英语试卷（北京）（机考 无听力）（解析卷）.docx,2024·高考英语真题/2024年高考英语试卷（北京）（机考 无听力）（解析卷）.docx,.docx,54481,paper_only_candidate,full_paper_candidate,review_required,path/name indicates a complete examination paper or mock exam,do_not_publish_until_structured_parse_and_answer_analysis_review
/Users/shidianjin/Documents/高考英语/2024·高考英语真题/2024年高考英语试卷（天津）（第一次）（空白卷）.docx,2024·高考英语真题/2024年高考英语试卷（天津）（第一次）（空白卷）.docx,.docx,53753,paper_only_candidate,full_paper_candidate,review_required,path/name indicates a complete examination paper or mock exam,do_not_publish_until_structured_parse_and_answer_analysis_review
/Users/shidianjin/Documents/高考英语/2024·高考英语真题/2024年高考英语试卷（天津）（第一次）（解析卷）.docx,2024·高考英语真题/2024年高考英语试卷（天津）（第一次）（解析卷）.docx,.docx,80999,paper_only_candidate,full_paper_candidate,review_required,path/name indicates a complete examination paper or mock exam,do_not_publish_until_structured_parse_and_answer_analysis_review
/Users/shidianjin/Documents/高考英语/2024·高考英语真题/2024年高考英语试卷（新高考Ⅰ卷）听力音频.mp3,2024·高考英语真题/2024年高考英语试卷（新高考Ⅰ卷）听力音频.mp3,.mp3,11295139,paper_only_candidate,"full_paper_candidate,media_source",review_required,path/name indicates a complete examination paper or mock exam; audio/video source asset; establish mapping only,do_not_publish_until_structured_parse_and_answer_analysis_review
/Users/shidianjin/Documents/高考英语/2024·高考英语真题/2024年高考英语试卷（新高考Ⅰ卷）（空白卷）.docx,2024·高考英语真题/2024年高考英语试卷（新高考Ⅰ卷）（空白卷）.docx,.docx,48359,paper_only_candidate,full_paper_candidate,review_required,path/name indicates a complete examination paper or mock exam,do_not_publish_until_structured_parse_and_answer_analysis_review
/Users/shidianjin/Documents/高考英语/2024·高考英语真题/2024年高考英语试卷（新高考Ⅰ卷）（解析卷）.docx,2024·高考英语真题/2024年高考英语试卷（新高考Ⅰ卷）（解析卷）.docx,.docx,68430,paper_only_candidate,full_paper_candidate,review_required,path/name indicates a complete examination paper or mock exam,do_not_publish_until_structured_parse_and_answer_analysis_review
/Users/shidianjin/Documents/高考英语/2024·高考英语真题/2024年高考英语试卷（新高考Ⅱ卷）听力音频.mp3,2024·高考英语真题/2024年高考英语试卷（新高考Ⅱ卷）听力音频.mp3,.mp3,11288704,paper_only_candidate,"full_paper_candidate,media_source",review_required,path/name indicates a complete examination paper or mock exam; audio/video source asset; establish mapping only,do_not_publish_until_structured_parse_and_answer_analysis_review
/Users/shidianjin/Documents/高考英语/2024·高考英语真题/2024年高考英语试卷（新高考Ⅱ卷）（空白卷）.docx,2024·高考英语真题/2024年高考英语试卷（新高考Ⅱ卷）（空白卷）.docx,.docx,43280,paper_only_candidate,full_paper_candidate,review_required,path/name indicates a complete examination paper or mock exam,do_not_publish_until_structured_parse_and_answer_analysis_review
/Users/shidianjin/Documents/高考英语/2024·高考英语真题/2024年高考英语试卷（新高考Ⅱ卷）（解析卷）.docx,2024·高考英语真题/2024年高考英语试卷（新高考Ⅱ卷）（解析卷）.docx,.docx,62703,paper_only_candidate,full_paper_candidate,review_required,path/name indicates a complete examination paper or mock exam,do_not_publish_until_structured_parse_and_answer_analysis_review
/Users/shidianjin/Documents/高考英语/2024·高考英语真题/2024年高考英语试卷（浙江）（1月）听力音频.mp3,2024·高考英语真题/2024年高考英语试卷（浙江）（1月）听力音频.mp3,.mp3,11505415,paper_only_candidate,"full_paper_candidate,media_source",review_required,path/name indicates a complete examination paper or mock exam; audio/video source asset; establish mapping only,do_not_publish_until_structured_parse_and_answer_analysis_review
/Users/shidianjin/Documents/高考英语/2024·高考英语真题/2024年高考英语试卷（浙江）（1月）（空白卷）.docx,2024·高考英语真题/2024年高考英语试卷（浙江）（1月）（空白卷）.docx,.docx,55540,paper_only_candidate,full_paper_candidate,review_required,path/name indicates a complete examination paper or mock exam,do_not_publish_until_structured_parse_and_answer_analysis_review
/Users/shidianjin/Documents/高考英语/2024·高考英语真题/2024年高考英语试卷（浙江）（1月）（解析卷）.docx,2024·高考英语真题/2024年高考英语试卷（浙江）（1月）（解析卷）.docx,.docx,69325,paper_only_candidate,full_paper_candidate,review_required,path/name indicates a complete examination paper or mock exam,do_not_publish_until_structured_parse_and_answer_analysis_review
/Users/shidianjin/Documents/高考英语/2025·高考英语真题/2025年高考英语试卷（北京）（空白卷）.docx,2025·高考英语真题/2025年高考英语试卷（北京）（空白卷）.docx,.docx,2877717,paper_only_candidate,full_paper_candidate,review_required,path/name indicates a complete examination paper or mock exam,do_not_publish_until_structured_parse_and_answer_analysis_review
/Users/shidianjin/Documents/高考英语/2025·高考英语真题/2025年高考英语试卷（北京）（解析卷）.docx,2025·高考英语真题/2025年高考英语试卷（北京）（解析卷）.docx,.docx,4436710,paper_only_candidate,full_paper_candidate,review_required,path/name indicates a complete examination paper or mock exam,do_not_publish_until_structured_parse_and_answer_analysis_review
/Users/shidianjin/Documents/高考英语/2025·高考英语真题/2025年高考英语试卷（新高考Ⅰ卷）听力音频.mp3,2025·高考英语真题/2025年高考英语试卷（新高考Ⅰ卷）听力音频.mp3,.mp3,4516919,paper_only_candidate,"full_paper_candidate,media_source",review_required,path/name indicates a complete examination paper or mock exam; audio/video source asset; establish mapping only,do_not_publish_until_structured_parse_and_answer_analysis_review
/Users/shidianjin/Documents/高考英语/2025·高考英语真题/2025年高考英语试卷（新高考Ⅰ卷）（空白卷）.docx,2025·高考英语真题/2025年高考英语试卷（新高考Ⅰ卷）（空白卷）.docx,.docx,153462,paper_only_candidate,full_paper_candidate,review_required,path/name indicates a complete examination paper or mock exam,do_not_publish_until_structured_parse_and_answer_analysis_review
/Users/shidianjin/Documents/高考英语/2025·高考英语真题/2025年高考英语试卷（新高考Ⅰ卷）（解析卷）.docx,2025·高考英语真题/2025年高考英语试卷（新高考Ⅰ卷）（解析卷）.docx,.docx,172907,paper_only_candidate,full_paper_candidate,review_required,path/name indicates a complete examination paper or mock exam,do_not_publish_until_structured_parse_and_answer_analysis_review
/Users/shidianjin/Documents/高考英语/2025·高考英语真题/2025年高考英语试卷（新高考Ⅱ卷）听力音频.mp3,2025·高考英语真题/2025年高考英语试卷（新高考Ⅱ卷）听力音频.mp3,.mp3,4618096,paper_only_candidate,"full_paper_candidate,media_source",review_required,path/name indicates a complete examination paper or mock exam; audio/video source asset; establish mapping only,do_not_publish_until_structured_parse_and_answer_analysis_review
/Users/shidianjin/Documents/高考英语/2025·高考英语真题/2025年高考英语试卷（新高考Ⅱ卷）（空白卷）.docx,2025·高考英语真题/2025年高考英语试卷（新高考Ⅱ卷）（空白卷）.docx,.docx,43514,paper_only_candidate,full_paper_candidate,review_required,path/name indicates a complete examination paper or mock exam,do_not_publish_until_structured_parse_and_answer_analysis_review
/Users/shidianjin/Documents/高考英语/2025·高考英语真题/2025年高考英语试卷（新高考Ⅱ卷）（解析卷）.docx,2025·高考英语真题/2025年高考英语试卷（新高考Ⅱ卷）（解析卷）.docx,.docx,77626,paper_only_candidate,full_paper_candidate,review_required,path/name indicates a complete examination paper or mock exam,do_not_publish_until_structured_parse_and_answer_analysis_review
/Users/shidianjin/Documents/高考英语/2025·高考英语真题/2025年高考英语试卷（浙江）（1月）听力音频.mp3,2025·高考英语真题/2025年高考英语试卷（浙江）（1月）听力音频.mp3,.mp3,47539513,paper_only_candidate,"full_paper_candidate,media_source",review_required,path/name indicates a complete examination paper or mock exam; audio/video source asset; establish mapping only,do_not_publish_until_structured_parse_and_answer_analysis_review
/Users/shidianjin/Documents/高考英语/2025·高考英语真题/2025年高考英语试卷（浙江）（1月）（空白卷）.docx,2025·高考英语真题/2025年高考英语试卷（浙江）（1月）（空白卷）.docx,.docx,44358,paper_only_candidate,full_paper_candidate,review_required,path/name indicates a complete examination paper or mock exam,do_not_publish_until_structured_parse_and_answer_analysis_review
/Users/shidianjin/Documents/高考英语/2025·高考英语真题/2025年高考英语试卷（浙江）（1月）（解析卷）.docx,2025·高考英语真题/2025年高考英语试卷（浙江）（1月）（解析卷）.docx,.docx,64422,paper_only_candidate,full_paper_candidate,review_required,path/name indicates a complete examination paper or mock exam,do_not_publish_until_structured_parse_and_answer_analysis_review
/Users/shidianjin/Documents/高考英语/全国卷·英语（2008-2025）/2021年高考英语试卷（全国乙卷）（新课标Ⅰ）（解析卷）.docx,全国卷·英语（2008-2025）/2021年高考英语试卷（全国乙卷）（新课标Ⅰ）（解析卷）.docx,.docx,58866,paper_only_candidate,full_paper_candidate,review_required,path/name indicates a complete examination paper or mock exam,do_not_publish_until_structured_parse_and_answer_analysis_review
/Users/shidianjin/Documents/高考英语/全国卷·英语（2008-2025）/2022年高考英语试卷（全国乙卷）（空白卷）.docx,全国卷·英语（2008-2025）/2022年高考英语试卷（全国乙卷）（空白卷）.docx,.docx,167523,paper_only_candidate,full_paper_candidate,review_required,path/name indicates a complete examination paper or mock exam,do_not_publish_until_structured_parse_and_answer_analysis_review
/Users/shidianjin/Documents/高考英语/全国卷·英语（2008-2025）/2022年高考英语试卷（全国乙卷）（解析卷）.docx,全国卷·英语（2008-2025）/2022年高考英语试卷（全国乙卷）（解析卷）.docx,.docx,185036,paper_only_candidate,full_paper_candidate,review_required,path/name indicates a complete examination paper or mock exam,do_not_publish_until_structured_parse_and_answer_analysis_review
/Users/shidianjin/Documents/高考英语/全国卷·英语（2008-2025）/2022年高考英语试卷（全国甲卷）（空白卷）.docx,全国卷·英语（2008-2025）/2022年高考英语试卷（全国甲卷）（空白卷）.docx,.docx,30060,paper_only_candidate,full_paper_candidate,review_required,path/name indicates a complete examination paper or mock exam,do_not_publish_until_structured_parse_and_answer_analysis_review
/Users/shidianjin/Documents/高考英语/全国卷·英语（2008-2025）/2022年高考英语试卷（全国甲卷）（解析卷）.docx,全国卷·英语（2008-2025）/2022年高考英语试卷（全国甲卷）（解析卷）.docx,.docx,50638,paper_only_candidate,full_paper_candidate,review_required,path/name indicates a complete examination paper or mock exam,do_not_publish_until_structured_parse_and_answer_analysis_review
/Users/shidianjin/Documents/高考英语/全国卷·英语（2008-2025）/2022年高考英语试卷（新高考Ⅰ卷）（空白卷）.docx,全国卷·英语（2008-2025）/2022年高考英语试卷（新高考Ⅰ卷）（空白卷）.docx,.docx,42919,paper_only_candidate,full_paper_candidate,review_required,path/name indicates a complete examination paper or mock exam,do_not_publish_until_structured_parse_and_answer_analysis_review
/Users/shidianjin/Documents/高考英语/全国卷·英语（2008-2025）/2022年高考英语试卷（新高考Ⅰ卷）（解析卷）.docx,全国卷·英语（2008-2025）/2022年高考英语试卷（新高考Ⅰ卷）（解析卷）.docx,.docx,62385,paper_only_candidate,full_paper_candidate,review_required,path/name indicates a complete examination paper or mock exam,do_not_publish_until_structured_parse_and_answer_analysis_review
/Users/shidianjin/Documents/高考英语/全国卷·英语（2008-2025）/2022年高考英语试卷（新高考Ⅱ卷）（空白卷）.docx,全国卷·英语（2008-2025）/2022年高考英语试卷（新高考Ⅱ卷）（空白卷）.docx,.docx,43227,paper_only_candidate,full_paper_candidate,review_required,path/name indicates a complete examination paper or mock exam,do_not_publish_until_structured_parse_and_answer_analysis_review
/Users/shidianjin/Documents/高考英语/全国卷·英语（2008-2025）/2022年高考英语试卷（新高考Ⅱ卷）（解析卷）.docx,全国卷·英语（2008-2025）/2022年高考英语试卷（新高考Ⅱ卷）（解析卷）.docx,.docx,61806,paper_only_candidate,full_paper_candidate,review_required,path/name indicates a complete examination paper or mock exam,do_not_publish_until_structured_parse_and_answer_analysis_review
/Users/shidianjin/Documents/高考英语/全国卷·英语（2008-2025）/2023年高考英语试卷（全国乙卷）（空白卷）.docx,全国卷·英语（2008-2025）/2023年高考英语试卷（全国乙卷）（空白卷）.docx,.docx,29854,paper_only_candidate,full_paper_candidate,review_required,path/name indicates a complete examination paper or mock exam,do_not_publish_until_structured_parse_and_answer_analysis_review
/Users/shidianjin/Documents/高考英语/全国卷·英语（2008-2025）/2023年高考英语试卷（全国乙卷）（解析卷）.docx,全国卷·英语（2008-2025）/2023年高考英语试卷（全国乙卷）（解析卷）.docx,.docx,50042,paper_only_candidate,full_paper_candidate,review_required,path/name indicates a complete examination paper or mock exam,do_not_publish_until_structured_parse_and_answer_analysis_review
/Users/shidianjin/Documents/高考英语/全国卷·英语（2008-2025）/2023年高考英语试卷（全国甲卷）（空白卷）.docx,全国卷·英语（2008-2025）/2023年高考英语试卷（全国甲卷）（空白卷）.docx,.docx,29467,paper_only_candidate,full_paper_candidate,review_required,path/name indicates a complete examination paper or mock exam,do_not_publish_until_structured_parse_and_answer_analysis_review
/Users/shidianjin/Documents/高考英语/全国卷·英语（2008-2025）/2023年高考英语试卷（全国甲卷）（解析卷）.docx,全国卷·英语（2008-2025）/2023年高考英语试卷（全国甲卷）（解析卷）.docx,.docx,48747,paper_only_candidate,full_paper_candidate,review_required,path/name indicates a complete examination paper or mock exam,do_not_publish_until_structured_parse_and_answer_analysis_review
/Users/shidianjin/Documents/高考英语/全国卷·英语（2008-2025）/2023年高考英语试卷（新高考Ⅰ卷）（空白卷）.docx,全国卷·英语（2008-2025）/2023年高考英语试卷（新高考Ⅰ卷）（空白卷）.docx,.docx,30917,paper_only_candidate,full_paper_candidate,review_required,path/name indicates a complete examination paper or mock exam,do_not_publish_until_structured_parse_and_answer_analysis_review
/Users/shidianjin/Documents/高考英语/全国卷·英语（2008-2025）/2023年高考英语试卷（新高考Ⅰ卷）（解析卷）.docx,全国卷·英语（2008-2025）/2023年高考英语试卷（新高考Ⅰ卷）（解析卷）.docx,.docx,49681,paper_only_candidate,full_paper_candidate,review_required,path/name indicates a complete examination paper or mock exam,do_not_publish_until_structured_parse_and_answer_analysis_review
/Users/shidianjin/Documents/高考英语/全国卷·英语（2008-2025）/2023年高考英语试卷（新高考Ⅱ卷）（空白卷）.docx,全国卷·英语（2008-2025）/2023年高考英语试卷（新高考Ⅱ卷）（空白卷）.docx,.docx,32367,paper_only_candidate,full_paper_candidate,review_required,path/name indicates a complete examination paper or mock exam,do_not_publish_until_structured_parse_and_answer_analysis_review
/Users/shidianjin/Documents/高考英语/全国卷·英语（2008-2025）/2023年高考英语试卷（新高考Ⅱ卷）（解析卷）.docx,全国卷·英语（2008-2025）/2023年高考英语试卷（新高考Ⅱ卷）（解析卷）.docx,.docx,50147,paper_only_candidate,full_paper_candidate,review_required,path/name indicates a complete examination paper or mock exam,do_not_publish_until_structured_parse_and_answer_analysis_review
/Users/shidianjin/Documents/高考英语/新高考版高考总复习英语5·3A版/专题一谓语动词的时态/专题PDF/专题PDF/专题电子书/专题一　谓语动词的时态.pdf,新高考版高考总复习英语5·3A版/专题一谓语动词的时态/专题PDF/专题PDF/专题电子书/专题一　谓语动词的时态.pdf,.pdf,1204412,knowledge_only_candidate,knowledge_candidate,review_required,path/name suggests explanatory knowledge material,do_not_publish_until_structured_parse_and_answer_analysis_review
/Users/shidianjin/Documents/高考英语/新高考版高考总复习英语5·3A版/专题一谓语动词的时态/讲解部分PPT/讲解部分PPT—课标导航、考点清单/讲解PPT/讲解部分PPT—课标导航、考点清单.pptx,新高考版高考总复习英语5·3A版/专题一谓语动词的时态/讲解部分PPT/讲解部分PPT—课标导航、考点清单/讲解PPT/讲解部分PPT—课标导航、考点清单.pptx,.pptx,737554,knowledge_only_candidate,knowledge_candidate,review_required,path/name suggests explanatory knowledge material,do_not_publish_until_structured_parse_and_answer_analysis_review
/Users/shidianjin/Documents/高考英语/新高考版高考总复习英语5·3A版/专题一谓语动词的时态/试题部分WORD/试题部分WORD—5年高考、3年模拟/试题WORD/试题部分WORD—5年高考、3年模拟.docx,新高考版高考总复习英语5·3A版/专题一谓语动词的时态/试题部分WORD/试题部分WORD—5年高考、3年模拟/试题WORD/试题部分WORD—5年高考、3年模拟.docx,.docx,38315,paper_only_candidate,"full_paper_candidate,knowledge_candidate",review_required,path/name indicates a complete examination paper or mock exam; path/name suggests explanatory knowledge material,do_not_publish_until_structured_parse_and_answer_analysis_review
/Users/shidianjin/Documents/高考英语/新高考版高考总复习英语5·3A版/专题一谓语动词的时态/试题部分WORD/试题部分WORD—考点集训/试题WORD/试题部分WORD—考点集训.docx,新高考版高考总复习英语5·3A版/专题一谓语动词的时态/试题部分WORD/试题部分WORD—考点集训/试题WORD/试题部分WORD—考点集训.docx,.docx,26642,type_practice_only_candidate,knowledge_candidate,review_required,path/name suggests explanatory knowledge material,do_not_publish_until_structured_parse_and_answer_analysis_review
/Users/shidianjin/Documents/高考英语/新高考版高考总复习英语5·3A版/专题七名词、冠词和数词/专题PDF/专题PDF/专题电子书/专题七　名词、冠词和数词.pdf,新高考版高考总复习英语5·3A版/专题七名词、冠词和数词/专题PDF/专题PDF/专题电子书/专题七　名词、冠词和数词.pdf,.pdf,1091416,knowledge_only_candidate,knowledge_candidate,review_required,path/name suggests explanatory knowledge material,do_not_publish_until_structured_parse_and_answer_analysis_review
/Users/shidianjin/Documents/高考英语/新高考版高考总复习英语5·3A版/专题七名词、冠词和数词/讲解部分PPT/讲解部分PPT—课标导航、考点清单/讲解PPT/讲解部分PPT—课标导航、考点清单.pptx,新高考版高考总复习英语5·3A版/专题七名词、冠词和数词/讲解部分PPT/讲解部分PPT—课标导航、考点清单/讲解PPT/讲解部分PPT—课标导航、考点清单.pptx,.pptx,537847,knowledge_only_candidate,knowledge_candidate,review_required,path/name suggests explanatory knowledge material,do_not_publish_until_structured_parse_and_answer_analysis_review
/Users/shidianjin/Documents/高考英语/新高考版高考总复习英语5·3A版/专题七名词、冠词和数词/试题部分WORD/试题部分WORD—5年高考、3年模拟/试题WORD/试题部分word—5年高考、3年模拟.docx,新高考版高考总复习英语5·3A版/专题七名词、冠词和数词/试题部分WORD/试题部分WORD—5年高考、3年模拟/试题WORD/试题部分word—5年高考、3年模拟.docx,.docx,41595,paper_only_candidate,"full_paper_candidate,knowledge_candidate",review_required,path/name indicates a complete examination paper or mock exam; path/name suggests explanatory knowledge material,do_not_publish_until_structured_parse_and_answer_analysis_review
/Users/shidianjin/Documents/高考英语/新高考版高考总复习英语5·3A版/专题七名词、冠词和数词/试题部分WORD/试题部分WORD—考点集训/试题WORD/试题部分word—考点集训.docx,新高考版高考总复习英语5·3A版/专题七名词、冠词和数词/试题部分WORD/试题部分WORD—考点集训/试题WORD/试题部分word—考点集训.docx,.docx,26498,type_practice_only_candidate,knowledge_candidate,review_required,path/name suggests explanatory knowledge material,do_not_publish_until_structured_parse_and_answer_analysis_review
/Users/shidianjin/Documents/高考英语/新高考版高考总复习英语5·3A版/专题三主谓一致/专题PDF/专题PDF/专题电子书/专题三　主谓一致.pdf,新高考版高考总复习英语5·3A版/专题三主谓一致/专题PDF/专题PDF/专题电子书/专题三　主谓一致.pdf,.pdf,925669,knowledge_only_candidate,knowledge_candidate,review_required,path/name suggests explanatory knowledge material,do_not_publish_until_structured_parse_and_answer_analysis_review
/Users/shidianjin/Documents/高考英语/新高考版高考总复习英语5·3A版/专题三主谓一致/讲解部分PPT/讲解部分PPT—课标导航、考点清单/讲解PPT/讲解部分PPT—课标导航、考点清单.pptx,新高考版高考总复习英语5·3A版/专题三主谓一致/讲解部分PPT/讲解部分PPT—课标导航、考点清单/讲解PPT/讲解部分PPT—课标导航、考点清单.pptx,.pptx,548992,knowledge_only_candidate,knowledge_candidate,review_required,path/name suggests explanatory knowledge material,do_not_publish_until_structured_parse_and_answer_analysis_review
/Users/shidianjin/Documents/高考英语/新高考版高考总复习英语5·3A版/专题三主谓一致/试题部分WORD/试题部分WORD—5年高考、3年模拟/试题WORD/试题部分WORD—5年高考、3年模拟.docx,新高考版高考总复习英语5·3A版/专题三主谓一致/试题部分WORD/试题部分WORD—5年高考、3年模拟/试题WORD/试题部分WORD—5年高考、3年模拟.docx,.docx,34648,paper_only_candidate,"full_paper_candidate,knowledge_candidate",review_required,path/name indicates a complete examination paper or mock exam; path/name suggests explanatory knowledge material,do_not_publish_until_structured_parse_and_answer_analysis_review
/Users/shidianjin/Documents/高考英语/新高考版高考总复习英语5·3A版/专题三主谓一致/试题部分WORD/试题部分WORD—考点集训/试题WORD/试题部分WORD—考点集训.docx,新高考版高考总复习英语5·3A版/专题三主谓一致/试题部分WORD/试题部分WORD—考点集训/试题WORD/试题部分WORD—考点集训.docx,.docx,26634,type_practice_only_candidate,knowledge_candidate,review_required,path/name suggests explanatory knowledge material,do_not_publish_until_structured_parse_and_answer_analysis_review
/Users/shidianjin/Documents/高考英语/新高考版高考总复习英语5·3A版/专题九介词和代词/专题PDF/专题PDF/专题电子书/专题九　介词和代词.pdf,新高考版高考总复习英语5·3A版/专题九介词和代词/专题PDF/专题PDF/专题电子书/专题九　介词和代词.pdf,.pdf,1341907,knowledge_only_candidate,knowledge_candidate,review_required,path/name suggests explanatory knowledge material,do_not_publish_until_structured_parse_and_answer_analysis_review
/Users/shidianjin/Documents/高考英语/新高考版高考总复习英语5·3A版/专题九介词和代词/讲解部分PPT/讲解部分PPT—课标导航、考点清单/讲解PPT/讲解部分PPT—课标导航、考点清单.pptx,新高考版高考总复习英语5·3A版/专题九介词和代词/讲解部分PPT/讲解部分PPT—课标导航、考点清单/讲解PPT/讲解部分PPT—课标导航、考点清单.pptx,.pptx,2493371,knowledge_only_candidate,knowledge_candidate,review_required,path/name suggests explanatory knowledge material,do_not_publish_until_structured_parse_and_answer_analysis_review
/Users/shidianjin/Documents/高考英语/新高考版高考总复习英语5·3A版/专题九介词和代词/试题部分WORD/试题部分WORD—5年高考、3年模拟/试题WORD/试题部分word—5年高考、3年模拟.docx,新高考版高考总复习英语5·3A版/专题九介词和代词/试题部分WORD/试题部分WORD—5年高考、3年模拟/试题WORD/试题部分word—5年高考、3年模拟.docx,.docx,44276,paper_only_candidate,"full_paper_candidate,knowledge_candidate",review_required,path/name indicates a complete examination paper or mock exam; path/name suggests explanatory knowledge material,do_not_publish_until_structured_parse_and_answer_analysis_review
/Users/shidianjin/Documents/高考英语/新高考版高考总复习英语5·3A版/专题九介词和代词/试题部分WORD/试题部分WORD—考点集训/试题WORD/试题部分word—考点集训.docx,新高考版高考总复习英语5·3A版/专题九介词和代词/试题部分WORD/试题部分WORD—考点集训/试题WORD/试题部分word—考点集训.docx,.docx,26212,type_practice_only_candidate,knowledge_candidate,review_required,path/name suggests explanatory knowledge material,do_not_publish_until_structured_parse_and_answer_analysis_review
/Users/shidianjin/Documents/高考英语/新高考版高考总复习英语5·3A版/专题二十一应用文写作/专题PDF/专题PDF/专题电子书/专题二十一 应用文写作.pdf,新高考版高考总复习英语5·3A版/专题二十一应用文写作/专题PDF/专题PDF/专题电子书/专题二十一 应用文写作.pdf,.pdf,7817985,review_required,"knowledge_candidate,type_practice_candidate",review_required,path/name suggests explanatory knowledge material; path/name suggests topic or question-type practice,do_not_publish_until_structured_parse_and_answer_analysis_review
/Users/shidianjin/Documents/高考英语/新高考版高考总复习英语5·3A版/专题二十一应用文写作/专题资料包/专题资料包/专题资料包/专题资料包.docx,新高考版高考总复习英语5·3A版/专题二十一应用文写作/专题资料包/专题资料包/专题资料包/专题资料包.docx,.docx,45494,type_practice_only_candidate,"knowledge_candidate,type_practice_candidate",review_required,path/name suggests explanatory knowledge material; path/name suggests topic or question-type practice,do_not_publish_until_structured_parse_and_answer_analysis_review
/Users/shidianjin/Documents/高考英语/新高考版高考总复习英语5·3A版/专题二十一应用文写作/讲解部分PPT/讲解部分PPT—方法技巧/讲解PPT/讲解部分PPT—方法技巧.pptx,新高考版高考总复习英语5·3A版/专题二十一应用文写作/讲解部分PPT/讲解部分PPT—方法技巧/讲解PPT/讲解部分PPT—方法技巧.pptx,.pptx,348057,review_required,"knowledge_candidate,type_practice_candidate",review_required,path/name suggests explanatory knowledge material; path/name suggests topic or question-type practice,do_not_publish_until_structured_parse_and_answer_analysis_review
/Users/shidianjin/Documents/高考英语/新高考版高考总复习英语5·3A版/专题二十一应用文写作/讲解部分PPT/讲解部分PPT—考点清单/讲解PPT/讲解部分PPT—考点清单.pptx,新高考版高考总复习英语5·3A版/专题二十一应用文写作/讲解部分PPT/讲解部分PPT—考点清单/讲解PPT/讲解部分PPT—考点清单.pptx,.pptx,334684,review_required,"knowledge_candidate,type_practice_candidate",review_required,path/name suggests explanatory knowledge material; path/name suggests topic or question-type practice,do_not_publish_until_structured_parse_and_answer_analysis_review
/Users/shidianjin/Documents/高考英语/新高考版高考总复习英语5·3A版/专题二十一应用文写作/试题部分WORD/试题部分WORD—5年高考、3年模拟/试题WORD/试题部分WORD—5年高考、3年模拟.docx,新高考版高考总复习英语5·3A版/专题二十一应用文写作/试题部分WORD/试题部分WORD—5年高考、3年模拟/试题WORD/试题部分WORD—5年高考、3年模拟.docx,.docx,886892,paper_only_candidate,"full_paper_candidate,knowledge_candidate,type_practice_candidate",review_required,path/name indicates a complete examination paper or mock exam; path/name suggests explanatory knowledge material; path/name suggests topic or question-type practice,do_not_publish_until_structured_parse_and_answer_analysis_review
/Users/shidianjin/Documents/高考英语/新高考版高考总复习英语5·3A版/专题二十一应用文写作/试题部分WORD/试题部分WORD—考点集训/试题WORD/试题部分WORD—考点集训.docx,新高考版高考总复习英语5·3A版/专题二十一应用文写作/试题部分WORD/试题部分WORD—考点集训/试题WORD/试题部分WORD—考点集训.docx,.docx,44692,type_practice_only_candidate,"knowledge_candidate,type_practice_candidate",review_required,path/name suggests explanatory knowledge material; path/name suggests topic or question-type practice,do_not_publish_until_structured_parse_and_answer_analysis_review
/Users/shidianjin/Documents/高考英语/新高考版高考总复习英语5·3A版/专题二十三概要写作/专题PDF/专题PDF/专题电子书/专题二十三 概要写作.pdf,新高考版高考总复习英语5·3A版/专题二十三概要写作/专题PDF/专题PDF/专题电子书/专题二十三 概要写作.pdf,.pdf,4131412,review_required,"knowledge_candidate,type_practice_candidate",review_required,path/name suggests explanatory knowledge material; path/name suggests topic or question-type practice,do_not_publish_until_structured_parse_and_answer_analysis_review
/Users/shidianjin/Documents/高考英语/新高考版高考总复习英语5·3A版/专题二十三概要写作/专题资料包/专题资料包/专题资料包/专题资料包.docx,新高考版高考总复习英语5·3A版/专题二十三概要写作/专题资料包/专题资料包/专题资料包/专题资料包.docx,.docx,52096,type_practice_only_candidate,"knowledge_candidate,type_practice_candidate",review_required,path/name suggests explanatory knowledge material; path/name suggests topic or question-type practice,do_not_publish_until_structured_parse_and_answer_analysis_review
/Users/shidianjin/Documents/高考英语/新高考版高考总复习英语5·3A版/专题二十三概要写作/讲解部分PPT/讲解部分PPT—方法技巧/讲解PPT/讲解部分PPT—方法技巧.pptx,新高考版高考总复习英语5·3A版/专题二十三概要写作/讲解部分PPT/讲解部分PPT—方法技巧/讲解PPT/讲解部分PPT—方法技巧.pptx,.pptx,241190,review_required,"knowledge_candidate,type_practice_candidate",review_required,path/name suggests explanatory knowledge material; path/name suggests topic or question-type practice,do_not_publish_until_structured_parse_and_answer_analysis_review
/Users/shidianjin/Documents/高考英语/新高考版高考总复习英语5·3A版/专题二十三概要写作/讲解部分PPT/讲解部分PPT—考点清单/讲解PPT/讲解部分PPT—考点清单.pptx,新高考版高考总复习英语5·3A版/专题二十三概要写作/讲解部分PPT/讲解部分PPT—考点清单/讲解PPT/讲解部分PPT—考点清单.pptx,.pptx,189626,review_required,"knowledge_candidate,type_practice_candidate",review_required,path/name suggests explanatory knowledge material; path/name suggests topic or question-type practice,do_not_publish_until_structured_parse_and_answer_analysis_review
/Users/shidianjin/Documents/高考英语/新高考版高考总复习英语5·3A版/专题二十三概要写作/试题部分WORD/试题部分WORD—5年高考、3年模拟/试题WORD/试题部分WORD—5年高考、3年模拟.docx,新高考版高考总复习英语5·3A版/专题二十三概要写作/试题部分WORD/试题部分WORD—5年高考、3年模拟/试题WORD/试题部分WORD—5年高考、3年模拟.docx,.docx,36143,paper_only_candidate,"full_paper_candidate,knowledge_candidate,type_practice_candidate",review_required,path/name indicates a complete examination paper or mock exam; path/name suggests explanatory knowledge material; path/name suggests topic or question-type practice,do_not_publish_until_structured_parse_and_answer_analysis_review
/Users/shidianjin/Documents/高考英语/新高考版高考总复习英语5·3A版/专题二十三概要写作/试题部分WORD/试题部分WORD—考情探究/试题WORD/试题部分WORD—考情探究.docx,新高考版高考总复习英语5·3A版/专题二十三概要写作/试题部分WORD/试题部分WORD—考情探究/试题WORD/试题部分WORD—考情探究.docx,.docx,57583,type_practice_only_candidate,"knowledge_candidate,type_practice_candidate",review_required,path/name suggests explanatory knowledge material; path/name suggests topic or question-type practice,do_not_publish_until_structured_parse_and_answer_analysis_review
/Users/shidianjin/Documents/高考英语/新高考版高考总复习英语5·3A版/专题二十二读后续写/专题PDF/专题PDF/专题电子书/专题二十二 读后续写.pdf,新高考版高考总复习英语5·3A版/专题二十二读后续写/专题PDF/专题PDF/专题电子书/专题二十二 读后续写.pdf,.pdf,7682660,knowledge_only_candidate,knowledge_candidate,review_required,path/name suggests explanatory knowledge material,do_not_publish_until_structured_parse_and_answer_analysis_review
/Users/shidianjin/Documents/高考英语/新高考版高考总复习英语5·3A版/专题二十二读后续写/专题资料包/专题资料包/专题资料包/专题资料包.docx,新高考版高考总复习英语5·3A版/专题二十二读后续写/专题资料包/专题资料包/专题资料包/专题资料包.docx,.docx,74598,type_practice_only_candidate,knowledge_candidate,review_required,path/name suggests explanatory knowledge material,do_not_publish_until_structured_parse_and_answer_analysis_review
/Users/shidianjin/Documents/高考英语/新高考版高考总复习英语5·3A版/专题二十二读后续写/讲解部分PPT/讲解部分PPT—考点清单/讲解PPT/讲解部分PPT—考点清单.pptx,新高考版高考总复习英语5·3A版/专题二十二读后续写/讲解部分PPT/讲解部分PPT—考点清单/讲解PPT/讲解部分PPT—考点清单.pptx,.pptx,1237896,knowledge_only_candidate,knowledge_candidate,review_required,path/name suggests explanatory knowledge material,do_not_publish_until_structured_parse_and_answer_analysis_review
/Users/shidianjin/Documents/高考英语/新高考版高考总复习英语5·3A版/专题二十二读后续写/试题部分WORD/试题部分WORD—5年高考、3年模拟/试题WORD/试题部分WORD—5年高考、3年模拟.docx,新高考版高考总复习英语5·3A版/专题二十二读后续写/试题部分WORD/试题部分WORD—5年高考、3年模拟/试题WORD/试题部分WORD—5年高考、3年模拟.docx,.docx,88428,paper_only_candidate,"full_paper_candidate,knowledge_candidate",review_required,path/name indicates a complete examination paper or mock exam; path/name suggests explanatory knowledge material,do_not_publish_until_structured_parse_and_answer_analysis_review
/Users/shidianjin/Documents/高考英语/新高考版高考总复习英语5·3A版/专题二十二读后续写/试题部分WORD/试题部分WORD—考点集训/试题WORD/试题部分WORD—考点集训.docx,新高考版高考总复习英语5·3A版/专题二十二读后续写/试题部分WORD/试题部分WORD—考点集训/试题WORD/试题部分WORD—考点集训.docx,.docx,59423,type_practice_only_candidate,knowledge_candidate,review_required,path/name suggests explanatory knowledge material,do_not_publish_until_structured_parse_and_answer_analysis_review
/Users/shidianjin/Documents/高考英语/新高考版高考总复习英语5·3A版/专题二十写作基础/专题PDF/专题PDF/专题电子书/专题二十 写作基础.pdf,新高考版高考总复习英语5·3A版/专题二十写作基础/专题PDF/专题PDF/专题电子书/专题二十 写作基础.pdf,.pdf,1198284,review_required,"knowledge_candidate,type_practice_candidate",review_required,path/name suggests explanatory knowledge material; path/name suggests topic or question-type practice,do_not_publish_until_structured_parse_and_answer_analysis_review
/Users/shidianjin/Documents/高考英语/新高考版高考总复习英语5·3A版/专题二十写作基础/讲解部分PPT/讲解部分PPT—考点清单/讲解PPT/讲解部分PPT—考点清单.pptx,新高考版高考总复习英语5·3A版/专题二十写作基础/讲解部分PPT/讲解部分PPT—考点清单/讲解PPT/讲解部分PPT—考点清单.pptx,.pptx,463264,review_required,"knowledge_candidate,type_practice_candidate",review_required,path/name suggests explanatory knowledge material; path/name suggests topic or question-type practice,do_not_publish_until_structured_parse_and_answer_analysis_review
/Users/shidianjin/Documents/高考英语/新高考版高考总复习英语5·3A版/专题二十写作基础/试题部分WORD/试题部分WORD—考点集训/试题WORD/试题部分WORD—考点集训.docx,新高考版高考总复习英语5·3A版/专题二十写作基础/试题部分WORD/试题部分WORD—考点集训/试题WORD/试题部分WORD—考点集训.docx,.docx,52627,type_practice_only_candidate,"knowledge_candidate,type_practice_candidate",review_required,path/name suggests explanatory knowledge material; path/name suggests topic or question-type practice,do_not_publish_until_structured_parse_and_answer_analysis_review
/Users/shidianjin/Documents/高考英语/新高考版高考总复习英语5·3A版/专题二被动语态/专题PDF/专题PDF/专题电子书/专题二　被动语态.pdf,新高考版高考总复习英语5·3A版/专题二被动语态/专题PDF/专题PDF/专题电子书/专题二　被动语态.pdf,.pdf,889526,knowledge_only_candidate,knowledge_candidate,review_required,path/name suggests explanatory knowledge material,do_not_publish_until_structured_parse_and_answer_analysis_review
/Users/shidianjin/Documents/高考英语/新高考版高考总复习英语5·3A版/专题二被动语态/讲解部分PPT/讲解部分PPT—课标导航、考点清单/讲解PPT/讲解部分PPT—课标导航、考点清单.pptx,新高考版高考总复习英语5·3A版/专题二被动语态/讲解部分PPT/讲解部分PPT—课标导航、考点清单/讲解PPT/讲解部分PPT—课标导航、考点清单.pptx,.pptx,394282,knowledge_only_candidate,knowledge_candidate,review_required,path/name suggests explanatory knowledge material,do_not_publish_until_structured_parse_and_answer_analysis_review
/Users/shidianjin/Documents/高考英语/新高考版高考总复习英语5·3A版/专题二被动语态/试题部分WORD/试题部分WORD—5年高考、3年模拟/试题WORD/试题部分WORD—5年高考、3年模拟.docx,新高考版高考总复习英语5·3A版/专题二被动语态/试题部分WORD/试题部分WORD—5年高考、3年模拟/试题WORD/试题部分WORD—5年高考、3年模拟.docx,.docx,33886,paper_only_candidate,"full_paper_candidate,knowledge_candidate",review_required,path/name indicates a complete examination paper or mock exam; path/name suggests explanatory knowledge material,do_not_publish_until_structured_parse_and_answer_analysis_review
/Users/shidianjin/Documents/高考英语/新高考版高考总复习英语5·3A版/专题二被动语态/试题部分WORD/试题部分WORD—考点集训/试题WORD/试题部分WORD—考点集训.docx,新高考版高考总复习英语5·3A版/专题二被动语态/试题部分WORD/试题部分WORD—考点集训/试题WORD/试题部分WORD—考点集训.docx,.docx,24662,type_practice_only_candidate,knowledge_candidate,review_required,path/name suggests explanatory knowledge material,do_not_publish_until_structured_parse_and_answer_analysis_review
/Users/shidianjin/Documents/高考英语/新高考版高考总复习英语5·3A版/专题五并列复合句/专题PDF/专题PDF/专题电子书/专题五　并列复合句.pdf,新高考版高考总复习英语5·3A版/专题五并列复合句/专题PDF/专题PDF/专题电子书/专题五　并列复合句.pdf,.pdf,863478,knowledge_only_candidate,knowledge_candidate,review_required,path/name suggests explanatory knowledge material,do_not_publish_until_structured_parse_and_answer_analysis_review
/Users/shidianjin/Documents/高考英语/新高考版高考总复习英语5·3A版/专题五并列复合句/讲解部分PPT/讲解部分PPT—课标导航、考点清单/讲解PPT/讲解部分PPT—课标导航、考点清单.pptx,新高考版高考总复习英语5·3A版/专题五并列复合句/讲解部分PPT/讲解部分PPT—课标导航、考点清单/讲解PPT/讲解部分PPT—课标导航、考点清单.pptx,.pptx,369468,knowledge_only_candidate,knowledge_candidate,review_required,path/name suggests explanatory knowledge material,do_not_publish_until_structured_parse_and_answer_analysis_review
/Users/shidianjin/Documents/高考英语/新高考版高考总复习英语5·3A版/专题五并列复合句/试题部分WORD/试题部分WORD—5年高考、3年模拟/试题WORD/试题部分word—5年高考、3年模拟.docx,新高考版高考总复习英语5·3A版/专题五并列复合句/试题部分WORD/试题部分WORD—5年高考、3年模拟/试题WORD/试题部分word—5年高考、3年模拟.docx,.docx,33677,paper_only_candidate,"full_paper_candidate,knowledge_candidate",review_required,path/name indicates a complete examination paper or mock exam; path/name suggests explanatory knowledge material,do_not_publish_until_structured_parse_and_answer_analysis_review
/Users/shidianjin/Documents/高考英语/新高考版高考总复习英语5·3A版/专题五并列复合句/试题部分WORD/试题部分WORD—考点集训/试题WORD/试题部分word—考点集训.docx,新高考版高考总复习英语5·3A版/专题五并列复合句/试题部分WORD/试题部分WORD—考点集训/试题WORD/试题部分word—考点集训.docx,.docx,25480,type_practice_only_candidate,knowledge_candidate,review_required,path/name suggests explanatory knowledge material,do_not_publish_until_structured_parse_and_answer_analysis_review
/Users/shidianjin/Documents/高考英语/新高考版高考总复习英语5·3A版/专题八形容词和副词/专题PDF/专题PDF/专题电子书/专题八　形容词和副词.pdf,新高考版高考总复习英语5·3A版/专题八形容词和副词/专题PDF/专题PDF/专题电子书/专题八　形容词和副词.pdf,.pdf,1082079,knowledge_only_candidate,knowledge_candidate,review_required,path/name suggests explanatory knowledge material,do_not_publish_until_structured_parse_and_answer_analysis_review
/Users/shidianjin/Documents/高考英语/新高考版高考总复习英语5·3A版/专题八形容词和副词/讲解部分PPT/讲解部分PPT—课标导航、考点清单/讲解PPT/讲解部分PPT—课标导航、考点清单.pptx,新高考版高考总复习英语5·3A版/专题八形容词和副词/讲解部分PPT/讲解部分PPT—课标导航、考点清单/讲解PPT/讲解部分PPT—课标导航、考点清单.pptx,.pptx,634747,knowledge_only_candidate,knowledge_candidate,review_required,path/name suggests explanatory knowledge material,do_not_publish_until_structured_parse_and_answer_analysis_review
/Users/shidianjin/Documents/高考英语/新高考版高考总复习英语5·3A版/专题八形容词和副词/试题部分WORD/试题部分WORD—5年高考、3年模拟/试题WORD/试题部分word—5年高考、3年模拟.docx,新高考版高考总复习英语5·3A版/专题八形容词和副词/试题部分WORD/试题部分WORD—5年高考、3年模拟/试题WORD/试题部分word—5年高考、3年模拟.docx,.docx,43874,paper_only_candidate,"full_paper_candidate,knowledge_candidate",review_required,path/name indicates a complete examination paper or mock exam; path/name suggests explanatory knowledge material,do_not_publish_until_structured_parse_and_answer_analysis_review
/Users/shidianjin/Documents/高考英语/新高考版高考总复习英语5·3A版/专题八形容词和副词/试题部分WORD/试题部分WORD—考点集训/试题WORD/试题部分word—考点集训.docx,新高考版高考总复习英语5·3A版/专题八形容词和副词/试题部分WORD/试题部分WORD—考点集训/试题WORD/试题部分word—考点集训.docx,.docx,27320,type_practice_only_candidate,knowledge_candidate,review_required,path/name suggests explanatory knowledge material,do_not_publish_until_structured_parse_and_answer_analysis_review
/Users/shidianjin/Documents/高考英语/新高考版高考总复习英语5·3A版/专题六主从复合句/专题PDF/专题PDF/专题电子书/专题六　主从复合句.pdf,新高考版高考总复习英语5·3A版/专题六主从复合句/专题PDF/专题PDF/专题电子书/专题六　主从复合句.pdf,.pdf,1431905,knowledge_only_candidate,knowledge_candidate,review_required,path/name suggests explanatory knowledge material,do_not_publish_until_structured_parse_and_answer_analysis_review
/Users/shidianjin/Documents/高考英语/新高考版高考总复习英语5·3A版/专题六主从复合句/讲解部分PPT/讲解部分PPT—课标导航、考点清单/讲解PPT/讲解部分PPT—课标导航、考点清单.pptx,新高考版高考总复习英语5·3A版/专题六主从复合句/讲解部分PPT/讲解部分PPT—课标导航、考点清单/讲解PPT/讲解部分PPT—课标导航、考点清单.pptx,.pptx,875410,knowledge_only_candidate,knowledge_candidate,review_required,path/name suggests explanatory knowledge material,do_not_publish_until_structured_parse_and_answer_analysis_review
/Users/shidianjin/Documents/高考英语/新高考版高考总复习英语5·3A版/专题六主从复合句/试题部分WORD/试题部分WORD—5年高考、3年模拟/试题WORD/试题部分word—5年高考、3年模拟.docx,新高考版高考总复习英语5·3A版/专题六主从复合句/试题部分WORD/试题部分WORD—5年高考、3年模拟/试题WORD/试题部分word—5年高考、3年模拟.docx,.docx,59976,paper_only_candidate,"full_paper_candidate,knowledge_candidate",review_required,path/name indicates a complete examination paper or mock exam; path/name suggests explanatory knowledge material,do_not_publish_until_structured_parse_and_answer_analysis_review
/Users/shidianjin/Documents/高考英语/新高考版高考总复习英语5·3A版/专题六主从复合句/试题部分WORD/试题部分WORD—考点集训/试题WORD/试题部分word—考点集训.docx,新高考版高考总复习英语5·3A版/专题六主从复合句/试题部分WORD/试题部分WORD—考点集训/试题WORD/试题部分word—考点集训.docx,.docx,34961,type_practice_only_candidate,knowledge_candidate,review_required,path/name suggests explanatory knowledge material,do_not_publish_until_structured_parse_and_answer_analysis_review
/Users/shidianjin/Documents/高考英语/新高考版高考总复习英语5·3A版/专题十一特殊句式/专题PDF/专题PDF/专题电子书/专题十一　特殊句式.pdf,新高考版高考总复习英语5·3A版/专题十一特殊句式/专题PDF/专题PDF/专题电子书/专题十一　特殊句式.pdf,.pdf,810803,knowledge_only_candidate,knowledge_candidate,review_required,path/name suggests explanatory knowledge material,do_not_publish_until_structured_parse_and_answer_analysis_review
/Users/shidianjin/Documents/高考英语/新高考版高考总复习英语5·3A版/专题十一特殊句式/讲解部分PPT/讲解部分PPT—课标导航、考点清单/讲解PPT/讲解部分PPT—课标导航、考点清单.pptx,新高考版高考总复习英语5·3A版/专题十一特殊句式/讲解部分PPT/讲解部分PPT—课标导航、考点清单/讲解PPT/讲解部分PPT—课标导航、考点清单.pptx,.pptx,561942,knowledge_only_candidate,knowledge_candidate,review_required,path/name suggests explanatory knowledge material,do_not_publish_until_structured_parse_and_answer_analysis_review
/Users/shidianjin/Documents/高考英语/新高考版高考总复习英语5·3A版/专题十一特殊句式/试题部分WORD/试题部分WORD—考点集训/试题WORD/试题部分word—考点集训.docx,新高考版高考总复习英语5·3A版/专题十一特殊句式/试题部分WORD/试题部分WORD—考点集训/试题WORD/试题部分word—考点集训.docx,.docx,27652,type_practice_only_candidate,knowledge_candidate,review_required,path/name suggests explanatory knowledge material,do_not_publish_until_structured_parse_and_answer_analysis_review
/Users/shidianjin/Documents/高考英语/新高考版高考总复习英语5·3A版/专题十七阅读补全（七选五）/专题PDF/专题PDF/专题电子书/专题十七 阅读补全（七选五）.pdf,新高考版高考总复习英语5·3A版/专题十七阅读补全（七选五）/专题PDF/专题PDF/专题电子书/专题十七 阅读补全（七选五）.pdf,.pdf,6854192,review_required,"knowledge_candidate,type_practice_candidate",review_required,path/name suggests explanatory knowledge material; path/name suggests topic or question-type practice,do_not_publish_until_structured_parse_and_answer_analysis_review
/Users/shidianjin/Documents/高考英语/新高考版高考总复习英语5·3A版/专题十七阅读补全（七选五）/专题资料包/专题资料包/专题资料包/专题资料包.docx,新高考版高考总复习英语5·3A版/专题十七阅读补全（七选五）/专题资料包/专题资料包/专题资料包/专题资料包.docx,.docx,100693,type_practice_only_candidate,"knowledge_candidate,type_practice_candidate",review_required,path/name suggests explanatory knowledge material; path/name suggests topic or question-type practice,do_not_publish_until_structured_parse_and_answer_analysis_review
/Users/shidianjin/Documents/高考英语/新高考版高考总复习英语5·3A版/专题十七阅读补全（七选五）/讲解部分PPT/讲解部分PPT—方法技巧/讲解PPT/讲解部分PPT—方法技巧.pptx,新高考版高考总复习英语5·3A版/专题十七阅读补全（七选五）/讲解部分PPT/讲解部分PPT—方法技巧/讲解PPT/讲解部分PPT—方法技巧.pptx,.pptx,856950,review_required,"knowledge_candidate,type_practice_candidate",review_required,path/name suggests explanatory knowledge material; path/name suggests topic or question-type practice,do_not_publish_until_structured_parse_and_answer_analysis_review
/Users/shidianjin/Documents/高考英语/新高考版高考总复习英语5·3A版/专题十七阅读补全（七选五）/试题部分WORD/试题部分WORD—5年高考、3年模拟/试题WORD/试题部分WORD—5年高考、3年模拟.docx,新高考版高考总复习英语5·3A版/专题十七阅读补全（七选五）/试题部分WORD/试题部分WORD—5年高考、3年模拟/试题WORD/试题部分WORD—5年高考、3年模拟.docx,.docx,198122,paper_only_candidate,"full_paper_candidate,knowledge_candidate,type_practice_candidate",review_required,path/name indicates a complete examination paper or mock exam; path/name suggests explanatory knowledge material; path/name suggests topic or question-type practice,do_not_publish_until_structured_parse_and_answer_analysis_review
/Users/shidianjin/Documents/高考英语/新高考版高考总复习英语5·3A版/专题十七阅读补全（七选五）/试题部分WORD/试题部分WORD—方法集训/试题WORD/试题部分WORD—方法集训.docx,新高考版高考总复习英语5·3A版/专题十七阅读补全（七选五）/试题部分WORD/试题部分WORD—方法集训/试题WORD/试题部分WORD—方法集训.docx,.docx,60776,type_practice_only_candidate,"knowledge_candidate,type_practice_candidate",review_required,path/name suggests explanatory knowledge material; path/name suggests topic or question-type practice,do_not_publish_until_structured_parse_and_answer_analysis_review
/Users/shidianjin/Documents/高考英语/新高考版高考总复习英语5·3A版/专题十三细节理解/专题PDF/专题PDF/专题电子书/专题十三 细节理解.pdf,新高考版高考总复习英语5·3A版/专题十三细节理解/专题PDF/专题PDF/专题电子书/专题十三 细节理解.pdf,.pdf,11383368,knowledge_only_candidate,knowledge_candidate,review_required,path/name suggests explanatory knowledge material,do_not_publish_until_structured_parse_and_answer_analysis_review
/Users/shidianjin/Documents/高考英语/新高考版高考总复习英语5·3A版/专题十三细节理解/专题资料包/专题资料包/专题资料包/专题资料包.docx,新高考版高考总复习英语5·3A版/专题十三细节理解/专题资料包/专题资料包/专题资料包/专题资料包.docx,.docx,79164,type_practice_only_candidate,knowledge_candidate,review_required,path/name suggests explanatory knowledge material,do_not_publish_until_structured_parse_and_answer_analysis_review
/Users/shidianjin/Documents/高考英语/新高考版高考总复习英语5·3A版/专题十三细节理解/讲解部分PPT/讲解部分PPT—方法技巧/讲解PPT/讲解部分PPT—方法技巧.pptx,新高考版高考总复习英语5·3A版/专题十三细节理解/讲解部分PPT/讲解部分PPT—方法技巧/讲解PPT/讲解部分PPT—方法技巧.pptx,.pptx,1003256,knowledge_only_candidate,knowledge_candidate,review_required,path/name suggests explanatory knowledge material,do_not_publish_until_structured_parse_and_answer_analysis_review
/Users/shidianjin/Documents/高考英语/新高考版高考总复习英语5·3A版/专题十三细节理解/试题部分WORD/试题部分WORD—5年高考、3年模拟/试题WORD/试题部分WORD—5年高考、3年模拟.docx,新高考版高考总复习英语5·3A版/专题十三细节理解/试题部分WORD/试题部分WORD—5年高考、3年模拟/试题WORD/试题部分WORD—5年高考、3年模拟.docx,.docx,1646796,paper_only_candidate,"full_paper_candidate,knowledge_candidate",review_required,path/name indicates a complete examination paper or mock exam; path/name suggests explanatory knowledge material,do_not_publish_until_structured_parse_and_answer_analysis_review
/Users/shidianjin/Documents/高考英语/新高考版高考总复习英语5·3A版/专题十三细节理解/试题部分WORD/试题部分WORD—方法集训/试题WORD/试题部分WORD—方法集训.docx,新高考版高考总复习英语5·3A版/专题十三细节理解/试题部分WORD/试题部分WORD—方法集训/试题WORD/试题部分WORD—方法集训.docx,.docx,56048,type_practice_only_candidate,knowledge_candidate,review_required,path/name suggests explanatory knowledge material,do_not_publish_until_structured_parse_and_answer_analysis_review
/Users/shidianjin/Documents/高考英语/新高考版高考总复习英语5·3A版/专题十九语法填空/专题PDF/专题PDF/专题电子书/专题十九 语法填空.pdf,新高考版高考总复习英语5·3A版/专题十九语法填空/专题PDF/专题PDF/专题电子书/专题十九 语法填空.pdf,.pdf,8796306,review_required,"knowledge_candidate,type_practice_candidate",review_required,path/name suggests explanatory knowledge material; path/name suggests topic or question-type practice,do_not_publish_until_structured_parse_and_answer_analysis_review
/Users/shidianjin/Documents/高考英语/新高考版高考总复习英语5·3A版/专题十九语法填空/专题资料包/专题资料包/专题资料包/专题资料包.docx,新高考版高考总复习英语5·3A版/专题十九语法填空/专题资料包/专题资料包/专题资料包/专题资料包.docx,.docx,94030,type_practice_only_candidate,"knowledge_candidate,type_practice_candidate",review_required,path/name suggests explanatory knowledge material; path/name suggests topic or question-type practice,do_not_publish_until_structured_parse_and_answer_analysis_review
/Users/shidianjin/Documents/高考英语/新高考版高考总复习英语5·3A版/专题十九语法填空/讲解部分PPT/讲解部分PPT—方法技巧/讲解PPT/讲解部分PPT—方法技巧.pptx,新高考版高考总复习英语5·3A版/专题十九语法填空/讲解部分PPT/讲解部分PPT—方法技巧/讲解PPT/讲解部分PPT—方法技巧.pptx,.pptx,926525,review_required,"knowledge_candidate,type_practice_candidate",review_required,path/name suggests explanatory knowledge material; path/name suggests topic or question-type practice,do_not_publish_until_structured_parse_and_answer_analysis_review
/Users/shidianjin/Documents/高考英语/新高考版高考总复习英语5·3A版/专题十九语法填空/讲解部分PPT/讲解部分PPT—考点清单/讲解PPT/讲解部分PPT—考点清单.pptx,新高考版高考总复习英语5·3A版/专题十九语法填空/讲解部分PPT/讲解部分PPT—考点清单/讲解PPT/讲解部分PPT—考点清单.pptx,.pptx,209566,review_required,"knowledge_candidate,type_practice_candidate",review_required,path/name suggests explanatory knowledge material; path/name suggests topic or question-type practice,do_not_publish_until_structured_parse_and_answer_analysis_review
/Users/shidianjin/Documents/高考英语/新高考版高考总复习英语5·3A版/专题十九语法填空/试题部分WORD/试题部分WORD—5年高考、3年模拟/试题WORD/试题部分WORD—5年高考、3年模拟.docx,新高考版高考总复习英语5·3A版/专题十九语法填空/试题部分WORD/试题部分WORD—5年高考、3年模拟/试题WORD/试题部分WORD—5年高考、3年模拟.docx,.docx,120535,paper_only_candidate,"full_paper_candidate,knowledge_candidate,type_practice_candidate",review_required,path/name indicates a complete examination paper or mock exam; path/name suggests explanatory knowledge material; path/name suggests topic or question-type practice,do_not_publish_until_structured_parse_and_answer_analysis_review
/Users/shidianjin/Documents/高考英语/新高考版高考总复习英语5·3A版/专题十九语法填空/试题部分WORD/试题部分WORD—考点集训、方法集训/试题WORD/试题部分WORD—考点集训、方法集训.docx,新高考版高考总复习英语5·3A版/专题十九语法填空/试题部分WORD/试题部分WORD—考点集训、方法集训/试题WORD/试题部分WORD—考点集训、方法集训.docx,.docx,54939,type_practice_only_candidate,"knowledge_candidate,type_practice_candidate",review_required,path/name suggests explanatory knowledge material; path/name suggests topic or question-type practice,do_not_publish_until_structured_parse_and_answer_analysis_review
/Users/shidianjin/Documents/高考英语/新高考版高考总复习英语5·3A版/专题十二构词法/专题PDF/专题PDF/专题电子书/专题十二　构词法.pdf,新高考版高考总复习英语5·3A版/专题十二构词法/专题PDF/专题PDF/专题电子书/专题十二　构词法.pdf,.pdf,751922,knowledge_only_candidate,knowledge_candidate,review_required,path/name suggests explanatory knowledge material,do_not_publish_until_structured_parse_and_answer_analysis_review
/Users/shidianjin/Documents/高考英语/新高考版高考总复习英语5·3A版/专题十二构词法/讲解部分PPT/讲解部分PPT—课标导航、考点清单/讲解PPT/讲解部分PPT—课标导航、考点清单.pptx,新高考版高考总复习英语5·3A版/专题十二构词法/讲解部分PPT/讲解部分PPT—课标导航、考点清单/讲解PPT/讲解部分PPT—课标导航、考点清单.pptx,.pptx,389341,knowledge_only_candidate,knowledge_candidate,review_required,path/name suggests explanatory knowledge material,do_not_publish_until_structured_parse_and_answer_analysis_review
/Users/shidianjin/Documents/高考英语/新高考版高考总复习英语5·3A版/专题十二构词法/试题部分WORD/试题部分WORD—考点集训/试题WORD/试题部分word—考点集训.docx,新高考版高考总复习英语5·3A版/专题十二构词法/试题部分WORD/试题部分WORD—考点集训/试题WORD/试题部分word—考点集训.docx,.docx,26965,type_practice_only_candidate,knowledge_candidate,review_required,path/name suggests explanatory knowledge material,do_not_publish_until_structured_parse_and_answer_analysis_review
/Users/shidianjin/Documents/高考英语/新高考版高考总复习英语5·3A版/专题十五推理判断/专题PDF/专题PDF/专题电子书/专题十五 推理判断.pdf,新高考版高考总复习英语5·3A版/专题十五推理判断/专题PDF/专题PDF/专题电子书/专题十五 推理判断.pdf,.pdf,6786913,knowledge_only_candidate,knowledge_candidate,review_required,path/name suggests explanatory knowledge material,do_not_publish_until_structured_parse_and_answer_analysis_review
/Users/shidianjin/Documents/高考英语/新高考版高考总复习英语5·3A版/专题十五推理判断/专题资料包/专题资料包/专题资料包/专题资料包.docx,新高考版高考总复习英语5·3A版/专题十五推理判断/专题资料包/专题资料包/专题资料包/专题资料包.docx,.docx,167429,type_practice_only_candidate,knowledge_candidate,review_required,path/name suggests explanatory knowledge material,do_not_publish_until_structured_parse_and_answer_analysis_review
/Users/shidianjin/Documents/高考英语/新高考版高考总复习英语5·3A版/专题十五推理判断/讲解部分PPT/讲解部分PPT—方法技巧/讲解PPT/讲解部分PPT—方法技巧.pptx,新高考版高考总复习英语5·3A版/专题十五推理判断/讲解部分PPT/讲解部分PPT—方法技巧/讲解PPT/讲解部分PPT—方法技巧.pptx,.pptx,1000192,knowledge_only_candidate,knowledge_candidate,review_required,path/name suggests explanatory knowledge material,do_not_publish_until_structured_parse_and_answer_analysis_review
/Users/shidianjin/Documents/高考英语/新高考版高考总复习英语5·3A版/专题十五推理判断/试题部分WORD/试题部分WORD—5年高考、3年模拟/试题WORD/试题部分WORD—5年高考、3年模拟.docx,新高考版高考总复习英语5·3A版/专题十五推理判断/试题部分WORD/试题部分WORD—5年高考、3年模拟/试题WORD/试题部分WORD—5年高考、3年模拟.docx,.docx,554920,paper_only_candidate,"full_paper_candidate,knowledge_candidate",review_required,path/name indicates a complete examination paper or mock exam; path/name suggests explanatory knowledge material,do_not_publish_until_structured_parse_and_answer_analysis_review
/Users/shidianjin/Documents/高考英语/新高考版高考总复习英语5·3A版/专题十五推理判断/试题部分WORD/试题部分WORD—方法集训/试题WORD/试题部分WORD—方法集训.docx,新高考版高考总复习英语5·3A版/专题十五推理判断/试题部分WORD/试题部分WORD—方法集训/试题WORD/试题部分WORD—方法集训.docx,.docx,23983,type_practice_only_candidate,knowledge_candidate,review_required,path/name suggests explanatory knowledge material,do_not_publish_until_structured_parse_and_answer_analysis_review
/Users/shidianjin/Documents/高考英语/新高考版高考总复习英语5·3A版/专题十八完形填空/专题PDF/专题PDF/专题电子书/专题十八 完形填空.pdf,新高考版高考总复习英语5·3A版/专题十八完形填空/专题PDF/专题PDF/专题电子书/专题十八 完形填空.pdf,.pdf,7347302,review_required,"knowledge_candidate,type_practice_candidate",review_required,path/name suggests explanatory knowledge material; path/name suggests topic or question-type practice,do_not_publish_until_structured_parse_and_answer_analysis_review
/Users/shidianjin/Documents/高考英语/新高考版高考总复习英语5·3A版/专题十八完形填空/专题资料包/专题资料包/专题资料包/专题资料包.docx,新高考版高考总复习英语5·3A版/专题十八完形填空/专题资料包/专题资料包/专题资料包/专题资料包.docx,.docx,95728,type_practice_only_candidate,"knowledge_candidate,type_practice_candidate",review_required,path/name suggests explanatory knowledge material; path/name suggests topic or question-type practice,do_not_publish_until_structured_parse_and_answer_analysis_review
/Users/shidianjin/Documents/高考英语/新高考版高考总复习英语5·3A版/专题十八完形填空/讲解部分PPT/讲解部分PPT—方法技巧/讲解PPT/讲解部分PPT—方法技巧.pptx,新高考版高考总复习英语5·3A版/专题十八完形填空/讲解部分PPT/讲解部分PPT—方法技巧/讲解PPT/讲解部分PPT—方法技巧.pptx,.pptx,558726,review_required,"knowledge_candidate,type_practice_candidate",review_required,path/name suggests explanatory knowledge material; path/name suggests topic or question-type practice,do_not_publish_until_structured_parse_and_answer_analysis_review
/Users/shidianjin/Documents/高考英语/新高考版高考总复习英语5·3A版/专题十八完形填空/试题部分WORD/试题部分WORD—5年高考、3年模拟/试题WORD/试题部分WORD—5年高考、3年模拟.docx,新高考版高考总复习英语5·3A版/专题十八完形填空/试题部分WORD/试题部分WORD—5年高考、3年模拟/试题WORD/试题部分WORD—5年高考、3年模拟.docx,.docx,421479,paper_only_candidate,"full_paper_candidate,knowledge_candidate,type_practice_candidate",review_required,path/name indicates a complete examination paper or mock exam; path/name suggests explanatory knowledge material; path/name suggests topic or question-type practice,do_not_publish_until_structured_parse_and_answer_analysis_review
/Users/shidianjin/Documents/高考英语/新高考版高考总复习英语5·3A版/专题十八完形填空/试题部分WORD/试题部分WORD—方法集训/试题WORD/试题部分WORD—方法集训.docx,新高考版高考总复习英语5·3A版/专题十八完形填空/试题部分WORD/试题部分WORD—方法集训/试题WORD/试题部分WORD—方法集训.docx,.docx,55840,type_practice_only_candidate,"knowledge_candidate,type_practice_candidate",review_required,path/name suggests explanatory knowledge material; path/name suggests topic or question-type practice,do_not_publish_until_structured_parse_and_answer_analysis_review
/Users/shidianjin/Documents/高考英语/新高考版高考总复习英语5·3A版/专题十六猜测词义/专题PDF/专题PDF/专题电子书/专题十六 猜测词义.pdf,新高考版高考总复习英语5·3A版/专题十六猜测词义/专题PDF/专题PDF/专题电子书/专题十六 猜测词义.pdf,.pdf,4649562,knowledge_only_candidate,knowledge_candidate,review_required,path/name suggests explanatory knowledge material,do_not_publish_until_structured_parse_and_answer_analysis_review
/Users/shidianjin/Documents/高考英语/新高考版高考总复习英语5·3A版/专题十六猜测词义/专题资料包/专题资料包/专题资料包/专题资料包.docx,新高考版高考总复习英语5·3A版/专题十六猜测词义/专题资料包/专题资料包/专题资料包/专题资料包.docx,.docx,70588,type_practice_only_candidate,knowledge_candidate,review_required,path/name suggests explanatory knowledge material,do_not_publish_until_structured_parse_and_answer_analysis_review
/Users/shidianjin/Documents/高考英语/新高考版高考总复习英语5·3A版/专题十六猜测词义/讲解部分PPT/讲解部分PPT—方法技巧/讲解PPT/讲解部分PPT—方法技巧.pptx,新高考版高考总复习英语5·3A版/专题十六猜测词义/讲解部分PPT/讲解部分PPT—方法技巧/讲解PPT/讲解部分PPT—方法技巧.pptx,.pptx,458244,knowledge_only_candidate,knowledge_candidate,review_required,path/name suggests explanatory knowledge material,do_not_publish_until_structured_parse_and_answer_analysis_review
/Users/shidianjin/Documents/高考英语/新高考版高考总复习英语5·3A版/专题十六猜测词义/试题部分WORD/试题部分WORD—5年高考、3年模拟/试题WORD/试题部分WORD—5年高考、3年模拟.docx,新高考版高考总复习英语5·3A版/专题十六猜测词义/试题部分WORD/试题部分WORD—5年高考、3年模拟/试题WORD/试题部分WORD—5年高考、3年模拟.docx,.docx,315870,paper_only_candidate,"full_paper_candidate,knowledge_candidate",review_required,path/name indicates a complete examination paper or mock exam; path/name suggests explanatory knowledge material,do_not_publish_until_structured_parse_and_answer_analysis_review
/Users/shidianjin/Documents/高考英语/新高考版高考总复习英语5·3A版/专题十六猜测词义/试题部分WORD/试题部分WORD—方法集训/试题WORD/试题部分WORD—方法集训.docx,新高考版高考总复习英语5·3A版/专题十六猜测词义/试题部分WORD/试题部分WORD—方法集训/试题WORD/试题部分WORD—方法集训.docx,.docx,24990,type_practice_only_candidate,knowledge_candidate,review_required,path/name suggests explanatory knowledge material,do_not_publish_until_structured_parse_and_answer_analysis_review
/Users/shidianjin/Documents/高考英语/新高考版高考总复习英语5·3A版/专题十四主旨要义/专题PDF/专题PDF/专题电子书/专题十四 主旨要义.pdf,新高考版高考总复习英语5·3A版/专题十四主旨要义/专题PDF/专题PDF/专题电子书/专题十四 主旨要义.pdf,.pdf,6012674,knowledge_only_candidate,knowledge_candidate,review_required,path/name suggests explanatory knowledge material,do_not_publish_until_structured_parse_and_answer_analysis_review
/Users/shidianjin/Documents/高考英语/新高考版高考总复习英语5·3A版/专题十四主旨要义/专题资料包/专题资料包/专题资料包/专题资料包.docx,新高考版高考总复习英语5·3A版/专题十四主旨要义/专题资料包/专题资料包/专题资料包/专题资料包.docx,.docx,150058,type_practice_only_candidate,knowledge_candidate,review_required,path/name suggests explanatory knowledge material,do_not_publish_until_structured_parse_and_answer_analysis_review
/Users/shidianjin/Documents/高考英语/新高考版高考总复习英语5·3A版/专题十四主旨要义/讲解部分PPT/讲解部分PPT—方法技巧/讲解PPT/讲解部分PPT—方法技巧.pptx,新高考版高考总复习英语5·3A版/专题十四主旨要义/讲解部分PPT/讲解部分PPT—方法技巧/讲解PPT/讲解部分PPT—方法技巧.pptx,.pptx,384261,knowledge_only_candidate,knowledge_candidate,review_required,path/name suggests explanatory knowledge material,do_not_publish_until_structured_parse_and_answer_analysis_review
/Users/shidianjin/Documents/高考英语/新高考版高考总复习英语5·3A版/专题十四主旨要义/试题部分WORD/试题部分WORD—5年高考、3年模拟/试题WORD/试题部分WORD—5年高考、3年模拟.docx,新高考版高考总复习英语5·3A版/专题十四主旨要义/试题部分WORD/试题部分WORD—5年高考、3年模拟/试题WORD/试题部分WORD—5年高考、3年模拟.docx,.docx,377098,paper_only_candidate,"full_paper_candidate,knowledge_candidate",review_required,path/name indicates a complete examination paper or mock exam; path/name suggests explanatory knowledge material,do_not_publish_until_structured_parse_and_answer_analysis_review
/Users/shidianjin/Documents/高考英语/新高考版高考总复习英语5·3A版/专题十四主旨要义/试题部分WORD/试题部分WORD—方法集训/试题WORD/试题部分WORD—方法集训.docx,新高考版高考总复习英语5·3A版/专题十四主旨要义/试题部分WORD/试题部分WORD—方法集训/试题WORD/试题部分WORD—方法集训.docx,.docx,28266,type_practice_only_candidate,knowledge_candidate,review_required,path/name suggests explanatory knowledge material,do_not_publish_until_structured_parse_and_answer_analysis_review
/Users/shidianjin/Documents/高考英语/新高考版高考总复习英语5·3A版/专题十情态动词和虚拟语气/专题PDF/专题PDF/专题电子书/专题十　情态动词和虚拟语气.pdf,新高考版高考总复习英语5·3A版/专题十情态动词和虚拟语气/专题PDF/专题PDF/专题电子书/专题十　情态动词和虚拟语气.pdf,.pdf,859636,knowledge_only_candidate,knowledge_candidate,review_required,path/name suggests explanatory knowledge material,do_not_publish_until_structured_parse_and_answer_analysis_review
/Users/shidianjin/Documents/高考英语/新高考版高考总复习英语5·3A版/专题十情态动词和虚拟语气/讲解部分PPT/讲解部分PPT—课标导航、考点清单/讲解PPT/讲解部分PPT—课标导航、考点清单.pptx,新高考版高考总复习英语5·3A版/专题十情态动词和虚拟语气/讲解部分PPT/讲解部分PPT—课标导航、考点清单/讲解PPT/讲解部分PPT—课标导航、考点清单.pptx,.pptx,659001,knowledge_only_candidate,knowledge_candidate,review_required,path/name suggests explanatory knowledge material,do_not_publish_until_structured_parse_and_answer_analysis_review
/Users/shidianjin/Documents/高考英语/新高考版高考总复习英语5·3A版/专题十情态动词和虚拟语气/试题部分WORD/试题部分WORD—考点集训/试题WORD/试题部分word—考点集训.docx,新高考版高考总复习英语5·3A版/专题十情态动词和虚拟语气/试题部分WORD/试题部分WORD—考点集训/试题WORD/试题部分word—考点集训.docx,.docx,27355,type_practice_only_candidate,knowledge_candidate,review_required,path/name suggests explanatory knowledge material,do_not_publish_until_structured_parse_and_answer_analysis_review
/Users/shidianjin/Documents/高考英语/新高考版高考总复习英语5·3A版/专题四非谓语动词/专题PDF/专题PDF/专题电子书/专题四　非谓语动词.pdf,新高考版高考总复习英语5·3A版/专题四非谓语动词/专题PDF/专题PDF/专题电子书/专题四　非谓语动词.pdf,.pdf,1281853,knowledge_only_candidate,knowledge_candidate,review_required,path/name suggests explanatory knowledge material,do_not_publish_until_structured_parse_and_answer_analysis_review
/Users/shidianjin/Documents/高考英语/新高考版高考总复习英语5·3A版/专题四非谓语动词/讲解部分PPT/讲解部分PPT—课标导航、考点清单/讲解PPT/讲解部分PPT—课标导航、考点清单.pptx,新高考版高考总复习英语5·3A版/专题四非谓语动词/讲解部分PPT/讲解部分PPT—课标导航、考点清单/讲解PPT/讲解部分PPT—课标导航、考点清单.pptx,.pptx,959007,knowledge_only_candidate,knowledge_candidate,review_required,path/name suggests explanatory knowledge material,do_not_publish_until_structured_parse_and_answer_analysis_review
/Users/shidianjin/Documents/高考英语/新高考版高考总复习英语5·3A版/专题四非谓语动词/试题部分WORD/试题部分WORD—5年高考、3年模拟/试题WORD/试题部分WORD—5年高考、3年模拟.docx,新高考版高考总复习英语5·3A版/专题四非谓语动词/试题部分WORD/试题部分WORD—5年高考、3年模拟/试题WORD/试题部分WORD—5年高考、3年模拟.docx,.docx,52005,paper_only_candidate,"full_paper_candidate,knowledge_candidate",review_required,path/name indicates a complete examination paper or mock exam; path/name suggests explanatory knowledge material,do_not_publish_until_structured_parse_and_answer_analysis_review
/Users/shidianjin/Documents/高考英语/新高考版高考总复习英语5·3A版/专题四非谓语动词/试题部分WORD/试题部分WORD—考点集训/试题WORD/试题部分WORD—考点集训.docx,新高考版高考总复习英语5·3A版/专题四非谓语动词/试题部分WORD/试题部分WORD—考点集训/试题WORD/试题部分WORD—考点集训.docx,.docx,26373,type_practice_only_candidate,knowledge_candidate,review_required,path/name suggests explanatory knowledge material,do_not_publish_until_structured_parse_and_answer_analysis_review
/Users/shidianjin/Documents/高考英语/新高考版高考总复习英语5·3A版/仿真卷/专题PDF/专题PDF—仿真卷一/专题电子书/仿真卷一.pdf,新高考版高考总复习英语5·3A版/仿真卷/专题PDF/专题PDF—仿真卷一/专题电子书/仿真卷一.pdf,.pdf,1892873,knowledge_only_candidate,knowledge_candidate,review_required,path/name suggests explanatory knowledge material,do_not_publish_until_structured_parse_and_answer_analysis_review
/Users/shidianjin/Documents/高考英语/新高考版高考总复习英语5·3A版/仿真卷/专题PDF/专题PDF—仿真卷三/专题电子书/仿真卷三.pdf,新高考版高考总复习英语5·3A版/仿真卷/专题PDF/专题PDF—仿真卷三/专题电子书/仿真卷三.pdf,.pdf,1909181,knowledge_only_candidate,knowledge_candidate,review_required,path/name suggests explanatory knowledge material,do_not_publish_until_structured_parse_and_answer_analysis_review
/Users/shidianjin/Documents/高考英语/新高考版高考总复习英语5·3A版/仿真卷/专题PDF/专题PDF—仿真卷二/专题电子书/仿真卷二.pdf,新高考版高考总复习英语5·3A版/仿真卷/专题PDF/专题PDF—仿真卷二/专题电子书/仿真卷二.pdf,.pdf,1892438,knowledge_only_candidate,knowledge_candidate,review_required,path/name suggests explanatory knowledge material,do_not_publish_until_structured_parse_and_answer_analysis_review
/Users/shidianjin/Documents/高考英语/新高考版高考总复习英语5·3A版/仿真卷/专题PDF/专题PDF—仿真卷四/专题电子书/仿真卷四.pdf,新高考版高考总复习英语5·3A版/仿真卷/专题PDF/专题PDF—仿真卷四/专题电子书/仿真卷四.pdf,.pdf,1864301,knowledge_only_candidate,knowledge_candidate,review_required,path/name suggests explanatory knowledge material,do_not_publish_until_structured_parse_and_answer_analysis_review
/Users/shidianjin/Documents/高考英语/新高考版高考总复习英语5·3A版/仿真卷/试题部分WORD/试题部分WORD—仿真卷/试题WORD/试题部分WORD—仿真卷.docx,新高考版高考总复习英语5·3A版/仿真卷/试题部分WORD/试题部分WORD—仿真卷/试题WORD/试题部分WORD—仿真卷.docx,.docx,243596,type_practice_only_candidate,knowledge_candidate,review_required,path/name suggests explanatory knowledge material,do_not_publish_until_structured_parse_and_answer_analysis_review
/Users/shidianjin/Documents/高考英语/新高考版高考总复习英语5·3A版/组合卷/专题PDF/专题PDF—组合卷一/专题电子书/组合卷一.pdf,新高考版高考总复习英语5·3A版/组合卷/专题PDF/专题PDF—组合卷一/专题电子书/组合卷一.pdf,.pdf,1759757,knowledge_only_candidate,knowledge_candidate,review_required,path/name suggests explanatory knowledge material,do_not_publish_until_structured_parse_and_answer_analysis_review
/Users/shidianjin/Documents/高考英语/新高考版高考总复习英语5·3A版/组合卷/专题PDF/专题PDF—组合卷三/专题电子书/组合卷三.pdf,新高考版高考总复习英语5·3A版/组合卷/专题PDF/专题PDF—组合卷三/专题电子书/组合卷三.pdf,.pdf,1796616,knowledge_only_candidate,knowledge_candidate,review_required,path/name suggests explanatory knowledge material,do_not_publish_until_structured_parse_and_answer_analysis_review
/Users/shidianjin/Documents/高考英语/新高考版高考总复习英语5·3A版/组合卷/专题PDF/专题PDF—组合卷二/专题电子书/组合卷二.pdf,新高考版高考总复习英语5·3A版/组合卷/专题PDF/专题PDF—组合卷二/专题电子书/组合卷二.pdf,.pdf,1834196,knowledge_only_candidate,knowledge_candidate,review_required,path/name suggests explanatory knowledge material,do_not_publish_until_structured_parse_and_answer_analysis_review
/Users/shidianjin/Documents/高考英语/新高考版高考总复习英语5·3A版/组合卷/试题部分WORD/试题部分WORD—组合卷/试题WORD/试题部分WORD—组合卷.docx,新高考版高考总复习英语5·3A版/组合卷/试题部分WORD/试题部分WORD—组合卷/试题WORD/试题部分WORD—组合卷.docx,.docx,115371,type_practice_only_candidate,knowledge_candidate,review_required,path/name suggests explanatory knowledge material,do_not_publish_until_structured_parse_and_answer_analysis_review
/Users/shidianjin/Documents/高考英语/新高考版高考总复习英语5·3A版/附录/专题PDF/专题PDF—附录1/专题电子书/附录一　不规则动词表.pdf,新高考版高考总复习英语5·3A版/附录/专题PDF/专题PDF—附录1/专题电子书/附录一　不规则动词表.pdf,.pdf,595641,knowledge_only_candidate,knowledge_candidate,review_required,path/name suggests explanatory knowledge material,do_not_publish_until_structured_parse_and_answer_analysis_review
/Users/shidianjin/Documents/高考英语/新高考版高考总复习英语5·3A版/附录/专题PDF/专题PDF—附录2/专题电子书/附录二　听力场景词汇.pdf,新高考版高考总复习英语5·3A版/附录/专题PDF/专题PDF—附录2/专题电子书/附录二　听力场景词汇.pdf,.pdf,447455,knowledge_only_candidate,knowledge_candidate,review_required,path/name suggests explanatory knowledge material,do_not_publish_until_structured_parse_and_answer_analysis_review
/Users/shidianjin/Documents/高考英语/新高考版高考总复习英语5·3A版/附录/专题PDF/专题PDF—附录3/专题电子书/附录三　2016~2020年高考高频动词短语语“酷”.pdf,新高考版高考总复习英语5·3A版/附录/专题PDF/专题PDF—附录3/专题电子书/附录三　2016~2020年高考高频动词短语语“酷”.pdf,.pdf,582920,knowledge_only_candidate,knowledge_candidate,review_required,path/name suggests explanatory knowledge material,do_not_publish_until_structured_parse_and_answer_analysis_review
/Users/shidianjin/Documents/高考英语/新高考版高考总复习英语5·3A版/附录/讲解部分PPT/讲解部分PPT—附录1/讲解PPT/附录一　不规则动词表.pptx,新高考版高考总复习英语5·3A版/附录/讲解部分PPT/讲解部分PPT—附录1/讲解PPT/附录一　不规则动词表.pptx,.pptx,359214,knowledge_only_candidate,knowledge_candidate,review_required,path/name suggests explanatory knowledge material,do_not_publish_until_structured_parse_and_answer_analysis_review
/Users/shidianjin/Documents/高考英语/新高考版高考总复习英语5·3A版/附录/讲解部分PPT/讲解部分PPT—附录2/讲解PPT/附录二　听力场景词汇.pptx,新高考版高考总复习英语5·3A版/附录/讲解部分PPT/讲解部分PPT—附录2/讲解PPT/附录二　听力场景词汇.pptx,.pptx,350034,knowledge_only_candidate,knowledge_candidate,review_required,path/name suggests explanatory knowledge material,do_not_publish_until_structured_parse_and_answer_analysis_review
/Users/shidianjin/Documents/高考英语/新高考版高考总复习英语5·3A版/附录/讲解部分PPT/讲解部分PPT—附录3/讲解PPT/附录三　2016~2020年高考高频动词短语语“酷”.pptx,新高考版高考总复习英语5·3A版/附录/讲解部分PPT/讲解部分PPT—附录3/讲解PPT/附录三　2016~2020年高考高频动词短语语“酷”.pptx,.pptx,469516,knowledge_only_candidate,knowledge_candidate,review_required,path/name suggests explanatory knowledge material,do_not_publish_until_structured_parse_and_answer_analysis_review
/Users/shidianjin/Documents/高考英语/新高考版高考总复习英语5·3B版/专题一名词、代词、冠词/专题一名词、代词、冠词（专题电子书）/专题电子书/专题一　名词、代词、冠词.pdf,新高考版高考总复习英语5·3B版/专题一名词、代词、冠词/专题一名词、代词、冠词（专题电子书）/专题电子书/专题一　名词、代词、冠词.pdf,.pdf,1341293,knowledge_only_candidate,knowledge_candidate,review_required,path/name suggests explanatory knowledge material,do_not_publish_until_structured_parse_and_answer_analysis_review
/Users/shidianjin/Documents/高考英语/新高考版高考总复习英语5·3B版/专题一名词、代词、冠词/专题一名词、代词、冠词（讲解PPT）/讲解PPT/1_专题一　名词、代词、冠词.pptx,新高考版高考总复习英语5·3B版/专题一名词、代词、冠词/专题一名词、代词、冠词（讲解PPT）/讲解PPT/1_专题一　名词、代词、冠词.pptx,.pptx,979424,knowledge_only_candidate,knowledge_candidate,review_required,path/name suggests explanatory knowledge material,do_not_publish_until_structured_parse_and_answer_analysis_review
/Users/shidianjin/Documents/高考英语/新高考版高考总复习英语5·3B版/专题一名词、代词、冠词/专题一名词、代词、冠词（试题WORD）/试题WORD/专题一　名词、代词和冠词（试题word）_20211128_103902.docx,新高考版高考总复习英语5·3B版/专题一名词、代词、冠词/专题一名词、代词、冠词（试题WORD）/试题WORD/专题一　名词、代词和冠词（试题word）_20211128_103902.docx,.docx,38435,type_practice_only_candidate,knowledge_candidate,review_required,path/name suggests explanatory knowledge material,do_not_publish_until_structured_parse_and_answer_analysis_review
/Users/shidianjin/Documents/高考英语/新高考版高考总复习英语5·3B版/专题七细节理解/专题七细节理解（专题电子书）/专题电子书/专题七　细节理解.pdf,新高考版高考总复习英语5·3B版/专题七细节理解/专题七细节理解（专题电子书）/专题电子书/专题七　细节理解.pdf,.pdf,2671228,knowledge_only_candidate,knowledge_candidate,review_required,path/name suggests explanatory knowledge material,do_not_publish_until_structured_parse_and_answer_analysis_review
/Users/shidianjin/Documents/高考英语/新高考版高考总复习英语5·3B版/专题七细节理解/专题七细节理解（专题资料包）/专题资料包/专题七　细节理解（专题资料包）.docx,新高考版高考总复习英语5·3B版/专题七细节理解/专题七细节理解（专题资料包）/专题资料包/专题七　细节理解（专题资料包）.docx,.docx,126308,type_practice_only_candidate,knowledge_candidate,review_required,path/name suggests explanatory knowledge material,do_not_publish_until_structured_parse_and_answer_analysis_review
/Users/shidianjin/Documents/高考英语/新高考版高考总复习英语5·3B版/专题七细节理解/专题七细节理解（讲解PPT）/讲解PPT/7_专题七　细节理解.pptx,新高考版高考总复习英语5·3B版/专题七细节理解/专题七细节理解（讲解PPT）/讲解PPT/7_专题七　细节理解.pptx,.pptx,703838,knowledge_only_candidate,knowledge_candidate,review_required,path/name suggests explanatory knowledge material,do_not_publish_until_structured_parse_and_answer_analysis_review
/Users/shidianjin/Documents/高考英语/新高考版高考总复习英语5·3B版/专题七细节理解/专题七细节理解（试题WORD）/试题WORD/专题七　细节理解（试题word）.docx,新高考版高考总复习英语5·3B版/专题七细节理解/专题七细节理解（试题WORD）/试题WORD/专题七　细节理解（试题word）.docx,.docx,1367611,type_practice_only_candidate,knowledge_candidate,review_required,path/name suggests explanatory knowledge material,do_not_publish_until_structured_parse_and_answer_analysis_review
/Users/shidianjin/Documents/高考英语/新高考版高考总复习英语5·3B版/专题三形容词、副词和数词/专题三形容词、副词和数词（专题电子书）/专题电子书/专题三　形容词、副词和数词.pdf,新高考版高考总复习英语5·3B版/专题三形容词、副词和数词/专题三形容词、副词和数词（专题电子书）/专题电子书/专题三　形容词、副词和数词.pdf,.pdf,1309051,knowledge_only_candidate,knowledge_candidate,review_required,path/name suggests explanatory knowledge material,do_not_publish_until_structured_parse_and_answer_analysis_review
/Users/shidianjin/Documents/高考英语/新高考版高考总复习英语5·3B版/专题三形容词、副词和数词/专题三形容词、副词和数词（讲解PPT）/讲解PPT/3_专题三　形容词、副词和数词考点清单.pptx,新高考版高考总复习英语5·3B版/专题三形容词、副词和数词/专题三形容词、副词和数词（讲解PPT）/讲解PPT/3_专题三　形容词、副词和数词考点清单.pptx,.pptx,914302,knowledge_only_candidate,knowledge_candidate,review_required,path/name suggests explanatory knowledge material,do_not_publish_until_structured_parse_and_answer_analysis_review
/Users/shidianjin/Documents/高考英语/新高考版高考总复习英语5·3B版/专题三形容词、副词和数词/专题三形容词、副词和数词（试题WORD）/试题WORD/专题三　形容词、副词和数词（试题word）.docx,新高考版高考总复习英语5·3B版/专题三形容词、副词和数词/专题三形容词、副词和数词（试题WORD）/试题WORD/专题三　形容词、副词和数词（试题word）.docx,.docx,37883,type_practice_only_candidate,knowledge_candidate,review_required,path/name suggests explanatory knowledge material,do_not_publish_until_structured_parse_and_answer_analysis_review
/Users/shidianjin/Documents/高考英语/新高考版高考总复习英语5·3B版/专题九推理判断/专题九推理判断（专题电子书）/专题电子书/专题九　推理判断.pdf,新高考版高考总复习英语5·3B版/专题九推理判断/专题九推理判断（专题电子书）/专题电子书/专题九　推理判断.pdf,.pdf,2378042,knowledge_only_candidate,knowledge_candidate,review_required,path/name suggests explanatory knowledge material,do_not_publish_until_structured_parse_and_answer_analysis_review
/Users/shidianjin/Documents/高考英语/新高考版高考总复习英语5·3B版/专题九推理判断/专题九推理判断（专题资料包）/专题资料包/专题九　推理判断（专题资料包）.docx,新高考版高考总复习英语5·3B版/专题九推理判断/专题九推理判断（专题资料包）/专题资料包/专题九　推理判断（专题资料包）.docx,.docx,129234,type_practice_only_candidate,knowledge_candidate,review_required,path/name suggests explanatory knowledge material,do_not_publish_until_structured_parse_and_answer_analysis_review
/Users/shidianjin/Documents/高考英语/新高考版高考总复习英语5·3B版/专题九推理判断/专题九推理判断（讲解PPT）/讲解PPT/9_专题九　推理判断.pptx,新高考版高考总复习英语5·3B版/专题九推理判断/专题九推理判断（讲解PPT）/讲解PPT/9_专题九　推理判断.pptx,.pptx,765199,knowledge_only_candidate,knowledge_candidate,review_required,path/name suggests explanatory knowledge material,do_not_publish_until_structured_parse_and_answer_analysis_review
/Users/shidianjin/Documents/高考英语/新高考版高考总复习英语5·3B版/专题九推理判断/专题九推理判断（试题WORD）/试题WORD/专题九　推理判断（试题word）.docx,新高考版高考总复习英语5·3B版/专题九推理判断/专题九推理判断（试题WORD）/试题WORD/专题九　推理判断（试题word）.docx,.docx,503068,type_practice_only_candidate,knowledge_candidate,review_required,path/name suggests explanatory knowledge material,do_not_publish_until_structured_parse_and_answer_analysis_review
/Users/shidianjin/Documents/高考英语/新高考版高考总复习英语5·3B版/专题二介词和介词短语、动词短语/专题二介词和介词短语、动词短语（专题电子书）/专题电子书/专题二　介词和介词短语、动词短语.pdf,新高考版高考总复习英语5·3B版/专题二介词和介词短语、动词短语/专题二介词和介词短语、动词短语（专题电子书）/专题电子书/专题二　介词和介词短语、动词短语.pdf,.pdf,1415592,knowledge_only_candidate,knowledge_candidate,review_required,path/name suggests explanatory knowledge material,do_not_publish_until_structured_parse_and_answer_analysis_review
/Users/shidianjin/Documents/高考英语/新高考版高考总复习英语5·3B版/专题二介词和介词短语、动词短语/专题二介词和介词短语、动词短语（讲解PPT）/讲解PPT/2_专题二　介词和介词短语、动词短语.pptx,新高考版高考总复习英语5·3B版/专题二介词和介词短语、动词短语/专题二介词和介词短语、动词短语（讲解PPT）/讲解PPT/2_专题二　介词和介词短语、动词短语.pptx,.pptx,1748653,knowledge_only_candidate,knowledge_candidate,review_required,path/name suggests explanatory knowledge material,do_not_publish_until_structured_parse_and_answer_analysis_review
/Users/shidianjin/Documents/高考英语/新高考版高考总复习英语5·3B版/专题二介词和介词短语、动词短语/专题二介词和介词短语、动词短语（试题WORD）/试题WORD/专题二　介词和介词短语、动词短语（试题word）.docx,新高考版高考总复习英语5·3B版/专题二介词和介词短语、动词短语/专题二介词和介词短语、动词短语（试题WORD）/试题WORD/专题二　介词和介词短语、动词短语（试题word）.docx,.docx,37716,type_practice_only_candidate,knowledge_candidate,review_required,path/name suggests explanatory knowledge material,do_not_publish_until_structured_parse_and_answer_analysis_review
/Users/shidianjin/Documents/高考英语/新高考版高考总复习英语5·3B版/专题五非谓语动词/专题五非谓语动词（专题电子书）/专题电子书/专题五　非谓语动词.pdf,新高考版高考总复习英语5·3B版/专题五非谓语动词/专题五非谓语动词（专题电子书）/专题电子书/专题五　非谓语动词.pdf,.pdf,3694406,knowledge_only_candidate,knowledge_candidate,review_required,path/name suggests explanatory knowledge material,do_not_publish_until_structured_parse_and_answer_analysis_review
/Users/shidianjin/Documents/高考英语/新高考版高考总复习英语5·3B版/专题五非谓语动词/专题五非谓语动词（讲解PPT）/讲解PPT/5_专题五　非谓语动词.pptx,新高考版高考总复习英语5·3B版/专题五非谓语动词/专题五非谓语动词（讲解PPT）/讲解PPT/5_专题五　非谓语动词.pptx,.pptx,1141722,knowledge_only_candidate,knowledge_candidate,review_required,path/name suggests explanatory knowledge material,do_not_publish_until_structured_parse_and_answer_analysis_review
/Users/shidianjin/Documents/高考英语/新高考版高考总复习英语5·3B版/专题五非谓语动词/专题五非谓语动词（试题WORD）/试题WORD/专题五　非谓语动词（试题word）.docx,新高考版高考总复习英语5·3B版/专题五非谓语动词/专题五非谓语动词（试题WORD）/试题WORD/专题五　非谓语动词（试题word）.docx,.docx,36683,type_practice_only_candidate,knowledge_candidate,review_required,path/name suggests explanatory knowledge material,do_not_publish_until_structured_parse_and_answer_analysis_review
/Users/shidianjin/Documents/高考英语/新高考版高考总复习英语5·3B版/专题八主旨要义/专题八主旨要义（专题电子书）/专题电子书/专题八　主旨要义.pdf,新高考版高考总复习英语5·3B版/专题八主旨要义/专题八主旨要义（专题电子书）/专题电子书/专题八　主旨要义.pdf,.pdf,2268431,knowledge_only_candidate,knowledge_candidate,review_required,path/name suggests explanatory knowledge material,do_not_publish_until_structured_parse_and_answer_analysis_review
/Users/shidianjin/Documents/高考英语/新高考版高考总复习英语5·3B版/专题八主旨要义/专题八主旨要义（专题资料包）/专题资料包/专题八　主旨要义（专题资料包）.docx,新高考版高考总复习英语5·3B版/专题八主旨要义/专题八主旨要义（专题资料包）/专题资料包/专题八　主旨要义（专题资料包）.docx,.docx,329438,type_practice_only_candidate,knowledge_candidate,review_required,path/name suggests explanatory knowledge material,do_not_publish_until_structured_parse_and_answer_analysis_review
/Users/shidianjin/Documents/高考英语/新高考版高考总复习英语5·3B版/专题八主旨要义/专题八主旨要义（讲解PPT）/讲解PPT/8_专题八　主旨要义.pptx,新高考版高考总复习英语5·3B版/专题八主旨要义/专题八主旨要义（讲解PPT）/讲解PPT/8_专题八　主旨要义.pptx,.pptx,996530,knowledge_only_candidate,knowledge_candidate,review_required,path/name suggests explanatory knowledge material,do_not_publish_until_structured_parse_and_answer_analysis_review
/Users/shidianjin/Documents/高考英语/新高考版高考总复习英语5·3B版/专题八主旨要义/专题八主旨要义（试题WORD）/试题WORD/专题八　主旨要义试题word.docx,新高考版高考总复习英语5·3B版/专题八主旨要义/专题八主旨要义（试题WORD）/试题WORD/专题八　主旨要义试题word.docx,.docx,259995,type_practice_only_candidate,knowledge_candidate,review_required,path/name suggests explanatory knowledge material,do_not_publish_until_structured_parse_and_answer_analysis_review
/Users/shidianjin/Documents/高考英语/新高考版高考总复习英语5·3B版/专题六并列连词、主从复合句/专题六并列连词、主从复合句（专题电子书）/专题电子书/专题六　并列连词、主从复合句.pdf,新高考版高考总复习英语5·3B版/专题六并列连词、主从复合句/专题六并列连词、主从复合句（专题电子书）/专题电子书/专题六　并列连词、主从复合句.pdf,.pdf,1592252,knowledge_only_candidate,knowledge_candidate,review_required,path/name suggests explanatory knowledge material,do_not_publish_until_structured_parse_and_answer_analysis_review
/Users/shidianjin/Documents/高考英语/新高考版高考总复习英语5·3B版/专题六并列连词、主从复合句/专题六并列连词、主从复合句（讲解PPT）/讲解PPT/6_专题六　并列连词、主从复合句.pptx,新高考版高考总复习英语5·3B版/专题六并列连词、主从复合句/专题六并列连词、主从复合句（讲解PPT）/讲解PPT/6_专题六　并列连词、主从复合句.pptx,.pptx,1022046,knowledge_only_candidate,knowledge_candidate,review_required,path/name suggests explanatory knowledge material,do_not_publish_until_structured_parse_and_answer_analysis_review
/Users/shidianjin/Documents/高考英语/新高考版高考总复习英语5·3B版/专题六并列连词、主从复合句/专题六并列连词、主从复合句（试题WORD）/试题WORD/专题六　并列连词、主从复合句（试题word）.docx,新高考版高考总复习英语5·3B版/专题六并列连词、主从复合句/专题六并列连词、主从复合句（试题WORD）/试题WORD/专题六　并列连词、主从复合句（试题word）.docx,.docx,39187,type_practice_only_candidate,knowledge_candidate,review_required,path/name suggests explanatory knowledge material,do_not_publish_until_structured_parse_and_answer_analysis_review
/Users/shidianjin/Documents/高考英语/新高考版高考总复习英语5·3B版/专题十一阅读补全/专题十一阅读补全（专题电子书）/专题电子书/专题十一　阅读补全.pdf,新高考版高考总复习英语5·3B版/专题十一阅读补全/专题十一阅读补全（专题电子书）/专题电子书/专题十一　阅读补全.pdf,.pdf,1939377,knowledge_only_candidate,knowledge_candidate,review_required,path/name suggests explanatory knowledge material,do_not_publish_until_structured_parse_and_answer_analysis_review
/Users/shidianjin/Documents/高考英语/新高考版高考总复习英语5·3B版/专题十一阅读补全/专题十一阅读补全（专题资料包）/专题资料包/专题十一　阅读补全（专题资料包）.docx,新高考版高考总复习英语5·3B版/专题十一阅读补全/专题十一阅读补全（专题资料包）/专题资料包/专题十一　阅读补全（专题资料包）.docx,.docx,98241,type_practice_only_candidate,knowledge_candidate,review_required,path/name suggests explanatory knowledge material,do_not_publish_until_structured_parse_and_answer_analysis_review
/Users/shidianjin/Documents/高考英语/新高考版高考总复习英语5·3B版/专题十一阅读补全/专题十一阅读补全（讲解PPT）/讲解PPT/11_专题十一　阅读补全.pptx,新高考版高考总复习英语5·3B版/专题十一阅读补全/专题十一阅读补全（讲解PPT）/讲解PPT/11_专题十一　阅读补全.pptx,.pptx,1137808,knowledge_only_candidate,knowledge_candidate,review_required,path/name suggests explanatory knowledge material,do_not_publish_until_structured_parse_and_answer_analysis_review
/Users/shidianjin/Documents/高考英语/新高考版高考总复习英语5·3B版/专题十一阅读补全/专题十一阅读补全（试题WORD）/试题WORD/专题十一　阅读补全（试题word）.docx,新高考版高考总复习英语5·3B版/专题十一阅读补全/专题十一阅读补全（试题WORD）/试题WORD/专题十一　阅读补全（试题word）.docx,.docx,134169,type_practice_only_candidate,knowledge_candidate,review_required,path/name suggests explanatory knowledge material,do_not_publish_until_structured_parse_and_answer_analysis_review
/Users/shidianjin/Documents/高考英语/新高考版高考总复习英语5·3B版/专题十三语篇型填空/专题十三语篇型填空（专题电子书）/专题电子书/专题十三　语篇型填空.pdf,新高考版高考总复习英语5·3B版/专题十三语篇型填空/专题十三语篇型填空（专题电子书）/专题电子书/专题十三　语篇型填空.pdf,.pdf,1848645,knowledge_only_candidate,knowledge_candidate,review_required,path/name suggests explanatory knowledge material,do_not_publish_until_structured_parse_and_answer_analysis_review
/Users/shidianjin/Documents/高考英语/新高考版高考总复习英语5·3B版/专题十三语篇型填空/专题十三语篇型填空（专题资料包）/专题资料包/专题十三　语篇型填空（专题资料包）.docx,新高考版高考总复习英语5·3B版/专题十三语篇型填空/专题十三语篇型填空（专题资料包）/专题资料包/专题十三　语篇型填空（专题资料包）.docx,.docx,103377,type_practice_only_candidate,knowledge_candidate,review_required,path/name suggests explanatory knowledge material,do_not_publish_until_structured_parse_and_answer_analysis_review
/Users/shidianjin/Documents/高考英语/新高考版高考总复习英语5·3B版/专题十三语篇型填空/专题十三语篇型填空（讲解PPT）/讲解PPT/13_专题十三　语篇型填空.pptx,新高考版高考总复习英语5·3B版/专题十三语篇型填空/专题十三语篇型填空（讲解PPT）/讲解PPT/13_专题十三　语篇型填空.pptx,.pptx,1036825,knowledge_only_candidate,knowledge_candidate,review_required,path/name suggests explanatory knowledge material,do_not_publish_until_structured_parse_and_answer_analysis_review
/Users/shidianjin/Documents/高考英语/新高考版高考总复习英语5·3B版/专题十三语篇型填空/专题十三语篇型填空（试题WORD）/试题WORD/专题十三　语篇型填空（试题word）.docx,新高考版高考总复习英语5·3B版/专题十三语篇型填空/专题十三语篇型填空（试题WORD）/试题WORD/专题十三　语篇型填空（试题word）.docx,.docx,100545,type_practice_only_candidate,knowledge_candidate,review_required,path/name suggests explanatory knowledge material,do_not_publish_until_structured_parse_and_answer_analysis_review
/Users/shidianjin/Documents/高考英语/新高考版高考总复习英语5·3B版/专题十二完形填空/专题十二完形填空（专题电子书）/专题电子书/专题十二　完形填空.pdf,新高考版高考总复习英语5·3B版/专题十二完形填空/专题十二完形填空（专题电子书）/专题电子书/专题十二　完形填空.pdf,.pdf,2349324,review_required,"knowledge_candidate,type_practice_candidate",review_required,path/name suggests explanatory knowledge material; path/name suggests topic or question-type practice,do_not_publish_until_structured_parse_and_answer_analysis_review
/Users/shidianjin/Documents/高考英语/新高考版高考总复习英语5·3B版/专题十二完形填空/专题十二完形填空（专题资料包）/专题资料包/专题十二　完形填空（专题资料包）.docx,新高考版高考总复习英语5·3B版/专题十二完形填空/专题十二完形填空（专题资料包）/专题资料包/专题十二　完形填空（专题资料包）.docx,.docx,98038,type_practice_only_candidate,"knowledge_candidate,type_practice_candidate",review_required,path/name suggests explanatory knowledge material; path/name suggests topic or question-type practice,do_not_publish_until_structured_parse_and_answer_analysis_review
/Users/shidianjin/Documents/高考英语/新高考版高考总复习英语5·3B版/专题十二完形填空/专题十二完形填空（讲解PPT）/讲解PPT/12_专题十二　完形填空.pptx,新高考版高考总复习英语5·3B版/专题十二完形填空/专题十二完形填空（讲解PPT）/讲解PPT/12_专题十二　完形填空.pptx,.pptx,734055,review_required,"knowledge_candidate,type_practice_candidate",review_required,path/name suggests explanatory knowledge material; path/name suggests topic or question-type practice,do_not_publish_until_structured_parse_and_answer_analysis_review
/Users/shidianjin/Documents/高考英语/新高考版高考总复习英语5·3B版/专题十二完形填空/专题十二完形填空（试题WORD）/试题WORD/专题十二　完形填空（试题word）.docx,新高考版高考总复习英语5·3B版/专题十二完形填空/专题十二完形填空（试题WORD）/试题WORD/专题十二　完形填空（试题word）.docx,.docx,387659,type_practice_only_candidate,"knowledge_candidate,type_practice_candidate",review_required,path/name suggests explanatory knowledge material; path/name suggests topic or question-type practice,do_not_publish_until_structured_parse_and_answer_analysis_review
/Users/shidianjin/Documents/高考英语/新高考版高考总复习英语5·3B版/专题十五读后续写/专题十五读后续写（专题电子书）/专题电子书/专题十五　读后续写.pdf,新高考版高考总复习英语5·3B版/专题十五读后续写/专题十五读后续写（专题电子书）/专题电子书/专题十五　读后续写.pdf,.pdf,1503107,knowledge_only_candidate,knowledge_candidate,review_required,path/name suggests explanatory knowledge material,do_not_publish_until_structured_parse_and_answer_analysis_review
/Users/shidianjin/Documents/高考英语/新高考版高考总复习英语5·3B版/专题十五读后续写/专题十五读后续写（专题资料包）/专题资料包/专题十五　读后续写（专题资料包）.docx,新高考版高考总复习英语5·3B版/专题十五读后续写/专题十五读后续写（专题资料包）/专题资料包/专题十五　读后续写（专题资料包）.docx,.docx,63410,type_practice_only_candidate,knowledge_candidate,review_required,path/name suggests explanatory knowledge material,do_not_publish_until_structured_parse_and_answer_analysis_review
/Users/shidianjin/Documents/高考英语/新高考版高考总复习英语5·3B版/专题十五读后续写/专题十五读后续写（讲解PPT）/讲解PPT/15_专题十五　读后续写.pptx,新高考版高考总复习英语5·3B版/专题十五读后续写/专题十五读后续写（讲解PPT）/讲解PPT/15_专题十五　读后续写.pptx,.pptx,1495828,knowledge_only_candidate,knowledge_candidate,review_required,path/name suggests explanatory knowledge material,do_not_publish_until_structured_parse_and_answer_analysis_review
/Users/shidianjin/Documents/高考英语/新高考版高考总复习英语5·3B版/专题十五读后续写/专题十五读后续写（试题WORD）/试题WORD/专题十五　读后续写（试题word）.docx,新高考版高考总复习英语5·3B版/专题十五读后续写/专题十五读后续写（试题WORD）/试题WORD/专题十五　读后续写（试题word）.docx,.docx,95784,type_practice_only_candidate,knowledge_candidate,review_required,path/name suggests explanatory knowledge material,do_not_publish_until_structured_parse_and_answer_analysis_review
/Users/shidianjin/Documents/高考英语/新高考版高考总复习英语5·3B版/专题十六概要写作/专题十六概要写作（专题电子书）/专题电子书/专题十六　概要写作.pdf,新高考版高考总复习英语5·3B版/专题十六概要写作/专题十六概要写作（专题电子书）/专题电子书/专题十六　概要写作.pdf,.pdf,1528719,review_required,"knowledge_candidate,type_practice_candidate",review_required,path/name suggests explanatory knowledge material; path/name suggests topic or question-type practice,do_not_publish_until_structured_parse_and_answer_analysis_review
/Users/shidianjin/Documents/高考英语/新高考版高考总复习英语5·3B版/专题十六概要写作/专题十六概要写作（讲解PPT）/讲解PPT/16_专题十六　概要写作.pptx,新高考版高考总复习英语5·3B版/专题十六概要写作/专题十六概要写作（讲解PPT）/讲解PPT/16_专题十六　概要写作.pptx,.pptx,835535,review_required,"knowledge_candidate,type_practice_candidate",review_required,path/name suggests explanatory knowledge material; path/name suggests topic or question-type practice,do_not_publish_until_structured_parse_and_answer_analysis_review
/Users/shidianjin/Documents/高考英语/新高考版高考总复习英语5·3B版/专题十六概要写作/专题十六概要写作（试题WORD）/试题WORD/专题十六　概要写作（试题word）.docx,新高考版高考总复习英语5·3B版/专题十六概要写作/专题十六概要写作（试题WORD）/试题WORD/专题十六　概要写作（试题word）.docx,.docx,45395,type_practice_only_candidate,"knowledge_candidate,type_practice_candidate",review_required,path/name suggests explanatory knowledge material; path/name suggests topic or question-type practice,do_not_publish_until_structured_parse_and_answer_analysis_review
/Users/shidianjin/Documents/高考英语/新高考版高考总复习英语5·3B版/专题十四应用文写作/专题十四应用文写作（专题电子书）/专题电子书/专题十四　应用文写作.pdf,新高考版高考总复习英语5·3B版/专题十四应用文写作/专题十四应用文写作（专题电子书）/专题电子书/专题十四　应用文写作.pdf,.pdf,2940920,review_required,"knowledge_candidate,type_practice_candidate",review_required,path/name suggests explanatory knowledge material; path/name suggests topic or question-type practice,do_not_publish_until_structured_parse_and_answer_analysis_review
/Users/shidianjin/Documents/高考英语/新高考版高考总复习英语5·3B版/专题十四应用文写作/专题十四应用文写作（专题资料包）/专题资料包/专题十四　应用文写作（专题资料包）.docx,新高考版高考总复习英语5·3B版/专题十四应用文写作/专题十四应用文写作（专题资料包）/专题资料包/专题十四　应用文写作（专题资料包）.docx,.docx,90909,type_practice_only_candidate,"knowledge_candidate,type_practice_candidate",review_required,path/name suggests explanatory knowledge material; path/name suggests topic or question-type practice,do_not_publish_until_structured_parse_and_answer_analysis_review
/Users/shidianjin/Documents/高考英语/新高考版高考总复习英语5·3B版/专题十四应用文写作/专题十四应用文写作（讲解PPT）/讲解PPT/14_专题十四　应用文写作.pptx,新高考版高考总复习英语5·3B版/专题十四应用文写作/专题十四应用文写作（讲解PPT）/讲解PPT/14_专题十四　应用文写作.pptx,.pptx,919873,review_required,"knowledge_candidate,type_practice_candidate",review_required,path/name suggests explanatory knowledge material; path/name suggests topic or question-type practice,do_not_publish_until_structured_parse_and_answer_analysis_review
/Users/shidianjin/Documents/高考英语/新高考版高考总复习英语5·3B版/专题十四应用文写作/专题十四应用文写作（试题WORD）/试题WORD/专题十四　应用文写作（试题word）.docx,新高考版高考总复习英语5·3B版/专题十四应用文写作/专题十四应用文写作（试题WORD）/试题WORD/专题十四　应用文写作（试题word）.docx,.docx,803644,type_practice_only_candidate,"knowledge_candidate,type_practice_candidate",review_required,path/name suggests explanatory knowledge material; path/name suggests topic or question-type practice,do_not_publish_until_structured_parse_and_answer_analysis_review
/Users/shidianjin/Documents/高考英语/新高考版高考总复习英语5·3B版/专题十推测词义/专题十推测词义（专题电子书）/专题电子书/专题十　推测词义.pdf,新高考版高考总复习英语5·3B版/专题十推测词义/专题十推测词义（专题电子书）/专题电子书/专题十　推测词义.pdf,.pdf,2441343,knowledge_only_candidate,knowledge_candidate,review_required,path/name suggests explanatory knowledge material,do_not_publish_until_structured_parse_and_answer_analysis_review
/Users/shidianjin/Documents/高考英语/新高考版高考总复习英语5·3B版/专题十推测词义/专题十推测词义（专题资料包）/专题资料包/专题十　推测词义（专题资料包）.docx,新高考版高考总复习英语5·3B版/专题十推测词义/专题十推测词义（专题资料包）/专题资料包/专题十　推测词义（专题资料包）.docx,.docx,354547,type_practice_only_candidate,knowledge_candidate,review_required,path/name suggests explanatory knowledge material,do_not_publish_until_structured_parse_and_answer_analysis_review
/Users/shidianjin/Documents/高考英语/新高考版高考总复习英语5·3B版/专题十推测词义/专题十推测词义（讲解PPT）/讲解PPT/10_专题十　推测词义.pptx,新高考版高考总复习英语5·3B版/专题十推测词义/专题十推测词义（讲解PPT）/讲解PPT/10_专题十　推测词义.pptx,.pptx,544156,knowledge_only_candidate,knowledge_candidate,review_required,path/name suggests explanatory knowledge material,do_not_publish_until_structured_parse_and_answer_analysis_review
/Users/shidianjin/Documents/高考英语/新高考版高考总复习英语5·3B版/专题十推测词义/专题十推测词义（试题WORD）/试题WORD/专题十　推测词义（试题word）.docx,新高考版高考总复习英语5·3B版/专题十推测词义/专题十推测词义（试题WORD）/试题WORD/专题十　推测词义（试题word）.docx,.docx,204634,type_practice_only_candidate,knowledge_candidate,review_required,path/name suggests explanatory knowledge material,do_not_publish_until_structured_parse_and_answer_analysis_review
/Users/shidianjin/Documents/高考英语/新高考版高考总复习英语5·3B版/专题四谓语动词的时态、被动语态和主谓一致/专题四谓语动词的时态、被动语态和主谓一致（专题电子书）/专题电子书/专题四　谓语动词的时态、被动语态和主谓一致.pdf,新高考版高考总复习英语5·3B版/专题四谓语动词的时态、被动语态和主谓一致/专题四谓语动词的时态、被动语态和主谓一致（专题电子书）/专题电子书/专题四　谓语动词的时态、被动语态和主谓一致.pdf,.pdf,1350607,knowledge_only_candidate,knowledge_candidate,review_required,path/name suggests explanatory knowledge material,do_not_publish_until_structured_parse_and_answer_analysis_review
/Users/shidianjin/Documents/高考英语/新高考版高考总复习英语5·3B版/专题四谓语动词的时态、被动语态和主谓一致/专题四谓语动词的时态、被动语态和主谓一致（讲解PPT）/讲解PPT/4_专题四　谓语动词的时态、被动语态和主谓一致.pptx,新高考版高考总复习英语5·3B版/专题四谓语动词的时态、被动语态和主谓一致/专题四谓语动词的时态、被动语态和主谓一致（讲解PPT）/讲解PPT/4_专题四　谓语动词的时态、被动语态和主谓一致.pptx,.pptx,1204326,knowledge_only_candidate,knowledge_candidate,review_required,path/name suggests explanatory knowledge material,do_not_publish_until_structured_parse_and_answer_analysis_review
/Users/shidianjin/Documents/高考英语/新高考版高考总复习英语5·3B版/专题四谓语动词的时态、被动语态和主谓一致/专题四谓语动词的时态、被动语态和主谓一致（试题WORD）/试题WORD/专题四　谓语动词的时态、被动语态和主谓一致（试题word）.docx,新高考版高考总复习英语5·3B版/专题四谓语动词的时态、被动语态和主谓一致/专题四谓语动词的时态、被动语态和主谓一致（试题WORD）/试题WORD/专题四　谓语动词的时态、被动语态和主谓一致（试题word）.docx,.docx,38104,type_practice_only_candidate,knowledge_candidate,review_required,path/name suggests explanatory knowledge material,do_not_publish_until_structured_parse_and_answer_analysis_review
/Users/shidianjin/Documents/高考英语/新高考版高考总复习英语5·3B版/综合检测卷（一）/综合检测卷（一）（专题电子书）/专题电子书/综合检测卷（一）.pdf,新高考版高考总复习英语5·3B版/综合检测卷（一）/综合检测卷（一）（专题电子书）/专题电子书/综合检测卷（一）.pdf,.pdf,1091895,knowledge_only_candidate,knowledge_candidate,review_required,path/name suggests explanatory knowledge material,do_not_publish_until_structured_parse_and_answer_analysis_review
/Users/shidianjin/Documents/高考英语/新高考版高考总复习英语5·3B版/综合检测卷（一）/综合检测卷（一）（试题WORD）/试题WORD/综合测评卷(一)（试题word).docx,新高考版高考总复习英语5·3B版/综合检测卷（一）/综合检测卷（一）（试题WORD）/试题WORD/综合测评卷(一)（试题word).docx,.docx,98821,type_practice_only_candidate,knowledge_candidate,review_required,path/name suggests explanatory knowledge material,do_not_publish_until_structured_parse_and_answer_analysis_review
/Users/shidianjin/Documents/高考英语/新高考版高考总复习英语5·3B版/综合检测卷（二）/综合检测卷（二）（专题电子书）/专题电子书/综合检测卷（二）.pdf,新高考版高考总复习英语5·3B版/综合检测卷（二）/综合检测卷（二）（专题电子书）/专题电子书/综合检测卷（二）.pdf,.pdf,1338431,knowledge_only_candidate,knowledge_candidate,review_required,path/name suggests explanatory knowledge material,do_not_publish_until_structured_parse_and_answer_analysis_review
/Users/shidianjin/Documents/高考英语/新高考版高考总复习英语5·3B版/综合检测卷（二）/综合检测卷（二）（试题WORD）/试题WORD/综合检测卷(二)（试题word）.docx,新高考版高考总复习英语5·3B版/综合检测卷（二）/综合检测卷（二）（试题WORD）/试题WORD/综合检测卷(二)（试题word）.docx,.docx,60325,type_practice_only_candidate,knowledge_candidate,review_required,path/name suggests explanatory knowledge material,do_not_publish_until_structured_parse_and_answer_analysis_review
/Users/shidianjin/Documents/高考英语/新高考版高考总复习英语5·3B版/附录一情态动词和虚拟语气、特殊句式/附录一情态动词和虚拟语气、特殊句式（专题电子书）/专题电子书/附录一　情态动词和虚拟语气、特殊句式.pdf,新高考版高考总复习英语5·3B版/附录一情态动词和虚拟语气、特殊句式/附录一情态动词和虚拟语气、特殊句式（专题电子书）/专题电子书/附录一　情态动词和虚拟语气、特殊句式.pdf,.pdf,1105861,knowledge_only_candidate,knowledge_candidate,review_required,path/name suggests explanatory knowledge material,do_not_publish_until_structured_parse_and_answer_analysis_review
/Users/shidianjin/Documents/高考英语/新高考版高考总复习英语5·3B版/附录一情态动词和虚拟语气、特殊句式/附录一情态动词和虚拟语气、特殊句式（专题资料包）/专题资料包/附录一　情态动词和虚拟语气、特殊句式（专题资料包）.docx,新高考版高考总复习英语5·3B版/附录一情态动词和虚拟语气、特殊句式/附录一情态动词和虚拟语气、特殊句式（专题资料包）/专题资料包/附录一　情态动词和虚拟语气、特殊句式（专题资料包）.docx,.docx,96192,type_practice_only_candidate,knowledge_candidate,review_required,path/name suggests explanatory knowledge material,do_not_publish_until_structured_parse_and_answer_analysis_review
/Users/shidianjin/Documents/高考英语/新高考版高考总复习英语5·3B版/附录三常见熟词生义/附录三常见熟词生义（专题电子书）/专题电子书/附录三　常见熟词生义.pdf,新高考版高考总复习英语5·3B版/附录三常见熟词生义/附录三常见熟词生义（专题电子书）/专题电子书/附录三　常见熟词生义.pdf,.pdf,903473,knowledge_only_candidate,knowledge_candidate,review_required,path/name suggests explanatory knowledge material,do_not_publish_until_structured_parse_and_answer_analysis_review
/Users/shidianjin/Documents/高考英语/新高考版高考总复习英语5·3B版/附录三常见熟词生义/附录三常见熟词生义（专题资料包）/专题资料包/附录三　常见熟词生义（专题资料包）.docx,新高考版高考总复习英语5·3B版/附录三常见熟词生义/附录三常见熟词生义（专题资料包）/专题资料包/附录三　常见熟词生义（专题资料包）.docx,.docx,64941,type_practice_only_candidate,knowledge_candidate,review_required,path/name suggests explanatory knowledge material,do_not_publish_until_structured_parse_and_answer_analysis_review
/Users/shidianjin/Documents/高考英语/新高考版高考总复习英语5·3B版/附录二不规则动词表/附录二不规则动词表（专题电子书）/专题电子书/附录二　不规则动词表.pdf,新高考版高考总复习英语5·3B版/附录二不规则动词表/附录二不规则动词表（专题电子书）/专题电子书/附录二　不规则动词表.pdf,.pdf,956065,knowledge_only_candidate,knowledge_candidate,review_required,path/name suggests explanatory knowledge material,do_not_publish_until_structured_parse_and_answer_analysis_review
/Users/shidianjin/Documents/高考英语/新高考版高考总复习英语5·3B版/附录二不规则动词表/附录二不规则动词表（专题资料包）/专题资料包/附录二  不规则动词表（专题资料包） - 副本.docx,新高考版高考总复习英语5·3B版/附录二不规则动词表/附录二不规则动词表（专题资料包）/专题资料包/附录二  不规则动词表（专题资料包） - 副本.docx,.docx,33638,type_practice_only_candidate,knowledge_candidate,review_required,path/name suggests explanatory knowledge material,do_not_publish_until_structured_parse_and_answer_analysis_review
/Users/shidianjin/Documents/高考英语/梅州高中课程.docx,梅州高中课程.docx,.docx,182735,review_required,,review_required,no reliable filename classification signal,do_not_publish_until_structured_parse_and_answer_analysis_review
/Users/shidianjin/Documents/高考英语/梅州高中课程/PC_pron_chart_vector.zip,梅州高中课程/PC_pron_chart_vector.zip,.zip,963611,review_required,archive_candidate,review_required,archive requires manifest inspection before publication,do_not_publish_until_structured_parse_and_answer_analysis_review
/Users/shidianjin/Documents/高考英语/梅州高中课程/梅州25暑假集训课程后续训练计划.docx,梅州高中课程/梅州25暑假集训课程后续训练计划.docx,.docx,15361,review_required,,review_required,no reliable filename classification signal,do_not_publish_until_structured_parse_and_answer_analysis_review
/Users/shidianjin/Documents/高考英语/梅州高中课程/梅州暑期集训营测试答案.docx,梅州高中课程/梅州暑期集训营测试答案.docx,.docx,15703,review_required,,review_required,no reliable filename classification signal,do_not_publish_until_structured_parse_and_answer_analysis_review
/Users/shidianjin/Documents/高考英语/梅州高中课程/演示课1.jpg,梅州高中课程/演示课1.jpg,.jpg,228243,review_required,,review_required,no reliable filename classification signal,do_not_publish_until_structured_parse_and_answer_analysis_review
/Users/shidianjin/Documents/高考英语/梅州高中课程/高中短语.xlsx,梅州高中课程/高中短语.xlsx,.xlsx,19718,knowledge_only_candidate,knowledge_candidate,review_required,path/name suggests explanatory knowledge material,do_not_publish_until_structured_parse_and_answer_analysis_review
/Users/shidianjin/Documents/高考英语/梅州高中课程/高中短语及例句.pdf,梅州高中课程/高中短语及例句.pdf,.pdf,1002916,knowledge_only_candidate,knowledge_candidate,review_required,path/name suggests explanatory knowledge material,do_not_publish_until_structured_parse_and_answer_analysis_review
/Users/shidianjin/Documents/高考英语/梅州高中课程/高中词汇.xlsx,梅州高中课程/高中词汇.xlsx,.xlsx,473077,knowledge_only_candidate,knowledge_candidate,review_required,path/name suggests explanatory knowledge material,do_not_publish_until_structured_parse_and_answer_analysis_review
/Users/shidianjin/Documents/高考英语/梅州高中课程/高中词汇_随机抽取 100 个.xlsx,梅州高中课程/高中词汇_随机抽取 100 个.xlsx,.xlsx,16615,knowledge_only_candidate,knowledge_candidate,review_required,path/name suggests explanatory knowledge material,do_not_publish_until_structured_parse_and_answer_analysis_review
/Users/shidianjin/Documents/高考英语/演示课2.pdf,演示课2.pdf,.pdf,145174,review_required,,review_required,no reliable filename classification signal,do_not_publish_until_structured_parse_and_answer_analysis_review
/Users/shidianjin/Documents/高考英语/演示课3.pdf,演示课3.pdf,.pdf,131699,review_required,,review_required,no reliable filename classification signal,do_not_publish_until_structured_parse_and_answer_analysis_review
/Users/shidianjin/Documents/高考英语/高中短语.pdf,高中短语.pdf,.pdf,455314,knowledge_only_candidate,knowledge_candidate,review_required,path/name suggests explanatory knowledge material,do_not_publish_until_structured_parse_and_answer_analysis_review
/Users/shidianjin/Documents/高考英语/高中短语.xlsx,高中短语.xlsx,.xlsx,55965,knowledge_only_candidate,knowledge_candidate,review_required,path/name suggests explanatory knowledge material,do_not_publish_until_structured_parse_and_answer_analysis_review
/Users/shidianjin/Documents/高考英语/高中短语及例句.pdf,高中短语及例句.pdf,.pdf,1002991,knowledge_only_candidate,knowledge_candidate,review_required,path/name suggests explanatory knowledge material,do_not_publish_until_structured_parse_and_answer_analysis_review
/Users/shidianjin/Documents/高考英语/高中词汇.pdf,高中词汇.pdf,.pdf,2214305,knowledge_only_candidate,knowledge_candidate,review_required,path/name suggests explanatory knowledge material,do_not_publish_until_structured_parse_and_answer_analysis_review
/Users/shidianjin/Documents/高考英语/高中词汇1-20.docx,高中词汇1-20.docx,.docx,29897,knowledge_only_candidate,knowledge_candidate,review_required,path/name suggests explanatory knowledge material,do_not_publish_until_structured_parse_and_answer_analysis_review
/Users/shidianjin/Documents/高考英语/高中阶段动词不规则变化表.docx,高中阶段动词不规则变化表.docx,.docx,12923,review_required,,review_required,no reliable filename classification signal,do_not_publish_until_structured_parse_and_answer_analysis_review
/Users/shidianjin/Documents/高考英语/高中阶段固定搭配.docx,高中阶段固定搭配.docx,.docx,42328,review_required,,review_required,no reliable filename classification signal,do_not_publish_until_structured_parse_and_answer_analysis_review
/Users/shidianjin/Documents/高考英语/高考专题练习/专题01：阅读理解之广告宣传类-最近三年（2019-2021）高考英语真题分类精编.zip,高考专题练习/专题01：阅读理解之广告宣传类-最近三年（2019-2021）高考英语真题分类精编.zip,.zip,232110,review_required,"archive_candidate,mixed_topic_source,type_practice_candidate",review_required,path/name suggests topic or question-type practice; archive requires manifest inspection before publication; topic archive may contain complete true/mock paper questions; inspect contents before publication,do_not_publish_until_structured_parse_and_answer_analysis_review
/Users/shidianjin/Documents/高考英语/高考专题练习/专题02：阅读理解之社会生活类-最近三年（2019-2021）高考英语真题分类精编.zip,高考专题练习/专题02：阅读理解之社会生活类-最近三年（2019-2021）高考英语真题分类精编.zip,.zip,154194,review_required,"archive_candidate,mixed_topic_source,type_practice_candidate",review_required,path/name suggests topic or question-type practice; archive requires manifest inspection before publication; topic archive may contain complete true/mock paper questions; inspect contents before publication,do_not_publish_until_structured_parse_and_answer_analysis_review
/Users/shidianjin/Documents/高考英语/高考专题练习/专题03：阅读理解之科普知识类-最近三年（2019-2021）高考英语真题分类精编.zip,高考专题练习/专题03：阅读理解之科普知识类-最近三年（2019-2021）高考英语真题分类精编.zip,.zip,161584,review_required,"archive_candidate,mixed_topic_source,type_practice_candidate",review_required,path/name suggests topic or question-type practice; archive requires manifest inspection before publication; topic archive may contain complete true/mock paper questions; inspect contents before publication,do_not_publish_until_structured_parse_and_answer_analysis_review
/Users/shidianjin/Documents/高考英语/高考专题练习/专题04：阅读理解之人物传记类-最近三年（2019-2021）高考英语真题分类精编.zip,高考专题练习/专题04：阅读理解之人物传记类-最近三年（2019-2021）高考英语真题分类精编.zip,.zip,152765,review_required,"archive_candidate,mixed_topic_source,type_practice_candidate",review_required,path/name suggests topic or question-type practice; archive requires manifest inspection before publication; topic archive may contain complete true/mock paper questions; inspect contents before publication,do_not_publish_until_structured_parse_and_answer_analysis_review
/Users/shidianjin/Documents/高考英语/高考专题练习/专题05：阅读理解之环境保护类-最近三年（2019-2021）高考英语真题分类精编.zip,高考专题练习/专题05：阅读理解之环境保护类-最近三年（2019-2021）高考英语真题分类精编.zip,.zip,149609,review_required,"archive_candidate,mixed_topic_source,type_practice_candidate",review_required,path/name suggests topic or question-type practice; archive requires manifest inspection before publication; topic archive may contain complete true/mock paper questions; inspect contents before publication,do_not_publish_until_structured_parse_and_answer_analysis_review
/Users/shidianjin/Documents/高考英语/高考专题练习/专题06：完形填空之记叙文类-最近三年（2019-2021）高考英语真题分类精编(等11份资料) (1).zip,高考专题练习/专题06：完形填空之记叙文类-最近三年（2019-2021）高考英语真题分类精编(等11份资料) (1).zip,.zip,1789717,review_required,"archive_candidate,mixed_topic_source,type_practice_candidate",review_required,path/name suggests topic or question-type practice; archive requires manifest inspection before publication; topic archive may contain complete true/mock paper questions; inspect contents before publication,do_not_publish_until_structured_parse_and_answer_analysis_review
/Users/shidianjin/Documents/高考英语/高考专题练习/专题06：完形填空之记叙文类-最近三年（2019-2021）高考英语真题分类精编.zip,高考专题练习/专题06：完形填空之记叙文类-最近三年（2019-2021）高考英语真题分类精编.zip,.zip,232175,review_required,"archive_candidate,mixed_topic_source,type_practice_candidate",review_required,path/name suggests topic or question-type practice; archive requires manifest inspection before publication; topic archive may contain complete true/mock paper questions; inspect contents before publication,do_not_publish_until_structured_parse_and_answer_analysis_review
/Users/shidianjin/Documents/高考英语/高考专题练习/专题07：完形填空之夹叙夹议类-最近三年（2019-2021）高考英语真题分类精编.zip,高考专题练习/专题07：完形填空之夹叙夹议类-最近三年（2019-2021）高考英语真题分类精编.zip,.zip,171688,review_required,"archive_candidate,mixed_topic_source,type_practice_candidate",review_required,path/name suggests topic or question-type practice; archive requires manifest inspection before publication; topic archive may contain complete true/mock paper questions; inspect contents before publication,do_not_publish_until_structured_parse_and_answer_analysis_review
/Users/shidianjin/Documents/高考英语/高考专题练习/专题08：阅读填空之七选五类-最近三年（2019-2021）高考英语真题分类精编.zip,高考专题练习/专题08：阅读填空之七选五类-最近三年（2019-2021）高考英语真题分类精编.zip,.zip,151195,review_required,"archive_candidate,mixed_topic_source,type_practice_candidate",review_required,path/name suggests topic or question-type practice; archive requires manifest inspection before publication; topic archive may contain complete true/mock paper questions; inspect contents before publication,do_not_publish_until_structured_parse_and_answer_analysis_review
/Users/shidianjin/Documents/高考英语/高考专题练习/专题09：语法填空-最近三年（2019-2021）高考英语真题分类精编.zip,高考专题练习/专题09：语法填空-最近三年（2019-2021）高考英语真题分类精编.zip,.zip,139414,review_required,"archive_candidate,knowledge_candidate,mixed_topic_source,type_practice_candidate",review_required,path/name suggests explanatory knowledge material; path/name suggests topic or question-type practice; archive requires manifest inspection before publication; topic archive may contain complete true/mock paper questions; inspect contents before publication,do_not_publish_until_structured_parse_and_answer_analysis_review
/Users/shidianjin/Documents/高考英语/高考专题练习/专题10：书面表达之提纲作文-最近三年（2019-2021）高考英语真题分类精编.zip,高考专题练习/专题10：书面表达之提纲作文-最近三年（2019-2021）高考英语真题分类精编.zip,.zip,133313,review_required,"archive_candidate,mixed_topic_source,type_practice_candidate",review_required,path/name suggests topic or question-type practice; archive requires manifest inspection before publication; topic archive may contain complete true/mock paper questions; inspect contents before publication,do_not_publish_until_structured_parse_and_answer_analysis_review
/Users/shidianjin/Documents/高考英语/高考专题练习/专题11：书面表达之读后续写-最近三年（2019-2021）高考英语真题分类精编.zip,高考专题练习/专题11：书面表达之读后续写-最近三年（2019-2021）高考英语真题分类精编.zip,.zip,115869,review_required,"archive_candidate,mixed_topic_source,type_practice_candidate",review_required,path/name suggests topic or question-type practice; archive requires manifest inspection before publication; topic archive may contain complete true/mock paper questions; inspect contents before publication,do_not_publish_until_structured_parse_and_answer_analysis_review
/Users/shidianjin/Documents/高考英语/高考内容总/2009-2021广东真题/2009年广东省高考英语A卷真题解析.doc,高考内容总/2009-2021广东真题/2009年广东省高考英语A卷真题解析.doc,.doc,2083328,paper_only_candidate,full_paper_candidate,review_required,path/name indicates a complete examination paper or mock exam,do_not_publish_until_structured_parse_and_answer_analysis_review
/Users/shidianjin/Documents/高考英语/高考内容总/2009-2021广东真题/2009年广东省高考英语真题解析 版本一.doc,高考内容总/2009-2021广东真题/2009年广东省高考英语真题解析 版本一.doc,.doc,842752,paper_only_candidate,full_paper_candidate,review_required,path/name indicates a complete examination paper or mock exam,do_not_publish_until_structured_parse_and_answer_analysis_review
/Users/shidianjin/Documents/高考英语/高考内容总/2009-2021广东真题/2011年广东省高考英语真题解析 版本一.doc,高考内容总/2009-2021广东真题/2011年广东省高考英语真题解析 版本一.doc,.doc,911360,paper_only_candidate,full_paper_candidate,review_required,path/name indicates a complete examination paper or mock exam,do_not_publish_until_structured_parse_and_answer_analysis_review
/Users/shidianjin/Documents/高考英语/高考内容总/2009-2021广东真题/2012年高考广东英语试卷解析（精析word版）-学生版.doc,高考内容总/2009-2021广东真题/2012年高考广东英语试卷解析（精析word版）-学生版.doc,.doc,968192,paper_only_candidate,full_paper_candidate,review_required,path/name indicates a complete examination paper or mock exam,do_not_publish_until_structured_parse_and_answer_analysis_review
/Users/shidianjin/Documents/高考英语/高考内容总/2009-2021广东真题/2012年高考广东英语试卷解析（精析word版）-教师版.doc,高考内容总/2009-2021广东真题/2012年高考广东英语试卷解析（精析word版）-教师版.doc,.doc,1068032,paper_only_candidate,full_paper_candidate,review_required,path/name indicates a complete examination paper or mock exam,do_not_publish_until_structured_parse_and_answer_analysis_review
/Users/shidianjin/Documents/高考英语/高考内容总/2009-2021广东真题/2013年高考广东英语题精解原卷版（精编版）.doc,高考内容总/2009-2021广东真题/2013年高考广东英语题精解原卷版（精编版）.doc,.doc,1912832,paper_only_candidate,full_paper_candidate,review_required,path/name indicates a complete examination paper or mock exam,do_not_publish_until_structured_parse_and_answer_analysis_review
/Users/shidianjin/Documents/高考英语/高考内容总/2009-2021广东真题/2013年高考广东英语题精解精析解析版（精编版）.doc,高考内容总/2009-2021广东真题/2013年高考广东英语题精解精析解析版（精编版）.doc,.doc,2677248,paper_only_candidate,full_paper_candidate,review_required,path/name indicates a complete examination paper or mock exam,do_not_publish_until_structured_parse_and_answer_analysis_review
/Users/shidianjin/Documents/高考英语/高考内容总/2009-2021广东真题/2015年高考广东卷英语试题解析（精编版）（原卷版）.docx,高考内容总/2009-2021广东真题/2015年高考广东卷英语试题解析（精编版）（原卷版）.docx,.docx,939115,paper_only_candidate,full_paper_candidate,review_required,path/name indicates a complete examination paper or mock exam,do_not_publish_until_structured_parse_and_answer_analysis_review
/Users/shidianjin/Documents/高考英语/高考内容总/2009-2021广东真题/2015年高考广东卷英语试题解析（精编版）（解析版）.doc,高考内容总/2009-2021广东真题/2015年高考广东卷英语试题解析（精编版）（解析版）.doc,.doc,2365440,paper_only_candidate,full_paper_candidate,review_required,path/name indicates a complete examination paper or mock exam,do_not_publish_until_structured_parse_and_answer_analysis_review
/Users/shidianjin/Documents/高考英语/高考内容总/2009-2021广东真题/2016-2020年广东省听说真题汇编.docx,高考内容总/2009-2021广东真题/2016-2020年广东省听说真题汇编.docx,.docx,259395,paper_only_candidate,full_paper_candidate,review_required,path/name indicates a complete examination paper or mock exam,do_not_publish_until_structured_parse_and_answer_analysis_review
/Users/shidianjin/Documents/高考英语/高考内容总/2009-2021广东真题/2016年高考新课标Ⅰ卷英语试题解析（精编版）（原卷版）.doc,高考内容总/2009-2021广东真题/2016年高考新课标Ⅰ卷英语试题解析（精编版）（原卷版）.doc,.doc,815616,paper_only_candidate,full_paper_candidate,review_required,path/name indicates a complete examination paper or mock exam,do_not_publish_until_structured_parse_and_answer_analysis_review
/Users/shidianjin/Documents/高考英语/高考内容总/2009-2021广东真题/2016年高考新课标Ⅰ卷英语试题解析（精编版）（解析版）.doc,高考内容总/2009-2021广东真题/2016年高考新课标Ⅰ卷英语试题解析（精编版）（解析版）.doc,.doc,1102848,paper_only_candidate,full_paper_candidate,review_required,path/name indicates a complete examination paper or mock exam,do_not_publish_until_structured_parse_and_answer_analysis_review
/Users/shidianjin/Documents/高考英语/高考内容总/2009-2021广东真题/2020年广东高考英语听说考试A.mp3,高考内容总/2009-2021广东真题/2020年广东高考英语听说考试A.mp3,.mp3,42651549,paper_only_candidate,"full_paper_candidate,media_source",review_required,path/name indicates a complete examination paper or mock exam; audio/video source asset; establish mapping only,do_not_publish_until_structured_parse_and_answer_analysis_review
/Users/shidianjin/Documents/高考英语/高考内容总/2009-2021广东真题/2020年广东高考英语听说考试A.mp4,高考内容总/2009-2021广东真题/2020年广东高考英语听说考试A.mp4,.mp4,85667609,paper_only_candidate,"full_paper_candidate,media_source",review_required,path/name indicates a complete examination paper or mock exam; audio/video source asset; establish mapping only,do_not_publish_until_structured_parse_and_answer_analysis_review
/Users/shidianjin/Documents/高考英语/高考内容总/2009-2021广东真题/2020年广东高考英语听说考试B.mp3,高考内容总/2009-2021广东真题/2020年广东高考英语听说考试B.mp3,.mp3,13316581,paper_only_candidate,"full_paper_candidate,media_source",review_required,path/name indicates a complete examination paper or mock exam; audio/video source asset; establish mapping only,do_not_publish_until_structured_parse_and_answer_analysis_review
/Users/shidianjin/Documents/高考英语/高考内容总/2009-2021广东真题/2020年广东高考英语听说考试B.mp4,高考内容总/2009-2021广东真题/2020年广东高考英语听说考试B.mp4,.mp4,124676567,paper_only_candidate,"full_paper_candidate,media_source",review_required,path/name indicates a complete examination paper or mock exam; audio/video source asset; establish mapping only,do_not_publish_until_structured_parse_and_answer_analysis_review
/Users/shidianjin/Documents/高考英语/高考内容总/2009-2021广东真题/2020年广东高考英语听说考试C.mp3,高考内容总/2009-2021广东真题/2020年广东高考英语听说考试C.mp3,.mp3,43068876,paper_only_candidate,"full_paper_candidate,media_source",review_required,path/name indicates a complete examination paper or mock exam; audio/video source asset; establish mapping only,do_not_publish_until_structured_parse_and_answer_analysis_review
/Users/shidianjin/Documents/高考英语/高考内容总/2009-2021广东真题/2020年广东高考英语听说考试C.mp4,高考内容总/2009-2021广东真题/2020年广东高考英语听说考试C.mp4,.mp4,72327559,paper_only_candidate,"full_paper_candidate,media_source",review_required,path/name indicates a complete examination paper or mock exam; audio/video source asset; establish mapping only,do_not_publish_until_structured_parse_and_answer_analysis_review
/Users/shidianjin/Documents/高考英语/高考内容总/2009-2021广东真题/2020年广东高考英语听说考试D.mp3,高考内容总/2009-2021广东真题/2020年广东高考英语听说考试D.mp3,.mp3,43147724,paper_only_candidate,"full_paper_candidate,media_source",review_required,path/name indicates a complete examination paper or mock exam; audio/video source asset; establish mapping only,do_not_publish_until_structured_parse_and_answer_analysis_review
/Users/shidianjin/Documents/高考英语/高考内容总/2009-2021广东真题/2020年广东高考英语听说考试D.mp4,高考内容总/2009-2021广东真题/2020年广东高考英语听说考试D.mp4,.mp4,73654342,paper_only_candidate,"full_paper_candidate,media_source",review_required,path/name indicates a complete examination paper or mock exam; audio/video source asset; establish mapping only,do_not_publish_until_structured_parse_and_answer_analysis_review
/Users/shidianjin/Documents/高考英语/高考内容总/2009-2021广东真题/2020年广东高考英语听说考试E.mp3,高考内容总/2009-2021广东真题/2020年广东高考英语听说考试E.mp3,.mp3,42936031,paper_only_candidate,"full_paper_candidate,media_source",review_required,path/name indicates a complete examination paper or mock exam; audio/video source asset; establish mapping only,do_not_publish_until_structured_parse_and_answer_analysis_review
/Users/shidianjin/Documents/高考英语/高考内容总/2009-2021广东真题/2020年广东高考英语听说考试E.mp4,高考内容总/2009-2021广东真题/2020年广东高考英语听说考试E.mp4,.mp4,70371650,paper_only_candidate,"full_paper_candidate,media_source",review_required,path/name indicates a complete examination paper or mock exam; audio/video source asset; establish mapping only,do_not_publish_until_structured_parse_and_answer_analysis_review
/Users/shidianjin/Documents/高考英语/高考内容总/2009-2021广东真题/2020年广东高考英语听说考试真题 Test A— Test E.docx,高考内容总/2009-2021广东真题/2020年广东高考英语听说考试真题 Test A— Test E.docx,.docx,162141,paper_only_candidate,full_paper_candidate,review_required,path/name indicates a complete examination paper or mock exam,do_not_publish_until_structured_parse_and_answer_analysis_review
/Users/shidianjin/Documents/高考英语/高考内容总/2009-2021广东真题/2020年广东高考英语听说考试真题 Test B.docx,高考内容总/2009-2021广东真题/2020年广东高考英语听说考试真题 Test B.docx,.docx,13885,paper_only_candidate,full_paper_candidate,review_required,path/name indicates a complete examination paper or mock exam,do_not_publish_until_structured_parse_and_answer_analysis_review
/Users/shidianjin/Documents/高考英语/高考内容总/2009-2021广东真题/2022年高考考前押题密卷（广东卷）（A3考试版）.docx,高考内容总/2009-2021广东真题/2022年高考考前押题密卷（广东卷）（A3考试版）.docx,.docx,249668,paper_only_candidate,full_paper_candidate,review_required,path/name indicates a complete examination paper or mock exam,do_not_publish_until_structured_parse_and_answer_analysis_review
/Users/shidianjin/Documents/高考英语/高考内容总/2009-2021广东真题/2022年高考考前押题密卷（广东卷）（A4考试版）.docx,高考内容总/2009-2021广东真题/2022年高考考前押题密卷（广东卷）（A4考试版）.docx,.docx,256866,paper_only_candidate,full_paper_candidate,review_required,path/name indicates a complete examination paper or mock exam,do_not_publish_until_structured_parse_and_answer_analysis_review
/Users/shidianjin/Documents/高考英语/高考内容总/2009-2021广东真题/2022年高考考前押题密卷（广东卷）（全解全析）.docx,高考内容总/2009-2021广东真题/2022年高考考前押题密卷（广东卷）（全解全析）.docx,.docx,250419,paper_only_candidate,full_paper_candidate,review_required,path/name indicates a complete examination paper or mock exam,do_not_publish_until_structured_parse_and_answer_analysis_review
/Users/shidianjin/Documents/高考英语/高考内容总/2009-2021广东真题/2022年高考考前押题密卷（广东卷）（答题卡）.docx,高考内容总/2009-2021广东真题/2022年高考考前押题密卷（广东卷）（答题卡）.docx,.docx,215571,paper_only_candidate,full_paper_candidate,review_required,path/name indicates a complete examination paper or mock exam,do_not_publish_until_structured_parse_and_answer_analysis_review
/Users/shidianjin/Documents/高考英语/高考内容总/2021高考作文/2021全国各地高考书面表达题(1).doc,高考内容总/2021高考作文/2021全国各地高考书面表达题(1).doc,.doc,33280,type_practice_only_candidate,type_practice_candidate,review_required,path/name suggests topic or question-type practice,do_not_publish_until_structured_parse_and_answer_analysis_review
/Users/shidianjin/Documents/高考英语/高考内容总/2021高考作文/2021高考英语应用文的最后一讲.docx,高考内容总/2021高考作文/2021高考英语应用文的最后一讲.docx,.docx,22604,review_required,,review_required,no reliable filename classification signal,do_not_publish_until_structured_parse_and_answer_analysis_review
/Users/shidianjin/Documents/高考英语/高考内容总/2021高考作文/下水文指导：2021年全国卷1的续写：给妈妈做早饭.docx,高考内容总/2021高考作文/下水文指导：2021年全国卷1的续写：给妈妈做早饭.docx,.docx,22857,paper_only_candidate,full_paper_candidate,review_required,path/name indicates a complete examination paper or mock exam,do_not_publish_until_structured_parse_and_answer_analysis_review
/Users/shidianjin/Documents/高考英语/高考内容总/2021高考作文/全国1卷下水作文.docx,高考内容总/2021高考作文/全国1卷下水作文.docx,.docx,44985,review_required,,review_required,no reliable filename classification signal,do_not_publish_until_structured_parse_and_answer_analysis_review
/Users/shidianjin/Documents/高考英语/高考内容总/2021高考作文/权威发布  教育部考试中心：2021年高考英语全国卷试题评析.docx,高考内容总/2021高考作文/权威发布  教育部考试中心：2021年高考英语全国卷试题评析.docx,.docx,15797,paper_only_candidate,full_paper_candidate,review_required,path/name indicates a complete examination paper or mock exam,do_not_publish_until_structured_parse_and_answer_analysis_review
/Users/shidianjin/Documents/高考英语/高考内容总/2021高考作文/说明.jpg,高考内容总/2021高考作文/说明.jpg,.jpg,126334,review_required,,review_required,no reliable filename classification signal,do_not_publish_until_structured_parse_and_answer_analysis_review
/Users/shidianjin/Documents/高考英语/高考内容总/2021高考作文/高考英语应用文背诵大全.doc,高考内容总/2021高考作文/高考英语应用文背诵大全.doc,.doc,189952,review_required,,review_required,no reliable filename classification signal,do_not_publish_until_structured_parse_and_answer_analysis_review
/Users/shidianjin/Documents/高考英语/高考短语/高中英语作文写作常用短语和固定搭配.doc,高考短语/高中英语作文写作常用短语和固定搭配.doc,.doc,36352,review_required,"knowledge_candidate,type_practice_candidate",review_required,path/name suggests explanatory knowledge material; path/name suggests topic or question-type practice,do_not_publish_until_structured_parse_and_answer_analysis_review
/Users/shidianjin/Documents/高考英语/高考短语/高中英语常用短语和固定搭配整理.doc,高考短语/高中英语常用短语和固定搭配整理.doc,.doc,54784,knowledge_only_candidate,knowledge_candidate,review_required,path/name suggests explanatory knowledge material,do_not_publish_until_structured_parse_and_answer_analysis_review
/Users/shidianjin/Documents/高考英语/高考短语/高中英语重点短语和固定搭配整合.doc,高考短语/高中英语重点短语和固定搭配整合.doc,.doc,56832,knowledge_only_candidate,knowledge_candidate,review_required,path/name suggests explanatory knowledge material,do_not_publish_until_structured_parse_and_answer_analysis_review
/Users/shidianjin/Documents/高考英语/高考精讲精练/第10讲  冠词  精讲精练 2022届准高三高考英语语法暑假专练.docx,高考精讲精练/第10讲  冠词  精讲精练 2022届准高三高考英语语法暑假专练.docx,.docx,25933,knowledge_only_candidate,knowledge_candidate,review_required,path/name suggests explanatory knowledge material,do_not_publish_until_structured_parse_and_answer_analysis_review
/Users/shidianjin/Documents/高考英语/高考精讲精练/第11讲 介词和代词讲解 精讲精练 2022届准高三高考英语语法暑假专练.docx,高考精讲精练/第11讲 介词和代词讲解 精讲精练 2022届准高三高考英语语法暑假专练.docx,.docx,40797,knowledge_only_candidate,knowledge_candidate,review_required,path/name suggests explanatory knowledge material,do_not_publish_until_structured_parse_and_answer_analysis_review
/Users/shidianjin/Documents/高考英语/高考精讲精练/第12讲526条过关短语(打印版)精讲精练2022届准高三高考英语语法暑假专练.docx,高考精讲精练/第12讲526条过关短语(打印版)精讲精练2022届准高三高考英语语法暑假专练.docx,.docx,61264,knowledge_only_candidate,knowledge_candidate,review_required,path/name suggests explanatory knowledge material,do_not_publish_until_structured_parse_and_answer_analysis_review
/Users/shidianjin/Documents/高考英语/高考精讲精练/第13讲  情态动词和虚拟语气  精讲精练2022届准高三高考英语语法暑假专练.docx,高考精讲精练/第13讲  情态动词和虚拟语气  精讲精练2022届准高三高考英语语法暑假专练.docx,.docx,45280,knowledge_only_candidate,knowledge_candidate,review_required,path/name suggests explanatory knowledge material,do_not_publish_until_structured_parse_and_answer_analysis_review
/Users/shidianjin/Documents/高考英语/高考精讲精练/第14讲  不规则动词  精讲精练2022届准高三高考英语语法暑假专练.docx,高考精讲精练/第14讲  不规则动词  精讲精练2022届准高三高考英语语法暑假专练.docx,.docx,46183,knowledge_only_candidate,knowledge_candidate,review_required,path/name suggests explanatory knowledge material,do_not_publish_until_structured_parse_and_answer_analysis_review
/Users/shidianjin/Documents/高考英语/高考精讲精练/第1讲 句子成分与基本句型 精讲精练 2022届准高三高考英语语法暑假专练.doc,高考精讲精练/第1讲 句子成分与基本句型 精讲精练 2022届准高三高考英语语法暑假专练.doc,.doc,96768,knowledge_only_candidate,knowledge_candidate,review_required,path/name suggests explanatory knowledge material,do_not_publish_until_structured_parse_and_answer_analysis_review
/Users/shidianjin/Documents/高考英语/高考精讲精练/第2讲 构词法 精讲精练 2022届准高三高考英语语法暑假专练.doc,高考精讲精练/第2讲 构词法 精讲精练 2022届准高三高考英语语法暑假专练.doc,.doc,193536,knowledge_only_candidate,knowledge_candidate,review_required,path/name suggests explanatory knowledge material,do_not_publish_until_structured_parse_and_answer_analysis_review
/Users/shidianjin/Documents/高考英语/高考精讲精练/第3讲 动词时态和语态 精讲精练 2022届准高三高考英语语法暑假专练.doc,高考精讲精练/第3讲 动词时态和语态 精讲精练 2022届准高三高考英语语法暑假专练.doc,.doc,68608,knowledge_only_candidate,knowledge_candidate,review_required,path/name suggests explanatory knowledge material,do_not_publish_until_structured_parse_and_answer_analysis_review
/Users/shidianjin/Documents/高考英语/高考精讲精练/第4讲  非谓语动词 精讲精练 2022届准高三高考英语语法暑假专练.doc,高考精讲精练/第4讲  非谓语动词 精讲精练 2022届准高三高考英语语法暑假专练.doc,.doc,76288,knowledge_only_candidate,knowledge_candidate,review_required,path/name suggests explanatory knowledge material,do_not_publish_until_structured_parse_and_answer_analysis_review
/Users/shidianjin/Documents/高考英语/高考精讲精练/第5讲 定语从句 精讲精练 2022届准高三高考英语语法暑假专练.doc,高考精讲精练/第5讲 定语从句 精讲精练 2022届准高三高考英语语法暑假专练.doc,.doc,79872,knowledge_only_candidate,knowledge_candidate,review_required,path/name suggests explanatory knowledge material,do_not_publish_until_structured_parse_and_answer_analysis_review
/Users/shidianjin/Documents/高考英语/高考精讲精练/第6讲 名词性从句 精讲精练 2022届准高三高考英语语法暑假专练.doc,高考精讲精练/第6讲 名词性从句 精讲精练 2022届准高三高考英语语法暑假专练.doc,.doc,83968,knowledge_only_candidate,knowledge_candidate,review_required,path/name suggests explanatory knowledge material,do_not_publish_until_structured_parse_and_answer_analysis_review
/Users/shidianjin/Documents/高考英语/高考精讲精练/第7讲 并列句和状语从句 精讲精练 2022届准高三高考英语语法暑假专练.doc,高考精讲精练/第7讲 并列句和状语从句 精讲精练 2022届准高三高考英语语法暑假专练.doc,.doc,34816,knowledge_only_candidate,knowledge_candidate,review_required,path/name suggests explanatory knowledge material,do_not_publish_until_structured_parse_and_answer_analysis_review
/Users/shidianjin/Documents/高考英语/高考精讲精练/第8讲 特殊句式 精讲精练 2022届准高三高考英语语法暑假专练.doc,高考精讲精练/第8讲 特殊句式 精讲精练 2022届准高三高考英语语法暑假专练.doc,.doc,57856,knowledge_only_candidate,knowledge_candidate,review_required,path/name suggests explanatory knowledge material,do_not_publish_until_structured_parse_and_answer_analysis_review
/Users/shidianjin/Documents/高考英语/高考精讲精练/第9讲  名词数词形容词副词讲解 精讲精练 2022届准高三高考英语语法暑假专练.docx,高考精讲精练/第9讲  名词数词形容词副词讲解 精讲精练 2022届准高三高考英语语法暑假专练.docx,.docx,55230,knowledge_only_candidate,knowledge_candidate,review_required,path/name suggests explanatory knowledge material,do_not_publish_until_structured_parse_and_answer_analysis_review
/Users/shidianjin/Documents/高考英语/高考英语_副本/2018年/1.mp3,高考英语_副本/2018年/1.mp3,.mp3,217764,review_required,media_source,review_required,audio/video source asset; establish mapping only,do_not_publish_until_structured_parse_and_answer_analysis_review
/Users/shidianjin/Documents/高考英语/高考英语_副本/2018年/10.mp3,高考英语_副本/2018年/10.mp3,.mp3,4973025,review_required,media_source,review_required,audio/video source asset; establish mapping only,do_not_publish_until_structured_parse_and_answer_analysis_review
/Users/shidianjin/Documents/高考英语/高考英语_副本/2018年/2.mp3,高考英语_副本/2018年/2.mp3,.mp3,221107,review_required,media_source,review_required,audio/video source asset; establish mapping only,do_not_publish_until_structured_parse_and_answer_analysis_review
/Users/shidianjin/Documents/高考英语/高考英语_副本/2018年/2018年全国普通高等学校招生统一考试英语（新课标I卷）（原卷版）.doc,高考英语_副本/2018年/2018年全国普通高等学校招生统一考试英语（新课标I卷）（原卷版）.doc,.doc,87040,review_required,,review_required,no reliable filename classification signal,do_not_publish_until_structured_parse_and_answer_analysis_review
/Users/shidianjin/Documents/高考英语/高考英语_副本/2018年/2018年全国普通高等学校招生统一考试英语（新课标I卷）（解析版）.doc,高考英语_副本/2018年/2018年全国普通高等学校招生统一考试英语（新课标I卷）（解析版）.doc,.doc,215040,review_required,,review_required,no reliable filename classification signal,do_not_publish_until_structured_parse_and_answer_analysis_review
/Users/shidianjin/Documents/高考英语/高考英语_副本/2018年/3.mp3,高考英语_副本/2018年/3.mp3,.mp3,175759,review_required,media_source,review_required,audio/video source asset; establish mapping only,do_not_publish_until_structured_parse_and_answer_analysis_review
/Users/shidianjin/Documents/高考英语/高考英语_副本/2018年/4.mp3,高考英语_副本/2018年/4.mp3,.mp3,270845,review_required,media_source,review_required,audio/video source asset; establish mapping only,do_not_publish_until_structured_parse_and_answer_analysis_review
/Users/shidianjin/Documents/高考英语/高考英语_副本/2018年/5.mp3,高考英语_副本/2018年/5.mp3,.mp3,167191,review_required,media_source,review_required,audio/video source asset; establish mapping only,do_not_publish_until_structured_parse_and_answer_analysis_review
/Users/shidianjin/Documents/高考英语/高考英语_副本/2018年/6.mp3,高考英语_副本/2018年/6.mp3,.mp3,574956,review_required,media_source,review_required,audio/video source asset; establish mapping only,do_not_publish_until_structured_parse_and_answer_analysis_review
/Users/shidianjin/Documents/高考英语/高考英语_副本/2018年/7.mp3,高考英语_副本/2018年/7.mp3,.mp3,854153,review_required,media_source,review_required,audio/video source asset; establish mapping only,do_not_publish_until_structured_parse_and_answer_analysis_review
/Users/shidianjin/Documents/高考英语/高考英语_副本/2018年/8.mp3,高考英语_副本/2018年/8.mp3,.mp3,960736,review_required,media_source,review_required,audio/video source asset; establish mapping only,do_not_publish_until_structured_parse_and_answer_analysis_review
/Users/shidianjin/Documents/高考英语/高考英语_副本/2018年/9.mp3,高考英语_副本/2018年/9.mp3,.mp3,4084105,review_required,media_source,review_required,audio/video source asset; establish mapping only,do_not_publish_until_structured_parse_and_answer_analysis_review
/Users/shidianjin/Documents/高考英语/高考英语_副本/2020年/2020年广东高考英语听说考试真题 Test A/2020年广东高考英语听说考试真题 Test A.docx,高考英语_副本/2020年/2020年广东高考英语听说考试真题 Test A/2020年广东高考英语听说考试真题 Test A.docx,.docx,16507,paper_only_candidate,full_paper_candidate,review_required,path/name indicates a complete examination paper or mock exam,do_not_publish_until_structured_parse_and_answer_analysis_review
/Users/shidianjin/Documents/高考英语/高考英语_副本/2020年/2020年广东高考英语听说考试真题 Test B/2020年广东高考英语听说考试真题 Test B.docx,高考英语_副本/2020年/2020年广东高考英语听说考试真题 Test B/2020年广东高考英语听说考试真题 Test B.docx,.docx,20072,paper_only_candidate,full_paper_candidate,review_required,path/name indicates a complete examination paper or mock exam,do_not_publish_until_structured_parse_and_answer_analysis_review
/Users/shidianjin/Documents/高考英语/高考英语_副本/2020年/2020年广东高考英语听说考试真题 Test E/2020年广东高考英语听说考试真题 Test E.docx,高考英语_副本/2020年/2020年广东高考英语听说考试真题 Test E/2020年广东高考英语听说考试真题 Test E.docx,.docx,13812,paper_only_candidate,full_paper_candidate,review_required,path/name indicates a complete examination paper or mock exam,do_not_publish_until_structured_parse_and_answer_analysis_review
/Users/shidianjin/Documents/高考英语/高考英语_副本/2020年/2020年广东高考英语听说考试真题 Test E/2020年广东高考英语听说考试真题 Test E.mp3,高考英语_副本/2020年/2020年广东高考英语听说考试真题 Test E/2020年广东高考英语听说考试真题 Test E.mp3,.mp3,10805805,paper_only_candidate,"full_paper_candidate,media_source",review_required,path/name indicates a complete examination paper or mock exam; audio/video source asset; establish mapping only,do_not_publish_until_structured_parse_and_answer_analysis_review
/Users/shidianjin/Documents/高考英语/高考英语_副本/2020年/2020年高考全国1英语高考真题-全国高考真题解析/附件/1.mp3,高考英语_副本/2020年/2020年高考全国1英语高考真题-全国高考真题解析/附件/1.mp3,.mp3,155660,paper_only_candidate,"full_paper_candidate,media_source",review_required,path/name indicates a complete examination paper or mock exam; audio/video source asset; establish mapping only,do_not_publish_until_structured_parse_and_answer_analysis_review
/Users/shidianjin/Documents/高考英语/高考英语_副本/2020年/2020年高考全国1英语高考真题-全国高考真题解析/附件/10.mp3,高考英语_副本/2020年/2020年高考全国1英语高考真题-全国高考真题解析/附件/10.mp3,.mp3,1887265,paper_only_candidate,"full_paper_candidate,media_source",review_required,path/name indicates a complete examination paper or mock exam; audio/video source asset; establish mapping only,do_not_publish_until_structured_parse_and_answer_analysis_review
/Users/shidianjin/Documents/高考英语/高考英语_副本/2020年/2020年高考全国1英语高考真题-全国高考真题解析/附件/2.mp3,高考英语_副本/2020年/2020年高考全国1英语高考真题-全国高考真题解析/附件/2.mp3,.mp3,198918,paper_only_candidate,"full_paper_candidate,media_source",review_required,path/name indicates a complete examination paper or mock exam; audio/video source asset; establish mapping only,do_not_publish_until_structured_parse_and_answer_analysis_review
/Users/shidianjin/Documents/高考英语/高考英语_副本/2020年/2020年高考全国1英语高考真题-全国高考真题解析/附件/3.mp3,高考英语_副本/2020年/2020年高考全国1英语高考真题-全国高考真题解析/附件/3.mp3,.mp3,241132,paper_only_candidate,"full_paper_candidate,media_source",review_required,path/name indicates a complete examination paper or mock exam; audio/video source asset; establish mapping only,do_not_publish_until_structured_parse_and_answer_analysis_review
/Users/shidianjin/Documents/高考英语/高考英语_副本/2020年/2020年高考全国1英语高考真题-全国高考真题解析/附件/4.mp3,高考英语_副本/2020年/2020年高考全国1英语高考真题-全国高考真题解析/附件/4.mp3,.mp3,206233,paper_only_candidate,"full_paper_candidate,media_source",review_required,path/name indicates a complete examination paper or mock exam; audio/video source asset; establish mapping only,do_not_publish_until_structured_parse_and_answer_analysis_review
/Users/shidianjin/Documents/高考英语/高考英语_副本/2020年/2020年高考全国1英语高考真题-全国高考真题解析/附件/5.mp3,高考英语_副本/2020年/2020年高考全国1英语高考真题-全国高考真题解析/附件/5.mp3,.mp3,178647,paper_only_candidate,"full_paper_candidate,media_source",review_required,path/name indicates a complete examination paper or mock exam; audio/video source asset; establish mapping only,do_not_publish_until_structured_parse_and_answer_analysis_review
/Users/shidianjin/Documents/高考英语/高考英语_副本/2020年/2020年高考全国1英语高考真题-全国高考真题解析/附件/6.mp3,高考英语_副本/2020年/2020年高考全国1英语高考真题-全国高考真题解析/附件/6.mp3,.mp3,575291,paper_only_candidate,"full_paper_candidate,media_source",review_required,path/name indicates a complete examination paper or mock exam; audio/video source asset; establish mapping only,do_not_publish_until_structured_parse_and_answer_analysis_review
/Users/shidianjin/Documents/高考英语/高考英语_副本/2020年/2020年高考全国1英语高考真题-全国高考真题解析/附件/7.mp3,高考英语_副本/2020年/2020年高考全国1英语高考真题-全国高考真题解析/附件/7.mp3,.mp3,844038,paper_only_candidate,"full_paper_candidate,media_source",review_required,path/name indicates a complete examination paper or mock exam; audio/video source asset; establish mapping only,do_not_publish_until_structured_parse_and_answer_analysis_review
/Users/shidianjin/Documents/高考英语/高考英语_副本/2020年/2020年高考全国1英语高考真题-全国高考真题解析/附件/8.mp3,高考英语_副本/2020年/2020年高考全国1英语高考真题-全国高考真题解析/附件/8.mp3,.mp3,1017074,paper_only_candidate,"full_paper_candidate,media_source",review_required,path/name indicates a complete examination paper or mock exam; audio/video source asset; establish mapping only,do_not_publish_until_structured_parse_and_answer_analysis_review
/Users/shidianjin/Documents/高考英语/高考英语_副本/2020年/2020年高考全国1英语高考真题-全国高考真题解析/附件/9.mp3,高考英语_副本/2020年/2020年高考全国1英语高考真题-全国高考真题解析/附件/9.mp3,.mp3,917808,paper_only_candidate,"full_paper_candidate,media_source",review_required,path/name indicates a complete examination paper or mock exam; audio/video source asset; establish mapping only,do_not_publish_until_structured_parse_and_answer_analysis_review
/Users/shidianjin/Documents/高考英语/高考英语_副本/2021年/2021年高考真题英语（新高考Ⅰ卷）超详解（正文）.pdf,高考英语_副本/2021年/2021年高考真题英语（新高考Ⅰ卷）超详解（正文）.pdf,.pdf,524174,paper_only_candidate,full_paper_candidate,review_required,path/name indicates a complete examination paper or mock exam,do_not_publish_until_structured_parse_and_answer_analysis_review
/Users/shidianjin/Documents/高考英语/高考英语_副本/2021年/2021年高考真题英语（新高考Ⅰ卷）超详解（解析）.pdf,高考英语_副本/2021年/2021年高考真题英语（新高考Ⅰ卷）超详解（解析）.pdf,.pdf,1383882,paper_only_candidate,full_paper_candidate,review_required,path/name indicates a complete examination paper or mock exam,do_not_publish_until_structured_parse_and_answer_analysis_review
/Users/shidianjin/Documents/高考英语/高考英语_副本/高中最全词汇例句.xlsx,高考英语_副本/高中最全词汇例句.xlsx,.xlsx,244033,knowledge_only_candidate,knowledge_candidate,review_required,path/name suggests explanatory knowledge material,do_not_publish_until_structured_parse_and_answer_analysis_review
/Users/shidianjin/Documents/高考英语/高考英语_副本/高中词汇.xlsx,高考英语_副本/高中词汇.xlsx,.xlsx,475912,knowledge_only_candidate,knowledge_candidate,review_required,path/name suggests explanatory knowledge material,do_not_publish_until_structured_parse_and_answer_analysis_review
/Users/shidianjin/Documents/高考英语/高考英语阅读训练.pdf,高考英语阅读训练.pdf,.pdf,455111,review_required,,review_required,no reliable filename classification signal,do_not_publish_until_structured_parse_and_answer_analysis_review
/Users/shidianjin/Documents/高考英语/高考长难句/2021年高考真题角度分析阅读长难句2 2022届高考英语复习.docx,高考长难句/2021年高考真题角度分析阅读长难句2 2022届高考英语复习.docx,.docx,203727,paper_only_candidate,"full_paper_candidate,knowledge_candidate",review_required,path/name indicates a complete examination paper or mock exam; path/name suggests explanatory knowledge material,do_not_publish_until_structured_parse_and_answer_analysis_review
/Users/shidianjin/Documents/高考英语/高考长难句/2022届高考英语真题长难句分析笔记1.docx,高考长难句/2022届高考英语真题长难句分析笔记1.docx,.docx,209169,paper_only_candidate,"full_paper_candidate,knowledge_candidate",review_required,path/name indicates a complete examination paper or mock exam; path/name suggests explanatory knowledge material,do_not_publish_until_structured_parse_and_answer_analysis_review
/Users/shidianjin/Documents/高考英语/高考长难句/2022届高考英语真题长难句分析笔记10.docx,高考长难句/2022届高考英语真题长难句分析笔记10.docx,.docx,204257,paper_only_candidate,"full_paper_candidate,knowledge_candidate",review_required,path/name indicates a complete examination paper or mock exam; path/name suggests explanatory knowledge material,do_not_publish_until_structured_parse_and_answer_analysis_review
/Users/shidianjin/Documents/高考英语/高考长难句/2022届高考英语真题长难句分析笔记2.docx,高考长难句/2022届高考英语真题长难句分析笔记2.docx,.docx,206124,paper_only_candidate,"full_paper_candidate,knowledge_candidate",review_required,path/name indicates a complete examination paper or mock exam; path/name suggests explanatory knowledge material,do_not_publish_until_structured_parse_and_answer_analysis_review
/Users/shidianjin/Documents/高考英语/高考长难句/2022届高考英语真题长难句分析笔记3.docx,高考长难句/2022届高考英语真题长难句分析笔记3.docx,.docx,208804,paper_only_candidate,"full_paper_candidate,knowledge_candidate",review_required,path/name indicates a complete examination paper or mock exam; path/name suggests explanatory knowledge material,do_not_publish_until_structured_parse_and_answer_analysis_review
/Users/shidianjin/Documents/高考英语/高考长难句/2022届高考英语真题长难句分析笔记4.docx,高考长难句/2022届高考英语真题长难句分析笔记4.docx,.docx,210648,paper_only_candidate,"full_paper_candidate,knowledge_candidate",review_required,path/name indicates a complete examination paper or mock exam; path/name suggests explanatory knowledge material,do_not_publish_until_structured_parse_and_answer_analysis_review
/Users/shidianjin/Documents/高考英语/高考长难句/2022届高考英语真题长难句分析笔记5.docx,高考长难句/2022届高考英语真题长难句分析笔记5.docx,.docx,211692,paper_only_candidate,"full_paper_candidate,knowledge_candidate",review_required,path/name indicates a complete examination paper or mock exam; path/name suggests explanatory knowledge material,do_not_publish_until_structured_parse_and_answer_analysis_review
/Users/shidianjin/Documents/高考英语/高考长难句/2022届高考英语真题长难句分析笔记6.docx,高考长难句/2022届高考英语真题长难句分析笔记6.docx,.docx,212278,paper_only_candidate,"full_paper_candidate,knowledge_candidate",review_required,path/name indicates a complete examination paper or mock exam; path/name suggests explanatory knowledge material,do_not_publish_until_structured_parse_and_answer_analysis_review
/Users/shidianjin/Documents/高考英语/高考长难句/2022届高考英语真题长难句分析笔记7.docx,高考长难句/2022届高考英语真题长难句分析笔记7.docx,.docx,209951,paper_only_candidate,"full_paper_candidate,knowledge_candidate",review_required,path/name indicates a complete examination paper or mock exam; path/name suggests explanatory knowledge material,do_not_publish_until_structured_parse_and_answer_analysis_review
/Users/shidianjin/Documents/高考英语/高考长难句/2022届高考英语真题长难句分析笔记8.docx,高考长难句/2022届高考英语真题长难句分析笔记8.docx,.docx,212115,paper_only_candidate,"full_paper_candidate,knowledge_candidate",review_required,path/name indicates a complete examination paper or mock exam; path/name suggests explanatory knowledge material,do_not_publish_until_structured_parse_and_answer_analysis_review
/Users/shidianjin/Documents/高考英语/高考长难句/2022届高考英语真题长难句分析笔记9.docx,高考长难句/2022届高考英语真题长难句分析笔记9.docx,.docx,211121,paper_only_candidate,"full_paper_candidate,knowledge_candidate",review_required,path/name indicates a complete examination paper or mock exam; path/name suggests explanatory knowledge material,do_not_publish_until_structured_parse_and_answer_analysis_review
/Users/shidianjin/Documents/高考英语/高考长难句/专题 05-2022年新高考1卷 ABCD篇 七五 -词汇精讲 长难句分析 全篇译文- 2022年高考英语真题深度解析.zip,高考长难句/专题 05-2022年新高考1卷 ABCD篇 七五 -词汇精讲 长难句分析 全篇译文- 2022年高考英语真题深度解析.zip,.zip,436094,review_required,"archive_candidate,full_paper_candidate,knowledge_candidate",review_required,path/name indicates a complete examination paper or mock exam; path/name suggests explanatory knowledge material; archive requires manifest inspection before publication,do_not_publish_until_structured_parse_and_answer_analysis_review
/Users/shidianjin/Documents/高考英语/高考长难句/长难句精讲分析与真题演练3课件2022届高考英语阅读理解真题.pptx,高考长难句/长难句精讲分析与真题演练3课件2022届高考英语阅读理解真题.pptx,.pptx,756259,paper_only_candidate,"full_paper_candidate,knowledge_candidate,type_practice_candidate",review_required,path/name indicates a complete examination paper or mock exam; path/name suggests explanatory knowledge material; path/name suggests topic or question-type practice,do_not_publish_until_structured_parse_and_answer_analysis_review
