source_file,source_relpath,action,keep_file,reason,approved_by_user
/Users/shidianjin/Documents/高考英语/1990-2007·高考英语真题·word/北京/1990年北京高考英语真题及答案.doc,1990-2007·高考英语真题·word/北京/1990年北京高考英语真题及答案.doc,retain,,not a conservative cleanup candidate,no
/Users/shidianjin/Documents/高考英语/1990-2007·高考英语真题·word/北京/1991年北京高考英语真题及答案.doc,1990-2007·高考英语真题·word/北京/1991年北京高考英语真题及答案.doc,retain,,not a conservative cleanup candidate,no
/Users/shidianjin/Documents/高考英语/1990-2007·高考英语真题·word/北京/1992年北京高考英语真题及答案.doc,1990-2007·高考英语真题·word/北京/1992年北京高考英语真题及答案.doc,retain,,not a conservative cleanup candidate,no
/Users/shidianjin/Documents/高考英语/1990-2007·高考英语真题·word/北京/1993年北京高考英语真题及答案.doc,1990-2007·高考英语真题·word/北京/1993年北京高考英语真题及答案.doc,retain,,not a conservative cleanup candidate,no
/Users/shidianjin/Documents/高考英语/1990-2007·高考英语真题·word/北京/1994年北京高考英语真题及答案.doc,1990-2007·高考英语真题·word/北京/1994年北京高考英语真题及答案.doc,retain,,not a conservative cleanup candidate,no
/Users/shidianjin/Documents/高考英语/1990-2007·高考英语真题·word/北京/1995年北京高考英语真题及答案.doc,1990-2007·高考英语真题·word/北京/1995年北京高考英语真题及答案.doc,retain,,not a conservative cleanup candidate,no
/Users/shidianjin/Documents/高考英语/1990-2007·高考英语真题·word/北京/1996年北京高考英语真题及答案.doc,1990-2007·高考英语真题·word/北京/1996年北京高考英语真题及答案.doc,retain,,not a conservative cleanup candidate,no
/Users/shidianjin/Documents/高考英语/1990-2007·高考英语真题·word/北京/1997年北京高考英语真题及答案.doc,1990-2007·高考英语真题·word/北京/1997年北京高考英语真题及答案.doc,retain,,not a conservative cleanup candidate,no
/Users/shidianjin/Documents/高考英语/1990-2007·高考英语真题·word/北京/1998年北京高考英语真题及答案.doc,1990-2007·高考英语真题·word/北京/1998年北京高考英语真题及答案.doc,retain,,not a conservative cleanup candidate,no
/Users/shidianjin/Documents/高考英语/1990-2007·高考英语真题·word/北京/1999年北京高考英语真题及答案.doc,1990-2007·高考英语真题·word/北京/1999年北京高考英语真题及答案.doc,retain,,not a conservative cleanup candidate,no
/Users/shidianjin/Documents/高考英语/1990-2007·高考英语真题·word/北京/2000年北京高考英语真题及答案.doc,1990-2007·高考英语真题·word/北京/2000年北京高考英语真题及答案.doc,retain,,not a conservative cleanup candidate,no
/Users/shidianjin/Documents/高考英语/1990-2007·高考英语真题·word/北京/2001年北京高考英语真题及答案.doc,1990-2007·高考英语真题·word/北京/2001年北京高考英语真题及答案.doc,retain,,not a conservative cleanup candidate,no
/Users/shidianjin/Documents/高考英语/1990-2007·高考英语真题·word/北京/2002年北京高考英语真题及答案.doc,1990-2007·高考英语真题·word/北京/2002年北京高考英语真题及答案.doc,retain,,not a conservative cleanup candidate,no
/Users/shidianjin/Documents/高考英语/1990-2007·高考英语真题·word/北京/2003年北京高考英语真题及答案.doc,1990-2007·高考英语真题·word/北京/2003年北京高考英语真题及答案.doc,retain,,not a conservative cleanup candidate,no
/Users/shidianjin/Documents/高考英语/1990-2007·高考英语真题·word/北京/2004年北京高考英语真题及答案.doc,1990-2007·高考英语真题·word/北京/2004年北京高考英语真题及答案.doc,retain,,not a conservative cleanup candidate,no
/Users/shidianjin/Documents/高考英语/1990-2007·高考英语真题·word/北京/2005年北京高考英语真题及答案.doc,1990-2007·高考英语真题·word/北京/2005年北京高考英语真题及答案.doc,retain,,not a conservative cleanup candidate,no
/Users/shidianjin/Documents/高考英语/1990-2007·高考英语真题·word/北京/2006年北京高考英语真题及答案.doc,1990-2007·高考英语真题·word/北京/2006年北京高考英语真题及答案.doc,retain,,not a conservative cleanup candidate,no
/Users/shidianjin/Documents/高考英语/1990-2007·高考英语真题·word/北京/2007年北京高考英语真题及答案.doc,1990-2007·高考英语真题·word/北京/2007年北京高考英语真题及答案.doc,retain,,not a conservative cleanup candidate,no
/Users/shidianjin/Documents/高考英语/1990-2007·高考英语真题·word/安徽/1990年安徽高考英语真题及答案.doc,1990-2007·高考英语真题·word/安徽/1990年安徽高考英语真题及答案.doc,retain,,not a conservative cleanup candidate,no
/Users/shidianjin/Documents/高考英语/1990-2007·高考英语真题·word/安徽/1991年安徽高考英语真题及答案.doc,1990-2007·高考英语真题·word/安徽/1991年安徽高考英语真题及答案.doc,retain,,not a conservative cleanup candidate,no
/Users/shidianjin/Documents/高考英语/1990-2007·高考英语真题·word/安徽/1992年安徽高考英语真题及答案.doc,1990-2007·高考英语真题·word/安徽/1992年安徽高考英语真题及答案.doc,retain,,not a conservative cleanup candidate,no
/Users/shidianjin/Documents/高考英语/1990-2007·高考英语真题·word/安徽/1993年安徽高考英语真题及答案.doc,1990-2007·高考英语真题·word/安徽/1993年安徽高考英语真题及答案.doc,retain,,not a conservative cleanup candidate,no
/Users/shidianjin/Documents/高考英语/1990-2007·高考英语真题·word/安徽/1994年安徽高考英语真题及答案.doc,1990-2007·高考英语真题·word/安徽/1994年安徽高考英语真题及答案.doc,retain,,not a conservative cleanup candidate,no
/Users/shidianjin/Documents/高考英语/1990-2007·高考英语真题·word/安徽/1995年安徽高考英语真题及答案.doc,1990-2007·高考英语真题·word/安徽/1995年安徽高考英语真题及答案.doc,retain,,not a conservative cleanup candidate,no
/Users/shidianjin/Documents/高考英语/1990-2007·高考英语真题·word/安徽/1996年安徽高考英语真题及答案.doc,1990-2007·高考英语真题·word/安徽/1996年安徽高考英语真题及答案.doc,retain,,not a conservative cleanup candidate,no
/Users/shidianjin/Documents/高考英语/1990-2007·高考英语真题·word/安徽/1997年安徽高考英语真题及答案.doc,1990-2007·高考英语真题·word/安徽/1997年安徽高考英语真题及答案.doc,retain,,not a conservative cleanup candidate,no
/Users/shidianjin/Documents/高考英语/1990-2007·高考英语真题·word/安徽/1998年安徽高考英语真题及答案.doc,1990-2007·高考英语真题·word/安徽/1998年安徽高考英语真题及答案.doc,retain,,not a conservative cleanup candidate,no
/Users/shidianjin/Documents/高考英语/1990-2007·高考英语真题·word/安徽/1999年安徽高考英语真题及答案.doc,1990-2007·高考英语真题·word/安徽/1999年安徽高考英语真题及答案.doc,retain,,not a conservative cleanup candidate,no
/Users/shidianjin/Documents/高考英语/1990-2007·高考英语真题·word/安徽/2000年安徽高考英语真题及答案.doc,1990-2007·高考英语真题·word/安徽/2000年安徽高考英语真题及答案.doc,retain,,not a conservative cleanup candidate,no
/Users/shidianjin/Documents/高考英语/1990-2007·高考英语真题·word/安徽/2001年安徽高考英语真题及答案.doc,1990-2007·高考英语真题·word/安徽/2001年安徽高考英语真题及答案.doc,retain,,not a conservative cleanup candidate,no
/Users/shidianjin/Documents/高考英语/1990-2007·高考英语真题·word/安徽/2002年安徽高考英语真题及答案.doc,1990-2007·高考英语真题·word/安徽/2002年安徽高考英语真题及答案.doc,retain,,not a conservative cleanup candidate,no
/Users/shidianjin/Documents/高考英语/1990-2007·高考英语真题·word/安徽/2003年安徽高考英语真题及答案.doc,1990-2007·高考英语真题·word/安徽/2003年安徽高考英语真题及答案.doc,retain,,not a conservative cleanup candidate,no
/Users/shidianjin/Documents/高考英语/1990-2007·高考英语真题·word/安徽/2004年安徽高考英语真题及答案.doc,1990-2007·高考英语真题·word/安徽/2004年安徽高考英语真题及答案.doc,retain,,not a conservative cleanup candidate,no
/Users/shidianjin/Documents/高考英语/1990-2007·高考英语真题·word/安徽/2005年安徽高考英语真题及答案.doc,1990-2007·高考英语真题·word/安徽/2005年安徽高考英语真题及答案.doc,retain,,not a conservative cleanup candidate,no
/Users/shidianjin/Documents/高考英语/1990-2007·高考英语真题·word/安徽/2006年安徽高考英语真题及答案.doc,1990-2007·高考英语真题·word/安徽/2006年安徽高考英语真题及答案.doc,retain,,not a conservative cleanup candidate,no
/Users/shidianjin/Documents/高考英语/1990-2007·高考英语真题·word/安徽/2007年安徽高考英语真题及答案.doc,1990-2007·高考英语真题·word/安徽/2007年安徽高考英语真题及答案.doc,retain,,not a conservative cleanup candidate,no
/Users/shidianjin/Documents/高考英语/1990-2007·高考英语真题·word/广东/1990年广东高考英语真题及答案.doc,1990-2007·高考英语真题·word/广东/1990年广东高考英语真题及答案.doc,retain,,not a conservative cleanup candidate,no
/Users/shidianjin/Documents/高考英语/1990-2007·高考英语真题·word/广东/1991年广东高考英语真题及答案.doc,1990-2007·高考英语真题·word/广东/1991年广东高考英语真题及答案.doc,retain,,not a conservative cleanup candidate,no
/Users/shidianjin/Documents/高考英语/1990-2007·高考英语真题·word/广东/1992年广东高考英语真题及答案.doc,1990-2007·高考英语真题·word/广东/1992年广东高考英语真题及答案.doc,retain,,not a conservative cleanup candidate,no
/Users/shidianjin/Documents/高考英语/1990-2007·高考英语真题·word/广东/1993年广东高考英语真题及答案.doc,1990-2007·高考英语真题·word/广东/1993年广东高考英语真题及答案.doc,retain,,not a conservative cleanup candidate,no
/Users/shidianjin/Documents/高考英语/1990-2007·高考英语真题·word/广东/1994年广东高考英语真题及答案.doc,1990-2007·高考英语真题·word/广东/1994年广东高考英语真题及答案.doc,retain,,not a conservative cleanup candidate,no
/Users/shidianjin/Documents/高考英语/1990-2007·高考英语真题·word/广东/1995年广东高考英语真题及答案.doc,1990-2007·高考英语真题·word/广东/1995年广东高考英语真题及答案.doc,retain,,not a conservative cleanup candidate,no
/Users/shidianjin/Documents/高考英语/1990-2007·高考英语真题·word/广东/1996年广东高考英语真题及答案.doc,1990-2007·高考英语真题·word/广东/1996年广东高考英语真题及答案.doc,retain,,not a conservative cleanup candidate,no
/Users/shidianjin/Documents/高考英语/1990-2007·高考英语真题·word/广东/1997年广东高考英语真题及答案.doc,1990-2007·高考英语真题·word/广东/1997年广东高考英语真题及答案.doc,retain,,not a conservative cleanup candidate,no
/Users/shidianjin/Documents/高考英语/1990-2007·高考英语真题·word/广东/1998年广东高考英语真题及答案.doc,1990-2007·高考英语真题·word/广东/1998年广东高考英语真题及答案.doc,retain,,not a conservative cleanup candidate,no
/Users/shidianjin/Documents/高考英语/1990-2007·高考英语真题·word/广东/1999年广东高考英语真题及答案.doc,1990-2007·高考英语真题·word/广东/1999年广东高考英语真题及答案.doc,retain,,not a conservative cleanup candidate,no
/Users/shidianjin/Documents/高考英语/1990-2007·高考英语真题·word/广东/2001年广东高考英语真题及答案.doc,1990-2007·高考英语真题·word/广东/2001年广东高考英语真题及答案.doc,retain,,not a conservative cleanup candidate,no
/Users/shidianjin/Documents/高考英语/1990-2007·高考英语真题·word/广东/2002年广东高考英语真题及答案.doc,1990-2007·高考英语真题·word/广东/2002年广东高考英语真题及答案.doc,retain,,not a conservative cleanup candidate,no
/Users/shidianjin/Documents/高考英语/1990-2007·高考英语真题·word/广东/2003年广东高考英语真题及答案.doc,1990-2007·高考英语真题·word/广东/2003年广东高考英语真题及答案.doc,retain,,not a conservative cleanup candidate,no
/Users/shidianjin/Documents/高考英语/1990-2007·高考英语真题·word/广东/2004年广东高考英语真题及答案.doc,1990-2007·高考英语真题·word/广东/2004年广东高考英语真题及答案.doc,retain,,not a conservative cleanup candidate,no
/Users/shidianjin/Documents/高考英语/1990-2007·高考英语真题·word/广东/2005年广东高考英语真题及答案.doc,1990-2007·高考英语真题·word/广东/2005年广东高考英语真题及答案.doc,retain,,not a conservative cleanup candidate,no
/Users/shidianjin/Documents/高考英语/1990-2007·高考英语真题·word/广东/2006年广东高考英语真题及答案.doc,1990-2007·高考英语真题·word/广东/2006年广东高考英语真题及答案.doc,retain,,not a conservative cleanup candidate,no
/Users/shidianjin/Documents/高考英语/1990-2007·高考英语真题·word/广东/2007年广东高考英语真题及答案.doc,1990-2007·高考英语真题·word/广东/2007年广东高考英语真题及答案.doc,retain,,not a conservative cleanup candidate,no
/Users/shidianjin/Documents/高考英语/1990-2007·高考英语真题·word/广西/1990年广西高考英语真题及答案.doc,1990-2007·高考英语真题·word/广西/1990年广西高考英语真题及答案.doc,retain,,not a conservative cleanup candidate,no
/Users/shidianjin/Documents/高考英语/1990-2007·高考英语真题·word/广西/1991年广西高考英语真题及答案.doc,1990-2007·高考英语真题·word/广西/1991年广西高考英语真题及答案.doc,retain,,not a conservative cleanup candidate,no
/Users/shidianjin/Documents/高考英语/1990-2007·高考英语真题·word/广西/1992年广西高考英语真题及答案.doc,1990-2007·高考英语真题·word/广西/1992年广西高考英语真题及答案.doc,retain,,not a conservative cleanup candidate,no
/Users/shidianjin/Documents/高考英语/1990-2007·高考英语真题·word/广西/1993年广西高考英语真题及答案.doc,1990-2007·高考英语真题·word/广西/1993年广西高考英语真题及答案.doc,retain,,not a conservative cleanup candidate,no
/Users/shidianjin/Documents/高考英语/1990-2007·高考英语真题·word/广西/1994年广西高考英语真题及答案.doc,1990-2007·高考英语真题·word/广西/1994年广西高考英语真题及答案.doc,retain,,not a conservative cleanup candidate,no
/Users/shidianjin/Documents/高考英语/1990-2007·高考英语真题·word/广西/1995年广西高考英语真题及答案.doc,1990-2007·高考英语真题·word/广西/1995年广西高考英语真题及答案.doc,retain,,not a conservative cleanup candidate,no
/Users/shidianjin/Documents/高考英语/1990-2007·高考英语真题·word/广西/1996年广西高考英语真题及答案.doc,1990-2007·高考英语真题·word/广西/1996年广西高考英语真题及答案.doc,retain,,not a conservative cleanup candidate,no
/Users/shidianjin/Documents/高考英语/1990-2007·高考英语真题·word/广西/1997年广西高考英语真题及答案.doc,1990-2007·高考英语真题·word/广西/1997年广西高考英语真题及答案.doc,retain,,not a conservative cleanup candidate,no
/Users/shidianjin/Documents/高考英语/1990-2007·高考英语真题·word/广西/1998年广西高考英语真题及答案.doc,1990-2007·高考英语真题·word/广西/1998年广西高考英语真题及答案.doc,retain,,not a conservative cleanup candidate,no
/Users/shidianjin/Documents/高考英语/1990-2007·高考英语真题·word/广西/1999年广西高考英语真题及答案.doc,1990-2007·高考英语真题·word/广西/1999年广西高考英语真题及答案.doc,retain,,not a conservative cleanup candidate,no
/Users/shidianjin/Documents/高考英语/1990-2007·高考英语真题·word/广西/2000年广西高考英语真题及答案.doc,1990-2007·高考英语真题·word/广西/2000年广西高考英语真题及答案.doc,retain,,not a conservative cleanup candidate,no
/Users/shidianjin/Documents/高考英语/1990-2007·高考英语真题·word/广西/2002年广西高考英语真题及答案.doc,1990-2007·高考英语真题·word/广西/2002年广西高考英语真题及答案.doc,retain,,not a conservative cleanup candidate,no
/Users/shidianjin/Documents/高考英语/1990-2007·高考英语真题·word/广西/2003年广西高考英语真题及答案.doc,1990-2007·高考英语真题·word/广西/2003年广西高考英语真题及答案.doc,retain,,not a conservative cleanup candidate,no
/Users/shidianjin/Documents/高考英语/1990-2007·高考英语真题·word/广西/2004年广西高考英语真题及答案.doc,1990-2007·高考英语真题·word/广西/2004年广西高考英语真题及答案.doc,retain,,not a conservative cleanup candidate,no
/Users/shidianjin/Documents/高考英语/1990-2007·高考英语真题·word/广西/2005年广西高考英语真题及答案.doc,1990-2007·高考英语真题·word/广西/2005年广西高考英语真题及答案.doc,retain,,not a conservative cleanup candidate,no
/Users/shidianjin/Documents/高考英语/1990-2007·高考英语真题·word/广西/2006年广西高考英语真题及答案.doc,1990-2007·高考英语真题·word/广西/2006年广西高考英语真题及答案.doc,retain,,not a conservative cleanup candidate,no
/Users/shidianjin/Documents/高考英语/1990-2007·高考英语真题·word/广西/2007年广西高考英语真题及答案.doc,1990-2007·高考英语真题·word/广西/2007年广西高考英语真题及答案.doc,retain,,not a conservative cleanup candidate,no
/Users/shidianjin/Documents/高考英语/1990-2007·高考英语真题·word/河北/1990年河北高考英语真题及答案.doc,1990-2007·高考英语真题·word/河北/1990年河北高考英语真题及答案.doc,retain,,not a conservative cleanup candidate,no
/Users/shidianjin/Documents/高考英语/1990-2007·高考英语真题·word/河北/1991年河北高考英语真题及答案.doc,1990-2007·高考英语真题·word/河北/1991年河北高考英语真题及答案.doc,retain,,not a conservative cleanup candidate,no
/Users/shidianjin/Documents/高考英语/1990-2007·高考英语真题·word/河北/1992年河北高考英语真题及答案.doc,1990-2007·高考英语真题·word/河北/1992年河北高考英语真题及答案.doc,retain,,not a conservative cleanup candidate,no
/Users/shidianjin/Documents/高考英语/1990-2007·高考英语真题·word/河北/1993年河北高考英语真题及答案.doc,1990-2007·高考英语真题·word/河北/1993年河北高考英语真题及答案.doc,retain,,not a conservative cleanup candidate,no
/Users/shidianjin/Documents/高考英语/1990-2007·高考英语真题·word/河北/1994年河北高考英语真题及答案.doc,1990-2007·高考英语真题·word/河北/1994年河北高考英语真题及答案.doc,retain,,not a conservative cleanup candidate,no
/Users/shidianjin/Documents/高考英语/1990-2007·高考英语真题·word/河北/1995年河北高考英语真题及答案.doc,1990-2007·高考英语真题·word/河北/1995年河北高考英语真题及答案.doc,retain,,not a conservative cleanup candidate,no
/Users/shidianjin/Documents/高考英语/1990-2007·高考英语真题·word/河北/1996年河北高考英语真题及答案.doc,1990-2007·高考英语真题·word/河北/1996年河北高考英语真题及答案.doc,retain,,not a conservative cleanup candidate,no
/Users/shidianjin/Documents/高考英语/1990-2007·高考英语真题·word/河北/1997年河北高考英语真题及答案.doc,1990-2007·高考英语真题·word/河北/1997年河北高考英语真题及答案.doc,retain,,not a conservative cleanup candidate,no
/Users/shidianjin/Documents/高考英语/1990-2007·高考英语真题·word/河北/1998年河北高考英语真题及答案.doc,1990-2007·高考英语真题·word/河北/1998年河北高考英语真题及答案.doc,retain,,not a conservative cleanup candidate,no
/Users/shidianjin/Documents/高考英语/1990-2007·高考英语真题·word/河北/1999年河北高考英语真题及答案.doc,1990-2007·高考英语真题·word/河北/1999年河北高考英语真题及答案.doc,retain,,not a conservative cleanup candidate,no
/Users/shidianjin/Documents/高考英语/1990-2007·高考英语真题·word/河北/2000年河北高考英语真题及答案.doc,1990-2007·高考英语真题·word/河北/2000年河北高考英语真题及答案.doc,retain,,not a conservative cleanup candidate,no
/Users/shidianjin/Documents/高考英语/1990-2007·高考英语真题·word/河北/2001年河北高考英语真题及答案.doc,1990-2007·高考英语真题·word/河北/2001年河北高考英语真题及答案.doc,retain,,not a conservative cleanup candidate,no
/Users/shidianjin/Documents/高考英语/1990-2007·高考英语真题·word/河北/2002年河北高考英语真题及答案.doc,1990-2007·高考英语真题·word/河北/2002年河北高考英语真题及答案.doc,retain,,not a conservative cleanup candidate,no
/Users/shidianjin/Documents/高考英语/1990-2007·高考英语真题·word/河北/2003年河北高考英语真题及答案.doc,1990-2007·高考英语真题·word/河北/2003年河北高考英语真题及答案.doc,retain,,not a conservative cleanup candidate,no
/Users/shidianjin/Documents/高考英语/1990-2007·高考英语真题·word/河北/2004年河北高考英语真题及答案.doc,1990-2007·高考英语真题·word/河北/2004年河北高考英语真题及答案.doc,retain,,not a conservative cleanup candidate,no
/Users/shidianjin/Documents/高考英语/1990-2007·高考英语真题·word/河北/2005年河北高考英语真题及答案.doc,1990-2007·高考英语真题·word/河北/2005年河北高考英语真题及答案.doc,retain,,not a conservative cleanup candidate,no
/Users/shidianjin/Documents/高考英语/1990-2007·高考英语真题·word/河北/2006年河北高考英语真题及答案.doc,1990-2007·高考英语真题·word/河北/2006年河北高考英语真题及答案.doc,retain,,not a conservative cleanup candidate,no
/Users/shidianjin/Documents/高考英语/1990-2007·高考英语真题·word/河北/2007年河北高考英语真题及答案.doc,1990-2007·高考英语真题·word/河北/2007年河北高考英语真题及答案.doc,retain,,not a conservative cleanup candidate,no
/Users/shidianjin/Documents/高考英语/1990-2007·高考英语真题·word/河南/1990年河南高考英语真题及答案.doc,1990-2007·高考英语真题·word/河南/1990年河南高考英语真题及答案.doc,retain,,not a conservative cleanup candidate,no
/Users/shidianjin/Documents/高考英语/1990-2007·高考英语真题·word/河南/1991年河南高考英语真题及答案.doc,1990-2007·高考英语真题·word/河南/1991年河南高考英语真题及答案.doc,retain,,not a conservative cleanup candidate,no
/Users/shidianjin/Documents/高考英语/1990-2007·高考英语真题·word/河南/1992年河南高考英语真题及答案.doc,1990-2007·高考英语真题·word/河南/1992年河南高考英语真题及答案.doc,retain,,not a conservative cleanup candidate,no
/Users/shidianjin/Documents/高考英语/1990-2007·高考英语真题·word/河南/1993年河南高考英语真题及答案.doc,1990-2007·高考英语真题·word/河南/1993年河南高考英语真题及答案.doc,retain,,not a conservative cleanup candidate,no
/Users/shidianjin/Documents/高考英语/1990-2007·高考英语真题·word/河南/1994年河南高考英语真题及答案.doc,1990-2007·高考英语真题·word/河南/1994年河南高考英语真题及答案.doc,retain,,not a conservative cleanup candidate,no
/Users/shidianjin/Documents/高考英语/1990-2007·高考英语真题·word/河南/1995年河南高考英语真题及答案.doc,1990-2007·高考英语真题·word/河南/1995年河南高考英语真题及答案.doc,retain,,not a conservative cleanup candidate,no
/Users/shidianjin/Documents/高考英语/1990-2007·高考英语真题·word/河南/1996年河南高考英语真题及答案.doc,1990-2007·高考英语真题·word/河南/1996年河南高考英语真题及答案.doc,retain,,not a conservative cleanup candidate,no
/Users/shidianjin/Documents/高考英语/1990-2007·高考英语真题·word/河南/1997年河南高考英语真题及答案.doc,1990-2007·高考英语真题·word/河南/1997年河南高考英语真题及答案.doc,retain,,not a conservative cleanup candidate,no
/Users/shidianjin/Documents/高考英语/1990-2007·高考英语真题·word/河南/1998年河南高考英语真题及答案.doc,1990-2007·高考英语真题·word/河南/1998年河南高考英语真题及答案.doc,retain,,not a conservative cleanup candidate,no
/Users/shidianjin/Documents/高考英语/1990-2007·高考英语真题·word/河南/1999年河南高考英语真题及答案.doc,1990-2007·高考英语真题·word/河南/1999年河南高考英语真题及答案.doc,retain,,not a conservative cleanup candidate,no
/Users/shidianjin/Documents/高考英语/1990-2007·高考英语真题·word/河南/2000年河南高考英语真题及答案.doc,1990-2007·高考英语真题·word/河南/2000年河南高考英语真题及答案.doc,retain,,not a conservative cleanup candidate,no
/Users/shidianjin/Documents/高考英语/1990-2007·高考英语真题·word/河南/2002年河南高考英语真题及答案.doc,1990-2007·高考英语真题·word/河南/2002年河南高考英语真题及答案.doc,retain,,not a conservative cleanup candidate,no
/Users/shidianjin/Documents/高考英语/1990-2007·高考英语真题·word/河南/2003年河南高考英语真题及答案.doc,1990-2007·高考英语真题·word/河南/2003年河南高考英语真题及答案.doc,retain,,not a conservative cleanup candidate,no
/Users/shidianjin/Documents/高考英语/1990-2007·高考英语真题·word/河南/2004年河南高考英语真题及答案.doc,1990-2007·高考英语真题·word/河南/2004年河南高考英语真题及答案.doc,retain,,not a conservative cleanup candidate,no
/Users/shidianjin/Documents/高考英语/1990-2007·高考英语真题·word/河南/2005年河南高考英语真题及答案.doc,1990-2007·高考英语真题·word/河南/2005年河南高考英语真题及答案.doc,retain,,not a conservative cleanup candidate,no
/Users/shidianjin/Documents/高考英语/1990-2007·高考英语真题·word/河南/2006年河南高考英语真题及答案.doc,1990-2007·高考英语真题·word/河南/2006年河南高考英语真题及答案.doc,retain,,not a conservative cleanup candidate,no
/Users/shidianjin/Documents/高考英语/1990-2007·高考英语真题·word/河南/2007年河南高考英语真题及答案.doc,1990-2007·高考英语真题·word/河南/2007年河南高考英语真题及答案.doc,retain,,not a conservative cleanup candidate,no
/Users/shidianjin/Documents/高考英语/1990-2007·高考英语真题·word/海南/1990年海南高考英语真题及答案.doc,1990-2007·高考英语真题·word/海南/1990年海南高考英语真题及答案.doc,retain,,not a conservative cleanup candidate,no
/Users/shidianjin/Documents/高考英语/1990-2007·高考英语真题·word/海南/1991年海南高考英语真题及答案.doc,1990-2007·高考英语真题·word/海南/1991年海南高考英语真题及答案.doc,retain,,not a conservative cleanup candidate,no
/Users/shidianjin/Documents/高考英语/1990-2007·高考英语真题·word/海南/1992年海南高考英语真题及答案.doc,1990-2007·高考英语真题·word/海南/1992年海南高考英语真题及答案.doc,retain,,not a conservative cleanup candidate,no
/Users/shidianjin/Documents/高考英语/1990-2007·高考英语真题·word/海南/1993年海南高考英语真题及答案.doc,1990-2007·高考英语真题·word/海南/1993年海南高考英语真题及答案.doc,retain,,not a conservative cleanup candidate,no
/Users/shidianjin/Documents/高考英语/1990-2007·高考英语真题·word/海南/1994年海南高考英语真题及答案.doc,1990-2007·高考英语真题·word/海南/1994年海南高考英语真题及答案.doc,retain,,not a conservative cleanup candidate,no
/Users/shidianjin/Documents/高考英语/1990-2007·高考英语真题·word/海南/1995年海南高考英语真题及答案.doc,1990-2007·高考英语真题·word/海南/1995年海南高考英语真题及答案.doc,retain,,not a conservative cleanup candidate,no
/Users/shidianjin/Documents/高考英语/1990-2007·高考英语真题·word/海南/1996年海南高考英语真题及答案.doc,1990-2007·高考英语真题·word/海南/1996年海南高考英语真题及答案.doc,retain,,not a conservative cleanup candidate,no
/Users/shidianjin/Documents/高考英语/1990-2007·高考英语真题·word/海南/1997年海南高考英语真题及答案.doc,1990-2007·高考英语真题·word/海南/1997年海南高考英语真题及答案.doc,retain,,not a conservative cleanup candidate,no
/Users/shidianjin/Documents/高考英语/1990-2007·高考英语真题·word/海南/1998年海南高考英语真题及答案.doc,1990-2007·高考英语真题·word/海南/1998年海南高考英语真题及答案.doc,retain,,not a conservative cleanup candidate,no
/Users/shidianjin/Documents/高考英语/1990-2007·高考英语真题·word/海南/1999年海南高考英语真题及答案.doc,1990-2007·高考英语真题·word/海南/1999年海南高考英语真题及答案.doc,retain,,not a conservative cleanup candidate,no
/Users/shidianjin/Documents/高考英语/1990-2007·高考英语真题·word/海南/2000年海南高考英语真题及答案.doc,1990-2007·高考英语真题·word/海南/2000年海南高考英语真题及答案.doc,retain,,not a conservative cleanup candidate,no
/Users/shidianjin/Documents/高考英语/1990-2007·高考英语真题·word/湖北/1990年湖北高考英语真题及答案.doc,1990-2007·高考英语真题·word/湖北/1990年湖北高考英语真题及答案.doc,retain,,not a conservative cleanup candidate,no
/Users/shidianjin/Documents/高考英语/1990-2007·高考英语真题·word/湖北/1992年湖北高考英语真题及答案.doc,1990-2007·高考英语真题·word/湖北/1992年湖北高考英语真题及答案.doc,retain,,not a conservative cleanup candidate,no
/Users/shidianjin/Documents/高考英语/1990-2007·高考英语真题·word/湖北/1993年湖北高考英语真题及答案.doc,1990-2007·高考英语真题·word/湖北/1993年湖北高考英语真题及答案.doc,retain,,not a conservative cleanup candidate,no
/Users/shidianjin/Documents/高考英语/1990-2007·高考英语真题·word/湖北/1994年湖北高考英语真题及答案.doc,1990-2007·高考英语真题·word/湖北/1994年湖北高考英语真题及答案.doc,retain,,not a conservative cleanup candidate,no
/Users/shidianjin/Documents/高考英语/1990-2007·高考英语真题·word/湖北/1995年湖北高考英语真题及答案.doc,1990-2007·高考英语真题·word/湖北/1995年湖北高考英语真题及答案.doc,retain,,not a conservative cleanup candidate,no
/Users/shidianjin/Documents/高考英语/1990-2007·高考英语真题·word/湖北/1996年湖北高考英语真题及答案.doc,1990-2007·高考英语真题·word/湖北/1996年湖北高考英语真题及答案.doc,retain,,not a conservative cleanup candidate,no
/Users/shidianjin/Documents/高考英语/1990-2007·高考英语真题·word/湖北/1997年湖北高考英语真题及答案.doc,1990-2007·高考英语真题·word/湖北/1997年湖北高考英语真题及答案.doc,retain,,not a conservative cleanup candidate,no
/Users/shidianjin/Documents/高考英语/1990-2007·高考英语真题·word/湖北/1998年湖北高考英语真题及答案.doc,1990-2007·高考英语真题·word/湖北/1998年湖北高考英语真题及答案.doc,retain,,not a conservative cleanup candidate,no
/Users/shidianjin/Documents/高考英语/1990-2007·高考英语真题·word/湖北/1999年湖北高考英语真题及答案.doc,1990-2007·高考英语真题·word/湖北/1999年湖北高考英语真题及答案.doc,retain,,not a conservative cleanup candidate,no
/Users/shidianjin/Documents/高考英语/1990-2007·高考英语真题·word/湖北/2000年湖北高考英语真题及答案.doc,1990-2007·高考英语真题·word/湖北/2000年湖北高考英语真题及答案.doc,retain,,not a conservative cleanup candidate,no
/Users/shidianjin/Documents/高考英语/1990-2007·高考英语真题·word/湖北/2002年湖北高考英语真题及答案.doc,1990-2007·高考英语真题·word/湖北/2002年湖北高考英语真题及答案.doc,retain,,not a conservative cleanup candidate,no
/Users/shidianjin/Documents/高考英语/1990-2007·高考英语真题·word/湖北/2003年湖北高考英语真题及答案.doc,1990-2007·高考英语真题·word/湖北/2003年湖北高考英语真题及答案.doc,retain,,not a conservative cleanup candidate,no
/Users/shidianjin/Documents/高考英语/1990-2007·高考英语真题·word/湖北/2004年湖北高考英语真题及答案.doc,1990-2007·高考英语真题·word/湖北/2004年湖北高考英语真题及答案.doc,retain,,not a conservative cleanup candidate,no
/Users/shidianjin/Documents/高考英语/1990-2007·高考英语真题·word/湖北/2005年湖北高考英语真题及答案.doc,1990-2007·高考英语真题·word/湖北/2005年湖北高考英语真题及答案.doc,retain,,not a conservative cleanup candidate,no
/Users/shidianjin/Documents/高考英语/1990-2007·高考英语真题·word/湖北/2006年湖北高考英语真题及答案.doc,1990-2007·高考英语真题·word/湖北/2006年湖北高考英语真题及答案.doc,retain,,not a conservative cleanup candidate,no
/Users/shidianjin/Documents/高考英语/1990-2007·高考英语真题·word/湖北/2007年湖北高考英语真题及答案.doc,1990-2007·高考英语真题·word/湖北/2007年湖北高考英语真题及答案.doc,retain,,not a conservative cleanup candidate,no
/Users/shidianjin/Documents/高考英语/1990-2007·高考英语真题·word/湖南/1990年湖南高考英语真题及答案.doc,1990-2007·高考英语真题·word/湖南/1990年湖南高考英语真题及答案.doc,retain,,not a conservative cleanup candidate,no
/Users/shidianjin/Documents/高考英语/1990-2007·高考英语真题·word/湖南/1991年湖南高考英语真题及答案.doc,1990-2007·高考英语真题·word/湖南/1991年湖南高考英语真题及答案.doc,retain,,not a conservative cleanup candidate,no
/Users/shidianjin/Documents/高考英语/1990-2007·高考英语真题·word/湖南/1992年湖南高考英语真题及答案.doc,1990-2007·高考英语真题·word/湖南/1992年湖南高考英语真题及答案.doc,retain,,not a conservative cleanup candidate,no
/Users/shidianjin/Documents/高考英语/1990-2007·高考英语真题·word/湖南/1993年湖南高考英语真题及答案.doc,1990-2007·高考英语真题·word/湖南/1993年湖南高考英语真题及答案.doc,retain,,not a conservative cleanup candidate,no
/Users/shidianjin/Documents/高考英语/1990-2007·高考英语真题·word/湖南/1994年湖南高考英语真题及答案.doc,1990-2007·高考英语真题·word/湖南/1994年湖南高考英语真题及答案.doc,retain,,not a conservative cleanup candidate,no
/Users/shidianjin/Documents/高考英语/1990-2007·高考英语真题·word/湖南/1995年湖南高考英语真题及答案.doc,1990-2007·高考英语真题·word/湖南/1995年湖南高考英语真题及答案.doc,retain,,not a conservative cleanup candidate,no
/Users/shidianjin/Documents/高考英语/1990-2007·高考英语真题·word/湖南/1996年湖南高考英语真题及答案.doc,1990-2007·高考英语真题·word/湖南/1996年湖南高考英语真题及答案.doc,retain,,not a conservative cleanup candidate,no
/Users/shidianjin/Documents/高考英语/1990-2007·高考英语真题·word/湖南/1997年湖南高考英语真题及答案.doc,1990-2007·高考英语真题·word/湖南/1997年湖南高考英语真题及答案.doc,retain,,not a conservative cleanup candidate,no
/Users/shidianjin/Documents/高考英语/1990-2007·高考英语真题·word/湖南/1998年湖南高考英语真题及答案.doc,1990-2007·高考英语真题·word/湖南/1998年湖南高考英语真题及答案.doc,retain,,not a conservative cleanup candidate,no
/Users/shidianjin/Documents/高考英语/1990-2007·高考英语真题·word/湖南/1999年湖南高考英语真题及答案.doc,1990-2007·高考英语真题·word/湖南/1999年湖南高考英语真题及答案.doc,retain,,not a conservative cleanup candidate,no
/Users/shidianjin/Documents/高考英语/1990-2007·高考英语真题·word/湖南/2000年湖南高考英语真题及答案.doc,1990-2007·高考英语真题·word/湖南/2000年湖南高考英语真题及答案.doc,retain,,not a conservative cleanup candidate,no
/Users/shidianjin/Documents/高考英语/1990-2007·高考英语真题·word/湖南/2002年湖南高考英语真题及答案.doc,1990-2007·高考英语真题·word/湖南/2002年湖南高考英语真题及答案.doc,retain,,not a conservative cleanup candidate,no
/Users/shidianjin/Documents/高考英语/1990-2007·高考英语真题·word/湖南/2003年湖南高考英语真题及答案.doc,1990-2007·高考英语真题·word/湖南/2003年湖南高考英语真题及答案.doc,retain,,not a conservative cleanup candidate,no
/Users/shidianjin/Documents/高考英语/1990-2007·高考英语真题·word/湖南/2004年湖南高考英语真题及答案.doc,1990-2007·高考英语真题·word/湖南/2004年湖南高考英语真题及答案.doc,retain,,not a conservative cleanup candidate,no
/Users/shidianjin/Documents/高考英语/1990-2007·高考英语真题·word/湖南/2005年湖南高考英语真题及答案.doc,1990-2007·高考英语真题·word/湖南/2005年湖南高考英语真题及答案.doc,retain,,not a conservative cleanup candidate,no
/Users/shidianjin/Documents/高考英语/1990-2007·高考英语真题·word/湖南/2006年湖南高考英语真题及答案.doc,1990-2007·高考英语真题·word/湖南/2006年湖南高考英语真题及答案.doc,retain,,not a conservative cleanup candidate,no
/Users/shidianjin/Documents/高考英语/1990-2007·高考英语真题·word/湖南/2007年湖南高考英语真题及答案.doc,1990-2007·高考英语真题·word/湖南/2007年湖南高考英语真题及答案.doc,retain,,not a conservative cleanup candidate,no
/Users/shidianjin/Documents/高考英语/1990-2007·高考英语真题·word/福建/1990年福建高考英语真题及答案.doc,1990-2007·高考英语真题·word/福建/1990年福建高考英语真题及答案.doc,retain,,not a conservative cleanup candidate,no
/Users/shidianjin/Documents/高考英语/1990-2007·高考英语真题·word/福建/1991年福建高考英语真题及答案.doc,1990-2007·高考英语真题·word/福建/1991年福建高考英语真题及答案.doc,retain,,not a conservative cleanup candidate,no
/Users/shidianjin/Documents/高考英语/1990-2007·高考英语真题·word/福建/1992年福建高考英语真题及答案.doc,1990-2007·高考英语真题·word/福建/1992年福建高考英语真题及答案.doc,retain,,not a conservative cleanup candidate,no
/Users/shidianjin/Documents/高考英语/1990-2007·高考英语真题·word/福建/1993年福建高考英语真题及答案.doc,1990-2007·高考英语真题·word/福建/1993年福建高考英语真题及答案.doc,retain,,not a conservative cleanup candidate,no
/Users/shidianjin/Documents/高考英语/1990-2007·高考英语真题·word/福建/1994年福建高考英语真题及答案.doc,1990-2007·高考英语真题·word/福建/1994年福建高考英语真题及答案.doc,retain,,not a conservative cleanup candidate,no
/Users/shidianjin/Documents/高考英语/1990-2007·高考英语真题·word/福建/1995年福建高考英语真题及答案.doc,1990-2007·高考英语真题·word/福建/1995年福建高考英语真题及答案.doc,retain,,not a conservative cleanup candidate,no
/Users/shidianjin/Documents/高考英语/1990-2007·高考英语真题·word/福建/1996年福建高考英语真题及答案.doc,1990-2007·高考英语真题·word/福建/1996年福建高考英语真题及答案.doc,retain,,not a conservative cleanup candidate,no
/Users/shidianjin/Documents/高考英语/1990-2007·高考英语真题·word/福建/1997年福建高考英语真题及答案.doc,1990-2007·高考英语真题·word/福建/1997年福建高考英语真题及答案.doc,retain,,not a conservative cleanup candidate,no
/Users/shidianjin/Documents/高考英语/1990-2007·高考英语真题·word/福建/1998年福建高考英语真题及答案.doc,1990-2007·高考英语真题·word/福建/1998年福建高考英语真题及答案.doc,retain,,not a conservative cleanup candidate,no
/Users/shidianjin/Documents/高考英语/1990-2007·高考英语真题·word/福建/1999年福建高考英语真题及答案.doc,1990-2007·高考英语真题·word/福建/1999年福建高考英语真题及答案.doc,retain,,not a conservative cleanup candidate,no
/Users/shidianjin/Documents/高考英语/1990-2007·高考英语真题·word/福建/2000年福建高考英语真题及答案.doc,1990-2007·高考英语真题·word/福建/2000年福建高考英语真题及答案.doc,retain,,not a conservative cleanup candidate,no
/Users/shidianjin/Documents/高考英语/1990-2007·高考英语真题·word/福建/2001年福建高考英语真题及答案.doc,1990-2007·高考英语真题·word/福建/2001年福建高考英语真题及答案.doc,retain,,not a conservative cleanup candidate,no
/Users/shidianjin/Documents/高考英语/1990-2007·高考英语真题·word/福建/2002年福建高考英语真题及答案.doc,1990-2007·高考英语真题·word/福建/2002年福建高考英语真题及答案.doc,retain,,not a conservative cleanup candidate,no
/Users/shidianjin/Documents/高考英语/1990-2007·高考英语真题·word/福建/2003年福建高考英语真题及答案.doc,1990-2007·高考英语真题·word/福建/2003年福建高考英语真题及答案.doc,retain,,not a conservative cleanup candidate,no
/Users/shidianjin/Documents/高考英语/1990-2007·高考英语真题·word/福建/2004年福建高考英语真题及答案.doc,1990-2007·高考英语真题·word/福建/2004年福建高考英语真题及答案.doc,retain,,not a conservative cleanup candidate,no
/Users/shidianjin/Documents/高考英语/1990-2007·高考英语真题·word/福建/2005年福建高考英语真题及答案.doc,1990-2007·高考英语真题·word/福建/2005年福建高考英语真题及答案.doc,retain,,not a conservative cleanup candidate,no
/Users/shidianjin/Documents/高考英语/1990-2007·高考英语真题·word/福建/2006年福建高考英语真题及答案.doc,1990-2007·高考英语真题·word/福建/2006年福建高考英语真题及答案.doc,retain,,not a conservative cleanup candidate,no
/Users/shidianjin/Documents/高考英语/1990-2007·高考英语真题·word/福建/2007年福建高考英语真题及答案.doc,1990-2007·高考英语真题·word/福建/2007年福建高考英语真题及答案.doc,retain,,not a conservative cleanup candidate,no
/Users/shidianjin/Documents/高考英语/1990-2007·高考英语真题·word/贵州/1990年贵州高考英语真题及答案.doc,1990-2007·高考英语真题·word/贵州/1990年贵州高考英语真题及答案.doc,retain,,not a conservative cleanup candidate,no
/Users/shidianjin/Documents/高考英语/1990-2007·高考英语真题·word/贵州/1991年贵州高考英语真题及答案.doc,1990-2007·高考英语真题·word/贵州/1991年贵州高考英语真题及答案.doc,retain,,not a conservative cleanup candidate,no
/Users/shidianjin/Documents/高考英语/1990-2007·高考英语真题·word/贵州/1992年贵州高考英语真题及答案.doc,1990-2007·高考英语真题·word/贵州/1992年贵州高考英语真题及答案.doc,retain,,not a conservative cleanup candidate,no
/Users/shidianjin/Documents/高考英语/1990-2007·高考英语真题·word/贵州/1993年贵州高考英语真题及答案.doc,1990-2007·高考英语真题·word/贵州/1993年贵州高考英语真题及答案.doc,retain,,not a conservative cleanup candidate,no
/Users/shidianjin/Documents/高考英语/1990-2007·高考英语真题·word/贵州/1994年贵州高考英语真题及答案.doc,1990-2007·高考英语真题·word/贵州/1994年贵州高考英语真题及答案.doc,retain,,not a conservative cleanup candidate,no
/Users/shidianjin/Documents/高考英语/1990-2007·高考英语真题·word/贵州/1995年贵州高考英语真题及答案.doc,1990-2007·高考英语真题·word/贵州/1995年贵州高考英语真题及答案.doc,retain,,not a conservative cleanup candidate,no
/Users/shidianjin/Documents/高考英语/1990-2007·高考英语真题·word/贵州/1996年贵州高考英语真题及答案.doc,1990-2007·高考英语真题·word/贵州/1996年贵州高考英语真题及答案.doc,retain,,not a conservative cleanup candidate,no
/Users/shidianjin/Documents/高考英语/1990-2007·高考英语真题·word/贵州/1997年贵州高考英语真题及答案.doc,1990-2007·高考英语真题·word/贵州/1997年贵州高考英语真题及答案.doc,retain,,not a conservative cleanup candidate,no
/Users/shidianjin/Documents/高考英语/1990-2007·高考英语真题·word/贵州/1998年贵州高考英语真题及答案.doc,1990-2007·高考英语真题·word/贵州/1998年贵州高考英语真题及答案.doc,retain,,not a conservative cleanup candidate,no
/Users/shidianjin/Documents/高考英语/1990-2007·高考英语真题·word/贵州/1999年贵州高考英语真题及答案.doc,1990-2007·高考英语真题·word/贵州/1999年贵州高考英语真题及答案.doc,retain,,not a conservative cleanup candidate,no
/Users/shidianjin/Documents/高考英语/1990-2007·高考英语真题·word/贵州/2000年贵州高考英语真题及答案.doc,1990-2007·高考英语真题·word/贵州/2000年贵州高考英语真题及答案.doc,retain,,not a conservative cleanup candidate,no
/Users/shidianjin/Documents/高考英语/1990-2007·高考英语真题·word/贵州/2002年贵州高考英语真题及答案.doc,1990-2007·高考英语真题·word/贵州/2002年贵州高考英语真题及答案.doc,retain,,not a conservative cleanup candidate,no
/Users/shidianjin/Documents/高考英语/1990-2007·高考英语真题·word/贵州/2003年贵州高考英语真题及答案.doc,1990-2007·高考英语真题·word/贵州/2003年贵州高考英语真题及答案.doc,retain,,not a conservative cleanup candidate,no
/Users/shidianjin/Documents/高考英语/1990-2007·高考英语真题·word/贵州/2004年贵州高考英语真题及答案.doc,1990-2007·高考英语真题·word/贵州/2004年贵州高考英语真题及答案.doc,retain,,not a conservative cleanup candidate,no
/Users/shidianjin/Documents/高考英语/1990-2007·高考英语真题·word/贵州/2005年贵州高考英语真题及答案.doc,1990-2007·高考英语真题·word/贵州/2005年贵州高考英语真题及答案.doc,retain,,not a conservative cleanup candidate,no
/Users/shidianjin/Documents/高考英语/1990-2007·高考英语真题·word/贵州/2006年贵州高考英语真题及答案.doc,1990-2007·高考英语真题·word/贵州/2006年贵州高考英语真题及答案.doc,retain,,not a conservative cleanup candidate,no
/Users/shidianjin/Documents/高考英语/1990-2007·高考英语真题·word/贵州/2007年贵州高考英语真题及答案.doc,1990-2007·高考英语真题·word/贵州/2007年贵州高考英语真题及答案.doc,retain,,not a conservative cleanup candidate,no
/Users/shidianjin/Documents/高考英语/1990-2007·高考英语真题·word/黑龙江/1990年黑龙江高考英语真题及答案.doc,1990-2007·高考英语真题·word/黑龙江/1990年黑龙江高考英语真题及答案.doc,retain,,not a conservative cleanup candidate,no
/Users/shidianjin/Documents/高考英语/1990-2007·高考英语真题·word/黑龙江/1991年黑龙江高考英语真题及答案.doc,1990-2007·高考英语真题·word/黑龙江/1991年黑龙江高考英语真题及答案.doc,retain,,not a conservative cleanup candidate,no
/Users/shidianjin/Documents/高考英语/1990-2007·高考英语真题·word/黑龙江/1992年黑龙江高考英语真题及答案.doc,1990-2007·高考英语真题·word/黑龙江/1992年黑龙江高考英语真题及答案.doc,retain,,not a conservative cleanup candidate,no
/Users/shidianjin/Documents/高考英语/1990-2007·高考英语真题·word/黑龙江/1993年黑龙江高考英语真题及答案.doc,1990-2007·高考英语真题·word/黑龙江/1993年黑龙江高考英语真题及答案.doc,retain,,not a conservative cleanup candidate,no
/Users/shidianjin/Documents/高考英语/1990-2007·高考英语真题·word/黑龙江/1994年黑龙江高考英语真题及答案.doc,1990-2007·高考英语真题·word/黑龙江/1994年黑龙江高考英语真题及答案.doc,retain,,not a conservative cleanup candidate,no
/Users/shidianjin/Documents/高考英语/1990-2007·高考英语真题·word/黑龙江/1995年黑龙江高考英语真题及答案.doc,1990-2007·高考英语真题·word/黑龙江/1995年黑龙江高考英语真题及答案.doc,retain,,not a conservative cleanup candidate,no
/Users/shidianjin/Documents/高考英语/1990-2007·高考英语真题·word/黑龙江/1996年黑龙江高考英语真题及答案.doc,1990-2007·高考英语真题·word/黑龙江/1996年黑龙江高考英语真题及答案.doc,retain,,not a conservative cleanup candidate,no
/Users/shidianjin/Documents/高考英语/1990-2007·高考英语真题·word/黑龙江/1997年黑龙江高考英语真题及答案.doc,1990-2007·高考英语真题·word/黑龙江/1997年黑龙江高考英语真题及答案.doc,retain,,not a conservative cleanup candidate,no
/Users/shidianjin/Documents/高考英语/1990-2007·高考英语真题·word/黑龙江/1998年黑龙江高考英语真题及答案.doc,1990-2007·高考英语真题·word/黑龙江/1998年黑龙江高考英语真题及答案.doc,retain,,not a conservative cleanup candidate,no
/Users/shidianjin/Documents/高考英语/1990-2007·高考英语真题·word/黑龙江/1999年黑龙江高考英语真题及答案.doc,1990-2007·高考英语真题·word/黑龙江/1999年黑龙江高考英语真题及答案.doc,retain,,not a conservative cleanup candidate,no
/Users/shidianjin/Documents/高考英语/1990-2007·高考英语真题·word/黑龙江/2000年黑龙江高考英语真题及答案.doc,1990-2007·高考英语真题·word/黑龙江/2000年黑龙江高考英语真题及答案.doc,retain,,not a conservative cleanup candidate,no
/Users/shidianjin/Documents/高考英语/1990-2007·高考英语真题·word/黑龙江/2002年黑龙江高考英语真题及答案.doc,1990-2007·高考英语真题·word/黑龙江/2002年黑龙江高考英语真题及答案.doc,retain,,not a conservative cleanup candidate,no
/Users/shidianjin/Documents/高考英语/1990-2007·高考英语真题·word/黑龙江/2004年黑龙江高考英语真题及答案.doc,1990-2007·高考英语真题·word/黑龙江/2004年黑龙江高考英语真题及答案.doc,retain,,not a conservative cleanup candidate,no
/Users/shidianjin/Documents/高考英语/1990-2007·高考英语真题·word/黑龙江/2005年黑龙江高考英语真题及答案.doc,1990-2007·高考英语真题·word/黑龙江/2005年黑龙江高考英语真题及答案.doc,retain,,not a conservative cleanup candidate,no
/Users/shidianjin/Documents/高考英语/1990-2007·高考英语真题·word/黑龙江/2006年黑龙江高考英语真题及答案.doc,1990-2007·高考英语真题·word/黑龙江/2006年黑龙江高考英语真题及答案.doc,retain,,not a conservative cleanup candidate,no
/Users/shidianjin/Documents/高考英语/1990-2007·高考英语真题·word/黑龙江/2007年黑龙江高考英语真题及答案.doc,1990-2007·高考英语真题·word/黑龙江/2007年黑龙江高考英语真题及答案.doc,retain,,not a conservative cleanup candidate,no
/Users/shidianjin/Documents/高考英语/2007年高考真题----英语/2007年普通高等学校招生全国统一考试英语试卷及答案-上海卷.doc,2007年高考真题----英语/2007年普通高等学校招生全国统一考试英语试卷及答案-上海卷.doc,retain,,not a conservative cleanup candidate,no
/Users/shidianjin/Documents/高考英语/2007年高考真题----英语/2007年普通高等学校招生全国统一考试英语试卷及答案-全国1.doc,2007年高考真题----英语/2007年普通高等学校招生全国统一考试英语试卷及答案-全国1.doc,retain,,not a conservative cleanup candidate,no
/Users/shidianjin/Documents/高考英语/2007年高考真题----英语/2007年普通高等学校招生全国统一考试英语试卷及答案-全国2.doc,2007年高考真题----英语/2007年普通高等学校招生全国统一考试英语试卷及答案-全国2.doc,retain,,not a conservative cleanup candidate,no
/Users/shidianjin/Documents/高考英语/2007年高考真题----英语/2007年普通高等学校招生全国统一考试英语试卷及答案-北京卷.doc,2007年高考真题----英语/2007年普通高等学校招生全国统一考试英语试卷及答案-北京卷.doc,retain,,not a conservative cleanup candidate,no
/Users/shidianjin/Documents/高考英语/2007年高考真题----英语/2007年普通高等学校招生全国统一考试英语试卷及答案-四川卷.doc,2007年高考真题----英语/2007年普通高等学校招生全国统一考试英语试卷及答案-四川卷.doc,retain,,not a conservative cleanup candidate,no
/Users/shidianjin/Documents/高考英语/2007年高考真题----英语/2007年普通高等学校招生全国统一考试英语试卷及答案-天津卷.doc,2007年高考真题----英语/2007年普通高等学校招生全国统一考试英语试卷及答案-天津卷.doc,retain,,not a conservative cleanup candidate,no
/Users/shidianjin/Documents/高考英语/2007年高考真题----英语/2007年普通高等学校招生全国统一考试英语试卷及答案-山东卷.doc,2007年高考真题----英语/2007年普通高等学校招生全国统一考试英语试卷及答案-山东卷.doc,retain,,not a conservative cleanup candidate,no
/Users/shidianjin/Documents/高考英语/2007年高考真题----英语/2007年普通高等学校招生全国统一考试英语试卷及答案-广东卷.doc,2007年高考真题----英语/2007年普通高等学校招生全国统一考试英语试卷及答案-广东卷.doc,retain,,not a conservative cleanup candidate,no
/Users/shidianjin/Documents/高考英语/2007年高考真题----英语/2007年普通高等学校招生全国统一考试英语试卷及答案-江苏卷.doc,2007年高考真题----英语/2007年普通高等学校招生全国统一考试英语试卷及答案-江苏卷.doc,retain,,not a conservative cleanup candidate,no
/Users/shidianjin/Documents/高考英语/2007年高考真题----英语/2007年普通高等学校招生全国统一考试英语试卷及答案-江西卷.doc,2007年高考真题----英语/2007年普通高等学校招生全国统一考试英语试卷及答案-江西卷.doc,retain,,not a conservative cleanup candidate,no
/Users/shidianjin/Documents/高考英语/2007年高考真题----英语/2007年普通高等学校招生全国统一考试英语试卷及答案-湖北卷.doc,2007年高考真题----英语/2007年普通高等学校招生全国统一考试英语试卷及答案-湖北卷.doc,retain,,not a conservative cleanup candidate,no
/Users/shidianjin/Documents/高考英语/2007年高考真题----英语/2007年普通高等学校招生全国统一考试英语试卷及答案-湖南卷.doc,2007年高考真题----英语/2007年普通高等学校招生全国统一考试英语试卷及答案-湖南卷.doc,retain,,not a conservative cleanup candidate,no
/Users/shidianjin/Documents/高考英语/2007年高考真题----英语/2007年普通高等学校招生全国统一考试英语试卷及答案-福建卷.doc,2007年高考真题----英语/2007年普通高等学校招生全国统一考试英语试卷及答案-福建卷.doc,retain,,not a conservative cleanup candidate,no
/Users/shidianjin/Documents/高考英语/2007年高考真题----英语/2007年普通高等学校招生全国统一考试英语试卷及答案-辽宁卷.doc,2007年高考真题----英语/2007年普通高等学校招生全国统一考试英语试卷及答案-辽宁卷.doc,retain,,not a conservative cleanup candidate,no
/Users/shidianjin/Documents/高考英语/2007年高考真题----英语/2007年普通高等学校招生全国统一考试英语试卷及答案-重庆卷.doc,2007年高考真题----英语/2007年普通高等学校招生全国统一考试英语试卷及答案-重庆卷.doc,retain,,not a conservative cleanup candidate,no
/Users/shidianjin/Documents/高考英语/2007年高考真题----英语/2007年普通高等学校招生全国统一考试英语试卷及答案-陕西卷.doc,2007年高考真题----英语/2007年普通高等学校招生全国统一考试英语试卷及答案-陕西卷.doc,retain,,not a conservative cleanup candidate,no
/Users/shidianjin/Documents/高考英语/2007年高考真题----英语/2007年普通高等学校招生全国统一考试英语试题及答案-安徽卷.doc,2007年高考真题----英语/2007年普通高等学校招生全国统一考试英语试题及答案-安徽卷.doc,retain,,not a conservative cleanup candidate,no
/Users/shidianjin/Documents/高考英语/2007年高考真题----英语/2007年普通高等学校招生全国统一考试英语试题及答案-浙江卷.doc,2007年高考真题----英语/2007年普通高等学校招生全国统一考试英语试题及答案-浙江卷.doc,retain,,not a conservative cleanup candidate,no
/Users/shidianjin/Documents/高考英语/2008·高考英语真题/2008年高考英语试卷（上海）（秋考）听力音频.mp3,2008·高考英语真题/2008年高考英语试卷（上海）（秋考）听力音频.mp3,retain,,not a conservative cleanup candidate,no
/Users/shidianjin/Documents/高考英语/2008·高考英语真题/2008年高考英语试卷（上海）（秋考）（空白卷）.doc,2008·高考英语真题/2008年高考英语试卷（上海）（秋考）（空白卷）.doc,retain,,not a conservative cleanup candidate,no
/Users/shidianjin/Documents/高考英语/2008·高考英语真题/2008年高考英语试卷（上海）（秋考）（解析卷）.doc,2008·高考英语真题/2008年高考英语试卷（上海）（秋考）（解析卷）.doc,retain,,not a conservative cleanup candidate,no
/Users/shidianjin/Documents/高考英语/2008·高考英语真题/2008年高考英语试卷（全国Ⅰ卷）（空白卷）.doc,2008·高考英语真题/2008年高考英语试卷（全国Ⅰ卷）（空白卷）.doc,retain,,not a conservative cleanup candidate,no
/Users/shidianjin/Documents/高考英语/2008·高考英语真题/2008年高考英语试卷（全国Ⅰ卷）（解析卷）.doc,2008·高考英语真题/2008年高考英语试卷（全国Ⅰ卷）（解析卷）.doc,retain,,not a conservative cleanup candidate,no
/Users/shidianjin/Documents/高考英语/2008·高考英语真题/2008年高考英语试卷（全国Ⅱ卷）（空白卷）.doc,2008·高考英语真题/2008年高考英语试卷（全国Ⅱ卷）（空白卷）.doc,retain,,not a conservative cleanup candidate,no
/Users/shidianjin/Documents/高考英语/2008·高考英语真题/2008年高考英语试卷（全国Ⅱ卷）（解析卷）.doc,2008·高考英语真题/2008年高考英语试卷（全国Ⅱ卷）（解析卷）.doc,retain,,not a conservative cleanup candidate,no
/Users/shidianjin/Documents/高考英语/2008·高考英语真题/2008年高考英语试卷（北京）听力音频.mp3,2008·高考英语真题/2008年高考英语试卷（北京）听力音频.mp3,retain,,not a conservative cleanup candidate,no
/Users/shidianjin/Documents/高考英语/2008·高考英语真题/2008年高考英语试卷（北京）（空白卷）.doc,2008·高考英语真题/2008年高考英语试卷（北京）（空白卷）.doc,retain,,not a conservative cleanup candidate,no
/Users/shidianjin/Documents/高考英语/2008·高考英语真题/2008年高考英语试卷（北京）（解析卷）.doc,2008·高考英语真题/2008年高考英语试卷（北京）（解析卷）.doc,retain,,not a conservative cleanup candidate,no
/Users/shidianjin/Documents/高考英语/2008·高考英语真题/2008年高考英语试卷（四川）（空白卷）.doc,2008·高考英语真题/2008年高考英语试卷（四川）（空白卷）.doc,retain,,not a conservative cleanup candidate,no
/Users/shidianjin/Documents/高考英语/2008·高考英语真题/2008年高考英语试卷（四川）（解析卷）.doc,2008·高考英语真题/2008年高考英语试卷（四川）（解析卷）.doc,retain,,not a conservative cleanup candidate,no
/Users/shidianjin/Documents/高考英语/2008·高考英语真题/2008年高考英语试卷（天津卷）听力音频.mp3,2008·高考英语真题/2008年高考英语试卷（天津卷）听力音频.mp3,retain,,not a conservative cleanup candidate,no
/Users/shidianjin/Documents/高考英语/2008·高考英语真题/2008年高考英语试卷（天津）（空白卷）.doc,2008·高考英语真题/2008年高考英语试卷（天津）（空白卷）.doc,retain,,not a conservative cleanup candidate,no
/Users/shidianjin/Documents/高考英语/2008·高考英语真题/2008年高考英语试卷（天津）（解析卷）.doc,2008·高考英语真题/2008年高考英语试卷（天津）（解析卷）.doc,retain,,not a conservative cleanup candidate,no
/Users/shidianjin/Documents/高考英语/2008·高考英语真题/2008年高考英语试卷（宁夏、海南）听力音频.mp3,2008·高考英语真题/2008年高考英语试卷（宁夏、海南）听力音频.mp3,retain,,not a conservative cleanup candidate,no
/Users/shidianjin/Documents/高考英语/2008·高考英语真题/2008年高考英语试卷（宁夏、海南）（空白卷）.doc,2008·高考英语真题/2008年高考英语试卷（宁夏、海南）（空白卷）.doc,retain,,not a conservative cleanup candidate,no
/Users/shidianjin/Documents/高考英语/2008·高考英语真题/2008年高考英语试卷（宁夏、海南）（解析卷）.doc,2008·高考英语真题/2008年高考英语试卷（宁夏、海南）（解析卷）.doc,retain,,not a conservative cleanup candidate,no
/Users/shidianjin/Documents/高考英语/2008·高考英语真题/2008年高考英语试卷（山东）听力音频.mp3,2008·高考英语真题/2008年高考英语试卷（山东）听力音频.mp3,retain,,not a conservative cleanup candidate,no
/Users/shidianjin/Documents/高考英语/2008·高考英语真题/2008年高考英语试卷（山东）（空白卷）.doc,2008·高考英语真题/2008年高考英语试卷（山东）（空白卷）.doc,retain,,not a conservative cleanup candidate,no
/Users/shidianjin/Documents/高考英语/2008·高考英语真题/2008年高考英语试卷（山东）（解析卷）.doc,2008·高考英语真题/2008年高考英语试卷（山东）（解析卷）.doc,retain,,not a conservative cleanup candidate,no
/Users/shidianjin/Documents/高考英语/2008·高考英语真题/2008年高考英语试卷（广东）（空白卷）.doc,2008·高考英语真题/2008年高考英语试卷（广东）（空白卷）.doc,retain,,not a conservative cleanup candidate,no
/Users/shidianjin/Documents/高考英语/2008·高考英语真题/2008年高考英语试卷（广东）（解析卷）.doc,2008·高考英语真题/2008年高考英语试卷（广东）（解析卷）.doc,retain,,not a conservative cleanup candidate,no
/Users/shidianjin/Documents/高考英语/2008·高考英语真题/2008年高考英语试卷（江苏）听力音频.mp3,2008·高考英语真题/2008年高考英语试卷（江苏）听力音频.mp3,retain,,not a conservative cleanup candidate,no
/Users/shidianjin/Documents/高考英语/2008·高考英语真题/2008年高考英语试卷（江苏）（空白卷）.doc,2008·高考英语真题/2008年高考英语试卷（江苏）（空白卷）.doc,retain,,not a conservative cleanup candidate,no
/Users/shidianjin/Documents/高考英语/2008·高考英语真题/2008年高考英语试卷（江苏）（解析卷）.doc,2008·高考英语真题/2008年高考英语试卷（江苏）（解析卷）.doc,retain,,not a conservative cleanup candidate,no
/Users/shidianjin/Documents/高考英语/2008·高考英语真题/2008年高考英语试卷（浙江）（空白卷）.doc,2008·高考英语真题/2008年高考英语试卷（浙江）（空白卷）.doc,retain,,not a conservative cleanup candidate,no
/Users/shidianjin/Documents/高考英语/2008·高考英语真题/2008年高考英语试卷（浙江）（解析卷）.doc,2008·高考英语真题/2008年高考英语试卷（浙江）（解析卷）.doc,retain,,not a conservative cleanup candidate,no
/Users/shidianjin/Documents/高考英语/2008·高考英语真题/2008年高考英语试卷（湖南）（空白卷）.doc,2008·高考英语真题/2008年高考英语试卷（湖南）（空白卷）.doc,retain,,not a conservative cleanup candidate,no
/Users/shidianjin/Documents/高考英语/2008·高考英语真题/2008年高考英语试卷（湖南）（解析卷）.doc,2008·高考英语真题/2008年高考英语试卷（湖南）（解析卷）.doc,retain,,not a conservative cleanup candidate,no
/Users/shidianjin/Documents/高考英语/2008·高考英语真题/2008年高考英语试卷（陕西）（空白卷）.doc,2008·高考英语真题/2008年高考英语试卷（陕西）（空白卷）.doc,retain,,not a conservative cleanup candidate,no
/Users/shidianjin/Documents/高考英语/2008·高考英语真题/2008年高考英语试卷（陕西）（解析卷）.doc,2008·高考英语真题/2008年高考英语试卷（陕西）（解析卷）.doc,retain,,not a conservative cleanup candidate,no
/Users/shidianjin/Documents/高考英语/2008年高考真题----英语/2008年普通高等学校招生全国统一考试英语试卷及答案-全国卷2.doc,2008年高考真题----英语/2008年普通高等学校招生全国统一考试英语试卷及答案-全国卷2.doc,retain,,not a conservative cleanup candidate,no
/Users/shidianjin/Documents/高考英语/2008年高考真题----英语/2008年普通高等学校招生全国统一考试英语试卷及答案-湖北卷.doc,2008年高考真题----英语/2008年普通高等学校招生全国统一考试英语试卷及答案-湖北卷.doc,retain,,not a conservative cleanup candidate,no
/Users/shidianjin/Documents/高考英语/2008年高考真题----英语/2008年普通高等学校招生全国统一考试英语试卷及答案-湖南卷.doc,2008年高考真题----英语/2008年普通高等学校招生全国统一考试英语试卷及答案-湖南卷.doc,retain,,not a conservative cleanup candidate,no
/Users/shidianjin/Documents/高考英语/2008年高考真题----英语/2008年普通高等学校招生全国统一考试英语试卷及答案-福建卷.doc,2008年高考真题----英语/2008年普通高等学校招生全国统一考试英语试卷及答案-福建卷.doc,retain,,not a conservative cleanup candidate,no
/Users/shidianjin/Documents/高考英语/2008年高考真题----英语/2008年普通高等学校招生全国统一考试英语试卷及答案-重庆卷.doc,2008年高考真题----英语/2008年普通高等学校招生全国统一考试英语试卷及答案-重庆卷.doc,retain,,not a conservative cleanup candidate,no
/Users/shidianjin/Documents/高考英语/2008年高考真题----英语/2008年普通高等学校招生全国统一考试英语试题及答案-上海卷.doc,2008年高考真题----英语/2008年普通高等学校招生全国统一考试英语试题及答案-上海卷.doc,retain,,not a conservative cleanup candidate,no
/Users/shidianjin/Documents/高考英语/2008年高考真题----英语/2008年普通高等学校招生全国统一考试英语试题及答案-全国1.doc,2008年高考真题----英语/2008年普通高等学校招生全国统一考试英语试题及答案-全国1.doc,retain,,not a conservative cleanup candidate,no
/Users/shidianjin/Documents/高考英语/2008年高考真题----英语/2008年普通高等学校招生全国统一考试英语试题及答案-北京卷.doc,2008年高考真题----英语/2008年普通高等学校招生全国统一考试英语试题及答案-北京卷.doc,retain,,not a conservative cleanup candidate,no
/Users/shidianjin/Documents/高考英语/2008年高考真题----英语/2008年普通高等学校招生全国统一考试英语试题及答案-四川卷.doc,2008年高考真题----英语/2008年普通高等学校招生全国统一考试英语试题及答案-四川卷.doc,retain,,not a conservative cleanup candidate,no
/Users/shidianjin/Documents/高考英语/2008年高考真题----英语/2008年普通高等学校招生全国统一考试英语试题及答案-四川延考卷.doc,2008年高考真题----英语/2008年普通高等学校招生全国统一考试英语试题及答案-四川延考卷.doc,retain,,not a conservative cleanup candidate,no
/Users/shidianjin/Documents/高考英语/2008年高考真题----英语/2008年普通高等学校招生全国统一考试英语试题及答案-天津卷.doc,2008年高考真题----英语/2008年普通高等学校招生全国统一考试英语试题及答案-天津卷.doc,retain,,not a conservative cleanup candidate,no
/Users/shidianjin/Documents/高考英语/2008年高考真题----英语/2008年普通高等学校招生全国统一考试英语试题及答案-宁夏卷.doc,2008年高考真题----英语/2008年普通高等学校招生全国统一考试英语试题及答案-宁夏卷.doc,retain,,not a conservative cleanup candidate,no
/Users/shidianjin/Documents/高考英语/2008年高考真题----英语/2008年普通高等学校招生全国统一考试英语试题及答案-安徽卷.doc,2008年高考真题----英语/2008年普通高等学校招生全国统一考试英语试题及答案-安徽卷.doc,retain,,not a conservative cleanup candidate,no
/Users/shidianjin/Documents/高考英语/2008年高考真题----英语/2008年普通高等学校招生全国统一考试英语试题及答案-山东卷.doc,2008年高考真题----英语/2008年普通高等学校招生全国统一考试英语试题及答案-山东卷.doc,retain,,not a conservative cleanup candidate,no
/Users/shidianjin/Documents/高考英语/2008年高考真题----英语/2008年普通高等学校招生全国统一考试英语试题及答案-广东卷.doc,2008年高考真题----英语/2008年普通高等学校招生全国统一考试英语试题及答案-广东卷.doc,retain,,not a conservative cleanup candidate,no
/Users/shidianjin/Documents/高考英语/2008年高考真题----英语/2008年普通高等学校招生全国统一考试英语试题及答案-江苏卷.doc,2008年高考真题----英语/2008年普通高等学校招生全国统一考试英语试题及答案-江苏卷.doc,retain,,not a conservative cleanup candidate,no
/Users/shidianjin/Documents/高考英语/2008年高考真题----英语/2008年普通高等学校招生全国统一考试英语试题及答案-江西卷.doc,2008年高考真题----英语/2008年普通高等学校招生全国统一考试英语试题及答案-江西卷.doc,retain,,not a conservative cleanup candidate,no
/Users/shidianjin/Documents/高考英语/2008年高考真题----英语/2008年普通高等学校招生全国统一考试英语试题及答案-浙江卷.doc,2008年高考真题----英语/2008年普通高等学校招生全国统一考试英语试题及答案-浙江卷.doc,retain,,not a conservative cleanup candidate,no
/Users/shidianjin/Documents/高考英语/2008年高考真题----英语/2008年普通高等学校招生全国统一考试英语试题及答案-辽宁卷.doc,2008年高考真题----英语/2008年普通高等学校招生全国统一考试英语试题及答案-辽宁卷.doc,retain,,not a conservative cleanup candidate,no
/Users/shidianjin/Documents/高考英语/2008年高考真题----英语/2008年普通高等学校招生全国统一考试英语试题及答案-陕西卷.doc,2008年高考真题----英语/2008年普通高等学校招生全国统一考试英语试题及答案-陕西卷.doc,retain,,not a conservative cleanup candidate,no
/Users/shidianjin/Documents/高考英语/2009·高考英语真题/2009年高考英语试卷（上海）（秋考）听力音频.mp3,2009·高考英语真题/2009年高考英语试卷（上海）（秋考）听力音频.mp3,retain,,not a conservative cleanup candidate,no
/Users/shidianjin/Documents/高考英语/2009·高考英语真题/2009年高考英语试卷（上海）（秋考）（空白卷）.doc,2009·高考英语真题/2009年高考英语试卷（上海）（秋考）（空白卷）.doc,retain,,not a conservative cleanup candidate,no
/Users/shidianjin/Documents/高考英语/2009·高考英语真题/2009年高考英语试卷（上海）（秋考）（解析卷）.doc,2009·高考英语真题/2009年高考英语试卷（上海）（秋考）（解析卷）.doc,retain,,not a conservative cleanup candidate,no
/Users/shidianjin/Documents/高考英语/2009·高考英语真题/2009年高考英语试卷（全国Ⅰ卷）（空白卷）.doc,2009·高考英语真题/2009年高考英语试卷（全国Ⅰ卷）（空白卷）.doc,retain,,not a conservative cleanup candidate,no
/Users/shidianjin/Documents/高考英语/2009·高考英语真题/2009年高考英语试卷（全国Ⅰ卷）（解析卷）.doc,2009·高考英语真题/2009年高考英语试卷（全国Ⅰ卷）（解析卷）.doc,retain,,not a conservative cleanup candidate,no
/Users/shidianjin/Documents/高考英语/2009·高考英语真题/2009年高考英语试卷（全国Ⅱ卷）（空白卷）.doc,2009·高考英语真题/2009年高考英语试卷（全国Ⅱ卷）（空白卷）.doc,retain,,not a conservative cleanup candidate,no
/Users/shidianjin/Documents/高考英语/2009·高考英语真题/2009年高考英语试卷（全国Ⅱ卷）（解析卷）.doc,2009·高考英语真题/2009年高考英语试卷（全国Ⅱ卷）（解析卷）.doc,retain,,not a conservative cleanup candidate,no
/Users/shidianjin/Documents/高考英语/2009·高考英语真题/2009年高考英语试卷（北京）听力音频.mp3,2009·高考英语真题/2009年高考英语试卷（北京）听力音频.mp3,retain,,not a conservative cleanup candidate,no
/Users/shidianjin/Documents/高考英语/2009·高考英语真题/2009年高考英语试卷（北京）（空白卷）.doc,2009·高考英语真题/2009年高考英语试卷（北京）（空白卷）.doc,retain,,not a conservative cleanup candidate,no
/Users/shidianjin/Documents/高考英语/2009·高考英语真题/2009年高考英语试卷（北京）（解析卷）.doc,2009·高考英语真题/2009年高考英语试卷（北京）（解析卷）.doc,retain,,not a conservative cleanup candidate,no
/Users/shidianjin/Documents/高考英语/2009·高考英语真题/2009年高考英语试卷（四川）（空白卷）.doc,2009·高考英语真题/2009年高考英语试卷（四川）（空白卷）.doc,retain,,not a conservative cleanup candidate,no
/Users/shidianjin/Documents/高考英语/2009·高考英语真题/2009年高考英语试卷（四川）（解析卷）.doc,2009·高考英语真题/2009年高考英语试卷（四川）（解析卷）.doc,retain,,not a conservative cleanup candidate,no
/Users/shidianjin/Documents/高考英语/2009·高考英语真题/2009年高考英语试卷（天津卷）听力音频.mp3,2009·高考英语真题/2009年高考英语试卷（天津卷）听力音频.mp3,retain,,not a conservative cleanup candidate,no
/Users/shidianjin/Documents/高考英语/2009·高考英语真题/2009年高考英语试卷（天津）（空白卷）.doc,2009·高考英语真题/2009年高考英语试卷（天津）（空白卷）.doc,retain,,not a conservative cleanup candidate,no
/Users/shidianjin/Documents/高考英语/2009·高考英语真题/2009年高考英语试卷（天津）（解析卷）.doc,2009·高考英语真题/2009年高考英语试卷（天津）（解析卷）.doc,retain,,not a conservative cleanup candidate,no
/Users/shidianjin/Documents/高考英语/2009·高考英语真题/2009年高考英语试卷（山东）听力音频.mp3,2009·高考英语真题/2009年高考英语试卷（山东）听力音频.mp3,retain,,not a conservative cleanup candidate,no
/Users/shidianjin/Documents/高考英语/2009·高考英语真题/2009年高考英语试卷（山东）（空白卷）.doc,2009·高考英语真题/2009年高考英语试卷（山东）（空白卷）.doc,retain,,not a conservative cleanup candidate,no
/Users/shidianjin/Documents/高考英语/2009·高考英语真题/2009年高考英语试卷（山东）（解析卷）.doc,2009·高考英语真题/2009年高考英语试卷（山东）（解析卷）.doc,retain,,not a conservative cleanup candidate,no
/Users/shidianjin/Documents/高考英语/2009·高考英语真题/2009年高考英语试卷（广东）（空白卷）.doc,2009·高考英语真题/2009年高考英语试卷（广东）（空白卷）.doc,retain,,not a conservative cleanup candidate,no
/Users/shidianjin/Documents/高考英语/2009·高考英语真题/2009年高考英语试卷（广东）（解析卷）.doc,2009·高考英语真题/2009年高考英语试卷（广东）（解析卷）.doc,retain,,not a conservative cleanup candidate,no
/Users/shidianjin/Documents/高考英语/2009·高考英语真题/2009年高考英语试卷（江苏）听力音频.mp3,2009·高考英语真题/2009年高考英语试卷（江苏）听力音频.mp3,retain,,not a conservative cleanup candidate,no
/Users/shidianjin/Documents/高考英语/2009·高考英语真题/2009年高考英语试卷（江苏）（空白卷）.doc,2009·高考英语真题/2009年高考英语试卷（江苏）（空白卷）.doc,retain,,not a conservative cleanup candidate,no
/Users/shidianjin/Documents/高考英语/2009·高考英语真题/2009年高考英语试卷（江苏）（解析卷）.doc,2009·高考英语真题/2009年高考英语试卷（江苏）（解析卷）.doc,retain,,not a conservative cleanup candidate,no
/Users/shidianjin/Documents/高考英语/2009·高考英语真题/2009年高考英语试卷（浙江）（空白卷）.doc,2009·高考英语真题/2009年高考英语试卷（浙江）（空白卷）.doc,retain,,not a conservative cleanup candidate,no
/Users/shidianjin/Documents/高考英语/2009·高考英语真题/2009年高考英语试卷（浙江）（解析卷）.doc,2009·高考英语真题/2009年高考英语试卷（浙江）（解析卷）.doc,retain,,not a conservative cleanup candidate,no
/Users/shidianjin/Documents/高考英语/2009·高考英语真题/2009年高考英语试卷（湖南）听力音频.mp3,2009·高考英语真题/2009年高考英语试卷（湖南）听力音频.mp3,retain,,not a conservative cleanup candidate,no
/Users/shidianjin/Documents/高考英语/2009·高考英语真题/2009年高考英语试卷（湖南）（空白卷）.doc,2009·高考英语真题/2009年高考英语试卷（湖南）（空白卷）.doc,retain,,not a conservative cleanup candidate,no
/Users/shidianjin/Documents/高考英语/2009·高考英语真题/2009年高考英语试卷（湖南）（解析卷）.doc,2009·高考英语真题/2009年高考英语试卷（湖南）（解析卷）.doc,retain,,not a conservative cleanup candidate,no
/Users/shidianjin/Documents/高考英语/2009·高考英语真题/2009年高考英语试卷（陕西）（空白卷）.doc,2009·高考英语真题/2009年高考英语试卷（陕西）（空白卷）.doc,retain,,not a conservative cleanup candidate,no
/Users/shidianjin/Documents/高考英语/2009·高考英语真题/2009年高考英语试卷（陕西）（解析卷）.doc,2009·高考英语真题/2009年高考英语试卷（陕西）（解析卷）.doc,retain,,not a conservative cleanup candidate,no
/Users/shidianjin/Documents/高考英语/2009年高考真题----英语/2009年全国高考英语试题及答案-上海卷.doc,2009年高考真题----英语/2009年全国高考英语试题及答案-上海卷.doc,retain,,not a conservative cleanup candidate,no
/Users/shidianjin/Documents/高考英语/2009年高考真题----英语/2009年全国高考英语试题及答案-全国1.doc,2009年高考真题----英语/2009年全国高考英语试题及答案-全国1.doc,retain,,not a conservative cleanup candidate,no
/Users/shidianjin/Documents/高考英语/2009年高考真题----英语/2009年全国高考英语试题及答案-全国2.doc,2009年高考真题----英语/2009年全国高考英语试题及答案-全国2.doc,retain,,not a conservative cleanup candidate,no
/Users/shidianjin/Documents/高考英语/2009年高考真题----英语/2009年全国高考英语试题及答案-北京卷.doc,2009年高考真题----英语/2009年全国高考英语试题及答案-北京卷.doc,retain,,not a conservative cleanup candidate,no
/Users/shidianjin/Documents/高考英语/2009年高考真题----英语/2009年全国高考英语试题及答案-四川卷.doc,2009年高考真题----英语/2009年全国高考英语试题及答案-四川卷.doc,retain,,not a conservative cleanup candidate,no
/Users/shidianjin/Documents/高考英语/2009年高考真题----英语/2009年全国高考英语试题及答案-天津卷.doc,2009年高考真题----英语/2009年全国高考英语试题及答案-天津卷.doc,retain,,not a conservative cleanup candidate,no
/Users/shidianjin/Documents/高考英语/2009年高考真题----英语/2009年全国高考英语试题及答案-安徽卷.doc,2009年高考真题----英语/2009年全国高考英语试题及答案-安徽卷.doc,retain,,not a conservative cleanup candidate,no
/Users/shidianjin/Documents/高考英语/2009年高考真题----英语/2009年全国高考英语试题及答案-山东卷.doc,2009年高考真题----英语/2009年全国高考英语试题及答案-山东卷.doc,retain,,not a conservative cleanup candidate,no
/Users/shidianjin/Documents/高考英语/2009年高考真题----英语/2009年全国高考英语试题及答案-广东卷.doc,2009年高考真题----英语/2009年全国高考英语试题及答案-广东卷.doc,retain,,not a conservative cleanup candidate,no
/Users/shidianjin/Documents/高考英语/2009年高考真题----英语/2009年全国高考英语试题及答案-江苏卷.doc,2009年高考真题----英语/2009年全国高考英语试题及答案-江苏卷.doc,retain,,not a conservative cleanup candidate,no
/Users/shidianjin/Documents/高考英语/2009年高考真题----英语/2009年全国高考英语试题及答案-江西卷.doc,2009年高考真题----英语/2009年全国高考英语试题及答案-江西卷.doc,retain,,not a conservative cleanup candidate,no
/Users/shidianjin/Documents/高考英语/2009年高考真题----英语/2009年全国高考英语试题及答案-浙江卷.doc,2009年高考真题----英语/2009年全国高考英语试题及答案-浙江卷.doc,retain,,not a conservative cleanup candidate,no
/Users/shidianjin/Documents/高考英语/2009年高考真题----英语/2009年全国高考英语试题及答案-湖北卷.doc,2009年高考真题----英语/2009年全国高考英语试题及答案-湖北卷.doc,retain,,not a conservative cleanup candidate,no
/Users/shidianjin/Documents/高考英语/2009年高考真题----英语/2009年全国高考英语试题及答案-湖南卷.doc,2009年高考真题----英语/2009年全国高考英语试题及答案-湖南卷.doc,retain,,not a conservative cleanup candidate,no
/Users/shidianjin/Documents/高考英语/2009年高考真题----英语/2009年全国高考英语试题及答案-福建卷.doc,2009年高考真题----英语/2009年全国高考英语试题及答案-福建卷.doc,retain,,not a conservative cleanup candidate,no
/Users/shidianjin/Documents/高考英语/2009年高考真题----英语/2009年全国高考英语试题及答案-辽宁卷.doc,2009年高考真题----英语/2009年全国高考英语试题及答案-辽宁卷.doc,retain,,not a conservative cleanup candidate,no
/Users/shidianjin/Documents/高考英语/2009年高考真题----英语/2009年全国高考英语试题及答案-重庆卷.doc,2009年高考真题----英语/2009年全国高考英语试题及答案-重庆卷.doc,retain,,not a conservative cleanup candidate,no
/Users/shidianjin/Documents/高考英语/2009年高考真题----英语/2009年全国高考英语试题及答案-陕西卷.doc,2009年高考真题----英语/2009年全国高考英语试题及答案-陕西卷.doc,retain,,not a conservative cleanup candidate,no
/Users/shidianjin/Documents/高考英语/2010·高考英语真题/2010年高考英语试卷（上海）（秋考）听力音频.mp3,2010·高考英语真题/2010年高考英语试卷（上海）（秋考）听力音频.mp3,retain,,not a conservative cleanup candidate,no
/Users/shidianjin/Documents/高考英语/2010·高考英语真题/2010年高考英语试卷（上海）（秋考）（空白卷）.doc,2010·高考英语真题/2010年高考英语试卷（上海）（秋考）（空白卷）.doc,retain,,not a conservative cleanup candidate,no
/Users/shidianjin/Documents/高考英语/2010·高考英语真题/2010年高考英语试卷（上海）（秋考）（解析卷）.doc,2010·高考英语真题/2010年高考英语试卷（上海）（秋考）（解析卷）.doc,retain,,not a conservative cleanup candidate,no
/Users/shidianjin/Documents/高考英语/2010·高考英语真题/2010年高考英语试卷（北京）听力音频.mp3,2010·高考英语真题/2010年高考英语试卷（北京）听力音频.mp3,retain,,not a conservative cleanup candidate,no
/Users/shidianjin/Documents/高考英语/2010·高考英语真题/2010年高考英语试卷（北京）（空白卷）.doc,2010·高考英语真题/2010年高考英语试卷（北京）（空白卷）.doc,retain,,not a conservative cleanup candidate,no
/Users/shidianjin/Documents/高考英语/2010·高考英语真题/2010年高考英语试卷（北京）（解析卷）.doc,2010·高考英语真题/2010年高考英语试卷（北京）（解析卷）.doc,retain,,not a conservative cleanup candidate,no
/Users/shidianjin/Documents/高考英语/2010·高考英语真题/2010年高考英语试卷（四川）（空白卷）.doc,2010·高考英语真题/2010年高考英语试卷（四川）（空白卷）.doc,retain,,not a conservative cleanup candidate,no
/Users/shidianjin/Documents/高考英语/2010·高考英语真题/2010年高考英语试卷（四川）（解析卷）.doc,2010·高考英语真题/2010年高考英语试卷（四川）（解析卷）.doc,retain,,not a conservative cleanup candidate,no
/Users/shidianjin/Documents/高考英语/2010·高考英语真题/2010年高考英语试卷（天津）（空白卷）.doc,2010·高考英语真题/2010年高考英语试卷（天津）（空白卷）.doc,retain,,not a conservative cleanup candidate,no
/Users/shidianjin/Documents/高考英语/2010·高考英语真题/2010年高考英语试卷（天津）（解析卷）.doc,2010·高考英语真题/2010年高考英语试卷（天津）（解析卷）.doc,retain,,not a conservative cleanup candidate,no
/Users/shidianjin/Documents/高考英语/2010·高考英语真题/2010年高考英语试卷（山东）听力音频.mp3,2010·高考英语真题/2010年高考英语试卷（山东）听力音频.mp3,retain,,not a conservative cleanup candidate,no
/Users/shidianjin/Documents/高考英语/2010·高考英语真题/2010年高考英语试卷（山东）（空白卷）.doc,2010·高考英语真题/2010年高考英语试卷（山东）（空白卷）.doc,retain,,not a conservative cleanup candidate,no
/Users/shidianjin/Documents/高考英语/2010·高考英语真题/2010年高考英语试卷（山东）（解析卷）.doc,2010·高考英语真题/2010年高考英语试卷（山东）（解析卷）.doc,retain,,not a conservative cleanup candidate,no
/Users/shidianjin/Documents/高考英语/2010·高考英语真题/2010年高考英语试卷（广东）（空白卷）.doc,2010·高考英语真题/2010年高考英语试卷（广东）（空白卷）.doc,retain,,not a conservative cleanup candidate,no
/Users/shidianjin/Documents/高考英语/2010·高考英语真题/2010年高考英语试卷（广东）（解析卷）.doc,2010·高考英语真题/2010年高考英语试卷（广东）（解析卷）.doc,retain,,not a conservative cleanup candidate,no
/Users/shidianjin/Documents/高考英语/2010·高考英语真题/2010年高考英语试卷（新课标Ⅰ卷）（空白卷）.doc,2010·高考英语真题/2010年高考英语试卷（新课标Ⅰ卷）（空白卷）.doc,retain,,not a conservative cleanup candidate,no
/Users/shidianjin/Documents/高考英语/2010·高考英语真题/2010年高考英语试卷（新课标Ⅰ卷）（解析卷）.doc,2010·高考英语真题/2010年高考英语试卷（新课标Ⅰ卷）（解析卷）.doc,retain,,not a conservative cleanup candidate,no
/Users/shidianjin/Documents/高考英语/2010·高考英语真题/2010年高考英语试卷（新课标Ⅱ卷）（空白卷）.doc,2010·高考英语真题/2010年高考英语试卷（新课标Ⅱ卷）（空白卷）.doc,retain,,not a conservative cleanup candidate,no
/Users/shidianjin/Documents/高考英语/2010·高考英语真题/2010年高考英语试卷（新课标Ⅱ卷）（解析卷）.doc,2010·高考英语真题/2010年高考英语试卷（新课标Ⅱ卷）（解析卷）.doc,retain,,not a conservative cleanup candidate,no
/Users/shidianjin/Documents/高考英语/2010·高考英语真题/2010年高考英语试卷（江苏）听力音频.mp3,2010·高考英语真题/2010年高考英语试卷（江苏）听力音频.mp3,retain,,not a conservative cleanup candidate,no
/Users/shidianjin/Documents/高考英语/2010·高考英语真题/2010年高考英语试卷（江苏）（空白卷）.doc,2010·高考英语真题/2010年高考英语试卷（江苏）（空白卷）.doc,retain,,not a conservative cleanup candidate,no
/Users/shidianjin/Documents/高考英语/2010·高考英语真题/2010年高考英语试卷（江苏）（解析卷）.doc,2010·高考英语真题/2010年高考英语试卷（江苏）（解析卷）.doc,retain,,not a conservative cleanup candidate,no
/Users/shidianjin/Documents/高考英语/2010·高考英语真题/2010年高考英语试卷（浙江）（空白卷）.doc,2010·高考英语真题/2010年高考英语试卷（浙江）（空白卷）.doc,retain,,not a conservative cleanup candidate,no
/Users/shidianjin/Documents/高考英语/2010·高考英语真题/2010年高考英语试卷（浙江）（解析卷）.doc,2010·高考英语真题/2010年高考英语试卷（浙江）（解析卷）.doc,retain,,not a conservative cleanup candidate,no
/Users/shidianjin/Documents/高考英语/2010·高考英语真题/2010年高考英语试卷（湖南）听力音频.mp3,2010·高考英语真题/2010年高考英语试卷（湖南）听力音频.mp3,retain,,not a conservative cleanup candidate,no
/Users/shidianjin/Documents/高考英语/2010·高考英语真题/2010年高考英语试卷（湖南）（空白卷）.doc,2010·高考英语真题/2010年高考英语试卷（湖南）（空白卷）.doc,retain,,not a conservative cleanup candidate,no
/Users/shidianjin/Documents/高考英语/2010·高考英语真题/2010年高考英语试卷（湖南）（解析卷）.doc,2010·高考英语真题/2010年高考英语试卷（湖南）（解析卷）.doc,retain,,not a conservative cleanup candidate,no
/Users/shidianjin/Documents/高考英语/2010·高考英语真题/2010年高考英语试卷（陕西）（空白卷）.doc,2010·高考英语真题/2010年高考英语试卷（陕西）（空白卷）.doc,retain,,not a conservative cleanup candidate,no
/Users/shidianjin/Documents/高考英语/2010·高考英语真题/2010年高考英语试卷（陕西）（解析卷）.doc,2010·高考英语真题/2010年高考英语试卷（陕西）（解析卷）.doc,retain,,not a conservative cleanup candidate,no
/Users/shidianjin/Documents/高考英语/2010年高考真题----英语/2010年全国高考英语试题及答案-上海.doc,2010年高考真题----英语/2010年全国高考英语试题及答案-上海.doc,retain,,not a conservative cleanup candidate,no
/Users/shidianjin/Documents/高考英语/2010年高考真题----英语/2010年全国高考英语试题及答案-全国1.doc,2010年高考真题----英语/2010年全国高考英语试题及答案-全国1.doc,retain,,not a conservative cleanup candidate,no
/Users/shidianjin/Documents/高考英语/2010年高考真题----英语/2010年全国高考英语试题及答案-全国2.doc,2010年高考真题----英语/2010年全国高考英语试题及答案-全国2.doc,retain,,not a conservative cleanup candidate,no
/Users/shidianjin/Documents/高考英语/2010年高考真题----英语/2010年全国高考英语试题及答案-北京.doc,2010年高考真题----英语/2010年全国高考英语试题及答案-北京.doc,retain,,not a conservative cleanup candidate,no
/Users/shidianjin/Documents/高考英语/2010年高考真题----英语/2010年全国高考英语试题及答案-四川.doc,2010年高考真题----英语/2010年全国高考英语试题及答案-四川.doc,retain,,not a conservative cleanup candidate,no
/Users/shidianjin/Documents/高考英语/2010年高考真题----英语/2010年全国高考英语试题及答案-天津.doc,2010年高考真题----英语/2010年全国高考英语试题及答案-天津.doc,retain,,not a conservative cleanup candidate,no
/Users/shidianjin/Documents/高考英语/2010年高考真题----英语/2010年全国高考英语试题及答案-安徽.doc,2010年高考真题----英语/2010年全国高考英语试题及答案-安徽.doc,retain,,not a conservative cleanup candidate,no
/Users/shidianjin/Documents/高考英语/2010年高考真题----英语/2010年全国高考英语试题及答案-山东.doc,2010年高考真题----英语/2010年全国高考英语试题及答案-山东.doc,retain,,not a conservative cleanup candidate,no
/Users/shidianjin/Documents/高考英语/2010年高考真题----英语/2010年全国高考英语试题及答案-广东.doc,2010年高考真题----英语/2010年全国高考英语试题及答案-广东.doc,retain,,not a conservative cleanup candidate,no
/Users/shidianjin/Documents/高考英语/2010年高考真题----英语/2010年全国高考英语试题及答案-新课标.doc,2010年高考真题----英语/2010年全国高考英语试题及答案-新课标.doc,retain,,not a conservative cleanup candidate,no
/Users/shidianjin/Documents/高考英语/2010年高考真题----英语/2010年全国高考英语试题及答案-江苏.doc,2010年高考真题----英语/2010年全国高考英语试题及答案-江苏.doc,retain,,not a conservative cleanup candidate,no
/Users/shidianjin/Documents/高考英语/2010年高考真题----英语/2010年全国高考英语试题及答案-江西.doc,2010年高考真题----英语/2010年全国高考英语试题及答案-江西.doc,retain,,not a conservative cleanup candidate,no
/Users/shidianjin/Documents/高考英语/2010年高考真题----英语/2010年全国高考英语试题及答案-浙江.doc,2010年高考真题----英语/2010年全国高考英语试题及答案-浙江.doc,retain,,not a conservative cleanup candidate,no
/Users/shidianjin/Documents/高考英语/2010年高考真题----英语/2010年全国高考英语试题及答案-海南.doc,2010年高考真题----英语/2010年全国高考英语试题及答案-海南.doc,retain,,not a conservative cleanup candidate,no
/Users/shidianjin/Documents/高考英语/2010年高考真题----英语/2010年全国高考英语试题及答案-湖北.doc,2010年高考真题----英语/2010年全国高考英语试题及答案-湖北.doc,retain,,not a conservative cleanup candidate,no
/Users/shidianjin/Documents/高考英语/2010年高考真题----英语/2010年全国高考英语试题及答案-湖南.doc,2010年高考真题----英语/2010年全国高考英语试题及答案-湖南.doc,retain,,not a conservative cleanup candidate,no
/Users/shidianjin/Documents/高考英语/2010年高考真题----英语/2010年全国高考英语试题及答案-福建.doc,2010年高考真题----英语/2010年全国高考英语试题及答案-福建.doc,retain,,not a conservative cleanup candidate,no
/Users/shidianjin/Documents/高考英语/2010年高考真题----英语/2010年全国高考英语试题及答案-辽宁.doc,2010年高考真题----英语/2010年全国高考英语试题及答案-辽宁.doc,retain,,not a conservative cleanup candidate,no
/Users/shidianjin/Documents/高考英语/2010年高考真题----英语/2010年全国高考英语试题及答案-重庆.doc,2010年高考真题----英语/2010年全国高考英语试题及答案-重庆.doc,retain,,not a conservative cleanup candidate,no
/Users/shidianjin/Documents/高考英语/2010年高考真题----英语/2010年全国高考英语试题及答案-陕西.doc,2010年高考真题----英语/2010年全国高考英语试题及答案-陕西.doc,retain,,not a conservative cleanup candidate,no
/Users/shidianjin/Documents/高考英语/2011·高考英语真题/2011年高考英语试卷（上海）（秋考）听力音频.mp3,2011·高考英语真题/2011年高考英语试卷（上海）（秋考）听力音频.mp3,retain,,not a conservative cleanup candidate,no
/Users/shidianjin/Documents/高考英语/2011·高考英语真题/2011年高考英语试卷（上海）（秋考）（空白卷）.doc,2011·高考英语真题/2011年高考英语试卷（上海）（秋考）（空白卷）.doc,retain,,not a conservative cleanup candidate,no
/Users/shidianjin/Documents/高考英语/2011·高考英语真题/2011年高考英语试卷（上海）（秋考）（解析卷）.doc,2011·高考英语真题/2011年高考英语试卷（上海）（秋考）（解析卷）.doc,retain,,not a conservative cleanup candidate,no
/Users/shidianjin/Documents/高考英语/2011·高考英语真题/2011年高考英语试卷（北京）听力音频.mp3,2011·高考英语真题/2011年高考英语试卷（北京）听力音频.mp3,retain,,not a conservative cleanup candidate,no
/Users/shidianjin/Documents/高考英语/2011·高考英语真题/2011年高考英语试卷（北京）（空白卷）.doc,2011·高考英语真题/2011年高考英语试卷（北京）（空白卷）.doc,retain,,not a conservative cleanup candidate,no
/Users/shidianjin/Documents/高考英语/2011·高考英语真题/2011年高考英语试卷（北京）（解析卷）.doc,2011·高考英语真题/2011年高考英语试卷（北京）（解析卷）.doc,retain,,not a conservative cleanup candidate,no
/Users/shidianjin/Documents/高考英语/2011·高考英语真题/2011年高考英语试卷（四川）（空白卷）.doc,2011·高考英语真题/2011年高考英语试卷（四川）（空白卷）.doc,retain,,not a conservative cleanup candidate,no
/Users/shidianjin/Documents/高考英语/2011·高考英语真题/2011年高考英语试卷（四川）（解析卷）.doc,2011·高考英语真题/2011年高考英语试卷（四川）（解析卷）.doc,retain,,not a conservative cleanup candidate,no
/Users/shidianjin/Documents/高考英语/2011·高考英语真题/2011年高考英语试卷（天津）（空白卷）.doc,2011·高考英语真题/2011年高考英语试卷（天津）（空白卷）.doc,retain,,not a conservative cleanup candidate,no
/Users/shidianjin/Documents/高考英语/2011·高考英语真题/2011年高考英语试卷（天津）（解析卷）.doc,2011·高考英语真题/2011年高考英语试卷（天津）（解析卷）.doc,retain,,not a conservative cleanup candidate,no
/Users/shidianjin/Documents/高考英语/2011·高考英语真题/2011年高考英语试卷（山东）听力音频.mp3,2011·高考英语真题/2011年高考英语试卷（山东）听力音频.mp3,retain,,not a conservative cleanup candidate,no
/Users/shidianjin/Documents/高考英语/2011·高考英语真题/2011年高考英语试卷（山东）（空白卷）.doc,2011·高考英语真题/2011年高考英语试卷（山东）（空白卷）.doc,retain,,not a conservative cleanup candidate,no
/Users/shidianjin/Documents/高考英语/2011·高考英语真题/2011年高考英语试卷（山东）（解析卷）.doc,2011·高考英语真题/2011年高考英语试卷（山东）（解析卷）.doc,retain,,not a conservative cleanup candidate,no
/Users/shidianjin/Documents/高考英语/2011·高考英语真题/2011年高考英语试卷（广东）（空白卷）.doc,2011·高考英语真题/2011年高考英语试卷（广东）（空白卷）.doc,retain,,not a conservative cleanup candidate,no
/Users/shidianjin/Documents/高考英语/2011·高考英语真题/2011年高考英语试卷（广东）（解析卷）.doc,2011·高考英语真题/2011年高考英语试卷（广东）（解析卷）.doc,retain,,not a conservative cleanup candidate,no
/Users/shidianjin/Documents/高考英语/2011·高考英语真题/2011年高考英语试卷（新课标）（空白卷）.doc,2011·高考英语真题/2011年高考英语试卷（新课标）（空白卷）.doc,retain,,not a conservative cleanup candidate,no
/Users/shidianjin/Documents/高考英语/2011·高考英语真题/2011年高考英语试卷（新课标）（解析卷）.doc,2011·高考英语真题/2011年高考英语试卷（新课标）（解析卷）.doc,retain,,not a conservative cleanup candidate,no
/Users/shidianjin/Documents/高考英语/2011·高考英语真题/2011年高考英语试卷（江苏）听力音频.mp3,2011·高考英语真题/2011年高考英语试卷（江苏）听力音频.mp3,retain,,not a conservative cleanup candidate,no
/Users/shidianjin/Documents/高考英语/2011·高考英语真题/2011年高考英语试卷（江苏）（空白卷）.doc,2011·高考英语真题/2011年高考英语试卷（江苏）（空白卷）.doc,retain,,not a conservative cleanup candidate,no
/Users/shidianjin/Documents/高考英语/2011·高考英语真题/2011年高考英语试卷（江苏）（解析卷）.doc,2011·高考英语真题/2011年高考英语试卷（江苏）（解析卷）.doc,retain,,not a conservative cleanup candidate,no
/Users/shidianjin/Documents/高考英语/2011·高考英语真题/2011年高考英语试卷（浙江）（空白卷）.doc,2011·高考英语真题/2011年高考英语试卷（浙江）（空白卷）.doc,retain,,not a conservative cleanup candidate,no
/Users/shidianjin/Documents/高考英语/2011·高考英语真题/2011年高考英语试卷（浙江）（解析卷）.doc,2011·高考英语真题/2011年高考英语试卷（浙江）（解析卷）.doc,retain,,not a conservative cleanup candidate,no
/Users/shidianjin/Documents/高考英语/2011·高考英语真题/2011年高考英语试卷（湖南）听力音频.mp3,2011·高考英语真题/2011年高考英语试卷（湖南）听力音频.mp3,retain,,not a conservative cleanup candidate,no
/Users/shidianjin/Documents/高考英语/2011·高考英语真题/2011年高考英语试卷（湖南）（空白卷）.docx,2011·高考英语真题/2011年高考英语试卷（湖南）（空白卷）.docx,retain,,not a conservative cleanup candidate,no
/Users/shidianjin/Documents/高考英语/2011·高考英语真题/2011年高考英语试卷（湖南）（解析卷）.docx,2011·高考英语真题/2011年高考英语试卷（湖南）（解析卷）.docx,retain,,not a conservative cleanup candidate,no
/Users/shidianjin/Documents/高考英语/2011·高考英语真题/2011年高考英语试卷（陕西）（空白卷）.docx,2011·高考英语真题/2011年高考英语试卷（陕西）（空白卷）.docx,retain,,not a conservative cleanup candidate,no
/Users/shidianjin/Documents/高考英语/2011·高考英语真题/2011年高考英语试卷（陕西）（解析卷）.docx,2011·高考英语真题/2011年高考英语试卷（陕西）（解析卷）.docx,retain,,not a conservative cleanup candidate,no
/Users/shidianjin/Documents/高考英语/2011年高考真题----英语/2011年全国高考英语试题及答案-上海.doc,2011年高考真题----英语/2011年全国高考英语试题及答案-上海.doc,retain,,not a conservative cleanup candidate,no
/Users/shidianjin/Documents/高考英语/2011年高考真题----英语/2011年全国高考英语试题及答案-全国.doc,2011年高考真题----英语/2011年全国高考英语试题及答案-全国.doc,retain,,not a conservative cleanup candidate,no
/Users/shidianjin/Documents/高考英语/2011年高考真题----英语/2011年全国高考英语试题及答案-北京.doc,2011年高考真题----英语/2011年全国高考英语试题及答案-北京.doc,retain,,not a conservative cleanup candidate,no
/Users/shidianjin/Documents/高考英语/2011年高考真题----英语/2011年全国高考英语试题及答案-四川.doc,2011年高考真题----英语/2011年全国高考英语试题及答案-四川.doc,retain,,not a conservative cleanup candidate,no
/Users/shidianjin/Documents/高考英语/2011年高考真题----英语/2011年全国高考英语试题及答案-天津.doc,2011年高考真题----英语/2011年全国高考英语试题及答案-天津.doc,retain,,not a conservative cleanup candidate,no
/Users/shidianjin/Documents/高考英语/2011年高考真题----英语/2011年全国高考英语试题及答案-安徽.doc,2011年高考真题----英语/2011年全国高考英语试题及答案-安徽.doc,retain,,not a conservative cleanup candidate,no
/Users/shidianjin/Documents/高考英语/2011年高考真题----英语/2011年全国高考英语试题及答案-山东.doc,2011年高考真题----英语/2011年全国高考英语试题及答案-山东.doc,retain,,not a conservative cleanup candidate,no
/Users/shidianjin/Documents/高考英语/2011年高考真题----英语/2011年全国高考英语试题及答案-广东.doc,2011年高考真题----英语/2011年全国高考英语试题及答案-广东.doc,retain,,not a conservative cleanup candidate,no
/Users/shidianjin/Documents/高考英语/2011年高考真题----英语/2011年全国高考英语试题及答案-新课标.doc,2011年高考真题----英语/2011年全国高考英语试题及答案-新课标.doc,retain,,not a conservative cleanup candidate,no
/Users/shidianjin/Documents/高考英语/2011年高考真题----英语/2011年全国高考英语试题及答案-江苏.doc,2011年高考真题----英语/2011年全国高考英语试题及答案-江苏.doc,retain,,not a conservative cleanup candidate,no
/Users/shidianjin/Documents/高考英语/2011年高考真题----英语/2011年全国高考英语试题及答案-江西.doc,2011年高考真题----英语/2011年全国高考英语试题及答案-江西.doc,retain,,not a conservative cleanup candidate,no
/Users/shidianjin/Documents/高考英语/2011年高考真题----英语/2011年全国高考英语试题及答案-浙江.doc,2011年高考真题----英语/2011年全国高考英语试题及答案-浙江.doc,retain,,not a conservative cleanup candidate,no
/Users/shidianjin/Documents/高考英语/2011年高考真题----英语/2011年全国高考英语试题及答案-湖北.doc,2011年高考真题----英语/2011年全国高考英语试题及答案-湖北.doc,retain,,not a conservative cleanup candidate,no
/Users/shidianjin/Documents/高考英语/2011年高考真题----英语/2011年全国高考英语试题及答案-湖南.doc,2011年高考真题----英语/2011年全国高考英语试题及答案-湖南.doc,retain,,not a conservative cleanup candidate,no
/Users/shidianjin/Documents/高考英语/2011年高考真题----英语/2011年全国高考英语试题及答案-福建.doc,2011年高考真题----英语/2011年全国高考英语试题及答案-福建.doc,retain,,not a conservative cleanup candidate,no
/Users/shidianjin/Documents/高考英语/2011年高考真题----英语/2011年全国高考英语试题及答案-辽宁.doc,2011年高考真题----英语/2011年全国高考英语试题及答案-辽宁.doc,retain,,not a conservative cleanup candidate,no
/Users/shidianjin/Documents/高考英语/2011年高考真题----英语/2011年全国高考英语试题及答案-重庆.doc,2011年高考真题----英语/2011年全国高考英语试题及答案-重庆.doc,retain,,not a conservative cleanup candidate,no
/Users/shidianjin/Documents/高考英语/2011年高考真题----英语/2011年全国高考英语试题及答案-陕西.doc,2011年高考真题----英语/2011年全国高考英语试题及答案-陕西.doc,retain,,not a conservative cleanup candidate,no
/Users/shidianjin/Documents/高考英语/2012·高考英语真题/2012年高考英语听力真题（重庆卷）.mp3,2012·高考英语真题/2012年高考英语听力真题（重庆卷）.mp3,retain,,not a conservative cleanup candidate,no
/Users/shidianjin/Documents/高考英语/2012·高考英语真题/2012年高考英语试卷（上海）（秋考）听力音频.mp3,2012·高考英语真题/2012年高考英语试卷（上海）（秋考）听力音频.mp3,retain,,not a conservative cleanup candidate,no
/Users/shidianjin/Documents/高考英语/2012·高考英语真题/2012年高考英语试卷（上海）（秋考）（空白卷）.doc,2012·高考英语真题/2012年高考英语试卷（上海）（秋考）（空白卷）.doc,retain,,not a conservative cleanup candidate,no
/Users/shidianjin/Documents/高考英语/2012·高考英语真题/2012年高考英语试卷（上海）（秋考）（解析卷）.doc,2012·高考英语真题/2012年高考英语试卷（上海）（秋考）（解析卷）.doc,retain,,not a conservative cleanup candidate,no
/Users/shidianjin/Documents/高考英语/2012·高考英语真题/2012年高考英语试卷（北京）听力音频.mp3,2012·高考英语真题/2012年高考英语试卷（北京）听力音频.mp3,retain,,not a conservative cleanup candidate,no
/Users/shidianjin/Documents/高考英语/2012·高考英语真题/2012年高考英语试卷（北京）（空白卷）.doc,2012·高考英语真题/2012年高考英语试卷（北京）（空白卷）.doc,retain,,not a conservative cleanup candidate,no
/Users/shidianjin/Documents/高考英语/2012·高考英语真题/2012年高考英语试卷（北京）（解析卷）.doc,2012·高考英语真题/2012年高考英语试卷（北京）（解析卷）.doc,retain,,not a conservative cleanup candidate,no
/Users/shidianjin/Documents/高考英语/2012·高考英语真题/2012年高考英语试卷（四川）（空白卷）.doc,2012·高考英语真题/2012年高考英语试卷（四川）（空白卷）.doc,retain,,not a conservative cleanup candidate,no
/Users/shidianjin/Documents/高考英语/2012·高考英语真题/2012年高考英语试卷（四川）（解析卷）.doc,2012·高考英语真题/2012年高考英语试卷（四川）（解析卷）.doc,retain,,not a conservative cleanup candidate,no
/Users/shidianjin/Documents/高考英语/2012·高考英语真题/2012年高考英语试卷（天津）（空白卷）.doc,2012·高考英语真题/2012年高考英语试卷（天津）（空白卷）.doc,retain,,not a conservative cleanup candidate,no
/Users/shidianjin/Documents/高考英语/2012·高考英语真题/2012年高考英语试卷（天津）（解析卷）.doc,2012·高考英语真题/2012年高考英语试卷（天津）（解析卷）.doc,retain,,not a conservative cleanup candidate,no
/Users/shidianjin/Documents/高考英语/2012·高考英语真题/2012年高考英语试卷（安徽）听力音频.mp3,2012·高考英语真题/2012年高考英语试卷（安徽）听力音频.mp3,retain,,not a conservative cleanup candidate,no
/Users/shidianjin/Documents/高考英语/2012·高考英语真题/2012年高考英语试卷（安徽）（空白卷）.doc,2012·高考英语真题/2012年高考英语试卷（安徽）（空白卷）.doc,retain,,not a conservative cleanup candidate,no
/Users/shidianjin/Documents/高考英语/2012·高考英语真题/2012年高考英语试卷（安徽）（解析卷）.doc,2012·高考英语真题/2012年高考英语试卷（安徽）（解析卷）.doc,retain,,not a conservative cleanup candidate,no
/Users/shidianjin/Documents/高考英语/2012·高考英语真题/2012年高考英语试卷（山东）（空白卷）.doc,2012·高考英语真题/2012年高考英语试卷（山东）（空白卷）.doc,retain,,not a conservative cleanup candidate,no
/Users/shidianjin/Documents/高考英语/2012·高考英语真题/2012年高考英语试卷（山东）（解析卷）.doc,2012·高考英语真题/2012年高考英语试卷（山东）（解析卷）.doc,retain,,not a conservative cleanup candidate,no
/Users/shidianjin/Documents/高考英语/2012·高考英语真题/2012年高考英语试卷（广东）（空白卷）.doc,2012·高考英语真题/2012年高考英语试卷（广东）（空白卷）.doc,retain,,not a conservative cleanup candidate,no
/Users/shidianjin/Documents/高考英语/2012·高考英语真题/2012年高考英语试卷（广东）（解析卷）.doc,2012·高考英语真题/2012年高考英语试卷（广东）（解析卷）.doc,retain,,not a conservative cleanup candidate,no
/Users/shidianjin/Documents/高考英语/2012·高考英语真题/2012年高考英语试卷（新课标）（空白卷）.doc,2012·高考英语真题/2012年高考英语试卷（新课标）（空白卷）.doc,retain,,not a conservative cleanup candidate,no
/Users/shidianjin/Documents/高考英语/2012·高考英语真题/2012年高考英语试卷（新课标）（解析卷）.doc,2012·高考英语真题/2012年高考英语试卷（新课标）（解析卷）.doc,retain,,not a conservative cleanup candidate,no
/Users/shidianjin/Documents/高考英语/2012·高考英语真题/2012年高考英语试卷（江苏）听力音频.mp3,2012·高考英语真题/2012年高考英语试卷（江苏）听力音频.mp3,retain,,not a conservative cleanup candidate,no
/Users/shidianjin/Documents/高考英语/2012·高考英语真题/2012年高考英语试卷（江苏）（空白卷）   .doc,2012·高考英语真题/2012年高考英语试卷（江苏）（空白卷）   .doc,retain,,not a conservative cleanup candidate,no
/Users/shidianjin/Documents/高考英语/2012·高考英语真题/2012年高考英语试卷（江苏）（解析卷）   .doc,2012·高考英语真题/2012年高考英语试卷（江苏）（解析卷）   .doc,retain,,not a conservative cleanup candidate,no
/Users/shidianjin/Documents/高考英语/2012·高考英语真题/2012年高考英语试卷（江西）听力音频.mp3,2012·高考英语真题/2012年高考英语试卷（江西）听力音频.mp3,retain,,not a conservative cleanup candidate,no
/Users/shidianjin/Documents/高考英语/2012·高考英语真题/2012年高考英语试卷（江西）（空白卷）.doc,2012·高考英语真题/2012年高考英语试卷（江西）（空白卷）.doc,retain,,not a conservative cleanup candidate,no
/Users/shidianjin/Documents/高考英语/2012·高考英语真题/2012年高考英语试卷（江西）（解析卷）.doc,2012·高考英语真题/2012年高考英语试卷（江西）（解析卷）.doc,retain,,not a conservative cleanup candidate,no
/Users/shidianjin/Documents/高考英语/2012·高考英语真题/2012年高考英语试卷（浙江）（空白卷）.doc,2012·高考英语真题/2012年高考英语试卷（浙江）（空白卷）.doc,retain,,not a conservative cleanup candidate,no
/Users/shidianjin/Documents/高考英语/2012·高考英语真题/2012年高考英语试卷（浙江）（解析卷）.doc,2012·高考英语真题/2012年高考英语试卷（浙江）（解析卷）.doc,retain,,not a conservative cleanup candidate,no
/Users/shidianjin/Documents/高考英语/2012·高考英语真题/2012年高考英语试卷（湖北）听力音频.mp3,2012·高考英语真题/2012年高考英语试卷（湖北）听力音频.mp3,retain,,not a conservative cleanup candidate,no
/Users/shidianjin/Documents/高考英语/2012·高考英语真题/2012年高考英语试卷（湖北）（空白卷）.doc,2012·高考英语真题/2012年高考英语试卷（湖北）（空白卷）.doc,retain,,not a conservative cleanup candidate,no
/Users/shidianjin/Documents/高考英语/2012·高考英语真题/2012年高考英语试卷（湖北）（解析卷）.doc,2012·高考英语真题/2012年高考英语试卷（湖北）（解析卷）.doc,retain,,not a conservative cleanup candidate,no
/Users/shidianjin/Documents/高考英语/2012·高考英语真题/2012年高考英语试卷（湖南）听力音频.mp3,2012·高考英语真题/2012年高考英语试卷（湖南）听力音频.mp3,retain,,not a conservative cleanup candidate,no
/Users/shidianjin/Documents/高考英语/2012·高考英语真题/2012年高考英语试卷（湖南）（空白卷）.doc,2012·高考英语真题/2012年高考英语试卷（湖南）（空白卷）.doc,retain,,not a conservative cleanup candidate,no
/Users/shidianjin/Documents/高考英语/2012·高考英语真题/2012年高考英语试卷（湖南）（解析卷）.doc,2012·高考英语真题/2012年高考英语试卷（湖南）（解析卷）.doc,retain,,not a conservative cleanup candidate,no
/Users/shidianjin/Documents/高考英语/2012·高考英语真题/2012年高考英语试卷（福建）（空白卷）.doc,2012·高考英语真题/2012年高考英语试卷（福建）（空白卷）.doc,retain,,not a conservative cleanup candidate,no
/Users/shidianjin/Documents/高考英语/2012·高考英语真题/2012年高考英语试卷（福建）（解析卷）.doc,2012·高考英语真题/2012年高考英语试卷（福建）（解析卷）.doc,retain,,not a conservative cleanup candidate,no
/Users/shidianjin/Documents/高考英语/2012·高考英语真题/2012年高考英语试卷（辽宁）（空白卷）.doc,2012·高考英语真题/2012年高考英语试卷（辽宁）（空白卷）.doc,retain,,not a conservative cleanup candidate,no
/Users/shidianjin/Documents/高考英语/2012·高考英语真题/2012年高考英语试卷（辽宁）（解析卷）.doc,2012·高考英语真题/2012年高考英语试卷（辽宁）（解析卷）.doc,retain,,not a conservative cleanup candidate,no
/Users/shidianjin/Documents/高考英语/2012·高考英语真题/2012年高考英语试卷（重庆）（空白卷）.doc,2012·高考英语真题/2012年高考英语试卷（重庆）（空白卷）.doc,retain,,not a conservative cleanup candidate,no
/Users/shidianjin/Documents/高考英语/2012·高考英语真题/2012年高考英语试卷（重庆）（解析卷）.doc,2012·高考英语真题/2012年高考英语试卷（重庆）（解析卷）.doc,retain,,not a conservative cleanup candidate,no
/Users/shidianjin/Documents/高考英语/2012·高考英语真题/2012年高考英语试卷（陕西）（空白卷）.docx,2012·高考英语真题/2012年高考英语试卷（陕西）（空白卷）.docx,retain,,not a conservative cleanup candidate,no
/Users/shidianjin/Documents/高考英语/2012·高考英语真题/2012年高考英语试卷（陕西）（解析卷）.docx,2012·高考英语真题/2012年高考英语试卷（陕西）（解析卷）.docx,retain,,not a conservative cleanup candidate,no
/Users/shidianjin/Documents/高考英语/2012年高考真题----英语/2012年上海卷英语听力.mp3,2012年高考真题----英语/2012年上海卷英语听力.mp3,retain,,not a conservative cleanup candidate,no
/Users/shidianjin/Documents/高考英语/2012年高考真题----英语/2012年高考真题——英语听力（安徽卷）.mp3,2012年高考真题----英语/2012年高考真题——英语听力（安徽卷）.mp3,retain,,not a conservative cleanup candidate,no
/Users/shidianjin/Documents/高考英语/2012年高考真题----英语/2012年高考真题——英语语文试题（新课标全国卷）word版含答案.doc,2012年高考真题----英语/2012年高考真题——英语语文试题（新课标全国卷）word版含答案.doc,retain,,not a conservative cleanup candidate,no
/Users/shidianjin/Documents/高考英语/2012年高考真题----英语/2012年高考真题——英语（北京卷）Word版.doc,2012年高考真题----英语/2012年高考真题——英语（北京卷）Word版.doc,retain,,not a conservative cleanup candidate,no
/Users/shidianjin/Documents/高考英语/2012年高考真题----英语/2012年高考真题——英语（四川卷）word版含答案.doc,2012年高考真题----英语/2012年高考真题——英语（四川卷）word版含答案.doc,retain,,not a conservative cleanup candidate,no
/Users/shidianjin/Documents/高考英语/2012年高考真题----英语/2012年高考真题——英语（安徽卷）word 版.doc,2012年高考真题----英语/2012年高考真题——英语（安徽卷）word 版.doc,retain,,not a conservative cleanup candidate,no
/Users/shidianjin/Documents/高考英语/2012年高考真题----英语/2012年高考真题——英语（新课标全国卷）word版含答案.doc,2012年高考真题----英语/2012年高考真题——英语（新课标全国卷）word版含答案.doc,retain,,not a conservative cleanup candidate,no
/Users/shidianjin/Documents/高考英语/2012年高考真题----英语/2012年高考真题——英语（新课标卷）word版（含答案）.doc,2012年高考真题----英语/2012年高考真题——英语（新课标卷）word版（含答案）.doc,retain,,not a conservative cleanup candidate,no
/Users/shidianjin/Documents/高考英语/2012年高考真题----英语/2012年高考真题——英语（新课标卷）（含答案）.doc,2012年高考真题----英语/2012年高考真题——英语（新课标卷）（含答案）.doc,retain,,not a conservative cleanup candidate,no
/Users/shidianjin/Documents/高考英语/2012年高考真题----英语/2012年高考真题——英语（海南卷）word版（含答案）.doc,2012年高考真题----英语/2012年高考真题——英语（海南卷）word版（含答案）.doc,retain,,not a conservative cleanup candidate,no
/Users/shidianjin/Documents/高考英语/2012年高考真题----英语/2012年高考真题——英语（湖北A卷）Word版.doc,2012年高考真题----英语/2012年高考真题——英语（湖北A卷）Word版.doc,retain,,not a conservative cleanup candidate,no
/Users/shidianjin/Documents/高考英语/2012年高考真题----英语/2012年高考真题——英语（湖北卷）word版.doc,2012年高考真题----英语/2012年高考真题——英语（湖北卷）word版.doc,retain,,not a conservative cleanup candidate,no
/Users/shidianjin/Documents/高考英语/2012年高考真题----英语/2012年高考真题——英语（湖北卷）word解析版.doc,2012年高考真题----英语/2012年高考真题——英语（湖北卷）word解析版.doc,retain,,not a conservative cleanup candidate,no
/Users/shidianjin/Documents/高考英语/2012年高考真题----英语/2012年高考真题——英语（湖南卷）word版.doc,2012年高考真题----英语/2012年高考真题——英语（湖南卷）word版.doc,retain,,not a conservative cleanup candidate,no
/Users/shidianjin/Documents/高考英语/2012年高考真题----英语/2012年高考真题——英语（重庆卷）word版.doc,2012年高考真题----英语/2012年高考真题——英语（重庆卷）word版.doc,retain,,not a conservative cleanup candidate,no
/Users/shidianjin/Documents/高考英语/2012年高考真题----英语/2012年高考真题——英语（重庆卷）word版含答案.doc,2012年高考真题----英语/2012年高考真题——英语（重庆卷）word版含答案.doc,retain,,not a conservative cleanup candidate,no
/Users/shidianjin/Documents/高考英语/2013·高考英语真题/2013年高考英语听力真题（重庆卷）.mp3,2013·高考英语真题/2013年高考英语听力真题（重庆卷）.mp3,retain,,not a conservative cleanup candidate,no
/Users/shidianjin/Documents/高考英语/2013·高考英语真题/2013年高考英语试卷（上海）（秋考）听力音频.mp3,2013·高考英语真题/2013年高考英语试卷（上海）（秋考）听力音频.mp3,retain,,not a conservative cleanup candidate,no
/Users/shidianjin/Documents/高考英语/2013·高考英语真题/2013年高考英语试卷（上海）（秋考）（空白卷）.doc,2013·高考英语真题/2013年高考英语试卷（上海）（秋考）（空白卷）.doc,retain,,not a conservative cleanup candidate,no
/Users/shidianjin/Documents/高考英语/2013·高考英语真题/2013年高考英语试卷（上海）（秋考）（解析卷）.doc,2013·高考英语真题/2013年高考英语试卷（上海）（秋考）（解析卷）.doc,retain,,not a conservative cleanup candidate,no
/Users/shidianjin/Documents/高考英语/2013·高考英语真题/2013年高考英语试卷（北京）听力音频.mp3,2013·高考英语真题/2013年高考英语试卷（北京）听力音频.mp3,retain,,not a conservative cleanup candidate,no
/Users/shidianjin/Documents/高考英语/2013·高考英语真题/2013年高考英语试卷（北京）（空白卷）.doc,2013·高考英语真题/2013年高考英语试卷（北京）（空白卷）.doc,retain,,not a conservative cleanup candidate,no
/Users/shidianjin/Documents/高考英语/2013·高考英语真题/2013年高考英语试卷（北京）（解析卷）.doc,2013·高考英语真题/2013年高考英语试卷（北京）（解析卷）.doc,retain,,not a conservative cleanup candidate,no
/Users/shidianjin/Documents/高考英语/2013·高考英语真题/2013年高考英语试卷（四川）（空白卷）.doc,2013·高考英语真题/2013年高考英语试卷（四川）（空白卷）.doc,retain,,not a conservative cleanup candidate,no
/Users/shidianjin/Documents/高考英语/2013·高考英语真题/2013年高考英语试卷（四川）（解析卷）.doc,2013·高考英语真题/2013年高考英语试卷（四川）（解析卷）.doc,retain,,not a conservative cleanup candidate,no
/Users/shidianjin/Documents/高考英语/2013·高考英语真题/2013年高考英语试卷（天津）（空白卷）.doc,2013·高考英语真题/2013年高考英语试卷（天津）（空白卷）.doc,retain,,not a conservative cleanup candidate,no
/Users/shidianjin/Documents/高考英语/2013·高考英语真题/2013年高考英语试卷（天津）（解析卷）.doc,2013·高考英语真题/2013年高考英语试卷（天津）（解析卷）.doc,retain,,not a conservative cleanup candidate,no
/Users/shidianjin/Documents/高考英语/2013·高考英语真题/2013年高考英语试卷（安徽）听力音频.mp3,2013·高考英语真题/2013年高考英语试卷（安徽）听力音频.mp3,retain,,not a conservative cleanup candidate,no
/Users/shidianjin/Documents/高考英语/2013·高考英语真题/2013年高考英语试卷（安徽）（空白卷）.doc,2013·高考英语真题/2013年高考英语试卷（安徽）（空白卷）.doc,retain,,not a conservative cleanup candidate,no
/Users/shidianjin/Documents/高考英语/2013·高考英语真题/2013年高考英语试卷（安徽）（解析卷）.doc,2013·高考英语真题/2013年高考英语试卷（安徽）（解析卷）.doc,retain,,not a conservative cleanup candidate,no
/Users/shidianjin/Documents/高考英语/2013·高考英语真题/2013年高考英语试卷（山东）听力音频.mp3,2013·高考英语真题/2013年高考英语试卷（山东）听力音频.mp3,retain,,not a conservative cleanup candidate,no
/Users/shidianjin/Documents/高考英语/2013·高考英语真题/2013年高考英语试卷（山东）（空白卷）.doc,2013·高考英语真题/2013年高考英语试卷（山东）（空白卷）.doc,retain,,not a conservative cleanup candidate,no
/Users/shidianjin/Documents/高考英语/2013·高考英语真题/2013年高考英语试卷（山东）（解析卷）.doc,2013·高考英语真题/2013年高考英语试卷（山东）（解析卷）.doc,retain,,not a conservative cleanup candidate,no
/Users/shidianjin/Documents/高考英语/2013·高考英语真题/2013年高考英语试卷（广东）（空白卷）.doc,2013·高考英语真题/2013年高考英语试卷（广东）（空白卷）.doc,retain,,not a conservative cleanup candidate,no
/Users/shidianjin/Documents/高考英语/2013·高考英语真题/2013年高考英语试卷（广东）（解析卷）.doc,2013·高考英语真题/2013年高考英语试卷（广东）（解析卷）.doc,retain,,not a conservative cleanup candidate,no
/Users/shidianjin/Documents/高考英语/2013·高考英语真题/2013年高考英语试卷（新课标Ⅰ卷）（空白卷）.doc,2013·高考英语真题/2013年高考英语试卷（新课标Ⅰ卷）（空白卷）.doc,retain,,not a conservative cleanup candidate,no
/Users/shidianjin/Documents/高考英语/2013·高考英语真题/2013年高考英语试卷（新课标Ⅰ卷）（解析卷）.doc,2013·高考英语真题/2013年高考英语试卷（新课标Ⅰ卷）（解析卷）.doc,retain,,not a conservative cleanup candidate,no
/Users/shidianjin/Documents/高考英语/2013·高考英语真题/2013年高考英语试卷（新课标Ⅱ卷）（空白卷）.doc,2013·高考英语真题/2013年高考英语试卷（新课标Ⅱ卷）（空白卷）.doc,retain,,not a conservative cleanup candidate,no
/Users/shidianjin/Documents/高考英语/2013·高考英语真题/2013年高考英语试卷（新课标Ⅱ卷）（解析卷）.doc,2013·高考英语真题/2013年高考英语试卷（新课标Ⅱ卷）（解析卷）.doc,retain,,not a conservative cleanup candidate,no
/Users/shidianjin/Documents/高考英语/2013·高考英语真题/2013年高考英语试卷（江苏）（空白卷）   .doc,2013·高考英语真题/2013年高考英语试卷（江苏）（空白卷）   .doc,retain,,not a conservative cleanup candidate,no
/Users/shidianjin/Documents/高考英语/2013·高考英语真题/2013年高考英语试卷（江苏）（解析卷）   .doc,2013·高考英语真题/2013年高考英语试卷（江苏）（解析卷）   .doc,retain,,not a conservative cleanup candidate,no
/Users/shidianjin/Documents/高考英语/2013·高考英语真题/2013年高考英语试卷（江西）听力音频.mp3,2013·高考英语真题/2013年高考英语试卷（江西）听力音频.mp3,retain,,not a conservative cleanup candidate,no
/Users/shidianjin/Documents/高考英语/2013·高考英语真题/2013年高考英语试卷（江西）（空白卷）.doc,2013·高考英语真题/2013年高考英语试卷（江西）（空白卷）.doc,retain,,not a conservative cleanup candidate,no
/Users/shidianjin/Documents/高考英语/2013·高考英语真题/2013年高考英语试卷（江西）（解析卷）.doc,2013·高考英语真题/2013年高考英语试卷（江西）（解析卷）.doc,retain,,not a conservative cleanup candidate,no
/Users/shidianjin/Documents/高考英语/2013·高考英语真题/2013年高考英语试卷（浙江）（空白卷）.doc,2013·高考英语真题/2013年高考英语试卷（浙江）（空白卷）.doc,retain,,not a conservative cleanup candidate,no
/Users/shidianjin/Documents/高考英语/2013·高考英语真题/2013年高考英语试卷（浙江）（解析卷）.doc,2013·高考英语真题/2013年高考英语试卷（浙江）（解析卷）.doc,retain,,not a conservative cleanup candidate,no
/Users/shidianjin/Documents/高考英语/2013·高考英语真题/2013年高考英语试卷（湖北）听力音频.mp3,2013·高考英语真题/2013年高考英语试卷（湖北）听力音频.mp3,retain,,not a conservative cleanup candidate,no
/Users/shidianjin/Documents/高考英语/2013·高考英语真题/2013年高考英语试卷（湖北）（空白卷）.doc,2013·高考英语真题/2013年高考英语试卷（湖北）（空白卷）.doc,retain,,not a conservative cleanup candidate,no
/Users/shidianjin/Documents/高考英语/2013·高考英语真题/2013年高考英语试卷（湖北）（解析卷）.doc,2013·高考英语真题/2013年高考英语试卷（湖北）（解析卷）.doc,retain,,not a conservative cleanup candidate,no
/Users/shidianjin/Documents/高考英语/2013·高考英语真题/2013年高考英语试卷（湖南）听力音频.mp3,2013·高考英语真题/2013年高考英语试卷（湖南）听力音频.mp3,retain,,not a conservative cleanup candidate,no
/Users/shidianjin/Documents/高考英语/2013·高考英语真题/2013年高考英语试卷（湖南）（空白卷）.doc,2013·高考英语真题/2013年高考英语试卷（湖南）（空白卷）.doc,retain,,not a conservative cleanup candidate,no
/Users/shidianjin/Documents/高考英语/2013·高考英语真题/2013年高考英语试卷（湖南）（解析卷）.doc,2013·高考英语真题/2013年高考英语试卷（湖南）（解析卷）.doc,retain,,not a conservative cleanup candidate,no
/Users/shidianjin/Documents/高考英语/2013·高考英语真题/2013年高考英语试卷（福建）（空白卷）.doc,2013·高考英语真题/2013年高考英语试卷（福建）（空白卷）.doc,retain,,not a conservative cleanup candidate,no
/Users/shidianjin/Documents/高考英语/2013·高考英语真题/2013年高考英语试卷（福建）（解析卷）.doc,2013·高考英语真题/2013年高考英语试卷（福建）（解析卷）.doc,retain,,not a conservative cleanup candidate,no
/Users/shidianjin/Documents/高考英语/2013·高考英语真题/2013年高考英语试卷（辽宁）（空白卷）.doc,2013·高考英语真题/2013年高考英语试卷（辽宁）（空白卷）.doc,retain,,not a conservative cleanup candidate,no
/Users/shidianjin/Documents/高考英语/2013·高考英语真题/2013年高考英语试卷（辽宁）（解析卷）.doc,2013·高考英语真题/2013年高考英语试卷（辽宁）（解析卷）.doc,retain,,not a conservative cleanup candidate,no
/Users/shidianjin/Documents/高考英语/2013·高考英语真题/2013年高考英语试卷（重庆）（空白卷）.doc,2013·高考英语真题/2013年高考英语试卷（重庆）（空白卷）.doc,retain,,not a conservative cleanup candidate,no
/Users/shidianjin/Documents/高考英语/2013·高考英语真题/2013年高考英语试卷（重庆）（解析卷）.doc,2013·高考英语真题/2013年高考英语试卷（重庆）（解析卷）.doc,retain,,not a conservative cleanup candidate,no
/Users/shidianjin/Documents/高考英语/2013·高考英语真题/2013年高考英语试卷（陕西）（空白卷）.docx,2013·高考英语真题/2013年高考英语试卷（陕西）（空白卷）.docx,retain,,not a conservative cleanup candidate,no
/Users/shidianjin/Documents/高考英语/2013·高考英语真题/2013年高考英语试卷（陕西）（解析卷）.docx,2013·高考英语真题/2013年高考英语试卷（陕西）（解析卷）.docx,retain,,not a conservative cleanup candidate,no
/Users/shidianjin/Documents/高考英语/2013年高考真题----英语/2013年全国高考自选模块试题及答案-浙江卷.doc,2013年高考真题----英语/2013年全国高考自选模块试题及答案-浙江卷.doc,retain,,not a conservative cleanup candidate,no
/Users/shidianjin/Documents/高考英语/2013年高考真题----英语/2013年全国高考英语试题及答案-上海卷.doc,2013年高考真题----英语/2013年全国高考英语试题及答案-上海卷.doc,retain,,not a conservative cleanup candidate,no
/Users/shidianjin/Documents/高考英语/2013年高考真题----英语/2013年全国高考英语试题及答案-全国卷.doc,2013年高考真题----英语/2013年全国高考英语试题及答案-全国卷.doc,retain,,not a conservative cleanup candidate,no
/Users/shidianjin/Documents/高考英语/2013年高考真题----英语/2013年全国高考英语试题及答案-北京卷.doc,2013年高考真题----英语/2013年全国高考英语试题及答案-北京卷.doc,retain,,not a conservative cleanup candidate,no
/Users/shidianjin/Documents/高考英语/2013年高考真题----英语/2013年全国高考英语试题及答案-四川卷.doc,2013年高考真题----英语/2013年全国高考英语试题及答案-四川卷.doc,retain,,not a conservative cleanup candidate,no
/Users/shidianjin/Documents/高考英语/2013年高考真题----英语/2013年全国高考英语试题及答案-天津卷.doc,2013年高考真题----英语/2013年全国高考英语试题及答案-天津卷.doc,retain,,not a conservative cleanup candidate,no
/Users/shidianjin/Documents/高考英语/2013年高考真题----英语/2013年全国高考英语试题及答案-安徽卷.doc,2013年高考真题----英语/2013年全国高考英语试题及答案-安徽卷.doc,retain,,not a conservative cleanup candidate,no
/Users/shidianjin/Documents/高考英语/2013年高考真题----英语/2013年全国高考英语试题及答案-山东卷.doc,2013年高考真题----英语/2013年全国高考英语试题及答案-山东卷.doc,retain,,not a conservative cleanup candidate,no
/Users/shidianjin/Documents/高考英语/2013年高考真题----英语/2013年全国高考英语试题及答案-广东卷.doc,2013年高考真题----英语/2013年全国高考英语试题及答案-广东卷.doc,retain,,not a conservative cleanup candidate,no
/Users/shidianjin/Documents/高考英语/2013年高考真题----英语/2013年全国高考英语试题及答案-新课标1.doc,2013年高考真题----英语/2013年全国高考英语试题及答案-新课标1.doc,retain,,not a conservative cleanup candidate,no
/Users/shidianjin/Documents/高考英语/2013年高考真题----英语/2013年全国高考英语试题及答案-新课标2.doc,2013年高考真题----英语/2013年全国高考英语试题及答案-新课标2.doc,retain,,not a conservative cleanup candidate,no
/Users/shidianjin/Documents/高考英语/2013年高考真题----英语/2013年全国高考英语试题及答案-江苏卷.doc,2013年高考真题----英语/2013年全国高考英语试题及答案-江苏卷.doc,retain,,not a conservative cleanup candidate,no
/Users/shidianjin/Documents/高考英语/2013年高考真题----英语/2013年全国高考英语试题及答案-江西卷.doc,2013年高考真题----英语/2013年全国高考英语试题及答案-江西卷.doc,retain,,not a conservative cleanup candidate,no
/Users/shidianjin/Documents/高考英语/2013年高考真题----英语/2013年全国高考英语试题及答案-浙江卷.doc,2013年高考真题----英语/2013年全国高考英语试题及答案-浙江卷.doc,retain,,not a conservative cleanup candidate,no
/Users/shidianjin/Documents/高考英语/2013年高考真题----英语/2013年全国高考英语试题及答案-湖北卷.doc,2013年高考真题----英语/2013年全国高考英语试题及答案-湖北卷.doc,retain,,not a conservative cleanup candidate,no
/Users/shidianjin/Documents/高考英语/2013年高考真题----英语/2013年全国高考英语试题及答案-湖南卷.doc,2013年高考真题----英语/2013年全国高考英语试题及答案-湖南卷.doc,retain,,not a conservative cleanup candidate,no
/Users/shidianjin/Documents/高考英语/2013年高考真题----英语/2013年全国高考英语试题及答案-福建卷.doc,2013年高考真题----英语/2013年全国高考英语试题及答案-福建卷.doc,retain,,not a conservative cleanup candidate,no
/Users/shidianjin/Documents/高考英语/2013年高考真题----英语/2013年全国高考英语试题及答案-辽宁卷.doc,2013年高考真题----英语/2013年全国高考英语试题及答案-辽宁卷.doc,retain,,not a conservative cleanup candidate,no
/Users/shidianjin/Documents/高考英语/2013年高考真题----英语/2013年全国高考英语试题及答案-重庆卷.doc,2013年高考真题----英语/2013年全国高考英语试题及答案-重庆卷.doc,retain,,not a conservative cleanup candidate,no
/Users/shidianjin/Documents/高考英语/2013年高考真题----英语/2013年全国高考英语试题及答案-陕西卷.doc,2013年高考真题----英语/2013年全国高考英语试题及答案-陕西卷.doc,retain,,not a conservative cleanup candidate,no
/Users/shidianjin/Documents/高考英语/2014·高考英语真题/2014年高考英语试卷（上海）（秋考）听力音频.mp3,2014·高考英语真题/2014年高考英语试卷（上海）（秋考）听力音频.mp3,retain,,not a conservative cleanup candidate,no
/Users/shidianjin/Documents/高考英语/2014·高考英语真题/2014年高考英语试卷（上海）（秋考）（空白卷）.doc,2014·高考英语真题/2014年高考英语试卷（上海）（秋考）（空白卷）.doc,retain,,not a conservative cleanup candidate,no
/Users/shidianjin/Documents/高考英语/2014·高考英语真题/2014年高考英语试卷（上海）（秋考）（解析卷）.doc,2014·高考英语真题/2014年高考英语试卷（上海）（秋考）（解析卷）.doc,retain,,not a conservative cleanup candidate,no
/Users/shidianjin/Documents/高考英语/2014·高考英语真题/2014年高考英语试卷（北京）听力音频.mp3,2014·高考英语真题/2014年高考英语试卷（北京）听力音频.mp3,retain,,not a conservative cleanup candidate,no
/Users/shidianjin/Documents/高考英语/2014·高考英语真题/2014年高考英语试卷（北京）（空白卷）.doc,2014·高考英语真题/2014年高考英语试卷（北京）（空白卷）.doc,retain,,not a conservative cleanup candidate,no
/Users/shidianjin/Documents/高考英语/2014·高考英语真题/2014年高考英语试卷（北京）（解析卷）.doc,2014·高考英语真题/2014年高考英语试卷（北京）（解析卷）.doc,retain,,not a conservative cleanup candidate,no
/Users/shidianjin/Documents/高考英语/2014·高考英语真题/2014年高考英语试卷（四川）（空白卷）.doc,2014·高考英语真题/2014年高考英语试卷（四川）（空白卷）.doc,retain,,not a conservative cleanup candidate,no
/Users/shidianjin/Documents/高考英语/2014·高考英语真题/2014年高考英语试卷（四川）（解析卷）.doc,2014·高考英语真题/2014年高考英语试卷（四川）（解析卷）.doc,retain,,not a conservative cleanup candidate,no
/Users/shidianjin/Documents/高考英语/2014·高考英语真题/2014年高考英语试卷（天津）（空白卷）.doc,2014·高考英语真题/2014年高考英语试卷（天津）（空白卷）.doc,retain,,not a conservative cleanup candidate,no
/Users/shidianjin/Documents/高考英语/2014·高考英语真题/2014年高考英语试卷（天津）（解析卷）.doc,2014·高考英语真题/2014年高考英语试卷（天津）（解析卷）.doc,retain,,not a conservative cleanup candidate,no
/Users/shidianjin/Documents/高考英语/2014·高考英语真题/2014年高考英语试卷（安徽）听力音频.mp3,2014·高考英语真题/2014年高考英语试卷（安徽）听力音频.mp3,retain,,not a conservative cleanup candidate,no
/Users/shidianjin/Documents/高考英语/2014·高考英语真题/2014年高考英语试卷（安徽）（空白卷）.doc,2014·高考英语真题/2014年高考英语试卷（安徽）（空白卷）.doc,retain,,not a conservative cleanup candidate,no
/Users/shidianjin/Documents/高考英语/2014·高考英语真题/2014年高考英语试卷（安徽）（解析卷）.doc,2014·高考英语真题/2014年高考英语试卷（安徽）（解析卷）.doc,retain,,not a conservative cleanup candidate,no
/Users/shidianjin/Documents/高考英语/2014·高考英语真题/2014年高考英语试卷（山东）（空白卷）.doc,2014·高考英语真题/2014年高考英语试卷（山东）（空白卷）.doc,retain,,not a conservative cleanup candidate,no
/Users/shidianjin/Documents/高考英语/2014·高考英语真题/2014年高考英语试卷（山东）（解析卷）.doc,2014·高考英语真题/2014年高考英语试卷（山东）（解析卷）.doc,retain,,not a conservative cleanup candidate,no
/Users/shidianjin/Documents/高考英语/2014·高考英语真题/2014年高考英语试卷（广东）（空白卷）.doc,2014·高考英语真题/2014年高考英语试卷（广东）（空白卷）.doc,retain,,not a conservative cleanup candidate,no
/Users/shidianjin/Documents/高考英语/2014·高考英语真题/2014年高考英语试卷（广东）（解析卷）.doc,2014·高考英语真题/2014年高考英语试卷（广东）（解析卷）.doc,retain,,not a conservative cleanup candidate,no
/Users/shidianjin/Documents/高考英语/2014·高考英语真题/2014年高考英语试卷（新课标Ⅰ卷）听力音频.mp3,2014·高考英语真题/2014年高考英语试卷（新课标Ⅰ卷）听力音频.mp3,retain,,not a conservative cleanup candidate,no
/Users/shidianjin/Documents/高考英语/2014·高考英语真题/2014年高考英语试卷（新课标Ⅰ卷）（空白卷）.doc,2014·高考英语真题/2014年高考英语试卷（新课标Ⅰ卷）（空白卷）.doc,retain,,not a conservative cleanup candidate,no
/Users/shidianjin/Documents/高考英语/2014·高考英语真题/2014年高考英语试卷（新课标Ⅰ卷）（解析卷）.doc,2014·高考英语真题/2014年高考英语试卷（新课标Ⅰ卷）（解析卷）.doc,retain,,not a conservative cleanup candidate,no
/Users/shidianjin/Documents/高考英语/2014·高考英语真题/2014年高考英语试卷（新课标Ⅱ卷）（空白卷）.doc,2014·高考英语真题/2014年高考英语试卷（新课标Ⅱ卷）（空白卷）.doc,retain,,not a conservative cleanup candidate,no
/Users/shidianjin/Documents/高考英语/2014·高考英语真题/2014年高考英语试卷（新课标Ⅱ卷）（解析卷）.doc,2014·高考英语真题/2014年高考英语试卷（新课标Ⅱ卷）（解析卷）.doc,retain,,not a conservative cleanup candidate,no
/Users/shidianjin/Documents/高考英语/2014·高考英语真题/2014年高考英语试卷（江苏）听力音频.mp3,2014·高考英语真题/2014年高考英语试卷（江苏）听力音频.mp3,retain,,not a conservative cleanup candidate,no
/Users/shidianjin/Documents/高考英语/2014·高考英语真题/2014年高考英语试卷（江苏）（空白卷）   .doc,2014·高考英语真题/2014年高考英语试卷（江苏）（空白卷）   .doc,retain,,not a conservative cleanup candidate,no
/Users/shidianjin/Documents/高考英语/2014·高考英语真题/2014年高考英语试卷（江苏）（解析卷）   .doc,2014·高考英语真题/2014年高考英语试卷（江苏）（解析卷）   .doc,retain,,not a conservative cleanup candidate,no
/Users/shidianjin/Documents/高考英语/2014·高考英语真题/2014年高考英语试卷（江西）听力音频.mp3,2014·高考英语真题/2014年高考英语试卷（江西）听力音频.mp3,retain,,not a conservative cleanup candidate,no
/Users/shidianjin/Documents/高考英语/2014·高考英语真题/2014年高考英语试卷（江西）（空白卷）.doc,2014·高考英语真题/2014年高考英语试卷（江西）（空白卷）.doc,retain,,not a conservative cleanup candidate,no
/Users/shidianjin/Documents/高考英语/2014·高考英语真题/2014年高考英语试卷（江西）（解析卷）.doc,2014·高考英语真题/2014年高考英语试卷（江西）（解析卷）.doc,retain,,not a conservative cleanup candidate,no
/Users/shidianjin/Documents/高考英语/2014·高考英语真题/2014年高考英语试卷（浙江）（空白卷）.doc,2014·高考英语真题/2014年高考英语试卷（浙江）（空白卷）.doc,retain,,not a conservative cleanup candidate,no
/Users/shidianjin/Documents/高考英语/2014·高考英语真题/2014年高考英语试卷（浙江）（解析卷）.doc,2014·高考英语真题/2014年高考英语试卷（浙江）（解析卷）.doc,retain,,not a conservative cleanup candidate,no
/Users/shidianjin/Documents/高考英语/2014·高考英语真题/2014年高考英语试卷（湖北）听力音频.mp3,2014·高考英语真题/2014年高考英语试卷（湖北）听力音频.mp3,retain,,not a conservative cleanup candidate,no
/Users/shidianjin/Documents/高考英语/2014·高考英语真题/2014年高考英语试卷（湖北）（空白卷）.doc,2014·高考英语真题/2014年高考英语试卷（湖北）（空白卷）.doc,retain,,not a conservative cleanup candidate,no
/Users/shidianjin/Documents/高考英语/2014·高考英语真题/2014年高考英语试卷（湖北）（解析卷）.doc,2014·高考英语真题/2014年高考英语试卷（湖北）（解析卷）.doc,retain,,not a conservative cleanup candidate,no
/Users/shidianjin/Documents/高考英语/2014·高考英语真题/2014年高考英语试卷（湖南）听力音频.mp3,2014·高考英语真题/2014年高考英语试卷（湖南）听力音频.mp3,retain,,not a conservative cleanup candidate,no
/Users/shidianjin/Documents/高考英语/2014·高考英语真题/2014年高考英语试卷（湖南）（空白卷）.doc,2014·高考英语真题/2014年高考英语试卷（湖南）（空白卷）.doc,retain,,not a conservative cleanup candidate,no
/Users/shidianjin/Documents/高考英语/2014·高考英语真题/2014年高考英语试卷（湖南）（解析卷）.doc,2014·高考英语真题/2014年高考英语试卷（湖南）（解析卷）.doc,retain,,not a conservative cleanup candidate,no
/Users/shidianjin/Documents/高考英语/2014·高考英语真题/2014年高考英语试卷（福建）（空白卷）.doc,2014·高考英语真题/2014年高考英语试卷（福建）（空白卷）.doc,retain,,not a conservative cleanup candidate,no
/Users/shidianjin/Documents/高考英语/2014·高考英语真题/2014年高考英语试卷（福建）（解析卷）.doc,2014·高考英语真题/2014年高考英语试卷（福建）（解析卷）.doc,retain,,not a conservative cleanup candidate,no
/Users/shidianjin/Documents/高考英语/2014·高考英语真题/2014年高考英语试卷（辽宁）听力音频.mp3,2014·高考英语真题/2014年高考英语试卷（辽宁）听力音频.mp3,retain,,not a conservative cleanup candidate,no
/Users/shidianjin/Documents/高考英语/2014·高考英语真题/2014年高考英语试卷（辽宁）（空白卷）.doc,2014·高考英语真题/2014年高考英语试卷（辽宁）（空白卷）.doc,retain,,not a conservative cleanup candidate,no
/Users/shidianjin/Documents/高考英语/2014·高考英语真题/2014年高考英语试卷（辽宁）（解析卷）.doc,2014·高考英语真题/2014年高考英语试卷（辽宁）（解析卷）.doc,retain,,not a conservative cleanup candidate,no
/Users/shidianjin/Documents/高考英语/2014·高考英语真题/2014年高考英语试卷（重庆）（空白卷）.doc,2014·高考英语真题/2014年高考英语试卷（重庆）（空白卷）.doc,retain,,not a conservative cleanup candidate,no
/Users/shidianjin/Documents/高考英语/2014·高考英语真题/2014年高考英语试卷（重庆）（解析卷）.doc,2014·高考英语真题/2014年高考英语试卷（重庆）（解析卷）.doc,retain,,not a conservative cleanup candidate,no
/Users/shidianjin/Documents/高考英语/2014·高考英语真题/2014年高考英语试卷（陕西）（空白卷）.docx,2014·高考英语真题/2014年高考英语试卷（陕西）（空白卷）.docx,retain,,not a conservative cleanup candidate,no
/Users/shidianjin/Documents/高考英语/2014·高考英语真题/2014年高考英语试卷（陕西）（解析卷）.docx,2014·高考英语真题/2014年高考英语试卷（陕西）（解析卷）.docx,retain,,not a conservative cleanup candidate,no
/Users/shidianjin/Documents/高考英语/2014年高考真题----英语/2014年全国高考英语试题及答案-上海卷.doc,2014年高考真题----英语/2014年全国高考英语试题及答案-上海卷.doc,retain,,not a conservative cleanup candidate,no
/Users/shidianjin/Documents/高考英语/2014年高考真题----英语/2014年全国高考英语试题及答案-全国卷.doc,2014年高考真题----英语/2014年全国高考英语试题及答案-全国卷.doc,retain,,not a conservative cleanup candidate,no
/Users/shidianjin/Documents/高考英语/2014年高考真题----英语/2014年全国高考英语试题及答案-北京卷.doc,2014年高考真题----英语/2014年全国高考英语试题及答案-北京卷.doc,retain,,not a conservative cleanup candidate,no
/Users/shidianjin/Documents/高考英语/2014年高考真题----英语/2014年全国高考英语试题及答案-四川卷.doc,2014年高考真题----英语/2014年全国高考英语试题及答案-四川卷.doc,retain,,not a conservative cleanup candidate,no
/Users/shidianjin/Documents/高考英语/2014年高考真题----英语/2014年全国高考英语试题及答案-天津卷.doc,2014年高考真题----英语/2014年全国高考英语试题及答案-天津卷.doc,retain,,not a conservative cleanup candidate,no
/Users/shidianjin/Documents/高考英语/2014年高考真题----英语/2014年全国高考英语试题及答案-安徽卷.doc,2014年高考真题----英语/2014年全国高考英语试题及答案-安徽卷.doc,retain,,not a conservative cleanup candidate,no
/Users/shidianjin/Documents/高考英语/2014年高考真题----英语/2014年全国高考英语试题及答案-山东卷.doc,2014年高考真题----英语/2014年全国高考英语试题及答案-山东卷.doc,retain,,not a conservative cleanup candidate,no
/Users/shidianjin/Documents/高考英语/2014年高考真题----英语/2014年全国高考英语试题及答案-广东卷.doc,2014年高考真题----英语/2014年全国高考英语试题及答案-广东卷.doc,retain,,not a conservative cleanup candidate,no
/Users/shidianjin/Documents/高考英语/2014年高考真题----英语/2014年全国高考英语试题及答案-新课标1.doc,2014年高考真题----英语/2014年全国高考英语试题及答案-新课标1.doc,retain,,not a conservative cleanup candidate,no
/Users/shidianjin/Documents/高考英语/2014年高考真题----英语/2014年全国高考英语试题及答案-新课标2.doc,2014年高考真题----英语/2014年全国高考英语试题及答案-新课标2.doc,retain,,not a conservative cleanup candidate,no
/Users/shidianjin/Documents/高考英语/2014年高考真题----英语/2014年全国高考英语试题及答案-江苏卷.doc,2014年高考真题----英语/2014年全国高考英语试题及答案-江苏卷.doc,retain,,not a conservative cleanup candidate,no
/Users/shidianjin/Documents/高考英语/2014年高考真题----英语/2014年全国高考英语试题及答案-江西卷.doc,2014年高考真题----英语/2014年全国高考英语试题及答案-江西卷.doc,retain,,not a conservative cleanup candidate,no
/Users/shidianjin/Documents/高考英语/2014年高考真题----英语/2014年全国高考英语试题及答案-浙江卷.doc,2014年高考真题----英语/2014年全国高考英语试题及答案-浙江卷.doc,retain,,not a conservative cleanup candidate,no
/Users/shidianjin/Documents/高考英语/2014年高考真题----英语/2014年全国高考英语试题及答案-湖北卷.doc,2014年高考真题----英语/2014年全国高考英语试题及答案-湖北卷.doc,retain,,not a conservative cleanup candidate,no
/Users/shidianjin/Documents/高考英语/2014年高考真题----英语/2014年全国高考英语试题及答案-湖南卷.doc,2014年高考真题----英语/2014年全国高考英语试题及答案-湖南卷.doc,retain,,not a conservative cleanup candidate,no
/Users/shidianjin/Documents/高考英语/2014年高考真题----英语/2014年全国高考英语试题及答案-福建卷.doc,2014年高考真题----英语/2014年全国高考英语试题及答案-福建卷.doc,retain,,not a conservative cleanup candidate,no
/Users/shidianjin/Documents/高考英语/2014年高考真题----英语/2014年全国高考英语试题及答案-辽宁卷.doc,2014年高考真题----英语/2014年全国高考英语试题及答案-辽宁卷.doc,retain,,not a conservative cleanup candidate,no
/Users/shidianjin/Documents/高考英语/2014年高考真题----英语/2014年全国高考英语试题及答案-重庆卷.doc,2014年高考真题----英语/2014年全国高考英语试题及答案-重庆卷.doc,retain,,not a conservative cleanup candidate,no
/Users/shidianjin/Documents/高考英语/2014年高考真题----英语/2014年全国高考英语试题及答案-陕西卷.doc,2014年高考真题----英语/2014年全国高考英语试题及答案-陕西卷.doc,retain,,not a conservative cleanup candidate,no
/Users/shidianjin/Documents/高考英语/2015·高考英语真题/2015年高考英语试卷（上海）（秋考）听力音频.mp3,2015·高考英语真题/2015年高考英语试卷（上海）（秋考）听力音频.mp3,retain,,not a conservative cleanup candidate,no
/Users/shidianjin/Documents/高考英语/2015·高考英语真题/2015年高考英语试卷（上海）（秋考）（空白卷）.doc,2015·高考英语真题/2015年高考英语试卷（上海）（秋考）（空白卷）.doc,retain,,not a conservative cleanup candidate,no
/Users/shidianjin/Documents/高考英语/2015·高考英语真题/2015年高考英语试卷（上海）（秋考）（解析卷）.doc,2015·高考英语真题/2015年高考英语试卷（上海）（秋考）（解析卷）.doc,retain,,not a conservative cleanup candidate,no
/Users/shidianjin/Documents/高考英语/2015·高考英语真题/2015年高考英语试卷（北京）听力音频.mp3,2015·高考英语真题/2015年高考英语试卷（北京）听力音频.mp3,retain,,not a conservative cleanup candidate,no
/Users/shidianjin/Documents/高考英语/2015·高考英语真题/2015年高考英语试卷（北京）（空白卷）.doc,2015·高考英语真题/2015年高考英语试卷（北京）（空白卷）.doc,retain,,not a conservative cleanup candidate,no
/Users/shidianjin/Documents/高考英语/2015·高考英语真题/2015年高考英语试卷（北京）（解析卷）.doc,2015·高考英语真题/2015年高考英语试卷（北京）（解析卷）.doc,retain,,not a conservative cleanup candidate,no
/Users/shidianjin/Documents/高考英语/2015·高考英语真题/2015年高考英语试卷（四川）（空白卷）.doc,2015·高考英语真题/2015年高考英语试卷（四川）（空白卷）.doc,retain,,not a conservative cleanup candidate,no
/Users/shidianjin/Documents/高考英语/2015·高考英语真题/2015年高考英语试卷（四川）（解析卷）.doc,2015·高考英语真题/2015年高考英语试卷（四川）（解析卷）.doc,retain,,not a conservative cleanup candidate,no
/Users/shidianjin/Documents/高考英语/2015·高考英语真题/2015年高考英语试卷（天津）（空白卷）.doc,2015·高考英语真题/2015年高考英语试卷（天津）（空白卷）.doc,retain,,not a conservative cleanup candidate,no
/Users/shidianjin/Documents/高考英语/2015·高考英语真题/2015年高考英语试卷（天津）（解析卷）.doc,2015·高考英语真题/2015年高考英语试卷（天津）（解析卷）.doc,retain,,not a conservative cleanup candidate,no
/Users/shidianjin/Documents/高考英语/2015·高考英语真题/2015年高考英语试卷（安徽）听力音频.mp3,2015·高考英语真题/2015年高考英语试卷（安徽）听力音频.mp3,retain,,not a conservative cleanup candidate,no
/Users/shidianjin/Documents/高考英语/2015·高考英语真题/2015年高考英语试卷（安徽）（空白卷）.docx,2015·高考英语真题/2015年高考英语试卷（安徽）（空白卷）.docx,retain,,not a conservative cleanup candidate,no
/Users/shidianjin/Documents/高考英语/2015·高考英语真题/2015年高考英语试卷（安徽）（解析卷）.docx,2015·高考英语真题/2015年高考英语试卷（安徽）（解析卷）.docx,retain,,not a conservative cleanup candidate,no
/Users/shidianjin/Documents/高考英语/2015·高考英语真题/2015年高考英语试卷（广东）（空白卷）.docx,2015·高考英语真题/2015年高考英语试卷（广东）（空白卷）.docx,retain,,not a conservative cleanup candidate,no
/Users/shidianjin/Documents/高考英语/2015·高考英语真题/2015年高考英语试卷（广东）（解析卷）.doc,2015·高考英语真题/2015年高考英语试卷（广东）（解析卷）.doc,retain,,not a conservative cleanup candidate,no
/Users/shidianjin/Documents/高考英语/2015·高考英语真题/2015年高考英语试卷（新课标Ⅰ卷）听力音频.mp3,2015·高考英语真题/2015年高考英语试卷（新课标Ⅰ卷）听力音频.mp3,retain,,not a conservative cleanup candidate,no
/Users/shidianjin/Documents/高考英语/2015·高考英语真题/2015年高考英语试卷（新课标Ⅰ卷）（空白卷）.doc,2015·高考英语真题/2015年高考英语试卷（新课标Ⅰ卷）（空白卷）.doc,retain,,not a conservative cleanup candidate,no
/Users/shidianjin/Documents/高考英语/2015·高考英语真题/2015年高考英语试卷（新课标Ⅰ卷）（解析卷）.doc,2015·高考英语真题/2015年高考英语试卷（新课标Ⅰ卷）（解析卷）.doc,retain,,not a conservative cleanup candidate,no
/Users/shidianjin/Documents/高考英语/2015·高考英语真题/2015年高考英语试卷（新课标Ⅱ卷）（空白卷）.doc,2015·高考英语真题/2015年高考英语试卷（新课标Ⅱ卷）（空白卷）.doc,retain,,not a conservative cleanup candidate,no
/Users/shidianjin/Documents/高考英语/2015·高考英语真题/2015年高考英语试卷（新课标Ⅱ卷）（解析卷）.doc,2015·高考英语真题/2015年高考英语试卷（新课标Ⅱ卷）（解析卷）.doc,retain,,not a conservative cleanup candidate,no
/Users/shidianjin/Documents/高考英语/2015·高考英语真题/2015年高考英语试卷（江苏）听力音频.mp3,2015·高考英语真题/2015年高考英语试卷（江苏）听力音频.mp3,retain,,not a conservative cleanup candidate,no
/Users/shidianjin/Documents/高考英语/2015·高考英语真题/2015年高考英语试卷（江苏）（空白卷）   .doc,2015·高考英语真题/2015年高考英语试卷（江苏）（空白卷）   .doc,retain,,not a conservative cleanup candidate,no
/Users/shidianjin/Documents/高考英语/2015·高考英语真题/2015年高考英语试卷（江苏）（解析卷）   .doc,2015·高考英语真题/2015年高考英语试卷（江苏）（解析卷）   .doc,retain,,not a conservative cleanup candidate,no
/Users/shidianjin/Documents/高考英语/2015·高考英语真题/2015年高考英语试卷（浙江）（空白卷）.doc,2015·高考英语真题/2015年高考英语试卷（浙江）（空白卷）.doc,retain,,not a conservative cleanup candidate,no
/Users/shidianjin/Documents/高考英语/2015·高考英语真题/2015年高考英语试卷（浙江）（解析卷）.doc,2015·高考英语真题/2015年高考英语试卷（浙江）（解析卷）.doc,retain,,not a conservative cleanup candidate,no
/Users/shidianjin/Documents/高考英语/2015·高考英语真题/2015年高考英语试卷（湖北）听力音频.mp3,2015·高考英语真题/2015年高考英语试卷（湖北）听力音频.mp3,retain,,not a conservative cleanup candidate,no
/Users/shidianjin/Documents/高考英语/2015·高考英语真题/2015年高考英语试卷（湖北）（空白卷）.docx,2015·高考英语真题/2015年高考英语试卷（湖北）（空白卷）.docx,retain,,not a conservative cleanup candidate,no
/Users/shidianjin/Documents/高考英语/2015·高考英语真题/2015年高考英语试卷（湖北）（解析卷）.docx,2015·高考英语真题/2015年高考英语试卷（湖北）（解析卷）.docx,retain,,not a conservative cleanup candidate,no
/Users/shidianjin/Documents/高考英语/2015·高考英语真题/2015年高考英语试卷（湖南）听力音频.mp3,2015·高考英语真题/2015年高考英语试卷（湖南）听力音频.mp3,retain,,not a conservative cleanup candidate,no
/Users/shidianjin/Documents/高考英语/2015·高考英语真题/2015年高考英语试卷（湖南）（空白卷）.doc,2015·高考英语真题/2015年高考英语试卷（湖南）（空白卷）.doc,retain,,not a conservative cleanup candidate,no
/Users/shidianjin/Documents/高考英语/2015·高考英语真题/2015年高考英语试卷（湖南）（解析卷）.doc,2015·高考英语真题/2015年高考英语试卷（湖南）（解析卷）.doc,retain,,not a conservative cleanup candidate,no
/Users/shidianjin/Documents/高考英语/2015·高考英语真题/2015年高考英语试卷（福建）（空白卷）.doc,2015·高考英语真题/2015年高考英语试卷（福建）（空白卷）.doc,retain,,not a conservative cleanup candidate,no
/Users/shidianjin/Documents/高考英语/2015·高考英语真题/2015年高考英语试卷（福建）（解析卷）.doc,2015·高考英语真题/2015年高考英语试卷（福建）（解析卷）.doc,retain,,not a conservative cleanup candidate,no
/Users/shidianjin/Documents/高考英语/2015·高考英语真题/2015年高考英语试卷（重庆）（空白卷）.docx,2015·高考英语真题/2015年高考英语试卷（重庆）（空白卷）.docx,retain,,not a conservative cleanup candidate,no
/Users/shidianjin/Documents/高考英语/2015·高考英语真题/2015年高考英语试卷（重庆）（解析卷）.docx,2015·高考英语真题/2015年高考英语试卷（重庆）（解析卷）.docx,retain,,not a conservative cleanup candidate,no
/Users/shidianjin/Documents/高考英语/2015·高考英语真题/2015年高考英语试卷（陕西）（空白卷）.doc,2015·高考英语真题/2015年高考英语试卷（陕西）（空白卷）.doc,retain,,not a conservative cleanup candidate,no
/Users/shidianjin/Documents/高考英语/2015·高考英语真题/2015年高考英语试卷（陕西）（解析卷）.doc,2015·高考英语真题/2015年高考英语试卷（陕西）（解析卷）.doc,retain,,not a conservative cleanup candidate,no
/Users/shidianjin/Documents/高考英语/2015年高考真题----英语/2015年全国高考英语试题及答案-上海卷.doc,2015年高考真题----英语/2015年全国高考英语试题及答案-上海卷.doc,retain,,not a conservative cleanup candidate,no
/Users/shidianjin/Documents/高考英语/2015年高考真题----英语/2015年全国高考英语试题及答案-北京卷.doc,2015年高考真题----英语/2015年全国高考英语试题及答案-北京卷.doc,retain,,not a conservative cleanup candidate,no
/Users/shidianjin/Documents/高考英语/2015年高考真题----英语/2015年全国高考英语试题及答案-四川卷.doc,2015年高考真题----英语/2015年全国高考英语试题及答案-四川卷.doc,retain,,not a conservative cleanup candidate,no
/Users/shidianjin/Documents/高考英语/2015年高考真题----英语/2015年全国高考英语试题及答案-天津卷.doc,2015年高考真题----英语/2015年全国高考英语试题及答案-天津卷.doc,retain,,not a conservative cleanup candidate,no
/Users/shidianjin/Documents/高考英语/2015年高考真题----英语/2015年全国高考英语试题及答案-安徽卷.doc,2015年高考真题----英语/2015年全国高考英语试题及答案-安徽卷.doc,retain,,not a conservative cleanup candidate,no
/Users/shidianjin/Documents/高考英语/2015年高考真题----英语/2015年全国高考英语试题及答案-广东卷.doc,2015年高考真题----英语/2015年全国高考英语试题及答案-广东卷.doc,retain,,not a conservative cleanup candidate,no
/Users/shidianjin/Documents/高考英语/2015年高考真题----英语/2015年全国高考英语试题及答案-新课标1.doc,2015年高考真题----英语/2015年全国高考英语试题及答案-新课标1.doc,retain,,not a conservative cleanup candidate,no
/Users/shidianjin/Documents/高考英语/2015年高考真题----英语/2015年全国高考英语试题及答案-新课标2.doc,2015年高考真题----英语/2015年全国高考英语试题及答案-新课标2.doc,retain,,not a conservative cleanup candidate,no
/Users/shidianjin/Documents/高考英语/2015年高考真题----英语/2015年全国高考英语试题及答案-江苏卷.doc,2015年高考真题----英语/2015年全国高考英语试题及答案-江苏卷.doc,retain,,not a conservative cleanup candidate,no
/Users/shidianjin/Documents/高考英语/2015年高考真题----英语/2015年全国高考英语试题及答案-浙江卷.doc,2015年高考真题----英语/2015年全国高考英语试题及答案-浙江卷.doc,retain,,not a conservative cleanup candidate,no
/Users/shidianjin/Documents/高考英语/2015年高考真题----英语/2015年全国高考英语试题及答案-湖北卷.doc,2015年高考真题----英语/2015年全国高考英语试题及答案-湖北卷.doc,retain,,not a conservative cleanup candidate,no
/Users/shidianjin/Documents/高考英语/2015年高考真题----英语/2015年全国高考英语试题及答案-湖南卷.doc,2015年高考真题----英语/2015年全国高考英语试题及答案-湖南卷.doc,retain,,not a conservative cleanup candidate,no
/Users/shidianjin/Documents/高考英语/2015年高考真题----英语/2015年全国高考英语试题及答案-福建卷.doc,2015年高考真题----英语/2015年全国高考英语试题及答案-福建卷.doc,retain,,not a conservative cleanup candidate,no
/Users/shidianjin/Documents/高考英语/2015年高考真题----英语/2015年全国高考英语试题及答案-重庆卷.doc,2015年高考真题----英语/2015年全国高考英语试题及答案-重庆卷.doc,retain,,not a conservative cleanup candidate,no
/Users/shidianjin/Documents/高考英语/2015年高考真题----英语/2015年全国高考英语试题及答案-陕西卷.doc,2015年高考真题----英语/2015年全国高考英语试题及答案-陕西卷.doc,retain,,not a conservative cleanup candidate,no
/Users/shidianjin/Documents/高考英语/2016·高考英语真题/2016年高考英语试卷（上海）（秋考）听力音频.mp3,2016·高考英语真题/2016年高考英语试卷（上海）（秋考）听力音频.mp3,retain,,not a conservative cleanup candidate,no
/Users/shidianjin/Documents/高考英语/2016·高考英语真题/2016年高考英语试卷（上海）（秋考）（空白卷）.doc,2016·高考英语真题/2016年高考英语试卷（上海）（秋考）（空白卷）.doc,retain,,not a conservative cleanup candidate,no
/Users/shidianjin/Documents/高考英语/2016·高考英语真题/2016年高考英语试卷（上海）（秋考）（解析卷）.doc,2016·高考英语真题/2016年高考英语试卷（上海）（秋考）（解析卷）.doc,retain,,not a conservative cleanup candidate,no
/Users/shidianjin/Documents/高考英语/2016·高考英语真题/2016年高考英语试卷（北京）听力音频.mp3,2016·高考英语真题/2016年高考英语试卷（北京）听力音频.mp3,retain,,not a conservative cleanup candidate,no
/Users/shidianjin/Documents/高考英语/2016·高考英语真题/2016年高考英语试卷（北京）（空白卷）.doc,2016·高考英语真题/2016年高考英语试卷（北京）（空白卷）.doc,retain,,not a conservative cleanup candidate,no
/Users/shidianjin/Documents/高考英语/2016·高考英语真题/2016年高考英语试卷（北京）（解析卷）.doc,2016·高考英语真题/2016年高考英语试卷（北京）（解析卷）.doc,retain,,not a conservative cleanup candidate,no
/Users/shidianjin/Documents/高考英语/2016·高考英语真题/2016年高考英语试卷（四川）听力音频.mp3,2016·高考英语真题/2016年高考英语试卷（四川）听力音频.mp3,retain,,not a conservative cleanup candidate,no
/Users/shidianjin/Documents/高考英语/2016·高考英语真题/2016年高考英语试卷（四川）（空白卷）.docx,2016·高考英语真题/2016年高考英语试卷（四川）（空白卷）.docx,retain,,not a conservative cleanup candidate,no
/Users/shidianjin/Documents/高考英语/2016·高考英语真题/2016年高考英语试卷（四川）（解析卷）.docx,2016·高考英语真题/2016年高考英语试卷（四川）（解析卷）.docx,retain,,not a conservative cleanup candidate,no
/Users/shidianjin/Documents/高考英语/2016·高考英语真题/2016年高考英语试卷（天津）（空白卷）.doc,2016·高考英语真题/2016年高考英语试卷（天津）（空白卷）.doc,retain,,not a conservative cleanup candidate,no
/Users/shidianjin/Documents/高考英语/2016·高考英语真题/2016年高考英语试卷（天津）（解析卷）.doc,2016·高考英语真题/2016年高考英语试卷（天津）（解析卷）.doc,retain,,not a conservative cleanup candidate,no
/Users/shidianjin/Documents/高考英语/2016·高考英语真题/2016年高考英语试卷（新课标Ⅰ卷）（空白卷）.doc,2016·高考英语真题/2016年高考英语试卷（新课标Ⅰ卷）（空白卷）.doc,retain,,not a conservative cleanup candidate,no
/Users/shidianjin/Documents/高考英语/2016·高考英语真题/2016年高考英语试卷（新课标Ⅰ卷）（解析卷）.doc,2016·高考英语真题/2016年高考英语试卷（新课标Ⅰ卷）（解析卷）.doc,retain,,not a conservative cleanup candidate,no
/Users/shidianjin/Documents/高考英语/2016·高考英语真题/2016年高考英语试卷（新课标Ⅱ卷）听力音频.mp3,2016·高考英语真题/2016年高考英语试卷（新课标Ⅱ卷）听力音频.mp3,retain,,not a conservative cleanup candidate,no
/Users/shidianjin/Documents/高考英语/2016·高考英语真题/2016年高考英语试卷（新课标Ⅱ卷）（空白卷）.doc,2016·高考英语真题/2016年高考英语试卷（新课标Ⅱ卷）（空白卷）.doc,retain,,not a conservative cleanup candidate,no
/Users/shidianjin/Documents/高考英语/2016·高考英语真题/2016年高考英语试卷（新课标Ⅱ卷）（解析卷）.doc,2016·高考英语真题/2016年高考英语试卷（新课标Ⅱ卷）（解析卷）.doc,retain,,not a conservative cleanup candidate,no
/Users/shidianjin/Documents/高考英语/2016·高考英语真题/2016年高考英语试卷（新课标Ⅲ卷）（空白卷）.doc,2016·高考英语真题/2016年高考英语试卷（新课标Ⅲ卷）（空白卷）.doc,retain,,not a conservative cleanup candidate,no
/Users/shidianjin/Documents/高考英语/2016·高考英语真题/2016年高考英语试卷（新课标Ⅲ卷）（解析卷）.doc,2016·高考英语真题/2016年高考英语试卷（新课标Ⅲ卷）（解析卷）.doc,retain,,not a conservative cleanup candidate,no
/Users/shidianjin/Documents/高考英语/2016·高考英语真题/2016年高考英语试卷（江苏）听力音频.mp3,2016·高考英语真题/2016年高考英语试卷（江苏）听力音频.mp3,retain,,not a conservative cleanup candidate,no
/Users/shidianjin/Documents/高考英语/2016·高考英语真题/2016年高考英语试卷（江苏）（空白卷）   .doc,2016·高考英语真题/2016年高考英语试卷（江苏）（空白卷）   .doc,retain,,not a conservative cleanup candidate,no
/Users/shidianjin/Documents/高考英语/2016·高考英语真题/2016年高考英语试卷（江苏）（解析卷）   .doc,2016·高考英语真题/2016年高考英语试卷（江苏）（解析卷）   .doc,retain,,not a conservative cleanup candidate,no
/Users/shidianjin/Documents/高考英语/2016·高考英语真题/2016年高考英语试卷（浙江）（10月）（空白卷）.doc,2016·高考英语真题/2016年高考英语试卷（浙江）（10月）（空白卷）.doc,retain,,not a conservative cleanup candidate,no
/Users/shidianjin/Documents/高考英语/2016·高考英语真题/2016年高考英语试卷（浙江）（10月）（解析卷）.doc,2016·高考英语真题/2016年高考英语试卷（浙江）（10月）（解析卷）.doc,retain,,not a conservative cleanup candidate,no
/Users/shidianjin/Documents/高考英语/2016·高考英语真题/2016年高考英语试卷（浙江）（6月）听力音频.mp3,2016·高考英语真题/2016年高考英语试卷（浙江）（6月）听力音频.mp3,retain,,not a conservative cleanup candidate,no
/Users/shidianjin/Documents/高考英语/2016·高考英语真题/2016年高考英语试卷（浙江）（6月）（空白卷）.docx,2016·高考英语真题/2016年高考英语试卷（浙江）（6月）（空白卷）.docx,retain,,not a conservative cleanup candidate,no
/Users/shidianjin/Documents/高考英语/2016·高考英语真题/2016年高考英语试卷（浙江）（6月）（解析卷）.docx,2016·高考英语真题/2016年高考英语试卷（浙江）（6月）（解析卷）.docx,retain,,not a conservative cleanup candidate,no
/Users/shidianjin/Documents/高考英语/2017·高考英语真题/2017年高考英语试卷（上海）（春考）听力音频.mp3,2017·高考英语真题/2017年高考英语试卷（上海）（春考）听力音频.mp3,retain,,not a conservative cleanup candidate,no
/Users/shidianjin/Documents/高考英语/2017·高考英语真题/2017年高考英语试卷（上海）（春考）（空白卷）.docx,2017·高考英语真题/2017年高考英语试卷（上海）（春考）（空白卷）.docx,retain,,not a conservative cleanup candidate,no
/Users/shidianjin/Documents/高考英语/2017·高考英语真题/2017年高考英语试卷（上海）（春考）（解析卷）.docx,2017·高考英语真题/2017年高考英语试卷（上海）（春考）（解析卷）.docx,retain,,not a conservative cleanup candidate,no
/Users/shidianjin/Documents/高考英语/2017·高考英语真题/2017年高考英语试卷（上海）（秋考）听力音频.mp3,2017·高考英语真题/2017年高考英语试卷（上海）（秋考）听力音频.mp3,retain,,not a conservative cleanup candidate,no
/Users/shidianjin/Documents/高考英语/2017·高考英语真题/2017年高考英语试卷（上海）（秋考）（空白卷）.doc,2017·高考英语真题/2017年高考英语试卷（上海）（秋考）（空白卷）.doc,retain,,not a conservative cleanup candidate,no
/Users/shidianjin/Documents/高考英语/2017·高考英语真题/2017年高考英语试卷（上海）（秋考）（答案卷）.doc,2017·高考英语真题/2017年高考英语试卷（上海）（秋考）（答案卷）.doc,retain,,not a conservative cleanup candidate,no
/Users/shidianjin/Documents/高考英语/2017·高考英语真题/2017年高考英语试卷（北京）听力音频.mp3,2017·高考英语真题/2017年高考英语试卷（北京）听力音频.mp3,retain,,not a conservative cleanup candidate,no
/Users/shidianjin/Documents/高考英语/2017·高考英语真题/2017年高考英语试卷（北京）（空白卷）.doc,2017·高考英语真题/2017年高考英语试卷（北京）（空白卷）.doc,retain,,not a conservative cleanup candidate,no
/Users/shidianjin/Documents/高考英语/2017·高考英语真题/2017年高考英语试卷（北京）（解析卷）.doc,2017·高考英语真题/2017年高考英语试卷（北京）（解析卷）.doc,retain,,not a conservative cleanup candidate,no
/Users/shidianjin/Documents/高考英语/2017·高考英语真题/2017年高考英语试卷（天津）（空白卷）.doc,2017·高考英语真题/2017年高考英语试卷（天津）（空白卷）.doc,retain,,not a conservative cleanup candidate,no
/Users/shidianjin/Documents/高考英语/2017·高考英语真题/2017年高考英语试卷（天津）（解析卷）.doc,2017·高考英语真题/2017年高考英语试卷（天津）（解析卷）.doc,retain,,not a conservative cleanup candidate,no
/Users/shidianjin/Documents/高考英语/2017·高考英语真题/2017年高考英语试卷（新课标Ⅰ卷）（空白卷）.doc,2017·高考英语真题/2017年高考英语试卷（新课标Ⅰ卷）（空白卷）.doc,retain,,not a conservative cleanup candidate,no
/Users/shidianjin/Documents/高考英语/2017·高考英语真题/2017年高考英语试卷（新课标Ⅰ卷）（解析卷）.doc,2017·高考英语真题/2017年高考英语试卷（新课标Ⅰ卷）（解析卷）.doc,retain,,not a conservative cleanup candidate,no
/Users/shidianjin/Documents/高考英语/2017·高考英语真题/2017年高考英语试卷（新课标Ⅱ卷）听力音频.mp3,2017·高考英语真题/2017年高考英语试卷（新课标Ⅱ卷）听力音频.mp3,retain,,not a conservative cleanup candidate,no
/Users/shidianjin/Documents/高考英语/2017·高考英语真题/2017年高考英语试卷（新课标Ⅱ卷）（空白卷）.doc,2017·高考英语真题/2017年高考英语试卷（新课标Ⅱ卷）（空白卷）.doc,retain,,not a conservative cleanup candidate,no
/Users/shidianjin/Documents/高考英语/2017·高考英语真题/2017年高考英语试卷（新课标Ⅱ卷）（解析卷）.doc,2017·高考英语真题/2017年高考英语试卷（新课标Ⅱ卷）（解析卷）.doc,retain,,not a conservative cleanup candidate,no
/Users/shidianjin/Documents/高考英语/2017·高考英语真题/2017年高考英语试卷（新课标Ⅲ卷）（空白卷）.doc,2017·高考英语真题/2017年高考英语试卷（新课标Ⅲ卷）（空白卷）.doc,retain,,not a conservative cleanup candidate,no
/Users/shidianjin/Documents/高考英语/2017·高考英语真题/2017年高考英语试卷（新课标Ⅲ卷）（解析卷）.doc,2017·高考英语真题/2017年高考英语试卷（新课标Ⅲ卷）（解析卷）.doc,retain,,not a conservative cleanup candidate,no
/Users/shidianjin/Documents/高考英语/2017·高考英语真题/2017年高考英语试卷（江苏）听力音频.mp3,2017·高考英语真题/2017年高考英语试卷（江苏）听力音频.mp3,retain,,not a conservative cleanup candidate,no
/Users/shidianjin/Documents/高考英语/2017·高考英语真题/2017年高考英语试卷（江苏）（空白卷）   .doc,2017·高考英语真题/2017年高考英语试卷（江苏）（空白卷）   .doc,retain,,not a conservative cleanup candidate,no
/Users/shidianjin/Documents/高考英语/2017·高考英语真题/2017年高考英语试卷（江苏）（解析卷）   .doc,2017·高考英语真题/2017年高考英语试卷（江苏）（解析卷）   .doc,retain,,not a conservative cleanup candidate,no
/Users/shidianjin/Documents/高考英语/2017·高考英语真题/2017年高考英语试卷（浙江）（11月）听力音频.mp3,2017·高考英语真题/2017年高考英语试卷（浙江）（11月）听力音频.mp3,retain,,not a conservative cleanup candidate,no
/Users/shidianjin/Documents/高考英语/2017·高考英语真题/2017年高考英语试卷（浙江）（11月）（空白卷）.doc,2017·高考英语真题/2017年高考英语试卷（浙江）（11月）（空白卷）.doc,retain,,not a conservative cleanup candidate,no
/Users/shidianjin/Documents/高考英语/2017·高考英语真题/2017年高考英语试卷（浙江）（11月）（解析卷）.doc,2017·高考英语真题/2017年高考英语试卷（浙江）（11月）（解析卷）.doc,retain,,not a conservative cleanup candidate,no
/Users/shidianjin/Documents/高考英语/2017·高考英语真题/2017年高考英语试卷（浙江）（6月）听力音频.mp3,2017·高考英语真题/2017年高考英语试卷（浙江）（6月）听力音频.mp3,retain,,not a conservative cleanup candidate,no
/Users/shidianjin/Documents/高考英语/2017·高考英语真题/2017年高考英语试卷（浙江）（6月）（空白卷）.docx,2017·高考英语真题/2017年高考英语试卷（浙江）（6月）（空白卷）.docx,retain,,not a conservative cleanup candidate,no
/Users/shidianjin/Documents/高考英语/2017·高考英语真题/2017年高考英语试卷（浙江）（6月）（解析卷）.docx,2017·高考英语真题/2017年高考英语试卷（浙江）（6月）（解析卷）.docx,retain,,not a conservative cleanup candidate,no
/Users/shidianjin/Documents/高考英语/2017年高考真题----英语/英语 全国卷Ⅰ@高考直通车.pdf,2017年高考真题----英语/英语 全国卷Ⅰ@高考直通车.pdf,retain,,not a conservative cleanup candidate,no
/Users/shidianjin/Documents/高考英语/2017年高考真题----英语/英语 全国卷Ⅱ@高考直通车.pdf,2017年高考真题----英语/英语 全国卷Ⅱ@高考直通车.pdf,retain,,not a conservative cleanup candidate,no
/Users/shidianjin/Documents/高考英语/2017年高考真题----英语/英语 全国卷Ⅲ@高考直通车.pdf,2017年高考真题----英语/英语 全国卷Ⅲ@高考直通车.pdf,retain,,not a conservative cleanup candidate,no
/Users/shidianjin/Documents/高考英语/2017年高考真题----英语/英语 北京卷@高考直通车.pdf,2017年高考真题----英语/英语 北京卷@高考直通车.pdf,retain,,not a conservative cleanup candidate,no
/Users/shidianjin/Documents/高考英语/2017年高考真题----英语/英语 天津卷@高考直通车.pdf,2017年高考真题----英语/英语 天津卷@高考直通车.pdf,retain,,not a conservative cleanup candidate,no
/Users/shidianjin/Documents/高考英语/2017年高考真题----英语/英语 江苏卷@高考直通车.pdf,2017年高考真题----英语/英语 江苏卷@高考直通车.pdf,retain,,not a conservative cleanup candidate,no
/Users/shidianjin/Documents/高考英语/2017年高考真题----英语/英语 浙江卷@高考直通车.pdf,2017年高考真题----英语/英语 浙江卷@高考直通车.pdf,retain,,not a conservative cleanup candidate,no
/Users/shidianjin/Documents/高考英语/2018·高考英语真题/2018年高考英语试卷（上海）（春考）听力音频.mp3,2018·高考英语真题/2018年高考英语试卷（上海）（春考）听力音频.mp3,retain,,not a conservative cleanup candidate,no
/Users/shidianjin/Documents/高考英语/2018·高考英语真题/2018年高考英语试卷（上海）（春考）（空白卷）.doc,2018·高考英语真题/2018年高考英语试卷（上海）（春考）（空白卷）.doc,retain,,not a conservative cleanup candidate,no
/Users/shidianjin/Documents/高考英语/2018·高考英语真题/2018年高考英语试卷（上海）（春考）（解析卷）.doc,2018·高考英语真题/2018年高考英语试卷（上海）（春考）（解析卷）.doc,retain,,not a conservative cleanup candidate,no
/Users/shidianjin/Documents/高考英语/2018·高考英语真题/2018年高考英语试卷（上海）（秋考）听力音频.mp3,2018·高考英语真题/2018年高考英语试卷（上海）（秋考）听力音频.mp3,retain,,not a conservative cleanup candidate,no
/Users/shidianjin/Documents/高考英语/2018·高考英语真题/2018年高考英语试卷（上海）（秋考）（空白卷）.doc,2018·高考英语真题/2018年高考英语试卷（上海）（秋考）（空白卷）.doc,retain,,not a conservative cleanup candidate,no
/Users/shidianjin/Documents/高考英语/2018·高考英语真题/2018年高考英语试卷（上海）（秋考）（答案卷）.doc,2018·高考英语真题/2018年高考英语试卷（上海）（秋考）（答案卷）.doc,retain,,not a conservative cleanup candidate,no
/Users/shidianjin/Documents/高考英语/2018·高考英语真题/2018年高考英语试卷（北京）（机考 无听力）（空白卷）.doc,2018·高考英语真题/2018年高考英语试卷（北京）（机考 无听力）（空白卷）.doc,retain,,not a conservative cleanup candidate,no
/Users/shidianjin/Documents/高考英语/2018·高考英语真题/2018年高考英语试卷（北京）（机考 无听力）（解析卷）.doc,2018·高考英语真题/2018年高考英语试卷（北京）（机考 无听力）（解析卷）.doc,retain,,not a conservative cleanup candidate,no
/Users/shidianjin/Documents/高考英语/2018·高考英语真题/2018年高考英语试卷（天津）（空白卷）.doc,2018·高考英语真题/2018年高考英语试卷（天津）（空白卷）.doc,retain,,not a conservative cleanup candidate,no
/Users/shidianjin/Documents/高考英语/2018·高考英语真题/2018年高考英语试卷（天津）（解析卷）.doc,2018·高考英语真题/2018年高考英语试卷（天津）（解析卷）.doc,retain,,not a conservative cleanup candidate,no
/Users/shidianjin/Documents/高考英语/2018·高考英语真题/2018年高考英语试卷（新课标Ⅰ卷）听力音频.mp3,2018·高考英语真题/2018年高考英语试卷（新课标Ⅰ卷）听力音频.mp3,retain,,not a conservative cleanup candidate,no
/Users/shidianjin/Documents/高考英语/2018·高考英语真题/2018年高考英语试卷（新课标Ⅰ卷）（空白卷）.doc,2018·高考英语真题/2018年高考英语试卷（新课标Ⅰ卷）（空白卷）.doc,retain,,not a conservative cleanup candidate,no
/Users/shidianjin/Documents/高考英语/2018·高考英语真题/2018年高考英语试卷（新课标Ⅰ卷）（解析卷）.doc,2018·高考英语真题/2018年高考英语试卷（新课标Ⅰ卷）（解析卷）.doc,retain,,not a conservative cleanup candidate,no
/Users/shidianjin/Documents/高考英语/2018·高考英语真题/2018年高考英语试卷（新课标Ⅱ卷）听力音频.mp3,2018·高考英语真题/2018年高考英语试卷（新课标Ⅱ卷）听力音频.mp3,retain,,not a conservative cleanup candidate,no
/Users/shidianjin/Documents/高考英语/2018·高考英语真题/2018年高考英语试卷（新课标Ⅱ卷）（空白卷）.doc,2018·高考英语真题/2018年高考英语试卷（新课标Ⅱ卷）（空白卷）.doc,retain,,not a conservative cleanup candidate,no
/Users/shidianjin/Documents/高考英语/2018·高考英语真题/2018年高考英语试卷（新课标Ⅱ卷）（解析卷）.doc,2018·高考英语真题/2018年高考英语试卷（新课标Ⅱ卷）（解析卷）.doc,retain,,not a conservative cleanup candidate,no
/Users/shidianjin/Documents/高考英语/2018·高考英语真题/2018年高考英语试卷（新课标Ⅲ卷）（空白卷）.doc,2018·高考英语真题/2018年高考英语试卷（新课标Ⅲ卷）（空白卷）.doc,retain,,not a conservative cleanup candidate,no
/Users/shidianjin/Documents/高考英语/2018·高考英语真题/2018年高考英语试卷（新课标Ⅲ卷）（解析卷）.doc,2018·高考英语真题/2018年高考英语试卷（新课标Ⅲ卷）（解析卷）.doc,retain,,not a conservative cleanup candidate,no
/Users/shidianjin/Documents/高考英语/2018·高考英语真题/2018年高考英语试卷（江苏）听力音频.mp3,2018·高考英语真题/2018年高考英语试卷（江苏）听力音频.mp3,retain,,not a conservative cleanup candidate,no
/Users/shidianjin/Documents/高考英语/2018·高考英语真题/2018年高考英语试卷（江苏）（空白卷）   .doc,2018·高考英语真题/2018年高考英语试卷（江苏）（空白卷）   .doc,retain,,not a conservative cleanup candidate,no
/Users/shidianjin/Documents/高考英语/2018·高考英语真题/2018年高考英语试卷（江苏）（解析卷）   .doc,2018·高考英语真题/2018年高考英语试卷（江苏）（解析卷）   .doc,retain,,not a conservative cleanup candidate,no
/Users/shidianjin/Documents/高考英语/2018·高考英语真题/2018年高考英语试卷（浙江）（11月）听力音频.mp3,2018·高考英语真题/2018年高考英语试卷（浙江）（11月）听力音频.mp3,retain,,not a conservative cleanup candidate,no
/Users/shidianjin/Documents/高考英语/2018·高考英语真题/2018年高考英语试卷（浙江）（11月）（空白卷）.docx,2018·高考英语真题/2018年高考英语试卷（浙江）（11月）（空白卷）.docx,retain,,not a conservative cleanup candidate,no
/Users/shidianjin/Documents/高考英语/2018·高考英语真题/2018年高考英语试卷（浙江）（11月）（解析卷）.docx,2018·高考英语真题/2018年高考英语试卷（浙江）（11月）（解析卷）.docx,retain,,not a conservative cleanup candidate,no
/Users/shidianjin/Documents/高考英语/2018·高考英语真题/2018年高考英语试卷（浙江）（6月）听力音频.mp3,2018·高考英语真题/2018年高考英语试卷（浙江）（6月）听力音频.mp3,retain,,not a conservative cleanup candidate,no
/Users/shidianjin/Documents/高考英语/2018·高考英语真题/2018年高考英语试卷（浙江）（6月）（空白卷）.docx,2018·高考英语真题/2018年高考英语试卷（浙江）（6月）（空白卷）.docx,retain,,not a conservative cleanup candidate,no
/Users/shidianjin/Documents/高考英语/2018·高考英语真题/2018年高考英语试卷（浙江）（6月）（解析卷）.docx,2018·高考英语真题/2018年高考英语试卷（浙江）（6月）（解析卷）.docx,retain,,not a conservative cleanup candidate,no
/Users/shidianjin/Documents/高考英语/2019·高考英语真题/2019年高考英语试卷（上海）（春考）听力音频.mp3,2019·高考英语真题/2019年高考英语试卷（上海）（春考）听力音频.mp3,retain,,not a conservative cleanup candidate,no
/Users/shidianjin/Documents/高考英语/2019·高考英语真题/2019年高考英语试卷（上海）（春考）（空白卷）.doc,2019·高考英语真题/2019年高考英语试卷（上海）（春考）（空白卷）.doc,retain,,not a conservative cleanup candidate,no
/Users/shidianjin/Documents/高考英语/2019·高考英语真题/2019年高考英语试卷（上海）（春考）（解析卷）.doc,2019·高考英语真题/2019年高考英语试卷（上海）（春考）（解析卷）.doc,retain,,not a conservative cleanup candidate,no
/Users/shidianjin/Documents/高考英语/2019·高考英语真题/2019年高考英语试卷（上海）（秋考）听力音频.mp3,2019·高考英语真题/2019年高考英语试卷（上海）（秋考）听力音频.mp3,retain,,not a conservative cleanup candidate,no
/Users/shidianjin/Documents/高考英语/2019·高考英语真题/2019年高考英语试卷（上海）（秋考）（空白卷）.doc,2019·高考英语真题/2019年高考英语试卷（上海）（秋考）（空白卷）.doc,retain,,not a conservative cleanup candidate,no
/Users/shidianjin/Documents/高考英语/2019·高考英语真题/2019年高考英语试卷（上海）（秋考）（答案卷）.doc,2019·高考英语真题/2019年高考英语试卷（上海）（秋考）（答案卷）.doc,retain,,not a conservative cleanup candidate,no
/Users/shidianjin/Documents/高考英语/2019·高考英语真题/2019年高考英语试卷（北京）（机考 无听力）（空白卷）.doc,2019·高考英语真题/2019年高考英语试卷（北京）（机考 无听力）（空白卷）.doc,retain,,not a conservative cleanup candidate,no
/Users/shidianjin/Documents/高考英语/2019·高考英语真题/2019年高考英语试卷（北京）（机考 无听力）（解析卷）.doc,2019·高考英语真题/2019年高考英语试卷（北京）（机考 无听力）（解析卷）.doc,retain,,not a conservative cleanup candidate,no
/Users/shidianjin/Documents/高考英语/2019·高考英语真题/2019年高考英语试卷（天津）（空白卷）.doc,2019·高考英语真题/2019年高考英语试卷（天津）（空白卷）.doc,retain,,not a conservative cleanup candidate,no
/Users/shidianjin/Documents/高考英语/2019·高考英语真题/2019年高考英语试卷（天津）（解析卷）.doc,2019·高考英语真题/2019年高考英语试卷（天津）（解析卷）.doc,retain,,not a conservative cleanup candidate,no
/Users/shidianjin/Documents/高考英语/2019·高考英语真题/2019年高考英语试卷（新课标Ⅰ卷）听力音频.mp3,2019·高考英语真题/2019年高考英语试卷（新课标Ⅰ卷）听力音频.mp3,retain,,not a conservative cleanup candidate,no
/Users/shidianjin/Documents/高考英语/2019·高考英语真题/2019年高考英语试卷（新课标Ⅰ卷）（空白卷）.doc,2019·高考英语真题/2019年高考英语试卷（新课标Ⅰ卷）（空白卷）.doc,retain,,not a conservative cleanup candidate,no
/Users/shidianjin/Documents/高考英语/2019·高考英语真题/2019年高考英语试卷（新课标Ⅰ卷）（解析卷）.doc,2019·高考英语真题/2019年高考英语试卷（新课标Ⅰ卷）（解析卷）.doc,retain,,not a conservative cleanup candidate,no
/Users/shidianjin/Documents/高考英语/2019·高考英语真题/2019年高考英语试卷（新课标Ⅱ卷）听力音频.mp3,2019·高考英语真题/2019年高考英语试卷（新课标Ⅱ卷）听力音频.mp3,retain,,not a conservative cleanup candidate,no
/Users/shidianjin/Documents/高考英语/2019·高考英语真题/2019年高考英语试卷（新课标Ⅱ卷）（空白卷）.doc,2019·高考英语真题/2019年高考英语试卷（新课标Ⅱ卷）（空白卷）.doc,retain,,not a conservative cleanup candidate,no
/Users/shidianjin/Documents/高考英语/2019·高考英语真题/2019年高考英语试卷（新课标Ⅱ卷）（解析卷）.doc,2019·高考英语真题/2019年高考英语试卷（新课标Ⅱ卷）（解析卷）.doc,retain,,not a conservative cleanup candidate,no
/Users/shidianjin/Documents/高考英语/2019·高考英语真题/2019年高考英语试卷（新课标Ⅲ卷）（空白卷）.doc,2019·高考英语真题/2019年高考英语试卷（新课标Ⅲ卷）（空白卷）.doc,retain,,not a conservative cleanup candidate,no
/Users/shidianjin/Documents/高考英语/2019·高考英语真题/2019年高考英语试卷（新课标Ⅲ卷）（解析卷）.doc,2019·高考英语真题/2019年高考英语试卷（新课标Ⅲ卷）（解析卷）.doc,retain,,not a conservative cleanup candidate,no
/Users/shidianjin/Documents/高考英语/2019·高考英语真题/2019年高考英语试卷（江苏）听力音频.mp3,2019·高考英语真题/2019年高考英语试卷（江苏）听力音频.mp3,retain,,not a conservative cleanup candidate,no
/Users/shidianjin/Documents/高考英语/2019·高考英语真题/2019年高考英语试卷（江苏）（空白卷）   .doc,2019·高考英语真题/2019年高考英语试卷（江苏）（空白卷）   .doc,retain,,not a conservative cleanup candidate,no
/Users/shidianjin/Documents/高考英语/2019·高考英语真题/2019年高考英语试卷（江苏）（解析卷）   .doc,2019·高考英语真题/2019年高考英语试卷（江苏）（解析卷）   .doc,retain,,not a conservative cleanup candidate,no
/Users/shidianjin/Documents/高考英语/2019·高考英语真题/2019年高考英语试卷（浙江）（6月）听力音频.mp3,2019·高考英语真题/2019年高考英语试卷（浙江）（6月）听力音频.mp3,retain,,not a conservative cleanup candidate,no
/Users/shidianjin/Documents/高考英语/2019·高考英语真题/2019年高考英语试卷（浙江）（6月）（空白卷）.doc,2019·高考英语真题/2019年高考英语试卷（浙江）（6月）（空白卷）.doc,retain,,not a conservative cleanup candidate,no
/Users/shidianjin/Documents/高考英语/2019·高考英语真题/2019年高考英语试卷（浙江）（6月）（解析卷）.doc,2019·高考英语真题/2019年高考英语试卷（浙江）（6月）（解析卷）.doc,retain,,not a conservative cleanup candidate,no
/Users/shidianjin/Documents/高考英语/2019年/1.mp3,2019年/1.mp3,retain,,not a conservative cleanup candidate,no
/Users/shidianjin/Documents/高考英语/2019年/10.mp3,2019年/10.mp3,retain,,not a conservative cleanup candidate,no
/Users/shidianjin/Documents/高考英语/2019年/2.mp3,2019年/2.mp3,retain,,not a conservative cleanup candidate,no
/Users/shidianjin/Documents/高考英语/2019年/2019年全国统一高考英语试卷（新课标Ⅰ）（原卷版）.doc,2019年/2019年全国统一高考英语试卷（新课标Ⅰ）（原卷版）.doc,retain,,not a conservative cleanup candidate,no
/Users/shidianjin/Documents/高考英语/2019年/2019年全国统一高考英语试卷（新课标Ⅰ）（解析版）.doc,2019年/2019年全国统一高考英语试卷（新课标Ⅰ）（解析版）.doc,retain,,not a conservative cleanup candidate,no
/Users/shidianjin/Documents/高考英语/2019年/3.mp3,2019年/3.mp3,retain,,not a conservative cleanup candidate,no
/Users/shidianjin/Documents/高考英语/2019年/4.mp3,2019年/4.mp3,retain,,not a conservative cleanup candidate,no
/Users/shidianjin/Documents/高考英语/2019年/5.mp3,2019年/5.mp3,retain,,not a conservative cleanup candidate,no
/Users/shidianjin/Documents/高考英语/2019年/6.mp3,2019年/6.mp3,retain,,not a conservative cleanup candidate,no
/Users/shidianjin/Documents/高考英语/2019年/7.mp3,2019年/7.mp3,retain,,not a conservative cleanup candidate,no
/Users/shidianjin/Documents/高考英语/2019年/8.mp3,2019年/8.mp3,retain,,not a conservative cleanup candidate,no
/Users/shidianjin/Documents/高考英语/2019年/9.mp3,2019年/9.mp3,retain,,not a conservative cleanup candidate,no
/Users/shidianjin/Documents/高考英语/2020·高考英语真题/2020年高考英语试卷（上海）（春考）听力音频.mp3,2020·高考英语真题/2020年高考英语试卷（上海）（春考）听力音频.mp3,retain,,not a conservative cleanup candidate,no
/Users/shidianjin/Documents/高考英语/2020·高考英语真题/2020年高考英语试卷（上海）（春考）（空白卷）.doc,2020·高考英语真题/2020年高考英语试卷（上海）（春考）（空白卷）.doc,retain,,not a conservative cleanup candidate,no
/Users/shidianjin/Documents/高考英语/2020·高考英语真题/2020年高考英语试卷（上海）（春考）（解析卷）.doc,2020·高考英语真题/2020年高考英语试卷（上海）（春考）（解析卷）.doc,retain,,not a conservative cleanup candidate,no
/Users/shidianjin/Documents/高考英语/2020·高考英语真题/2020年高考英语试卷（上海）（秋考）听力音频.mp3,2020·高考英语真题/2020年高考英语试卷（上海）（秋考）听力音频.mp3,retain,,not a conservative cleanup candidate,no
/Users/shidianjin/Documents/高考英语/2020·高考英语真题/2020年高考英语试卷（上海）（秋考）（空白卷）.docx,2020·高考英语真题/2020年高考英语试卷（上海）（秋考）（空白卷）.docx,retain,,not a conservative cleanup candidate,no
/Users/shidianjin/Documents/高考英语/2020·高考英语真题/2020年高考英语试卷（上海）（秋考）（解析卷）.docx,2020·高考英语真题/2020年高考英语试卷（上海）（秋考）（解析卷）.docx,retain,,not a conservative cleanup candidate,no
/Users/shidianjin/Documents/高考英语/2020·高考英语真题/2020年高考英语试卷（北京）（机考 无听力）（空白卷）.doc,2020·高考英语真题/2020年高考英语试卷（北京）（机考 无听力）（空白卷）.doc,retain,,not a conservative cleanup candidate,no
/Users/shidianjin/Documents/高考英语/2020·高考英语真题/2020年高考英语试卷（北京）（机考 无听力）（解析卷）.doc,2020·高考英语真题/2020年高考英语试卷（北京）（机考 无听力）（解析卷）.doc,retain,,not a conservative cleanup candidate,no
/Users/shidianjin/Documents/高考英语/2020·高考英语真题/2020年高考英语试卷（天津）（第一次）（空白卷）.docx,2020·高考英语真题/2020年高考英语试卷（天津）（第一次）（空白卷）.docx,retain,,not a conservative cleanup candidate,no
/Users/shidianjin/Documents/高考英语/2020·高考英语真题/2020年高考英语试卷（天津）（第一次）（答案版）.docx,2020·高考英语真题/2020年高考英语试卷（天津）（第一次）（答案版）.docx,retain,,not a conservative cleanup candidate,no
/Users/shidianjin/Documents/高考英语/2020·高考英语真题/2020年高考英语试卷（天津）（第二次）（空白卷）.doc,2020·高考英语真题/2020年高考英语试卷（天津）（第二次）（空白卷）.doc,retain,,not a conservative cleanup candidate,no
/Users/shidianjin/Documents/高考英语/2020·高考英语真题/2020年高考英语试卷（天津）（第二次）（解析版）.doc,2020·高考英语真题/2020年高考英语试卷（天津）（第二次）（解析版）.doc,retain,,not a conservative cleanup candidate,no
/Users/shidianjin/Documents/高考英语/2020·高考英语真题/2020年高考英语试卷（新课标Ⅰ卷）（版本一）听力音频.mp3,2020·高考英语真题/2020年高考英语试卷（新课标Ⅰ卷）（版本一）听力音频.mp3,retain,,not a conservative cleanup candidate,no
/Users/shidianjin/Documents/高考英语/2020·高考英语真题/2020年高考英语试卷（新课标Ⅰ卷）（空白卷）.doc,2020·高考英语真题/2020年高考英语试卷（新课标Ⅰ卷）（空白卷）.doc,retain,,not a conservative cleanup candidate,no
/Users/shidianjin/Documents/高考英语/2020·高考英语真题/2020年高考英语试卷（新课标Ⅰ卷）（解析卷）.doc,2020·高考英语真题/2020年高考英语试卷（新课标Ⅰ卷）（解析卷）.doc,retain,,not a conservative cleanup candidate,no
/Users/shidianjin/Documents/高考英语/2020·高考英语真题/2020年高考英语试卷（新课标Ⅱ卷）听力音频.mp3,2020·高考英语真题/2020年高考英语试卷（新课标Ⅱ卷）听力音频.mp3,retain,,not a conservative cleanup candidate,no
/Users/shidianjin/Documents/高考英语/2020·高考英语真题/2020年高考英语试卷（新课标Ⅱ卷）（空白卷）.doc,2020·高考英语真题/2020年高考英语试卷（新课标Ⅱ卷）（空白卷）.doc,retain,,not a conservative cleanup candidate,no
/Users/shidianjin/Documents/高考英语/2020·高考英语真题/2020年高考英语试卷（新课标Ⅱ卷）（解析卷）.doc,2020·高考英语真题/2020年高考英语试卷（新课标Ⅱ卷）（解析卷）.doc,retain,,not a conservative cleanup candidate,no
/Users/shidianjin/Documents/高考英语/2020·高考英语真题/2020年高考英语试卷（新课标Ⅲ卷）（空白卷）.doc,2020·高考英语真题/2020年高考英语试卷（新课标Ⅲ卷）（空白卷）.doc,retain,,not a conservative cleanup candidate,no
/Users/shidianjin/Documents/高考英语/2020·高考英语真题/2020年高考英语试卷（新课标Ⅲ卷）（解析卷）.doc,2020·高考英语真题/2020年高考英语试卷（新课标Ⅲ卷）（解析卷）.doc,retain,,not a conservative cleanup candidate,no
/Users/shidianjin/Documents/高考英语/2020·高考英语真题/2020年高考英语试卷（新高考Ⅰ卷）（山东第1次）听力音频.mp3,2020·高考英语真题/2020年高考英语试卷（新高考Ⅰ卷）（山东第1次）听力音频.mp3,retain,,not a conservative cleanup candidate,no
/Users/shidianjin/Documents/高考英语/2020·高考英语真题/2020年高考英语试卷（新高考Ⅰ卷）（山东第2次）听力音频.mp3,2020·高考英语真题/2020年高考英语试卷（新高考Ⅰ卷）（山东第2次）听力音频.mp3,retain,,not a conservative cleanup candidate,no
/Users/shidianjin/Documents/高考英语/2020·高考英语真题/2020年高考英语试卷（新高考Ⅰ卷）（山东）（听力试题及答案）.doc,2020·高考英语真题/2020年高考英语试卷（新高考Ⅰ卷）（山东）（听力试题及答案）.doc,retain,,not a conservative cleanup candidate,no
/Users/shidianjin/Documents/高考英语/2020·高考英语真题/2020年高考英语试卷（新高考Ⅰ卷）（山东）（空白卷）.doc,2020·高考英语真题/2020年高考英语试卷（新高考Ⅰ卷）（山东）（空白卷）.doc,retain,,not a conservative cleanup candidate,no
/Users/shidianjin/Documents/高考英语/2020·高考英语真题/2020年高考英语试卷（新高考Ⅰ卷）（山东）（解析卷） .doc,2020·高考英语真题/2020年高考英语试卷（新高考Ⅰ卷）（山东）（解析卷） .doc,retain,,not a conservative cleanup candidate,no
/Users/shidianjin/Documents/高考英语/2020·高考英语真题/2020年高考英语试卷（新高考Ⅱ卷）（海南）听力音频.mp3,2020·高考英语真题/2020年高考英语试卷（新高考Ⅱ卷）（海南）听力音频.mp3,retain,,not a conservative cleanup candidate,no
/Users/shidianjin/Documents/高考英语/2020·高考英语真题/2020年高考英语试卷（新高考Ⅱ卷）（海南）（空白卷）.docx,2020·高考英语真题/2020年高考英语试卷（新高考Ⅱ卷）（海南）（空白卷）.docx,retain,,not a conservative cleanup candidate,no
/Users/shidianjin/Documents/高考英语/2020·高考英语真题/2020年高考英语试卷（新高考Ⅱ卷）（海南）（解析卷）.doc,2020·高考英语真题/2020年高考英语试卷（新高考Ⅱ卷）（海南）（解析卷）.doc,retain,,not a conservative cleanup candidate,no
/Users/shidianjin/Documents/高考英语/2020·高考英语真题/2020年高考英语试卷（江苏）听力音频.mp3,2020·高考英语真题/2020年高考英语试卷（江苏）听力音频.mp3,retain,,not a conservative cleanup candidate,no
/Users/shidianjin/Documents/高考英语/2020·高考英语真题/2020年高考英语试卷（江苏）（空白卷）   .doc,2020·高考英语真题/2020年高考英语试卷（江苏）（空白卷）   .doc,retain,,not a conservative cleanup candidate,no
/Users/shidianjin/Documents/高考英语/2020·高考英语真题/2020年高考英语试卷（江苏）（解析卷）   .doc,2020·高考英语真题/2020年高考英语试卷（江苏）（解析卷）   .doc,retain,,not a conservative cleanup candidate,no
/Users/shidianjin/Documents/高考英语/2020·高考英语真题/2020年高考英语试卷（浙江）（1月）听力音频.mp3,2020·高考英语真题/2020年高考英语试卷（浙江）（1月）听力音频.mp3,retain,,not a conservative cleanup candidate,no
/Users/shidianjin/Documents/高考英语/2020·高考英语真题/2020年高考英语试卷（浙江）（1月）（空白卷）.docx,2020·高考英语真题/2020年高考英语试卷（浙江）（1月）（空白卷）.docx,retain,,not a conservative cleanup candidate,no
/Users/shidianjin/Documents/高考英语/2020·高考英语真题/2020年高考英语试卷（浙江）（1月）（解析卷）.docx,2020·高考英语真题/2020年高考英语试卷（浙江）（1月）（解析卷）.docx,retain,,not a conservative cleanup candidate,no
/Users/shidianjin/Documents/高考英语/2020·高考英语真题/2020年高考英语试卷（浙江）（7月）听力音频.mp3,2020·高考英语真题/2020年高考英语试卷（浙江）（7月）听力音频.mp3,retain,,not a conservative cleanup candidate,no
/Users/shidianjin/Documents/高考英语/2020·高考英语真题/2020年高考英语试卷（浙江）（7月）（空白卷）.doc,2020·高考英语真题/2020年高考英语试卷（浙江）（7月）（空白卷）.doc,retain,,not a conservative cleanup candidate,no
/Users/shidianjin/Documents/高考英语/2020·高考英语真题/2020年高考英语试卷（浙江）（7月）（解析卷）.doc,2020·高考英语真题/2020年高考英语试卷（浙江）（7月）（解析卷）.doc,retain,,not a conservative cleanup candidate,no
/Users/shidianjin/Documents/高考英语/2020年/2020年广东高考英语听说考试真题 Test C/2020年广东高考英语听说考试真题 Test C.docx,2020年/2020年广东高考英语听说考试真题 Test C/2020年广东高考英语听说考试真题 Test C.docx,retain,,not a conservative cleanup candidate,no
/Users/shidianjin/Documents/高考英语/2020年/2020年广东高考英语听说考试真题 Test C/2020年广东高考英语听说考试真题 Test C.mp3,2020年/2020年广东高考英语听说考试真题 Test C/2020年广东高考英语听说考试真题 Test C.mp3,retain,,not a conservative cleanup candidate,no
/Users/shidianjin/Documents/高考英语/2020年/2020年广东高考英语听说考试真题 Test D/2020年广东高考英语听说考试真题 Test D.docx,2020年/2020年广东高考英语听说考试真题 Test D/2020年广东高考英语听说考试真题 Test D.docx,retain,,not a conservative cleanup candidate,no
/Users/shidianjin/Documents/高考英语/2020年/2020年广东高考英语听说考试真题 Test D/2020年广东高考英语听说考试真题 Test D.mp3,2020年/2020年广东高考英语听说考试真题 Test D/2020年广东高考英语听说考试真题 Test D.mp3,retain,,not a conservative cleanup candidate,no
/Users/shidianjin/Documents/高考英语/2020年/2020年高考全国1英语高考真题-全国高考真题解析/2020年全国统一高考英语试卷（新课标Ⅰ）听力A版（解析版）.doc,2020年/2020年高考全国1英语高考真题-全国高考真题解析/2020年全国统一高考英语试卷（新课标Ⅰ）听力A版（解析版）.doc,retain,,not a conservative cleanup candidate,no
/Users/shidianjin/Documents/高考英语/2020年/2020年高考全国1英语高考真题-全国高考真题解析/2020年（新课标Ⅰ）听力A版（原卷版）.doc,2020年/2020年高考全国1英语高考真题-全国高考真题解析/2020年（新课标Ⅰ）听力A版（原卷版）.doc,retain,,not a conservative cleanup candidate,no
/Users/shidianjin/Documents/高考英语/2021·高考英语真题/2021年高考英语试卷（上海）（春考）听力音频.mp3,2021·高考英语真题/2021年高考英语试卷（上海）（春考）听力音频.mp3,retain,,not a conservative cleanup candidate,no
/Users/shidianjin/Documents/高考英语/2021·高考英语真题/2021年高考英语试卷（上海）（春考）（空白卷）.docx,2021·高考英语真题/2021年高考英语试卷（上海）（春考）（空白卷）.docx,retain,,not a conservative cleanup candidate,no
/Users/shidianjin/Documents/高考英语/2021·高考英语真题/2021年高考英语试卷（上海）（春考）（解析卷）.docx,2021·高考英语真题/2021年高考英语试卷（上海）（春考）（解析卷）.docx,retain,,not a conservative cleanup candidate,no
/Users/shidianjin/Documents/高考英语/2021·高考英语真题/2021年高考英语试卷（上海）（秋考）听力音频.mp3,2021·高考英语真题/2021年高考英语试卷（上海）（秋考）听力音频.mp3,retain,,not a conservative cleanup candidate,no
/Users/shidianjin/Documents/高考英语/2021·高考英语真题/2021年高考英语试卷（上海）（秋考）（空白卷）.docx,2021·高考英语真题/2021年高考英语试卷（上海）（秋考）（空白卷）.docx,retain,,not a conservative cleanup candidate,no
/Users/shidianjin/Documents/高考英语/2021·高考英语真题/2021年高考英语试卷（上海）（秋考）（解析卷）.docx,2021·高考英语真题/2021年高考英语试卷（上海）（秋考）（解析卷）.docx,retain,,not a conservative cleanup candidate,no
/Users/shidianjin/Documents/高考英语/2021·高考英语真题/2021年高考英语试卷（全国乙卷）（新课标Ⅰ）（空白卷）.doc,2021·高考英语真题/2021年高考英语试卷（全国乙卷）（新课标Ⅰ）（空白卷）.doc,retain,,not a conservative cleanup candidate,no
/Users/shidianjin/Documents/高考英语/2021·高考英语真题/2021年高考英语试卷（全国乙卷）（新课标Ⅰ）（解析卷）.docx,2021·高考英语真题/2021年高考英语试卷（全国乙卷）（新课标Ⅰ）（解析卷）.docx,retain,,not a conservative cleanup candidate,no
/Users/shidianjin/Documents/高考英语/2021·高考英语真题/2021年高考英语试卷（全国甲卷）听力音频.mp3,2021·高考英语真题/2021年高考英语试卷（全国甲卷）听力音频.mp3,retain,,not a conservative cleanup candidate,no
/Users/shidianjin/Documents/高考英语/2021·高考英语真题/2021年高考英语试卷（全国甲卷）（空白卷）.doc,2021·高考英语真题/2021年高考英语试卷（全国甲卷）（空白卷）.doc,retain,,not a conservative cleanup candidate,no
/Users/shidianjin/Documents/高考英语/2021·高考英语真题/2021年高考英语试卷（全国甲卷）（解析卷）.doc,2021·高考英语真题/2021年高考英语试卷（全国甲卷）（解析卷）.doc,retain,,not a conservative cleanup candidate,no
/Users/shidianjin/Documents/高考英语/2021·高考英语真题/2021年高考英语试卷（北京）（机考 无听力）（空白卷）.doc,2021·高考英语真题/2021年高考英语试卷（北京）（机考 无听力）（空白卷）.doc,retain,,not a conservative cleanup candidate,no
/Users/shidianjin/Documents/高考英语/2021·高考英语真题/2021年高考英语试卷（北京）（机考 无听力）（解析卷）.doc,2021·高考英语真题/2021年高考英语试卷（北京）（机考 无听力）（解析卷）.doc,retain,,not a conservative cleanup candidate,no
/Users/shidianjin/Documents/高考英语/2021·高考英语真题/2021年高考英语试卷（天津）（第一次）（空白卷）.docx,2021·高考英语真题/2021年高考英语试卷（天津）（第一次）（空白卷）.docx,retain,,not a conservative cleanup candidate,no
/Users/shidianjin/Documents/高考英语/2021·高考英语真题/2021年高考英语试卷（天津）（第一次）（解析卷）.docx,2021·高考英语真题/2021年高考英语试卷（天津）（第一次）（解析卷）.docx,retain,,not a conservative cleanup candidate,no
/Users/shidianjin/Documents/高考英语/2021·高考英语真题/2021年高考英语试卷（天津）（第二次）（空白卷）.docx,2021·高考英语真题/2021年高考英语试卷（天津）（第二次）（空白卷）.docx,retain,,not a conservative cleanup candidate,no
/Users/shidianjin/Documents/高考英语/2021·高考英语真题/2021年高考英语试卷（天津）（第二次）（解析卷）.docx,2021·高考英语真题/2021年高考英语试卷（天津）（第二次）（解析卷）.docx,retain,,not a conservative cleanup candidate,no
/Users/shidianjin/Documents/高考英语/2021·高考英语真题/2021年高考英语试卷（新高考Ⅰ卷）听力音频.mp3,2021·高考英语真题/2021年高考英语试卷（新高考Ⅰ卷）听力音频.mp3,retain,,not a conservative cleanup candidate,no
/Users/shidianjin/Documents/高考英语/2021·高考英语真题/2021年高考英语试卷（新高考Ⅰ卷）（空白卷）.doc,2021·高考英语真题/2021年高考英语试卷（新高考Ⅰ卷）（空白卷）.doc,retain,,not a conservative cleanup candidate,no
/Users/shidianjin/Documents/高考英语/2021·高考英语真题/2021年高考英语试卷（新高考Ⅰ卷）（解析卷）.doc,2021·高考英语真题/2021年高考英语试卷（新高考Ⅰ卷）（解析卷）.doc,retain,,not a conservative cleanup candidate,no
/Users/shidianjin/Documents/高考英语/2021·高考英语真题/2021年高考英语试卷（新高考Ⅱ卷）听力音频.mp3,2021·高考英语真题/2021年高考英语试卷（新高考Ⅱ卷）听力音频.mp3,retain,,not a conservative cleanup candidate,no
/Users/shidianjin/Documents/高考英语/2021·高考英语真题/2021年高考英语试卷（新高考Ⅱ卷）（空白卷）.doc,2021·高考英语真题/2021年高考英语试卷（新高考Ⅱ卷）（空白卷）.doc,retain,,not a conservative cleanup candidate,no
/Users/shidianjin/Documents/高考英语/2021·高考英语真题/2021年高考英语试卷（新高考Ⅱ卷）（解析卷）.doc,2021·高考英语真题/2021年高考英语试卷（新高考Ⅱ卷）（解析卷）.doc,retain,,not a conservative cleanup candidate,no
/Users/shidianjin/Documents/高考英语/2021·高考英语真题/2021年高考英语试卷（浙江）（1月）听力音频.mp3,2021·高考英语真题/2021年高考英语试卷（浙江）（1月）听力音频.mp3,retain,,not a conservative cleanup candidate,no
/Users/shidianjin/Documents/高考英语/2021·高考英语真题/2021年高考英语试卷（浙江）（1月）（空白卷）.docx,2021·高考英语真题/2021年高考英语试卷（浙江）（1月）（空白卷）.docx,retain,,not a conservative cleanup candidate,no
/Users/shidianjin/Documents/高考英语/2021·高考英语真题/2021年高考英语试卷（浙江）（1月）（解析卷）.doc,2021·高考英语真题/2021年高考英语试卷（浙江）（1月）（解析卷）.doc,retain,,not a conservative cleanup candidate,no
/Users/shidianjin/Documents/高考英语/2021·高考英语真题/2021年高考英语试卷（浙江）（6月）听力音频.mp3,2021·高考英语真题/2021年高考英语试卷（浙江）（6月）听力音频.mp3,retain,,not a conservative cleanup candidate,no
/Users/shidianjin/Documents/高考英语/2021·高考英语真题/2021年高考英语试卷（浙江）（6月）（空白卷）.doc,2021·高考英语真题/2021年高考英语试卷（浙江）（6月）（空白卷）.doc,retain,,not a conservative cleanup candidate,no
/Users/shidianjin/Documents/高考英语/2021·高考英语真题/2021年高考英语试卷（浙江）（6月）（解析卷）.doc,2021·高考英语真题/2021年高考英语试卷（浙江）（6月）（解析卷）.doc,retain,,not a conservative cleanup candidate,no
/Users/shidianjin/Documents/高考英语/2022·高考英语真题/2022年高考英语试卷（上海）（春考）听力音频.mp3,2022·高考英语真题/2022年高考英语试卷（上海）（春考）听力音频.mp3,retain,,not a conservative cleanup candidate,no
/Users/shidianjin/Documents/高考英语/2022·高考英语真题/2022年高考英语试卷（上海）（春考）（空白卷） .doc,2022·高考英语真题/2022年高考英语试卷（上海）（春考）（空白卷） .doc,retain,,not a conservative cleanup candidate,no
/Users/shidianjin/Documents/高考英语/2022·高考英语真题/2022年高考英语试卷（上海）（春考）（答案卷）.doc,2022·高考英语真题/2022年高考英语试卷（上海）（春考）（答案卷）.doc,retain,,not a conservative cleanup candidate,no
/Users/shidianjin/Documents/高考英语/2022·高考英语真题/2022年高考英语试卷（上海）（秋考）听力音频.mp3,2022·高考英语真题/2022年高考英语试卷（上海）（秋考）听力音频.mp3,retain,,not a conservative cleanup candidate,no
/Users/shidianjin/Documents/高考英语/2022·高考英语真题/2022年高考英语试卷（上海）（秋考）（空白卷）.docx,2022·高考英语真题/2022年高考英语试卷（上海）（秋考）（空白卷）.docx,retain,,not a conservative cleanup candidate,no
/Users/shidianjin/Documents/高考英语/2022·高考英语真题/2022年高考英语试卷（上海）（秋考）（解析卷）.docx,2022·高考英语真题/2022年高考英语试卷（上海）（秋考）（解析卷）.docx,retain,,not a conservative cleanup candidate,no
/Users/shidianjin/Documents/高考英语/2022·高考英语真题/2022年高考英语试卷（全国乙卷）听力音频.mp3,2022·高考英语真题/2022年高考英语试卷（全国乙卷）听力音频.mp3,retain,,not a conservative cleanup candidate,no
/Users/shidianjin/Documents/高考英语/2022·高考英语真题/2022年高考英语试卷（全国乙卷）（空白卷）.docx,2022·高考英语真题/2022年高考英语试卷（全国乙卷）（空白卷）.docx,retain,,not a conservative cleanup candidate,no
/Users/shidianjin/Documents/高考英语/2022·高考英语真题/2022年高考英语试卷（全国乙卷）（解析卷）.docx,2022·高考英语真题/2022年高考英语试卷（全国乙卷）（解析卷）.docx,retain,,not a conservative cleanup candidate,no
/Users/shidianjin/Documents/高考英语/2022·高考英语真题/2022年高考英语试卷（全国甲卷）听力音频.mp3,2022·高考英语真题/2022年高考英语试卷（全国甲卷）听力音频.mp3,retain,,not a conservative cleanup candidate,no
/Users/shidianjin/Documents/高考英语/2022·高考英语真题/2022年高考英语试卷（全国甲卷）（空白卷）.docx,2022·高考英语真题/2022年高考英语试卷（全国甲卷）（空白卷）.docx,retain,,not a conservative cleanup candidate,no
/Users/shidianjin/Documents/高考英语/2022·高考英语真题/2022年高考英语试卷（全国甲卷）（解析卷）.docx,2022·高考英语真题/2022年高考英语试卷（全国甲卷）（解析卷）.docx,retain,,not a conservative cleanup candidate,no
/Users/shidianjin/Documents/高考英语/2022·高考英语真题/2022年高考英语试卷（北京）（机考 无听力）（空白卷）.docx,2022·高考英语真题/2022年高考英语试卷（北京）（机考 无听力）（空白卷）.docx,retain,,not a conservative cleanup candidate,no
/Users/shidianjin/Documents/高考英语/2022·高考英语真题/2022年高考英语试卷（北京）（机考 无听力）（解析卷）.docx,2022·高考英语真题/2022年高考英语试卷（北京）（机考 无听力）（解析卷）.docx,retain,,not a conservative cleanup candidate,no
/Users/shidianjin/Documents/高考英语/2022·高考英语真题/2022年高考英语试卷（天津）（第一次）（空白卷）.docx,2022·高考英语真题/2022年高考英语试卷（天津）（第一次）（空白卷）.docx,retain,,not a conservative cleanup candidate,no
/Users/shidianjin/Documents/高考英语/2022·高考英语真题/2022年高考英语试卷（天津）（第一次）（答案版）.docx,2022·高考英语真题/2022年高考英语试卷（天津）（第一次）（答案版）.docx,retain,,not a conservative cleanup candidate,no
/Users/shidianjin/Documents/高考英语/2022·高考英语真题/2022年高考英语试卷（天津）（第二次）（空白卷）.docx,2022·高考英语真题/2022年高考英语试卷（天津）（第二次）（空白卷）.docx,retain,,not a conservative cleanup candidate,no
/Users/shidianjin/Documents/高考英语/2022·高考英语真题/2022年高考英语试卷（天津）（第二次）（解析卷）.docx,2022·高考英语真题/2022年高考英语试卷（天津）（第二次）（解析卷）.docx,retain,,not a conservative cleanup candidate,no
/Users/shidianjin/Documents/高考英语/2022·高考英语真题/2022年高考英语试卷（新高考Ⅰ卷）听力音频.mp3,2022·高考英语真题/2022年高考英语试卷（新高考Ⅰ卷）听力音频.mp3,retain,,not a conservative cleanup candidate,no
/Users/shidianjin/Documents/高考英语/2022·高考英语真题/2022年高考英语试卷（新高考Ⅰ卷）（空白卷）.docx,2022·高考英语真题/2022年高考英语试卷（新高考Ⅰ卷）（空白卷）.docx,retain,,not a conservative cleanup candidate,no
/Users/shidianjin/Documents/高考英语/2022·高考英语真题/2022年高考英语试卷（新高考Ⅰ卷）（解析卷）.docx,2022·高考英语真题/2022年高考英语试卷（新高考Ⅰ卷）（解析卷）.docx,retain,,not a conservative cleanup candidate,no
/Users/shidianjin/Documents/高考英语/2022·高考英语真题/2022年高考英语试卷（新高考Ⅱ卷）听力音频.mp3,2022·高考英语真题/2022年高考英语试卷（新高考Ⅱ卷）听力音频.mp3,retain,,not a conservative cleanup candidate,no
/Users/shidianjin/Documents/高考英语/2022·高考英语真题/2022年高考英语试卷（新高考Ⅱ卷）（空白卷）.docx,2022·高考英语真题/2022年高考英语试卷（新高考Ⅱ卷）（空白卷）.docx,retain,,not a conservative cleanup candidate,no
/Users/shidianjin/Documents/高考英语/2022·高考英语真题/2022年高考英语试卷（新高考Ⅱ卷）（解析卷）.docx,2022·高考英语真题/2022年高考英语试卷（新高考Ⅱ卷）（解析卷）.docx,retain,,not a conservative cleanup candidate,no
/Users/shidianjin/Documents/高考英语/2022·高考英语真题/2022年高考英语试卷（浙江）（1月）听力音频.mp3,2022·高考英语真题/2022年高考英语试卷（浙江）（1月）听力音频.mp3,retain,,not a conservative cleanup candidate,no
/Users/shidianjin/Documents/高考英语/2022·高考英语真题/2022年高考英语试卷（浙江）（1月）（空白卷）.docx,2022·高考英语真题/2022年高考英语试卷（浙江）（1月）（空白卷）.docx,retain,,not a conservative cleanup candidate,no
/Users/shidianjin/Documents/高考英语/2022·高考英语真题/2022年高考英语试卷（浙江）（1月）（解析卷）.docx,2022·高考英语真题/2022年高考英语试卷（浙江）（1月）（解析卷）.docx,retain,,not a conservative cleanup candidate,no
/Users/shidianjin/Documents/高考英语/2022·高考英语真题/2022年高考英语试卷（浙江）（7月）听力音频.mp3,2022·高考英语真题/2022年高考英语试卷（浙江）（7月）听力音频.mp3,retain,,not a conservative cleanup candidate,no
/Users/shidianjin/Documents/高考英语/2022·高考英语真题/2022年高考英语试卷（浙江）（7月）（空白卷）.docx,2022·高考英语真题/2022年高考英语试卷（浙江）（7月）（空白卷）.docx,retain,,not a conservative cleanup candidate,no
/Users/shidianjin/Documents/高考英语/2022·高考英语真题/2022年高考英语试卷（浙江）（7月）（解析卷）.docx,2022·高考英语真题/2022年高考英语试卷（浙江）（7月）（解析卷）.docx,retain,,not a conservative cleanup candidate,no
/Users/shidianjin/Documents/高考英语/2022年/2022年新高考1卷 ABCD篇+七五 -词汇精讲+长难句分析+全篇译文（原卷版）- 2022年高考英语真题深度解析.docx,2022年/2022年新高考1卷 ABCD篇+七五 -词汇精讲+长难句分析+全篇译文（原卷版）- 2022年高考英语真题深度解析.docx,retain,,not a conservative cleanup candidate,no
/Users/shidianjin/Documents/高考英语/2022年/2022年新高考1卷 ABCD篇+七五 -词汇精讲+长难句分析+全篇译文（解析版）- 2022年高考英语真题深度解析.docx,2022年/2022年新高考1卷 ABCD篇+七五 -词汇精讲+长难句分析+全篇译文（解析版）- 2022年高考英语真题深度解析.docx,retain,,not a conservative cleanup candidate,no
/Users/shidianjin/Documents/高考英语/2022年/2022年高考考前押题密卷（广东卷）（A4考试版）.docx,2022年/2022年高考考前押题密卷（广东卷）（A4考试版）.docx,retain,,not a conservative cleanup candidate,no
/Users/shidianjin/Documents/高考英语/2022年/广东省广州市实验、华附、深中、广雅四校联考2020-2021学年高二下学期期末英语试题（解析版）.docx,2022年/广东省广州市实验、华附、深中、广雅四校联考2020-2021学年高二下学期期末英语试题（解析版）.docx,retain,,not a conservative cleanup candidate,no
/Users/shidianjin/Documents/高考英语/2023·高考英语真题/2023年高考英语试卷（上海）（春考）听力音频.mp3,2023·高考英语真题/2023年高考英语试卷（上海）（春考）听力音频.mp3,retain,,not a conservative cleanup candidate,no
/Users/shidianjin/Documents/高考英语/2023·高考英语真题/2023年高考英语试卷（上海）（春考）（空白卷）.docx,2023·高考英语真题/2023年高考英语试卷（上海）（春考）（空白卷）.docx,retain,,not a conservative cleanup candidate,no
/Users/shidianjin/Documents/高考英语/2023·高考英语真题/2023年高考英语试卷（上海）（春考）（解析卷）.docx,2023·高考英语真题/2023年高考英语试卷（上海）（春考）（解析卷）.docx,retain,,not a conservative cleanup candidate,no
/Users/shidianjin/Documents/高考英语/2023·高考英语真题/2023年高考英语试卷（上海）（秋考）听力音频.mp3,2023·高考英语真题/2023年高考英语试卷（上海）（秋考）听力音频.mp3,retain,,not a conservative cleanup candidate,no
/Users/shidianjin/Documents/高考英语/2023·高考英语真题/2023年高考英语试卷（上海）（秋考）（空白卷）.docx,2023·高考英语真题/2023年高考英语试卷（上海）（秋考）（空白卷）.docx,retain,,not a conservative cleanup candidate,no
/Users/shidianjin/Documents/高考英语/2023·高考英语真题/2023年高考英语试卷（上海）（秋考）（解析卷）.docx,2023·高考英语真题/2023年高考英语试卷（上海）（秋考）（解析卷）.docx,retain,,not a conservative cleanup candidate,no
/Users/shidianjin/Documents/高考英语/2023·高考英语真题/2023年高考英语试卷（全国乙卷）听力音频.mp3,2023·高考英语真题/2023年高考英语试卷（全国乙卷）听力音频.mp3,retain,,not a conservative cleanup candidate,no
/Users/shidianjin/Documents/高考英语/2023·高考英语真题/2023年高考英语试卷（全国乙卷）（空白卷）.docx,2023·高考英语真题/2023年高考英语试卷（全国乙卷）（空白卷）.docx,retain,,not a conservative cleanup candidate,no
/Users/shidianjin/Documents/高考英语/2023·高考英语真题/2023年高考英语试卷（全国乙卷）（解析卷）.docx,2023·高考英语真题/2023年高考英语试卷（全国乙卷）（解析卷）.docx,retain,,not a conservative cleanup candidate,no
/Users/shidianjin/Documents/高考英语/2023·高考英语真题/2023年高考英语试卷（全国甲卷）（空白卷）.docx,2023·高考英语真题/2023年高考英语试卷（全国甲卷）（空白卷）.docx,retain,,not a conservative cleanup candidate,no
/Users/shidianjin/Documents/高考英语/2023·高考英语真题/2023年高考英语试卷（全国甲卷）（解析卷）.docx,2023·高考英语真题/2023年高考英语试卷（全国甲卷）（解析卷）.docx,retain,,not a conservative cleanup candidate,no
/Users/shidianjin/Documents/高考英语/2023·高考英语真题/2023年高考英语试卷（北京）（机考 无听力）（空白卷）.docx,2023·高考英语真题/2023年高考英语试卷（北京）（机考 无听力）（空白卷）.docx,retain,,not a conservative cleanup candidate,no
/Users/shidianjin/Documents/高考英语/2023·高考英语真题/2023年高考英语试卷（北京）（机考 无听力）（解析卷）.docx,2023·高考英语真题/2023年高考英语试卷（北京）（机考 无听力）（解析卷）.docx,retain,,not a conservative cleanup candidate,no
/Users/shidianjin/Documents/高考英语/2023·高考英语真题/2023年高考英语试卷（天津）（第一次）（空白卷）.docx,2023·高考英语真题/2023年高考英语试卷（天津）（第一次）（空白卷）.docx,retain,,not a conservative cleanup candidate,no
/Users/shidianjin/Documents/高考英语/2023·高考英语真题/2023年高考英语试卷（天津）（第一次）（答案卷）.docx,2023·高考英语真题/2023年高考英语试卷（天津）（第一次）（答案卷）.docx,retain,,not a conservative cleanup candidate,no
/Users/shidianjin/Documents/高考英语/2023·高考英语真题/2023年高考英语试卷（天津）（第二次）（空白卷）.docx,2023·高考英语真题/2023年高考英语试卷（天津）（第二次）（空白卷）.docx,retain,,not a conservative cleanup candidate,no
/Users/shidianjin/Documents/高考英语/2023·高考英语真题/2023年高考英语试卷（天津）（第二次）（答案卷）.docx,2023·高考英语真题/2023年高考英语试卷（天津）（第二次）（答案卷）.docx,retain,,not a conservative cleanup candidate,no
/Users/shidianjin/Documents/高考英语/2023·高考英语真题/2023年高考英语试卷（新高考Ⅰ卷）听力音频.mp3,2023·高考英语真题/2023年高考英语试卷（新高考Ⅰ卷）听力音频.mp3,retain,,not a conservative cleanup candidate,no
/Users/shidianjin/Documents/高考英语/2023·高考英语真题/2023年高考英语试卷（新高考Ⅰ卷）（空白卷）.docx,2023·高考英语真题/2023年高考英语试卷（新高考Ⅰ卷）（空白卷）.docx,retain,,not a conservative cleanup candidate,no
/Users/shidianjin/Documents/高考英语/2023·高考英语真题/2023年高考英语试卷（新高考Ⅰ卷）（解析卷）.docx,2023·高考英语真题/2023年高考英语试卷（新高考Ⅰ卷）（解析卷）.docx,retain,,not a conservative cleanup candidate,no
/Users/shidianjin/Documents/高考英语/2023·高考英语真题/2023年高考英语试卷（新高考Ⅱ卷）（空白卷）.docx,2023·高考英语真题/2023年高考英语试卷（新高考Ⅱ卷）（空白卷）.docx,retain,,not a conservative cleanup candidate,no
/Users/shidianjin/Documents/高考英语/2023·高考英语真题/2023年高考英语试卷（新高考Ⅱ卷）（解析卷）.docx,2023·高考英语真题/2023年高考英语试卷（新高考Ⅱ卷）（解析卷）.docx,retain,,not a conservative cleanup candidate,no
/Users/shidianjin/Documents/高考英语/2023·高考英语真题/2023年高考英语试卷（浙江）（1月）听力音频.mp3,2023·高考英语真题/2023年高考英语试卷（浙江）（1月）听力音频.mp3,retain,,not a conservative cleanup candidate,no
/Users/shidianjin/Documents/高考英语/2023·高考英语真题/2023年高考英语试卷（浙江）（1月）（空白卷）.docx,2023·高考英语真题/2023年高考英语试卷（浙江）（1月）（空白卷）.docx,retain,,not a conservative cleanup candidate,no
/Users/shidianjin/Documents/高考英语/2023·高考英语真题/2023年高考英语试卷（浙江）（1月）（解析卷）.docx,2023·高考英语真题/2023年高考英语试卷（浙江）（1月）（解析卷）.docx,retain,,not a conservative cleanup candidate,no
/Users/shidianjin/Documents/高考英语/2024·高考英语真题/2024年高考英语试卷（全国甲卷）听力音频.mp3,2024·高考英语真题/2024年高考英语试卷（全国甲卷）听力音频.mp3,retain,,not a conservative cleanup candidate,no
/Users/shidianjin/Documents/高考英语/2024·高考英语真题/2024年高考英语试卷（全国甲卷）（空白卷）.docx,2024·高考英语真题/2024年高考英语试卷（全国甲卷）（空白卷）.docx,retain,,not a conservative cleanup candidate,no
/Users/shidianjin/Documents/高考英语/2024·高考英语真题/2024年高考英语试卷（全国甲卷）（解析卷）.docx,2024·高考英语真题/2024年高考英语试卷（全国甲卷）（解析卷）.docx,retain,,not a conservative cleanup candidate,no
/Users/shidianjin/Documents/高考英语/2024·高考英语真题/2024年高考英语试卷（北京）（机考 无听力）（空白卷）.docx,2024·高考英语真题/2024年高考英语试卷（北京）（机考 无听力）（空白卷）.docx,retain,,not a conservative cleanup candidate,no
/Users/shidianjin/Documents/高考英语/2024·高考英语真题/2024年高考英语试卷（北京）（机考 无听力）（解析卷）.docx,2024·高考英语真题/2024年高考英语试卷（北京）（机考 无听力）（解析卷）.docx,retain,,not a conservative cleanup candidate,no
/Users/shidianjin/Documents/高考英语/2024·高考英语真题/2024年高考英语试卷（天津）（第一次）（空白卷）.docx,2024·高考英语真题/2024年高考英语试卷（天津）（第一次）（空白卷）.docx,retain,,not a conservative cleanup candidate,no
/Users/shidianjin/Documents/高考英语/2024·高考英语真题/2024年高考英语试卷（天津）（第一次）（解析卷）.docx,2024·高考英语真题/2024年高考英语试卷（天津）（第一次）（解析卷）.docx,retain,,not a conservative cleanup candidate,no
/Users/shidianjin/Documents/高考英语/2024·高考英语真题/2024年高考英语试卷（新高考Ⅰ卷）听力音频.mp3,2024·高考英语真题/2024年高考英语试卷（新高考Ⅰ卷）听力音频.mp3,retain,,not a conservative cleanup candidate,no
/Users/shidianjin/Documents/高考英语/2024·高考英语真题/2024年高考英语试卷（新高考Ⅰ卷）（空白卷）.docx,2024·高考英语真题/2024年高考英语试卷（新高考Ⅰ卷）（空白卷）.docx,retain,,not a conservative cleanup candidate,no
/Users/shidianjin/Documents/高考英语/2024·高考英语真题/2024年高考英语试卷（新高考Ⅰ卷）（解析卷）.docx,2024·高考英语真题/2024年高考英语试卷（新高考Ⅰ卷）（解析卷）.docx,retain,,not a conservative cleanup candidate,no
/Users/shidianjin/Documents/高考英语/2024·高考英语真题/2024年高考英语试卷（新高考Ⅱ卷）听力音频.mp3,2024·高考英语真题/2024年高考英语试卷（新高考Ⅱ卷）听力音频.mp3,retain,,not a conservative cleanup candidate,no
/Users/shidianjin/Documents/高考英语/2024·高考英语真题/2024年高考英语试卷（新高考Ⅱ卷）（空白卷）.docx,2024·高考英语真题/2024年高考英语试卷（新高考Ⅱ卷）（空白卷）.docx,retain,,not a conservative cleanup candidate,no
/Users/shidianjin/Documents/高考英语/2024·高考英语真题/2024年高考英语试卷（新高考Ⅱ卷）（解析卷）.docx,2024·高考英语真题/2024年高考英语试卷（新高考Ⅱ卷）（解析卷）.docx,retain,,not a conservative cleanup candidate,no
/Users/shidianjin/Documents/高考英语/2024·高考英语真题/2024年高考英语试卷（浙江）（1月）听力音频.mp3,2024·高考英语真题/2024年高考英语试卷（浙江）（1月）听力音频.mp3,retain,,not a conservative cleanup candidate,no
/Users/shidianjin/Documents/高考英语/2024·高考英语真题/2024年高考英语试卷（浙江）（1月）（空白卷）.docx,2024·高考英语真题/2024年高考英语试卷（浙江）（1月）（空白卷）.docx,retain,,not a conservative cleanup candidate,no
/Users/shidianjin/Documents/高考英语/2024·高考英语真题/2024年高考英语试卷（浙江）（1月）（解析卷）.docx,2024·高考英语真题/2024年高考英语试卷（浙江）（1月）（解析卷）.docx,retain,,not a conservative cleanup candidate,no
/Users/shidianjin/Documents/高考英语/2025·高考英语真题/2025年高考英语试卷（北京）（空白卷）.docx,2025·高考英语真题/2025年高考英语试卷（北京）（空白卷）.docx,retain,,not a conservative cleanup candidate,no
/Users/shidianjin/Documents/高考英语/2025·高考英语真题/2025年高考英语试卷（北京）（解析卷）.docx,2025·高考英语真题/2025年高考英语试卷（北京）（解析卷）.docx,retain,,not a conservative cleanup candidate,no
/Users/shidianjin/Documents/高考英语/2025·高考英语真题/2025年高考英语试卷（新高考Ⅰ卷）听力音频.mp3,2025·高考英语真题/2025年高考英语试卷（新高考Ⅰ卷）听力音频.mp3,retain,,not a conservative cleanup candidate,no
/Users/shidianjin/Documents/高考英语/2025·高考英语真题/2025年高考英语试卷（新高考Ⅰ卷）（空白卷）.docx,2025·高考英语真题/2025年高考英语试卷（新高考Ⅰ卷）（空白卷）.docx,retain,,not a conservative cleanup candidate,no
/Users/shidianjin/Documents/高考英语/2025·高考英语真题/2025年高考英语试卷（新高考Ⅰ卷）（解析卷）.docx,2025·高考英语真题/2025年高考英语试卷（新高考Ⅰ卷）（解析卷）.docx,retain,,not a conservative cleanup candidate,no
/Users/shidianjin/Documents/高考英语/2025·高考英语真题/2025年高考英语试卷（新高考Ⅱ卷）听力音频.mp3,2025·高考英语真题/2025年高考英语试卷（新高考Ⅱ卷）听力音频.mp3,retain,,not a conservative cleanup candidate,no
/Users/shidianjin/Documents/高考英语/2025·高考英语真题/2025年高考英语试卷（新高考Ⅱ卷）（空白卷）.docx,2025·高考英语真题/2025年高考英语试卷（新高考Ⅱ卷）（空白卷）.docx,retain,,not a conservative cleanup candidate,no
/Users/shidianjin/Documents/高考英语/2025·高考英语真题/2025年高考英语试卷（新高考Ⅱ卷）（解析卷）.docx,2025·高考英语真题/2025年高考英语试卷（新高考Ⅱ卷）（解析卷）.docx,retain,,not a conservative cleanup candidate,no
/Users/shidianjin/Documents/高考英语/2025·高考英语真题/2025年高考英语试卷（浙江）（1月）听力音频.mp3,2025·高考英语真题/2025年高考英语试卷（浙江）（1月）听力音频.mp3,retain,,not a conservative cleanup candidate,no
/Users/shidianjin/Documents/高考英语/2025·高考英语真题/2025年高考英语试卷（浙江）（1月）（空白卷）.docx,2025·高考英语真题/2025年高考英语试卷（浙江）（1月）（空白卷）.docx,retain,,not a conservative cleanup candidate,no
/Users/shidianjin/Documents/高考英语/2025·高考英语真题/2025年高考英语试卷（浙江）（1月）（解析卷）.docx,2025·高考英语真题/2025年高考英语试卷（浙江）（1月）（解析卷）.docx,retain,,not a conservative cleanup candidate,no
/Users/shidianjin/Documents/高考英语/全国卷·英语（2008-2025）/2021年高考英语试卷（全国乙卷）（新课标Ⅰ）（解析卷）.docx,全国卷·英语（2008-2025）/2021年高考英语试卷（全国乙卷）（新课标Ⅰ）（解析卷）.docx,retain,,not a conservative cleanup candidate,no
/Users/shidianjin/Documents/高考英语/全国卷·英语（2008-2025）/2022年高考英语试卷（全国乙卷）（空白卷）.docx,全国卷·英语（2008-2025）/2022年高考英语试卷（全国乙卷）（空白卷）.docx,retain,,not a conservative cleanup candidate,no
/Users/shidianjin/Documents/高考英语/全国卷·英语（2008-2025）/2022年高考英语试卷（全国乙卷）（解析卷）.docx,全国卷·英语（2008-2025）/2022年高考英语试卷（全国乙卷）（解析卷）.docx,retain,,not a conservative cleanup candidate,no
/Users/shidianjin/Documents/高考英语/全国卷·英语（2008-2025）/2022年高考英语试卷（全国甲卷）（空白卷）.docx,全国卷·英语（2008-2025）/2022年高考英语试卷（全国甲卷）（空白卷）.docx,retain,,not a conservative cleanup candidate,no
/Users/shidianjin/Documents/高考英语/全国卷·英语（2008-2025）/2022年高考英语试卷（全国甲卷）（解析卷）.docx,全国卷·英语（2008-2025）/2022年高考英语试卷（全国甲卷）（解析卷）.docx,retain,,not a conservative cleanup candidate,no
/Users/shidianjin/Documents/高考英语/全国卷·英语（2008-2025）/2022年高考英语试卷（新高考Ⅰ卷）（空白卷）.docx,全国卷·英语（2008-2025）/2022年高考英语试卷（新高考Ⅰ卷）（空白卷）.docx,retain,,not a conservative cleanup candidate,no
/Users/shidianjin/Documents/高考英语/全国卷·英语（2008-2025）/2022年高考英语试卷（新高考Ⅰ卷）（解析卷）.docx,全国卷·英语（2008-2025）/2022年高考英语试卷（新高考Ⅰ卷）（解析卷）.docx,retain,,not a conservative cleanup candidate,no
/Users/shidianjin/Documents/高考英语/全国卷·英语（2008-2025）/2022年高考英语试卷（新高考Ⅱ卷）（空白卷）.docx,全国卷·英语（2008-2025）/2022年高考英语试卷（新高考Ⅱ卷）（空白卷）.docx,retain,,not a conservative cleanup candidate,no
/Users/shidianjin/Documents/高考英语/全国卷·英语（2008-2025）/2022年高考英语试卷（新高考Ⅱ卷）（解析卷）.docx,全国卷·英语（2008-2025）/2022年高考英语试卷（新高考Ⅱ卷）（解析卷）.docx,retain,,not a conservative cleanup candidate,no
/Users/shidianjin/Documents/高考英语/全国卷·英语（2008-2025）/2023年高考英语试卷（全国乙卷）（空白卷）.docx,全国卷·英语（2008-2025）/2023年高考英语试卷（全国乙卷）（空白卷）.docx,retain,,not a conservative cleanup candidate,no
/Users/shidianjin/Documents/高考英语/全国卷·英语（2008-2025）/2023年高考英语试卷（全国乙卷）（解析卷）.docx,全国卷·英语（2008-2025）/2023年高考英语试卷（全国乙卷）（解析卷）.docx,retain,,not a conservative cleanup candidate,no
/Users/shidianjin/Documents/高考英语/全国卷·英语（2008-2025）/2023年高考英语试卷（全国甲卷）（空白卷）.docx,全国卷·英语（2008-2025）/2023年高考英语试卷（全国甲卷）（空白卷）.docx,retain,,not a conservative cleanup candidate,no
/Users/shidianjin/Documents/高考英语/全国卷·英语（2008-2025）/2023年高考英语试卷（全国甲卷）（解析卷）.docx,全国卷·英语（2008-2025）/2023年高考英语试卷（全国甲卷）（解析卷）.docx,retain,,not a conservative cleanup candidate,no
/Users/shidianjin/Documents/高考英语/全国卷·英语（2008-2025）/2023年高考英语试卷（新高考Ⅰ卷）（空白卷）.docx,全国卷·英语（2008-2025）/2023年高考英语试卷（新高考Ⅰ卷）（空白卷）.docx,retain,,not a conservative cleanup candidate,no
/Users/shidianjin/Documents/高考英语/全国卷·英语（2008-2025）/2023年高考英语试卷（新高考Ⅰ卷）（解析卷）.docx,全国卷·英语（2008-2025）/2023年高考英语试卷（新高考Ⅰ卷）（解析卷）.docx,retain,,not a conservative cleanup candidate,no
/Users/shidianjin/Documents/高考英语/全国卷·英语（2008-2025）/2023年高考英语试卷（新高考Ⅱ卷）（空白卷）.docx,全国卷·英语（2008-2025）/2023年高考英语试卷（新高考Ⅱ卷）（空白卷）.docx,retain,,not a conservative cleanup candidate,no
/Users/shidianjin/Documents/高考英语/全国卷·英语（2008-2025）/2023年高考英语试卷（新高考Ⅱ卷）（解析卷）.docx,全国卷·英语（2008-2025）/2023年高考英语试卷（新高考Ⅱ卷）（解析卷）.docx,retain,,not a conservative cleanup candidate,no
/Users/shidianjin/Documents/高考英语/新高考版高考总复习英语5·3A版/专题一谓语动词的时态/专题PDF/专题PDF/专题电子书/专题一　谓语动词的时态.pdf,新高考版高考总复习英语5·3A版/专题一谓语动词的时态/专题PDF/专题PDF/专题电子书/专题一　谓语动词的时态.pdf,retain,,not a conservative cleanup candidate,no
/Users/shidianjin/Documents/高考英语/新高考版高考总复习英语5·3A版/专题一谓语动词的时态/讲解部分PPT/讲解部分PPT—课标导航、考点清单/讲解PPT/讲解部分PPT—课标导航、考点清单.pptx,新高考版高考总复习英语5·3A版/专题一谓语动词的时态/讲解部分PPT/讲解部分PPT—课标导航、考点清单/讲解PPT/讲解部分PPT—课标导航、考点清单.pptx,retain,,not a conservative cleanup candidate,no
/Users/shidianjin/Documents/高考英语/新高考版高考总复习英语5·3A版/专题一谓语动词的时态/试题部分WORD/试题部分WORD—5年高考、3年模拟/试题WORD/试题部分WORD—5年高考、3年模拟.docx,新高考版高考总复习英语5·3A版/专题一谓语动词的时态/试题部分WORD/试题部分WORD—5年高考、3年模拟/试题WORD/试题部分WORD—5年高考、3年模拟.docx,retain,,not a conservative cleanup candidate,no
/Users/shidianjin/Documents/高考英语/新高考版高考总复习英语5·3A版/专题一谓语动词的时态/试题部分WORD/试题部分WORD—考点集训/试题WORD/试题部分WORD—考点集训.docx,新高考版高考总复习英语5·3A版/专题一谓语动词的时态/试题部分WORD/试题部分WORD—考点集训/试题WORD/试题部分WORD—考点集训.docx,retain,,not a conservative cleanup candidate,no
/Users/shidianjin/Documents/高考英语/新高考版高考总复习英语5·3A版/专题七名词、冠词和数词/专题PDF/专题PDF/专题电子书/专题七　名词、冠词和数词.pdf,新高考版高考总复习英语5·3A版/专题七名词、冠词和数词/专题PDF/专题PDF/专题电子书/专题七　名词、冠词和数词.pdf,retain,,not a conservative cleanup candidate,no
/Users/shidianjin/Documents/高考英语/新高考版高考总复习英语5·3A版/专题七名词、冠词和数词/讲解部分PPT/讲解部分PPT—课标导航、考点清单/讲解PPT/讲解部分PPT—课标导航、考点清单.pptx,新高考版高考总复习英语5·3A版/专题七名词、冠词和数词/讲解部分PPT/讲解部分PPT—课标导航、考点清单/讲解PPT/讲解部分PPT—课标导航、考点清单.pptx,retain,,not a conservative cleanup candidate,no
/Users/shidianjin/Documents/高考英语/新高考版高考总复习英语5·3A版/专题七名词、冠词和数词/试题部分WORD/试题部分WORD—5年高考、3年模拟/试题WORD/试题部分word—5年高考、3年模拟.docx,新高考版高考总复习英语5·3A版/专题七名词、冠词和数词/试题部分WORD/试题部分WORD—5年高考、3年模拟/试题WORD/试题部分word—5年高考、3年模拟.docx,retain,,not a conservative cleanup candidate,no
/Users/shidianjin/Documents/高考英语/新高考版高考总复习英语5·3A版/专题七名词、冠词和数词/试题部分WORD/试题部分WORD—考点集训/试题WORD/试题部分word—考点集训.docx,新高考版高考总复习英语5·3A版/专题七名词、冠词和数词/试题部分WORD/试题部分WORD—考点集训/试题WORD/试题部分word—考点集训.docx,retain,,not a conservative cleanup candidate,no
/Users/shidianjin/Documents/高考英语/新高考版高考总复习英语5·3A版/专题三主谓一致/专题PDF/专题PDF/专题电子书/专题三　主谓一致.pdf,新高考版高考总复习英语5·3A版/专题三主谓一致/专题PDF/专题PDF/专题电子书/专题三　主谓一致.pdf,retain,,not a conservative cleanup candidate,no
/Users/shidianjin/Documents/高考英语/新高考版高考总复习英语5·3A版/专题三主谓一致/讲解部分PPT/讲解部分PPT—课标导航、考点清单/讲解PPT/讲解部分PPT—课标导航、考点清单.pptx,新高考版高考总复习英语5·3A版/专题三主谓一致/讲解部分PPT/讲解部分PPT—课标导航、考点清单/讲解PPT/讲解部分PPT—课标导航、考点清单.pptx,retain,,not a conservative cleanup candidate,no
/Users/shidianjin/Documents/高考英语/新高考版高考总复习英语5·3A版/专题三主谓一致/试题部分WORD/试题部分WORD—5年高考、3年模拟/试题WORD/试题部分WORD—5年高考、3年模拟.docx,新高考版高考总复习英语5·3A版/专题三主谓一致/试题部分WORD/试题部分WORD—5年高考、3年模拟/试题WORD/试题部分WORD—5年高考、3年模拟.docx,retain,,not a conservative cleanup candidate,no
/Users/shidianjin/Documents/高考英语/新高考版高考总复习英语5·3A版/专题三主谓一致/试题部分WORD/试题部分WORD—考点集训/试题WORD/试题部分WORD—考点集训.docx,新高考版高考总复习英语5·3A版/专题三主谓一致/试题部分WORD/试题部分WORD—考点集训/试题WORD/试题部分WORD—考点集训.docx,retain,,not a conservative cleanup candidate,no
/Users/shidianjin/Documents/高考英语/新高考版高考总复习英语5·3A版/专题九介词和代词/专题PDF/专题PDF/专题电子书/专题九　介词和代词.pdf,新高考版高考总复习英语5·3A版/专题九介词和代词/专题PDF/专题PDF/专题电子书/专题九　介词和代词.pdf,retain,,not a conservative cleanup candidate,no
/Users/shidianjin/Documents/高考英语/新高考版高考总复习英语5·3A版/专题九介词和代词/讲解部分PPT/讲解部分PPT—课标导航、考点清单/讲解PPT/讲解部分PPT—课标导航、考点清单.pptx,新高考版高考总复习英语5·3A版/专题九介词和代词/讲解部分PPT/讲解部分PPT—课标导航、考点清单/讲解PPT/讲解部分PPT—课标导航、考点清单.pptx,retain,,not a conservative cleanup candidate,no
/Users/shidianjin/Documents/高考英语/新高考版高考总复习英语5·3A版/专题九介词和代词/试题部分WORD/试题部分WORD—5年高考、3年模拟/试题WORD/试题部分word—5年高考、3年模拟.docx,新高考版高考总复习英语5·3A版/专题九介词和代词/试题部分WORD/试题部分WORD—5年高考、3年模拟/试题WORD/试题部分word—5年高考、3年模拟.docx,retain,,not a conservative cleanup candidate,no
/Users/shidianjin/Documents/高考英语/新高考版高考总复习英语5·3A版/专题九介词和代词/试题部分WORD/试题部分WORD—考点集训/试题WORD/试题部分word—考点集训.docx,新高考版高考总复习英语5·3A版/专题九介词和代词/试题部分WORD/试题部分WORD—考点集训/试题WORD/试题部分word—考点集训.docx,retain,,not a conservative cleanup candidate,no
/Users/shidianjin/Documents/高考英语/新高考版高考总复习英语5·3A版/专题二十一应用文写作/专题PDF/专题PDF/专题电子书/专题二十一 应用文写作.pdf,新高考版高考总复习英语5·3A版/专题二十一应用文写作/专题PDF/专题PDF/专题电子书/专题二十一 应用文写作.pdf,retain,,not a conservative cleanup candidate,no
/Users/shidianjin/Documents/高考英语/新高考版高考总复习英语5·3A版/专题二十一应用文写作/专题资料包/专题资料包/专题资料包/专题资料包.docx,新高考版高考总复习英语5·3A版/专题二十一应用文写作/专题资料包/专题资料包/专题资料包/专题资料包.docx,retain,,not a conservative cleanup candidate,no
/Users/shidianjin/Documents/高考英语/新高考版高考总复习英语5·3A版/专题二十一应用文写作/讲解部分PPT/讲解部分PPT—方法技巧/讲解PPT/讲解部分PPT—方法技巧.pptx,新高考版高考总复习英语5·3A版/专题二十一应用文写作/讲解部分PPT/讲解部分PPT—方法技巧/讲解PPT/讲解部分PPT—方法技巧.pptx,retain,,not a conservative cleanup candidate,no
/Users/shidianjin/Documents/高考英语/新高考版高考总复习英语5·3A版/专题二十一应用文写作/讲解部分PPT/讲解部分PPT—考点清单/讲解PPT/讲解部分PPT—考点清单.pptx,新高考版高考总复习英语5·3A版/专题二十一应用文写作/讲解部分PPT/讲解部分PPT—考点清单/讲解PPT/讲解部分PPT—考点清单.pptx,retain,,not a conservative cleanup candidate,no
/Users/shidianjin/Documents/高考英语/新高考版高考总复习英语5·3A版/专题二十一应用文写作/试题部分WORD/试题部分WORD—5年高考、3年模拟/试题WORD/试题部分WORD—5年高考、3年模拟.docx,新高考版高考总复习英语5·3A版/专题二十一应用文写作/试题部分WORD/试题部分WORD—5年高考、3年模拟/试题WORD/试题部分WORD—5年高考、3年模拟.docx,retain,,not a conservative cleanup candidate,no
/Users/shidianjin/Documents/高考英语/新高考版高考总复习英语5·3A版/专题二十一应用文写作/试题部分WORD/试题部分WORD—考点集训/试题WORD/试题部分WORD—考点集训.docx,新高考版高考总复习英语5·3A版/专题二十一应用文写作/试题部分WORD/试题部分WORD—考点集训/试题WORD/试题部分WORD—考点集训.docx,retain,,not a conservative cleanup candidate,no
/Users/shidianjin/Documents/高考英语/新高考版高考总复习英语5·3A版/专题二十三概要写作/专题PDF/专题PDF/专题电子书/专题二十三 概要写作.pdf,新高考版高考总复习英语5·3A版/专题二十三概要写作/专题PDF/专题PDF/专题电子书/专题二十三 概要写作.pdf,retain,,not a conservative cleanup candidate,no
/Users/shidianjin/Documents/高考英语/新高考版高考总复习英语5·3A版/专题二十三概要写作/专题资料包/专题资料包/专题资料包/专题资料包.docx,新高考版高考总复习英语5·3A版/专题二十三概要写作/专题资料包/专题资料包/专题资料包/专题资料包.docx,retain,,not a conservative cleanup candidate,no
/Users/shidianjin/Documents/高考英语/新高考版高考总复习英语5·3A版/专题二十三概要写作/讲解部分PPT/讲解部分PPT—方法技巧/讲解PPT/讲解部分PPT—方法技巧.pptx,新高考版高考总复习英语5·3A版/专题二十三概要写作/讲解部分PPT/讲解部分PPT—方法技巧/讲解PPT/讲解部分PPT—方法技巧.pptx,retain,,not a conservative cleanup candidate,no
/Users/shidianjin/Documents/高考英语/新高考版高考总复习英语5·3A版/专题二十三概要写作/讲解部分PPT/讲解部分PPT—考点清单/讲解PPT/讲解部分PPT—考点清单.pptx,新高考版高考总复习英语5·3A版/专题二十三概要写作/讲解部分PPT/讲解部分PPT—考点清单/讲解PPT/讲解部分PPT—考点清单.pptx,retain,,not a conservative cleanup candidate,no
/Users/shidianjin/Documents/高考英语/新高考版高考总复习英语5·3A版/专题二十三概要写作/试题部分WORD/试题部分WORD—5年高考、3年模拟/试题WORD/试题部分WORD—5年高考、3年模拟.docx,新高考版高考总复习英语5·3A版/专题二十三概要写作/试题部分WORD/试题部分WORD—5年高考、3年模拟/试题WORD/试题部分WORD—5年高考、3年模拟.docx,retain,,not a conservative cleanup candidate,no
/Users/shidianjin/Documents/高考英语/新高考版高考总复习英语5·3A版/专题二十三概要写作/试题部分WORD/试题部分WORD—考情探究/试题WORD/试题部分WORD—考情探究.docx,新高考版高考总复习英语5·3A版/专题二十三概要写作/试题部分WORD/试题部分WORD—考情探究/试题WORD/试题部分WORD—考情探究.docx,retain,,not a conservative cleanup candidate,no
/Users/shidianjin/Documents/高考英语/新高考版高考总复习英语5·3A版/专题二十二读后续写/专题PDF/专题PDF/专题电子书/专题二十二 读后续写.pdf,新高考版高考总复习英语5·3A版/专题二十二读后续写/专题PDF/专题PDF/专题电子书/专题二十二 读后续写.pdf,retain,,not a conservative cleanup candidate,no
/Users/shidianjin/Documents/高考英语/新高考版高考总复习英语5·3A版/专题二十二读后续写/专题资料包/专题资料包/专题资料包/专题资料包.docx,新高考版高考总复习英语5·3A版/专题二十二读后续写/专题资料包/专题资料包/专题资料包/专题资料包.docx,retain,,not a conservative cleanup candidate,no
/Users/shidianjin/Documents/高考英语/新高考版高考总复习英语5·3A版/专题二十二读后续写/讲解部分PPT/讲解部分PPT—考点清单/讲解PPT/讲解部分PPT—考点清单.pptx,新高考版高考总复习英语5·3A版/专题二十二读后续写/讲解部分PPT/讲解部分PPT—考点清单/讲解PPT/讲解部分PPT—考点清单.pptx,retain,,not a conservative cleanup candidate,no
/Users/shidianjin/Documents/高考英语/新高考版高考总复习英语5·3A版/专题二十二读后续写/试题部分WORD/试题部分WORD—5年高考、3年模拟/试题WORD/试题部分WORD—5年高考、3年模拟.docx,新高考版高考总复习英语5·3A版/专题二十二读后续写/试题部分WORD/试题部分WORD—5年高考、3年模拟/试题WORD/试题部分WORD—5年高考、3年模拟.docx,retain,,not a conservative cleanup candidate,no
/Users/shidianjin/Documents/高考英语/新高考版高考总复习英语5·3A版/专题二十二读后续写/试题部分WORD/试题部分WORD—考点集训/试题WORD/试题部分WORD—考点集训.docx,新高考版高考总复习英语5·3A版/专题二十二读后续写/试题部分WORD/试题部分WORD—考点集训/试题WORD/试题部分WORD—考点集训.docx,retain,,not a conservative cleanup candidate,no
/Users/shidianjin/Documents/高考英语/新高考版高考总复习英语5·3A版/专题二十写作基础/专题PDF/专题PDF/专题电子书/专题二十 写作基础.pdf,新高考版高考总复习英语5·3A版/专题二十写作基础/专题PDF/专题PDF/专题电子书/专题二十 写作基础.pdf,retain,,not a conservative cleanup candidate,no
/Users/shidianjin/Documents/高考英语/新高考版高考总复习英语5·3A版/专题二十写作基础/讲解部分PPT/讲解部分PPT—考点清单/讲解PPT/讲解部分PPT—考点清单.pptx,新高考版高考总复习英语5·3A版/专题二十写作基础/讲解部分PPT/讲解部分PPT—考点清单/讲解PPT/讲解部分PPT—考点清单.pptx,retain,,not a conservative cleanup candidate,no
/Users/shidianjin/Documents/高考英语/新高考版高考总复习英语5·3A版/专题二十写作基础/试题部分WORD/试题部分WORD—考点集训/试题WORD/试题部分WORD—考点集训.docx,新高考版高考总复习英语5·3A版/专题二十写作基础/试题部分WORD/试题部分WORD—考点集训/试题WORD/试题部分WORD—考点集训.docx,retain,,not a conservative cleanup candidate,no
/Users/shidianjin/Documents/高考英语/新高考版高考总复习英语5·3A版/专题二被动语态/专题PDF/专题PDF/专题电子书/专题二　被动语态.pdf,新高考版高考总复习英语5·3A版/专题二被动语态/专题PDF/专题PDF/专题电子书/专题二　被动语态.pdf,retain,,not a conservative cleanup candidate,no
/Users/shidianjin/Documents/高考英语/新高考版高考总复习英语5·3A版/专题二被动语态/讲解部分PPT/讲解部分PPT—课标导航、考点清单/讲解PPT/讲解部分PPT—课标导航、考点清单.pptx,新高考版高考总复习英语5·3A版/专题二被动语态/讲解部分PPT/讲解部分PPT—课标导航、考点清单/讲解PPT/讲解部分PPT—课标导航、考点清单.pptx,retain,,not a conservative cleanup candidate,no
/Users/shidianjin/Documents/高考英语/新高考版高考总复习英语5·3A版/专题二被动语态/试题部分WORD/试题部分WORD—5年高考、3年模拟/试题WORD/试题部分WORD—5年高考、3年模拟.docx,新高考版高考总复习英语5·3A版/专题二被动语态/试题部分WORD/试题部分WORD—5年高考、3年模拟/试题WORD/试题部分WORD—5年高考、3年模拟.docx,retain,,not a conservative cleanup candidate,no
/Users/shidianjin/Documents/高考英语/新高考版高考总复习英语5·3A版/专题二被动语态/试题部分WORD/试题部分WORD—考点集训/试题WORD/试题部分WORD—考点集训.docx,新高考版高考总复习英语5·3A版/专题二被动语态/试题部分WORD/试题部分WORD—考点集训/试题WORD/试题部分WORD—考点集训.docx,retain,,not a conservative cleanup candidate,no
/Users/shidianjin/Documents/高考英语/新高考版高考总复习英语5·3A版/专题五并列复合句/专题PDF/专题PDF/专题电子书/专题五　并列复合句.pdf,新高考版高考总复习英语5·3A版/专题五并列复合句/专题PDF/专题PDF/专题电子书/专题五　并列复合句.pdf,retain,,not a conservative cleanup candidate,no
/Users/shidianjin/Documents/高考英语/新高考版高考总复习英语5·3A版/专题五并列复合句/讲解部分PPT/讲解部分PPT—课标导航、考点清单/讲解PPT/讲解部分PPT—课标导航、考点清单.pptx,新高考版高考总复习英语5·3A版/专题五并列复合句/讲解部分PPT/讲解部分PPT—课标导航、考点清单/讲解PPT/讲解部分PPT—课标导航、考点清单.pptx,retain,,not a conservative cleanup candidate,no
/Users/shidianjin/Documents/高考英语/新高考版高考总复习英语5·3A版/专题五并列复合句/试题部分WORD/试题部分WORD—5年高考、3年模拟/试题WORD/试题部分word—5年高考、3年模拟.docx,新高考版高考总复习英语5·3A版/专题五并列复合句/试题部分WORD/试题部分WORD—5年高考、3年模拟/试题WORD/试题部分word—5年高考、3年模拟.docx,retain,,not a conservative cleanup candidate,no
/Users/shidianjin/Documents/高考英语/新高考版高考总复习英语5·3A版/专题五并列复合句/试题部分WORD/试题部分WORD—考点集训/试题WORD/试题部分word—考点集训.docx,新高考版高考总复习英语5·3A版/专题五并列复合句/试题部分WORD/试题部分WORD—考点集训/试题WORD/试题部分word—考点集训.docx,retain,,not a conservative cleanup candidate,no
/Users/shidianjin/Documents/高考英语/新高考版高考总复习英语5·3A版/专题八形容词和副词/专题PDF/专题PDF/专题电子书/专题八　形容词和副词.pdf,新高考版高考总复习英语5·3A版/专题八形容词和副词/专题PDF/专题PDF/专题电子书/专题八　形容词和副词.pdf,retain,,not a conservative cleanup candidate,no
/Users/shidianjin/Documents/高考英语/新高考版高考总复习英语5·3A版/专题八形容词和副词/讲解部分PPT/讲解部分PPT—课标导航、考点清单/讲解PPT/讲解部分PPT—课标导航、考点清单.pptx,新高考版高考总复习英语5·3A版/专题八形容词和副词/讲解部分PPT/讲解部分PPT—课标导航、考点清单/讲解PPT/讲解部分PPT—课标导航、考点清单.pptx,retain,,not a conservative cleanup candidate,no
/Users/shidianjin/Documents/高考英语/新高考版高考总复习英语5·3A版/专题八形容词和副词/试题部分WORD/试题部分WORD—5年高考、3年模拟/试题WORD/试题部分word—5年高考、3年模拟.docx,新高考版高考总复习英语5·3A版/专题八形容词和副词/试题部分WORD/试题部分WORD—5年高考、3年模拟/试题WORD/试题部分word—5年高考、3年模拟.docx,retain,,not a conservative cleanup candidate,no
/Users/shidianjin/Documents/高考英语/新高考版高考总复习英语5·3A版/专题八形容词和副词/试题部分WORD/试题部分WORD—考点集训/试题WORD/试题部分word—考点集训.docx,新高考版高考总复习英语5·3A版/专题八形容词和副词/试题部分WORD/试题部分WORD—考点集训/试题WORD/试题部分word—考点集训.docx,retain,,not a conservative cleanup candidate,no
/Users/shidianjin/Documents/高考英语/新高考版高考总复习英语5·3A版/专题六主从复合句/专题PDF/专题PDF/专题电子书/专题六　主从复合句.pdf,新高考版高考总复习英语5·3A版/专题六主从复合句/专题PDF/专题PDF/专题电子书/专题六　主从复合句.pdf,retain,,not a conservative cleanup candidate,no
/Users/shidianjin/Documents/高考英语/新高考版高考总复习英语5·3A版/专题六主从复合句/讲解部分PPT/讲解部分PPT—课标导航、考点清单/讲解PPT/讲解部分PPT—课标导航、考点清单.pptx,新高考版高考总复习英语5·3A版/专题六主从复合句/讲解部分PPT/讲解部分PPT—课标导航、考点清单/讲解PPT/讲解部分PPT—课标导航、考点清单.pptx,retain,,not a conservative cleanup candidate,no
/Users/shidianjin/Documents/高考英语/新高考版高考总复习英语5·3A版/专题六主从复合句/试题部分WORD/试题部分WORD—5年高考、3年模拟/试题WORD/试题部分word—5年高考、3年模拟.docx,新高考版高考总复习英语5·3A版/专题六主从复合句/试题部分WORD/试题部分WORD—5年高考、3年模拟/试题WORD/试题部分word—5年高考、3年模拟.docx,retain,,not a conservative cleanup candidate,no
/Users/shidianjin/Documents/高考英语/新高考版高考总复习英语5·3A版/专题六主从复合句/试题部分WORD/试题部分WORD—考点集训/试题WORD/试题部分word—考点集训.docx,新高考版高考总复习英语5·3A版/专题六主从复合句/试题部分WORD/试题部分WORD—考点集训/试题WORD/试题部分word—考点集训.docx,retain,,not a conservative cleanup candidate,no
/Users/shidianjin/Documents/高考英语/新高考版高考总复习英语5·3A版/专题十一特殊句式/专题PDF/专题PDF/专题电子书/专题十一　特殊句式.pdf,新高考版高考总复习英语5·3A版/专题十一特殊句式/专题PDF/专题PDF/专题电子书/专题十一　特殊句式.pdf,retain,,not a conservative cleanup candidate,no
/Users/shidianjin/Documents/高考英语/新高考版高考总复习英语5·3A版/专题十一特殊句式/讲解部分PPT/讲解部分PPT—课标导航、考点清单/讲解PPT/讲解部分PPT—课标导航、考点清单.pptx,新高考版高考总复习英语5·3A版/专题十一特殊句式/讲解部分PPT/讲解部分PPT—课标导航、考点清单/讲解PPT/讲解部分PPT—课标导航、考点清单.pptx,retain,,not a conservative cleanup candidate,no
/Users/shidianjin/Documents/高考英语/新高考版高考总复习英语5·3A版/专题十一特殊句式/试题部分WORD/试题部分WORD—考点集训/试题WORD/试题部分word—考点集训.docx,新高考版高考总复习英语5·3A版/专题十一特殊句式/试题部分WORD/试题部分WORD—考点集训/试题WORD/试题部分word—考点集训.docx,retain,,not a conservative cleanup candidate,no
/Users/shidianjin/Documents/高考英语/新高考版高考总复习英语5·3A版/专题十七阅读补全（七选五）/专题PDF/专题PDF/专题电子书/专题十七 阅读补全（七选五）.pdf,新高考版高考总复习英语5·3A版/专题十七阅读补全（七选五）/专题PDF/专题PDF/专题电子书/专题十七 阅读补全（七选五）.pdf,retain,,not a conservative cleanup candidate,no
/Users/shidianjin/Documents/高考英语/新高考版高考总复习英语5·3A版/专题十七阅读补全（七选五）/专题资料包/专题资料包/专题资料包/专题资料包.docx,新高考版高考总复习英语5·3A版/专题十七阅读补全（七选五）/专题资料包/专题资料包/专题资料包/专题资料包.docx,retain,,not a conservative cleanup candidate,no
/Users/shidianjin/Documents/高考英语/新高考版高考总复习英语5·3A版/专题十七阅读补全（七选五）/讲解部分PPT/讲解部分PPT—方法技巧/讲解PPT/讲解部分PPT—方法技巧.pptx,新高考版高考总复习英语5·3A版/专题十七阅读补全（七选五）/讲解部分PPT/讲解部分PPT—方法技巧/讲解PPT/讲解部分PPT—方法技巧.pptx,retain,,not a conservative cleanup candidate,no
/Users/shidianjin/Documents/高考英语/新高考版高考总复习英语5·3A版/专题十七阅读补全（七选五）/试题部分WORD/试题部分WORD—5年高考、3年模拟/试题WORD/试题部分WORD—5年高考、3年模拟.docx,新高考版高考总复习英语5·3A版/专题十七阅读补全（七选五）/试题部分WORD/试题部分WORD—5年高考、3年模拟/试题WORD/试题部分WORD—5年高考、3年模拟.docx,retain,,not a conservative cleanup candidate,no
/Users/shidianjin/Documents/高考英语/新高考版高考总复习英语5·3A版/专题十七阅读补全（七选五）/试题部分WORD/试题部分WORD—方法集训/试题WORD/试题部分WORD—方法集训.docx,新高考版高考总复习英语5·3A版/专题十七阅读补全（七选五）/试题部分WORD/试题部分WORD—方法集训/试题WORD/试题部分WORD—方法集训.docx,retain,,not a conservative cleanup candidate,no
/Users/shidianjin/Documents/高考英语/新高考版高考总复习英语5·3A版/专题十三细节理解/专题PDF/专题PDF/专题电子书/专题十三 细节理解.pdf,新高考版高考总复习英语5·3A版/专题十三细节理解/专题PDF/专题PDF/专题电子书/专题十三 细节理解.pdf,retain,,not a conservative cleanup candidate,no
/Users/shidianjin/Documents/高考英语/新高考版高考总复习英语5·3A版/专题十三细节理解/专题资料包/专题资料包/专题资料包/专题资料包.docx,新高考版高考总复习英语5·3A版/专题十三细节理解/专题资料包/专题资料包/专题资料包/专题资料包.docx,retain,,not a conservative cleanup candidate,no
/Users/shidianjin/Documents/高考英语/新高考版高考总复习英语5·3A版/专题十三细节理解/讲解部分PPT/讲解部分PPT—方法技巧/讲解PPT/讲解部分PPT—方法技巧.pptx,新高考版高考总复习英语5·3A版/专题十三细节理解/讲解部分PPT/讲解部分PPT—方法技巧/讲解PPT/讲解部分PPT—方法技巧.pptx,retain,,not a conservative cleanup candidate,no
/Users/shidianjin/Documents/高考英语/新高考版高考总复习英语5·3A版/专题十三细节理解/试题部分WORD/试题部分WORD—5年高考、3年模拟/试题WORD/试题部分WORD—5年高考、3年模拟.docx,新高考版高考总复习英语5·3A版/专题十三细节理解/试题部分WORD/试题部分WORD—5年高考、3年模拟/试题WORD/试题部分WORD—5年高考、3年模拟.docx,retain,,not a conservative cleanup candidate,no
/Users/shidianjin/Documents/高考英语/新高考版高考总复习英语5·3A版/专题十三细节理解/试题部分WORD/试题部分WORD—方法集训/试题WORD/试题部分WORD—方法集训.docx,新高考版高考总复习英语5·3A版/专题十三细节理解/试题部分WORD/试题部分WORD—方法集训/试题WORD/试题部分WORD—方法集训.docx,retain,,not a conservative cleanup candidate,no
/Users/shidianjin/Documents/高考英语/新高考版高考总复习英语5·3A版/专题十九语法填空/专题PDF/专题PDF/专题电子书/专题十九 语法填空.pdf,新高考版高考总复习英语5·3A版/专题十九语法填空/专题PDF/专题PDF/专题电子书/专题十九 语法填空.pdf,retain,,not a conservative cleanup candidate,no
/Users/shidianjin/Documents/高考英语/新高考版高考总复习英语5·3A版/专题十九语法填空/专题资料包/专题资料包/专题资料包/专题资料包.docx,新高考版高考总复习英语5·3A版/专题十九语法填空/专题资料包/专题资料包/专题资料包/专题资料包.docx,retain,,not a conservative cleanup candidate,no
/Users/shidianjin/Documents/高考英语/新高考版高考总复习英语5·3A版/专题十九语法填空/讲解部分PPT/讲解部分PPT—方法技巧/讲解PPT/讲解部分PPT—方法技巧.pptx,新高考版高考总复习英语5·3A版/专题十九语法填空/讲解部分PPT/讲解部分PPT—方法技巧/讲解PPT/讲解部分PPT—方法技巧.pptx,retain,,not a conservative cleanup candidate,no
/Users/shidianjin/Documents/高考英语/新高考版高考总复习英语5·3A版/专题十九语法填空/讲解部分PPT/讲解部分PPT—考点清单/讲解PPT/讲解部分PPT—考点清单.pptx,新高考版高考总复习英语5·3A版/专题十九语法填空/讲解部分PPT/讲解部分PPT—考点清单/讲解PPT/讲解部分PPT—考点清单.pptx,retain,,not a conservative cleanup candidate,no
/Users/shidianjin/Documents/高考英语/新高考版高考总复习英语5·3A版/专题十九语法填空/试题部分WORD/试题部分WORD—5年高考、3年模拟/试题WORD/试题部分WORD—5年高考、3年模拟.docx,新高考版高考总复习英语5·3A版/专题十九语法填空/试题部分WORD/试题部分WORD—5年高考、3年模拟/试题WORD/试题部分WORD—5年高考、3年模拟.docx,retain,,not a conservative cleanup candidate,no
/Users/shidianjin/Documents/高考英语/新高考版高考总复习英语5·3A版/专题十九语法填空/试题部分WORD/试题部分WORD—考点集训、方法集训/试题WORD/试题部分WORD—考点集训、方法集训.docx,新高考版高考总复习英语5·3A版/专题十九语法填空/试题部分WORD/试题部分WORD—考点集训、方法集训/试题WORD/试题部分WORD—考点集训、方法集训.docx,retain,,not a conservative cleanup candidate,no
/Users/shidianjin/Documents/高考英语/新高考版高考总复习英语5·3A版/专题十二构词法/专题PDF/专题PDF/专题电子书/专题十二　构词法.pdf,新高考版高考总复习英语5·3A版/专题十二构词法/专题PDF/专题PDF/专题电子书/专题十二　构词法.pdf,retain,,not a conservative cleanup candidate,no
/Users/shidianjin/Documents/高考英语/新高考版高考总复习英语5·3A版/专题十二构词法/讲解部分PPT/讲解部分PPT—课标导航、考点清单/讲解PPT/讲解部分PPT—课标导航、考点清单.pptx,新高考版高考总复习英语5·3A版/专题十二构词法/讲解部分PPT/讲解部分PPT—课标导航、考点清单/讲解PPT/讲解部分PPT—课标导航、考点清单.pptx,retain,,not a conservative cleanup candidate,no
/Users/shidianjin/Documents/高考英语/新高考版高考总复习英语5·3A版/专题十二构词法/试题部分WORD/试题部分WORD—考点集训/试题WORD/试题部分word—考点集训.docx,新高考版高考总复习英语5·3A版/专题十二构词法/试题部分WORD/试题部分WORD—考点集训/试题WORD/试题部分word—考点集训.docx,retain,,not a conservative cleanup candidate,no
/Users/shidianjin/Documents/高考英语/新高考版高考总复习英语5·3A版/专题十五推理判断/专题PDF/专题PDF/专题电子书/专题十五 推理判断.pdf,新高考版高考总复习英语5·3A版/专题十五推理判断/专题PDF/专题PDF/专题电子书/专题十五 推理判断.pdf,retain,,not a conservative cleanup candidate,no
/Users/shidianjin/Documents/高考英语/新高考版高考总复习英语5·3A版/专题十五推理判断/专题资料包/专题资料包/专题资料包/专题资料包.docx,新高考版高考总复习英语5·3A版/专题十五推理判断/专题资料包/专题资料包/专题资料包/专题资料包.docx,retain,,not a conservative cleanup candidate,no
/Users/shidianjin/Documents/高考英语/新高考版高考总复习英语5·3A版/专题十五推理判断/讲解部分PPT/讲解部分PPT—方法技巧/讲解PPT/讲解部分PPT—方法技巧.pptx,新高考版高考总复习英语5·3A版/专题十五推理判断/讲解部分PPT/讲解部分PPT—方法技巧/讲解PPT/讲解部分PPT—方法技巧.pptx,retain,,not a conservative cleanup candidate,no
/Users/shidianjin/Documents/高考英语/新高考版高考总复习英语5·3A版/专题十五推理判断/试题部分WORD/试题部分WORD—5年高考、3年模拟/试题WORD/试题部分WORD—5年高考、3年模拟.docx,新高考版高考总复习英语5·3A版/专题十五推理判断/试题部分WORD/试题部分WORD—5年高考、3年模拟/试题WORD/试题部分WORD—5年高考、3年模拟.docx,retain,,not a conservative cleanup candidate,no
/Users/shidianjin/Documents/高考英语/新高考版高考总复习英语5·3A版/专题十五推理判断/试题部分WORD/试题部分WORD—方法集训/试题WORD/试题部分WORD—方法集训.docx,新高考版高考总复习英语5·3A版/专题十五推理判断/试题部分WORD/试题部分WORD—方法集训/试题WORD/试题部分WORD—方法集训.docx,retain,,not a conservative cleanup candidate,no
/Users/shidianjin/Documents/高考英语/新高考版高考总复习英语5·3A版/专题十八完形填空/专题PDF/专题PDF/专题电子书/专题十八 完形填空.pdf,新高考版高考总复习英语5·3A版/专题十八完形填空/专题PDF/专题PDF/专题电子书/专题十八 完形填空.pdf,retain,,not a conservative cleanup candidate,no
/Users/shidianjin/Documents/高考英语/新高考版高考总复习英语5·3A版/专题十八完形填空/专题资料包/专题资料包/专题资料包/专题资料包.docx,新高考版高考总复习英语5·3A版/专题十八完形填空/专题资料包/专题资料包/专题资料包/专题资料包.docx,retain,,not a conservative cleanup candidate,no
/Users/shidianjin/Documents/高考英语/新高考版高考总复习英语5·3A版/专题十八完形填空/讲解部分PPT/讲解部分PPT—方法技巧/讲解PPT/讲解部分PPT—方法技巧.pptx,新高考版高考总复习英语5·3A版/专题十八完形填空/讲解部分PPT/讲解部分PPT—方法技巧/讲解PPT/讲解部分PPT—方法技巧.pptx,retain,,not a conservative cleanup candidate,no
/Users/shidianjin/Documents/高考英语/新高考版高考总复习英语5·3A版/专题十八完形填空/试题部分WORD/试题部分WORD—5年高考、3年模拟/试题WORD/试题部分WORD—5年高考、3年模拟.docx,新高考版高考总复习英语5·3A版/专题十八完形填空/试题部分WORD/试题部分WORD—5年高考、3年模拟/试题WORD/试题部分WORD—5年高考、3年模拟.docx,retain,,not a conservative cleanup candidate,no
/Users/shidianjin/Documents/高考英语/新高考版高考总复习英语5·3A版/专题十八完形填空/试题部分WORD/试题部分WORD—方法集训/试题WORD/试题部分WORD—方法集训.docx,新高考版高考总复习英语5·3A版/专题十八完形填空/试题部分WORD/试题部分WORD—方法集训/试题WORD/试题部分WORD—方法集训.docx,retain,,not a conservative cleanup candidate,no
/Users/shidianjin/Documents/高考英语/新高考版高考总复习英语5·3A版/专题十六猜测词义/专题PDF/专题PDF/专题电子书/专题十六 猜测词义.pdf,新高考版高考总复习英语5·3A版/专题十六猜测词义/专题PDF/专题PDF/专题电子书/专题十六 猜测词义.pdf,retain,,not a conservative cleanup candidate,no
/Users/shidianjin/Documents/高考英语/新高考版高考总复习英语5·3A版/专题十六猜测词义/专题资料包/专题资料包/专题资料包/专题资料包.docx,新高考版高考总复习英语5·3A版/专题十六猜测词义/专题资料包/专题资料包/专题资料包/专题资料包.docx,retain,,not a conservative cleanup candidate,no
/Users/shidianjin/Documents/高考英语/新高考版高考总复习英语5·3A版/专题十六猜测词义/讲解部分PPT/讲解部分PPT—方法技巧/讲解PPT/讲解部分PPT—方法技巧.pptx,新高考版高考总复习英语5·3A版/专题十六猜测词义/讲解部分PPT/讲解部分PPT—方法技巧/讲解PPT/讲解部分PPT—方法技巧.pptx,retain,,not a conservative cleanup candidate,no
/Users/shidianjin/Documents/高考英语/新高考版高考总复习英语5·3A版/专题十六猜测词义/试题部分WORD/试题部分WORD—5年高考、3年模拟/试题WORD/试题部分WORD—5年高考、3年模拟.docx,新高考版高考总复习英语5·3A版/专题十六猜测词义/试题部分WORD/试题部分WORD—5年高考、3年模拟/试题WORD/试题部分WORD—5年高考、3年模拟.docx,retain,,not a conservative cleanup candidate,no
/Users/shidianjin/Documents/高考英语/新高考版高考总复习英语5·3A版/专题十六猜测词义/试题部分WORD/试题部分WORD—方法集训/试题WORD/试题部分WORD—方法集训.docx,新高考版高考总复习英语5·3A版/专题十六猜测词义/试题部分WORD/试题部分WORD—方法集训/试题WORD/试题部分WORD—方法集训.docx,retain,,not a conservative cleanup candidate,no
/Users/shidianjin/Documents/高考英语/新高考版高考总复习英语5·3A版/专题十四主旨要义/专题PDF/专题PDF/专题电子书/专题十四 主旨要义.pdf,新高考版高考总复习英语5·3A版/专题十四主旨要义/专题PDF/专题PDF/专题电子书/专题十四 主旨要义.pdf,retain,,not a conservative cleanup candidate,no
/Users/shidianjin/Documents/高考英语/新高考版高考总复习英语5·3A版/专题十四主旨要义/专题资料包/专题资料包/专题资料包/专题资料包.docx,新高考版高考总复习英语5·3A版/专题十四主旨要义/专题资料包/专题资料包/专题资料包/专题资料包.docx,retain,,not a conservative cleanup candidate,no
/Users/shidianjin/Documents/高考英语/新高考版高考总复习英语5·3A版/专题十四主旨要义/讲解部分PPT/讲解部分PPT—方法技巧/讲解PPT/讲解部分PPT—方法技巧.pptx,新高考版高考总复习英语5·3A版/专题十四主旨要义/讲解部分PPT/讲解部分PPT—方法技巧/讲解PPT/讲解部分PPT—方法技巧.pptx,retain,,not a conservative cleanup candidate,no
/Users/shidianjin/Documents/高考英语/新高考版高考总复习英语5·3A版/专题十四主旨要义/试题部分WORD/试题部分WORD—5年高考、3年模拟/试题WORD/试题部分WORD—5年高考、3年模拟.docx,新高考版高考总复习英语5·3A版/专题十四主旨要义/试题部分WORD/试题部分WORD—5年高考、3年模拟/试题WORD/试题部分WORD—5年高考、3年模拟.docx,retain,,not a conservative cleanup candidate,no
/Users/shidianjin/Documents/高考英语/新高考版高考总复习英语5·3A版/专题十四主旨要义/试题部分WORD/试题部分WORD—方法集训/试题WORD/试题部分WORD—方法集训.docx,新高考版高考总复习英语5·3A版/专题十四主旨要义/试题部分WORD/试题部分WORD—方法集训/试题WORD/试题部分WORD—方法集训.docx,retain,,not a conservative cleanup candidate,no
/Users/shidianjin/Documents/高考英语/新高考版高考总复习英语5·3A版/专题十情态动词和虚拟语气/专题PDF/专题PDF/专题电子书/专题十　情态动词和虚拟语气.pdf,新高考版高考总复习英语5·3A版/专题十情态动词和虚拟语气/专题PDF/专题PDF/专题电子书/专题十　情态动词和虚拟语气.pdf,retain,,not a conservative cleanup candidate,no
/Users/shidianjin/Documents/高考英语/新高考版高考总复习英语5·3A版/专题十情态动词和虚拟语气/讲解部分PPT/讲解部分PPT—课标导航、考点清单/讲解PPT/讲解部分PPT—课标导航、考点清单.pptx,新高考版高考总复习英语5·3A版/专题十情态动词和虚拟语气/讲解部分PPT/讲解部分PPT—课标导航、考点清单/讲解PPT/讲解部分PPT—课标导航、考点清单.pptx,retain,,not a conservative cleanup candidate,no
/Users/shidianjin/Documents/高考英语/新高考版高考总复习英语5·3A版/专题十情态动词和虚拟语气/试题部分WORD/试题部分WORD—考点集训/试题WORD/试题部分word—考点集训.docx,新高考版高考总复习英语5·3A版/专题十情态动词和虚拟语气/试题部分WORD/试题部分WORD—考点集训/试题WORD/试题部分word—考点集训.docx,retain,,not a conservative cleanup candidate,no
/Users/shidianjin/Documents/高考英语/新高考版高考总复习英语5·3A版/专题四非谓语动词/专题PDF/专题PDF/专题电子书/专题四　非谓语动词.pdf,新高考版高考总复习英语5·3A版/专题四非谓语动词/专题PDF/专题PDF/专题电子书/专题四　非谓语动词.pdf,retain,,not a conservative cleanup candidate,no
/Users/shidianjin/Documents/高考英语/新高考版高考总复习英语5·3A版/专题四非谓语动词/讲解部分PPT/讲解部分PPT—课标导航、考点清单/讲解PPT/讲解部分PPT—课标导航、考点清单.pptx,新高考版高考总复习英语5·3A版/专题四非谓语动词/讲解部分PPT/讲解部分PPT—课标导航、考点清单/讲解PPT/讲解部分PPT—课标导航、考点清单.pptx,retain,,not a conservative cleanup candidate,no
/Users/shidianjin/Documents/高考英语/新高考版高考总复习英语5·3A版/专题四非谓语动词/试题部分WORD/试题部分WORD—5年高考、3年模拟/试题WORD/试题部分WORD—5年高考、3年模拟.docx,新高考版高考总复习英语5·3A版/专题四非谓语动词/试题部分WORD/试题部分WORD—5年高考、3年模拟/试题WORD/试题部分WORD—5年高考、3年模拟.docx,retain,,not a conservative cleanup candidate,no
/Users/shidianjin/Documents/高考英语/新高考版高考总复习英语5·3A版/专题四非谓语动词/试题部分WORD/试题部分WORD—考点集训/试题WORD/试题部分WORD—考点集训.docx,新高考版高考总复习英语5·3A版/专题四非谓语动词/试题部分WORD/试题部分WORD—考点集训/试题WORD/试题部分WORD—考点集训.docx,retain,,not a conservative cleanup candidate,no
/Users/shidianjin/Documents/高考英语/新高考版高考总复习英语5·3A版/仿真卷/专题PDF/专题PDF—仿真卷一/专题电子书/仿真卷一.pdf,新高考版高考总复习英语5·3A版/仿真卷/专题PDF/专题PDF—仿真卷一/专题电子书/仿真卷一.pdf,retain,,not a conservative cleanup candidate,no
/Users/shidianjin/Documents/高考英语/新高考版高考总复习英语5·3A版/仿真卷/专题PDF/专题PDF—仿真卷三/专题电子书/仿真卷三.pdf,新高考版高考总复习英语5·3A版/仿真卷/专题PDF/专题PDF—仿真卷三/专题电子书/仿真卷三.pdf,retain,,not a conservative cleanup candidate,no
/Users/shidianjin/Documents/高考英语/新高考版高考总复习英语5·3A版/仿真卷/专题PDF/专题PDF—仿真卷二/专题电子书/仿真卷二.pdf,新高考版高考总复习英语5·3A版/仿真卷/专题PDF/专题PDF—仿真卷二/专题电子书/仿真卷二.pdf,retain,,not a conservative cleanup candidate,no
/Users/shidianjin/Documents/高考英语/新高考版高考总复习英语5·3A版/仿真卷/专题PDF/专题PDF—仿真卷四/专题电子书/仿真卷四.pdf,新高考版高考总复习英语5·3A版/仿真卷/专题PDF/专题PDF—仿真卷四/专题电子书/仿真卷四.pdf,retain,,not a conservative cleanup candidate,no
/Users/shidianjin/Documents/高考英语/新高考版高考总复习英语5·3A版/仿真卷/试题部分WORD/试题部分WORD—仿真卷/试题WORD/试题部分WORD—仿真卷.docx,新高考版高考总复习英语5·3A版/仿真卷/试题部分WORD/试题部分WORD—仿真卷/试题WORD/试题部分WORD—仿真卷.docx,retain,,not a conservative cleanup candidate,no
/Users/shidianjin/Documents/高考英语/新高考版高考总复习英语5·3A版/组合卷/专题PDF/专题PDF—组合卷一/专题电子书/组合卷一.pdf,新高考版高考总复习英语5·3A版/组合卷/专题PDF/专题PDF—组合卷一/专题电子书/组合卷一.pdf,retain,,not a conservative cleanup candidate,no
/Users/shidianjin/Documents/高考英语/新高考版高考总复习英语5·3A版/组合卷/专题PDF/专题PDF—组合卷三/专题电子书/组合卷三.pdf,新高考版高考总复习英语5·3A版/组合卷/专题PDF/专题PDF—组合卷三/专题电子书/组合卷三.pdf,retain,,not a conservative cleanup candidate,no
/Users/shidianjin/Documents/高考英语/新高考版高考总复习英语5·3A版/组合卷/专题PDF/专题PDF—组合卷二/专题电子书/组合卷二.pdf,新高考版高考总复习英语5·3A版/组合卷/专题PDF/专题PDF—组合卷二/专题电子书/组合卷二.pdf,retain,,not a conservative cleanup candidate,no
/Users/shidianjin/Documents/高考英语/新高考版高考总复习英语5·3A版/组合卷/试题部分WORD/试题部分WORD—组合卷/试题WORD/试题部分WORD—组合卷.docx,新高考版高考总复习英语5·3A版/组合卷/试题部分WORD/试题部分WORD—组合卷/试题WORD/试题部分WORD—组合卷.docx,retain,,not a conservative cleanup candidate,no
/Users/shidianjin/Documents/高考英语/新高考版高考总复习英语5·3A版/附录/专题PDF/专题PDF—附录1/专题电子书/附录一　不规则动词表.pdf,新高考版高考总复习英语5·3A版/附录/专题PDF/专题PDF—附录1/专题电子书/附录一　不规则动词表.pdf,retain,,not a conservative cleanup candidate,no
/Users/shidianjin/Documents/高考英语/新高考版高考总复习英语5·3A版/附录/专题PDF/专题PDF—附录2/专题电子书/附录二　听力场景词汇.pdf,新高考版高考总复习英语5·3A版/附录/专题PDF/专题PDF—附录2/专题电子书/附录二　听力场景词汇.pdf,retain,,not a conservative cleanup candidate,no
/Users/shidianjin/Documents/高考英语/新高考版高考总复习英语5·3A版/附录/专题PDF/专题PDF—附录3/专题电子书/附录三　2016~2020年高考高频动词短语语“酷”.pdf,新高考版高考总复习英语5·3A版/附录/专题PDF/专题PDF—附录3/专题电子书/附录三　2016~2020年高考高频动词短语语“酷”.pdf,retain,,not a conservative cleanup candidate,no
/Users/shidianjin/Documents/高考英语/新高考版高考总复习英语5·3A版/附录/讲解部分PPT/讲解部分PPT—附录1/讲解PPT/附录一　不规则动词表.pptx,新高考版高考总复习英语5·3A版/附录/讲解部分PPT/讲解部分PPT—附录1/讲解PPT/附录一　不规则动词表.pptx,retain,,not a conservative cleanup candidate,no
/Users/shidianjin/Documents/高考英语/新高考版高考总复习英语5·3A版/附录/讲解部分PPT/讲解部分PPT—附录2/讲解PPT/附录二　听力场景词汇.pptx,新高考版高考总复习英语5·3A版/附录/讲解部分PPT/讲解部分PPT—附录2/讲解PPT/附录二　听力场景词汇.pptx,retain,,not a conservative cleanup candidate,no
/Users/shidianjin/Documents/高考英语/新高考版高考总复习英语5·3A版/附录/讲解部分PPT/讲解部分PPT—附录3/讲解PPT/附录三　2016~2020年高考高频动词短语语“酷”.pptx,新高考版高考总复习英语5·3A版/附录/讲解部分PPT/讲解部分PPT—附录3/讲解PPT/附录三　2016~2020年高考高频动词短语语“酷”.pptx,retain,,not a conservative cleanup candidate,no
/Users/shidianjin/Documents/高考英语/新高考版高考总复习英语5·3B版/专题一名词、代词、冠词/专题一名词、代词、冠词（专题电子书）/专题电子书/专题一　名词、代词、冠词.pdf,新高考版高考总复习英语5·3B版/专题一名词、代词、冠词/专题一名词、代词、冠词（专题电子书）/专题电子书/专题一　名词、代词、冠词.pdf,retain,,not a conservative cleanup candidate,no
/Users/shidianjin/Documents/高考英语/新高考版高考总复习英语5·3B版/专题一名词、代词、冠词/专题一名词、代词、冠词（讲解PPT）/讲解PPT/1_专题一　名词、代词、冠词.pptx,新高考版高考总复习英语5·3B版/专题一名词、代词、冠词/专题一名词、代词、冠词（讲解PPT）/讲解PPT/1_专题一　名词、代词、冠词.pptx,retain,,not a conservative cleanup candidate,no
/Users/shidianjin/Documents/高考英语/新高考版高考总复习英语5·3B版/专题一名词、代词、冠词/专题一名词、代词、冠词（试题WORD）/试题WORD/专题一　名词、代词和冠词（试题word）_20211128_103902.docx,新高考版高考总复习英语5·3B版/专题一名词、代词、冠词/专题一名词、代词、冠词（试题WORD）/试题WORD/专题一　名词、代词和冠词（试题word）_20211128_103902.docx,retain,,not a conservative cleanup candidate,no
/Users/shidianjin/Documents/高考英语/新高考版高考总复习英语5·3B版/专题七细节理解/专题七细节理解（专题电子书）/专题电子书/专题七　细节理解.pdf,新高考版高考总复习英语5·3B版/专题七细节理解/专题七细节理解（专题电子书）/专题电子书/专题七　细节理解.pdf,retain,,not a conservative cleanup candidate,no
/Users/shidianjin/Documents/高考英语/新高考版高考总复习英语5·3B版/专题七细节理解/专题七细节理解（专题资料包）/专题资料包/专题七　细节理解（专题资料包）.docx,新高考版高考总复习英语5·3B版/专题七细节理解/专题七细节理解（专题资料包）/专题资料包/专题七　细节理解（专题资料包）.docx,retain,,not a conservative cleanup candidate,no
/Users/shidianjin/Documents/高考英语/新高考版高考总复习英语5·3B版/专题七细节理解/专题七细节理解（讲解PPT）/讲解PPT/7_专题七　细节理解.pptx,新高考版高考总复习英语5·3B版/专题七细节理解/专题七细节理解（讲解PPT）/讲解PPT/7_专题七　细节理解.pptx,retain,,not a conservative cleanup candidate,no
/Users/shidianjin/Documents/高考英语/新高考版高考总复习英语5·3B版/专题七细节理解/专题七细节理解（试题WORD）/试题WORD/专题七　细节理解（试题word）.docx,新高考版高考总复习英语5·3B版/专题七细节理解/专题七细节理解（试题WORD）/试题WORD/专题七　细节理解（试题word）.docx,retain,,not a conservative cleanup candidate,no
/Users/shidianjin/Documents/高考英语/新高考版高考总复习英语5·3B版/专题三形容词、副词和数词/专题三形容词、副词和数词（专题电子书）/专题电子书/专题三　形容词、副词和数词.pdf,新高考版高考总复习英语5·3B版/专题三形容词、副词和数词/专题三形容词、副词和数词（专题电子书）/专题电子书/专题三　形容词、副词和数词.pdf,retain,,not a conservative cleanup candidate,no
/Users/shidianjin/Documents/高考英语/新高考版高考总复习英语5·3B版/专题三形容词、副词和数词/专题三形容词、副词和数词（讲解PPT）/讲解PPT/3_专题三　形容词、副词和数词考点清单.pptx,新高考版高考总复习英语5·3B版/专题三形容词、副词和数词/专题三形容词、副词和数词（讲解PPT）/讲解PPT/3_专题三　形容词、副词和数词考点清单.pptx,retain,,not a conservative cleanup candidate,no
/Users/shidianjin/Documents/高考英语/新高考版高考总复习英语5·3B版/专题三形容词、副词和数词/专题三形容词、副词和数词（试题WORD）/试题WORD/专题三　形容词、副词和数词（试题word）.docx,新高考版高考总复习英语5·3B版/专题三形容词、副词和数词/专题三形容词、副词和数词（试题WORD）/试题WORD/专题三　形容词、副词和数词（试题word）.docx,retain,,not a conservative cleanup candidate,no
/Users/shidianjin/Documents/高考英语/新高考版高考总复习英语5·3B版/专题九推理判断/专题九推理判断（专题电子书）/专题电子书/专题九　推理判断.pdf,新高考版高考总复习英语5·3B版/专题九推理判断/专题九推理判断（专题电子书）/专题电子书/专题九　推理判断.pdf,retain,,not a conservative cleanup candidate,no
/Users/shidianjin/Documents/高考英语/新高考版高考总复习英语5·3B版/专题九推理判断/专题九推理判断（专题资料包）/专题资料包/专题九　推理判断（专题资料包）.docx,新高考版高考总复习英语5·3B版/专题九推理判断/专题九推理判断（专题资料包）/专题资料包/专题九　推理判断（专题资料包）.docx,retain,,not a conservative cleanup candidate,no
/Users/shidianjin/Documents/高考英语/新高考版高考总复习英语5·3B版/专题九推理判断/专题九推理判断（讲解PPT）/讲解PPT/9_专题九　推理判断.pptx,新高考版高考总复习英语5·3B版/专题九推理判断/专题九推理判断（讲解PPT）/讲解PPT/9_专题九　推理判断.pptx,retain,,not a conservative cleanup candidate,no
/Users/shidianjin/Documents/高考英语/新高考版高考总复习英语5·3B版/专题九推理判断/专题九推理判断（试题WORD）/试题WORD/专题九　推理判断（试题word）.docx,新高考版高考总复习英语5·3B版/专题九推理判断/专题九推理判断（试题WORD）/试题WORD/专题九　推理判断（试题word）.docx,retain,,not a conservative cleanup candidate,no
/Users/shidianjin/Documents/高考英语/新高考版高考总复习英语5·3B版/专题二介词和介词短语、动词短语/专题二介词和介词短语、动词短语（专题电子书）/专题电子书/专题二　介词和介词短语、动词短语.pdf,新高考版高考总复习英语5·3B版/专题二介词和介词短语、动词短语/专题二介词和介词短语、动词短语（专题电子书）/专题电子书/专题二　介词和介词短语、动词短语.pdf,retain,,not a conservative cleanup candidate,no
/Users/shidianjin/Documents/高考英语/新高考版高考总复习英语5·3B版/专题二介词和介词短语、动词短语/专题二介词和介词短语、动词短语（讲解PPT）/讲解PPT/2_专题二　介词和介词短语、动词短语.pptx,新高考版高考总复习英语5·3B版/专题二介词和介词短语、动词短语/专题二介词和介词短语、动词短语（讲解PPT）/讲解PPT/2_专题二　介词和介词短语、动词短语.pptx,retain,,not a conservative cleanup candidate,no
/Users/shidianjin/Documents/高考英语/新高考版高考总复习英语5·3B版/专题二介词和介词短语、动词短语/专题二介词和介词短语、动词短语（试题WORD）/试题WORD/专题二　介词和介词短语、动词短语（试题word）.docx,新高考版高考总复习英语5·3B版/专题二介词和介词短语、动词短语/专题二介词和介词短语、动词短语（试题WORD）/试题WORD/专题二　介词和介词短语、动词短语（试题word）.docx,retain,,not a conservative cleanup candidate,no
/Users/shidianjin/Documents/高考英语/新高考版高考总复习英语5·3B版/专题五非谓语动词/专题五非谓语动词（专题电子书）/专题电子书/专题五　非谓语动词.pdf,新高考版高考总复习英语5·3B版/专题五非谓语动词/专题五非谓语动词（专题电子书）/专题电子书/专题五　非谓语动词.pdf,retain,,not a conservative cleanup candidate,no
/Users/shidianjin/Documents/高考英语/新高考版高考总复习英语5·3B版/专题五非谓语动词/专题五非谓语动词（讲解PPT）/讲解PPT/5_专题五　非谓语动词.pptx,新高考版高考总复习英语5·3B版/专题五非谓语动词/专题五非谓语动词（讲解PPT）/讲解PPT/5_专题五　非谓语动词.pptx,retain,,not a conservative cleanup candidate,no
/Users/shidianjin/Documents/高考英语/新高考版高考总复习英语5·3B版/专题五非谓语动词/专题五非谓语动词（试题WORD）/试题WORD/专题五　非谓语动词（试题word）.docx,新高考版高考总复习英语5·3B版/专题五非谓语动词/专题五非谓语动词（试题WORD）/试题WORD/专题五　非谓语动词（试题word）.docx,retain,,not a conservative cleanup candidate,no
/Users/shidianjin/Documents/高考英语/新高考版高考总复习英语5·3B版/专题八主旨要义/专题八主旨要义（专题电子书）/专题电子书/专题八　主旨要义.pdf,新高考版高考总复习英语5·3B版/专题八主旨要义/专题八主旨要义（专题电子书）/专题电子书/专题八　主旨要义.pdf,retain,,not a conservative cleanup candidate,no
/Users/shidianjin/Documents/高考英语/新高考版高考总复习英语5·3B版/专题八主旨要义/专题八主旨要义（专题资料包）/专题资料包/专题八　主旨要义（专题资料包）.docx,新高考版高考总复习英语5·3B版/专题八主旨要义/专题八主旨要义（专题资料包）/专题资料包/专题八　主旨要义（专题资料包）.docx,retain,,not a conservative cleanup candidate,no
/Users/shidianjin/Documents/高考英语/新高考版高考总复习英语5·3B版/专题八主旨要义/专题八主旨要义（讲解PPT）/讲解PPT/8_专题八　主旨要义.pptx,新高考版高考总复习英语5·3B版/专题八主旨要义/专题八主旨要义（讲解PPT）/讲解PPT/8_专题八　主旨要义.pptx,retain,,not a conservative cleanup candidate,no
/Users/shidianjin/Documents/高考英语/新高考版高考总复习英语5·3B版/专题八主旨要义/专题八主旨要义（试题WORD）/试题WORD/专题八　主旨要义试题word.docx,新高考版高考总复习英语5·3B版/专题八主旨要义/专题八主旨要义（试题WORD）/试题WORD/专题八　主旨要义试题word.docx,retain,,not a conservative cleanup candidate,no
/Users/shidianjin/Documents/高考英语/新高考版高考总复习英语5·3B版/专题六并列连词、主从复合句/专题六并列连词、主从复合句（专题电子书）/专题电子书/专题六　并列连词、主从复合句.pdf,新高考版高考总复习英语5·3B版/专题六并列连词、主从复合句/专题六并列连词、主从复合句（专题电子书）/专题电子书/专题六　并列连词、主从复合句.pdf,retain,,not a conservative cleanup candidate,no
/Users/shidianjin/Documents/高考英语/新高考版高考总复习英语5·3B版/专题六并列连词、主从复合句/专题六并列连词、主从复合句（讲解PPT）/讲解PPT/6_专题六　并列连词、主从复合句.pptx,新高考版高考总复习英语5·3B版/专题六并列连词、主从复合句/专题六并列连词、主从复合句（讲解PPT）/讲解PPT/6_专题六　并列连词、主从复合句.pptx,retain,,not a conservative cleanup candidate,no
/Users/shidianjin/Documents/高考英语/新高考版高考总复习英语5·3B版/专题六并列连词、主从复合句/专题六并列连词、主从复合句（试题WORD）/试题WORD/专题六　并列连词、主从复合句（试题word）.docx,新高考版高考总复习英语5·3B版/专题六并列连词、主从复合句/专题六并列连词、主从复合句（试题WORD）/试题WORD/专题六　并列连词、主从复合句（试题word）.docx,retain,,not a conservative cleanup candidate,no
/Users/shidianjin/Documents/高考英语/新高考版高考总复习英语5·3B版/专题十一阅读补全/专题十一阅读补全（专题电子书）/专题电子书/专题十一　阅读补全.pdf,新高考版高考总复习英语5·3B版/专题十一阅读补全/专题十一阅读补全（专题电子书）/专题电子书/专题十一　阅读补全.pdf,retain,,not a conservative cleanup candidate,no
/Users/shidianjin/Documents/高考英语/新高考版高考总复习英语5·3B版/专题十一阅读补全/专题十一阅读补全（专题资料包）/专题资料包/专题十一　阅读补全（专题资料包）.docx,新高考版高考总复习英语5·3B版/专题十一阅读补全/专题十一阅读补全（专题资料包）/专题资料包/专题十一　阅读补全（专题资料包）.docx,retain,,not a conservative cleanup candidate,no
/Users/shidianjin/Documents/高考英语/新高考版高考总复习英语5·3B版/专题十一阅读补全/专题十一阅读补全（讲解PPT）/讲解PPT/11_专题十一　阅读补全.pptx,新高考版高考总复习英语5·3B版/专题十一阅读补全/专题十一阅读补全（讲解PPT）/讲解PPT/11_专题十一　阅读补全.pptx,retain,,not a conservative cleanup candidate,no
/Users/shidianjin/Documents/高考英语/新高考版高考总复习英语5·3B版/专题十一阅读补全/专题十一阅读补全（试题WORD）/试题WORD/专题十一　阅读补全（试题word）.docx,新高考版高考总复习英语5·3B版/专题十一阅读补全/专题十一阅读补全（试题WORD）/试题WORD/专题十一　阅读补全（试题word）.docx,retain,,not a conservative cleanup candidate,no
/Users/shidianjin/Documents/高考英语/新高考版高考总复习英语5·3B版/专题十三语篇型填空/专题十三语篇型填空（专题电子书）/专题电子书/专题十三　语篇型填空.pdf,新高考版高考总复习英语5·3B版/专题十三语篇型填空/专题十三语篇型填空（专题电子书）/专题电子书/专题十三　语篇型填空.pdf,retain,,not a conservative cleanup candidate,no
/Users/shidianjin/Documents/高考英语/新高考版高考总复习英语5·3B版/专题十三语篇型填空/专题十三语篇型填空（专题资料包）/专题资料包/专题十三　语篇型填空（专题资料包）.docx,新高考版高考总复习英语5·3B版/专题十三语篇型填空/专题十三语篇型填空（专题资料包）/专题资料包/专题十三　语篇型填空（专题资料包）.docx,retain,,not a conservative cleanup candidate,no
/Users/shidianjin/Documents/高考英语/新高考版高考总复习英语5·3B版/专题十三语篇型填空/专题十三语篇型填空（讲解PPT）/讲解PPT/13_专题十三　语篇型填空.pptx,新高考版高考总复习英语5·3B版/专题十三语篇型填空/专题十三语篇型填空（讲解PPT）/讲解PPT/13_专题十三　语篇型填空.pptx,retain,,not a conservative cleanup candidate,no
/Users/shidianjin/Documents/高考英语/新高考版高考总复习英语5·3B版/专题十三语篇型填空/专题十三语篇型填空（试题WORD）/试题WORD/专题十三　语篇型填空（试题word）.docx,新高考版高考总复习英语5·3B版/专题十三语篇型填空/专题十三语篇型填空（试题WORD）/试题WORD/专题十三　语篇型填空（试题word）.docx,retain,,not a conservative cleanup candidate,no
/Users/shidianjin/Documents/高考英语/新高考版高考总复习英语5·3B版/专题十二完形填空/专题十二完形填空（专题电子书）/专题电子书/专题十二　完形填空.pdf,新高考版高考总复习英语5·3B版/专题十二完形填空/专题十二完形填空（专题电子书）/专题电子书/专题十二　完形填空.pdf,retain,,not a conservative cleanup candidate,no
/Users/shidianjin/Documents/高考英语/新高考版高考总复习英语5·3B版/专题十二完形填空/专题十二完形填空（专题资料包）/专题资料包/专题十二　完形填空（专题资料包）.docx,新高考版高考总复习英语5·3B版/专题十二完形填空/专题十二完形填空（专题资料包）/专题资料包/专题十二　完形填空（专题资料包）.docx,retain,,not a conservative cleanup candidate,no
/Users/shidianjin/Documents/高考英语/新高考版高考总复习英语5·3B版/专题十二完形填空/专题十二完形填空（讲解PPT）/讲解PPT/12_专题十二　完形填空.pptx,新高考版高考总复习英语5·3B版/专题十二完形填空/专题十二完形填空（讲解PPT）/讲解PPT/12_专题十二　完形填空.pptx,retain,,not a conservative cleanup candidate,no
/Users/shidianjin/Documents/高考英语/新高考版高考总复习英语5·3B版/专题十二完形填空/专题十二完形填空（试题WORD）/试题WORD/专题十二　完形填空（试题word）.docx,新高考版高考总复习英语5·3B版/专题十二完形填空/专题十二完形填空（试题WORD）/试题WORD/专题十二　完形填空（试题word）.docx,retain,,not a conservative cleanup candidate,no
/Users/shidianjin/Documents/高考英语/新高考版高考总复习英语5·3B版/专题十五读后续写/专题十五读后续写（专题电子书）/专题电子书/专题十五　读后续写.pdf,新高考版高考总复习英语5·3B版/专题十五读后续写/专题十五读后续写（专题电子书）/专题电子书/专题十五　读后续写.pdf,retain,,not a conservative cleanup candidate,no
/Users/shidianjin/Documents/高考英语/新高考版高考总复习英语5·3B版/专题十五读后续写/专题十五读后续写（专题资料包）/专题资料包/专题十五　读后续写（专题资料包）.docx,新高考版高考总复习英语5·3B版/专题十五读后续写/专题十五读后续写（专题资料包）/专题资料包/专题十五　读后续写（专题资料包）.docx,retain,,not a conservative cleanup candidate,no
/Users/shidianjin/Documents/高考英语/新高考版高考总复习英语5·3B版/专题十五读后续写/专题十五读后续写（讲解PPT）/讲解PPT/15_专题十五　读后续写.pptx,新高考版高考总复习英语5·3B版/专题十五读后续写/专题十五读后续写（讲解PPT）/讲解PPT/15_专题十五　读后续写.pptx,retain,,not a conservative cleanup candidate,no
/Users/shidianjin/Documents/高考英语/新高考版高考总复习英语5·3B版/专题十五读后续写/专题十五读后续写（试题WORD）/试题WORD/专题十五　读后续写（试题word）.docx,新高考版高考总复习英语5·3B版/专题十五读后续写/专题十五读后续写（试题WORD）/试题WORD/专题十五　读后续写（试题word）.docx,retain,,not a conservative cleanup candidate,no
/Users/shidianjin/Documents/高考英语/新高考版高考总复习英语5·3B版/专题十六概要写作/专题十六概要写作（专题电子书）/专题电子书/专题十六　概要写作.pdf,新高考版高考总复习英语5·3B版/专题十六概要写作/专题十六概要写作（专题电子书）/专题电子书/专题十六　概要写作.pdf,retain,,not a conservative cleanup candidate,no
/Users/shidianjin/Documents/高考英语/新高考版高考总复习英语5·3B版/专题十六概要写作/专题十六概要写作（讲解PPT）/讲解PPT/16_专题十六　概要写作.pptx,新高考版高考总复习英语5·3B版/专题十六概要写作/专题十六概要写作（讲解PPT）/讲解PPT/16_专题十六　概要写作.pptx,retain,,not a conservative cleanup candidate,no
/Users/shidianjin/Documents/高考英语/新高考版高考总复习英语5·3B版/专题十六概要写作/专题十六概要写作（试题WORD）/试题WORD/专题十六　概要写作（试题word）.docx,新高考版高考总复习英语5·3B版/专题十六概要写作/专题十六概要写作（试题WORD）/试题WORD/专题十六　概要写作（试题word）.docx,retain,,not a conservative cleanup candidate,no
/Users/shidianjin/Documents/高考英语/新高考版高考总复习英语5·3B版/专题十四应用文写作/专题十四应用文写作（专题电子书）/专题电子书/专题十四　应用文写作.pdf,新高考版高考总复习英语5·3B版/专题十四应用文写作/专题十四应用文写作（专题电子书）/专题电子书/专题十四　应用文写作.pdf,retain,,not a conservative cleanup candidate,no
/Users/shidianjin/Documents/高考英语/新高考版高考总复习英语5·3B版/专题十四应用文写作/专题十四应用文写作（专题资料包）/专题资料包/专题十四　应用文写作（专题资料包）.docx,新高考版高考总复习英语5·3B版/专题十四应用文写作/专题十四应用文写作（专题资料包）/专题资料包/专题十四　应用文写作（专题资料包）.docx,retain,,not a conservative cleanup candidate,no
/Users/shidianjin/Documents/高考英语/新高考版高考总复习英语5·3B版/专题十四应用文写作/专题十四应用文写作（讲解PPT）/讲解PPT/14_专题十四　应用文写作.pptx,新高考版高考总复习英语5·3B版/专题十四应用文写作/专题十四应用文写作（讲解PPT）/讲解PPT/14_专题十四　应用文写作.pptx,retain,,not a conservative cleanup candidate,no
/Users/shidianjin/Documents/高考英语/新高考版高考总复习英语5·3B版/专题十四应用文写作/专题十四应用文写作（试题WORD）/试题WORD/专题十四　应用文写作（试题word）.docx,新高考版高考总复习英语5·3B版/专题十四应用文写作/专题十四应用文写作（试题WORD）/试题WORD/专题十四　应用文写作（试题word）.docx,retain,,not a conservative cleanup candidate,no
/Users/shidianjin/Documents/高考英语/新高考版高考总复习英语5·3B版/专题十推测词义/专题十推测词义（专题电子书）/专题电子书/专题十　推测词义.pdf,新高考版高考总复习英语5·3B版/专题十推测词义/专题十推测词义（专题电子书）/专题电子书/专题十　推测词义.pdf,retain,,not a conservative cleanup candidate,no
/Users/shidianjin/Documents/高考英语/新高考版高考总复习英语5·3B版/专题十推测词义/专题十推测词义（专题资料包）/专题资料包/专题十　推测词义（专题资料包）.docx,新高考版高考总复习英语5·3B版/专题十推测词义/专题十推测词义（专题资料包）/专题资料包/专题十　推测词义（专题资料包）.docx,retain,,not a conservative cleanup candidate,no
/Users/shidianjin/Documents/高考英语/新高考版高考总复习英语5·3B版/专题十推测词义/专题十推测词义（讲解PPT）/讲解PPT/10_专题十　推测词义.pptx,新高考版高考总复习英语5·3B版/专题十推测词义/专题十推测词义（讲解PPT）/讲解PPT/10_专题十　推测词义.pptx,retain,,not a conservative cleanup candidate,no
/Users/shidianjin/Documents/高考英语/新高考版高考总复习英语5·3B版/专题十推测词义/专题十推测词义（试题WORD）/试题WORD/专题十　推测词义（试题word）.docx,新高考版高考总复习英语5·3B版/专题十推测词义/专题十推测词义（试题WORD）/试题WORD/专题十　推测词义（试题word）.docx,retain,,not a conservative cleanup candidate,no
/Users/shidianjin/Documents/高考英语/新高考版高考总复习英语5·3B版/专题四谓语动词的时态、被动语态和主谓一致/专题四谓语动词的时态、被动语态和主谓一致（专题电子书）/专题电子书/专题四　谓语动词的时态、被动语态和主谓一致.pdf,新高考版高考总复习英语5·3B版/专题四谓语动词的时态、被动语态和主谓一致/专题四谓语动词的时态、被动语态和主谓一致（专题电子书）/专题电子书/专题四　谓语动词的时态、被动语态和主谓一致.pdf,retain,,not a conservative cleanup candidate,no
/Users/shidianjin/Documents/高考英语/新高考版高考总复习英语5·3B版/专题四谓语动词的时态、被动语态和主谓一致/专题四谓语动词的时态、被动语态和主谓一致（讲解PPT）/讲解PPT/4_专题四　谓语动词的时态、被动语态和主谓一致.pptx,新高考版高考总复习英语5·3B版/专题四谓语动词的时态、被动语态和主谓一致/专题四谓语动词的时态、被动语态和主谓一致（讲解PPT）/讲解PPT/4_专题四　谓语动词的时态、被动语态和主谓一致.pptx,retain,,not a conservative cleanup candidate,no
/Users/shidianjin/Documents/高考英语/新高考版高考总复习英语5·3B版/专题四谓语动词的时态、被动语态和主谓一致/专题四谓语动词的时态、被动语态和主谓一致（试题WORD）/试题WORD/专题四　谓语动词的时态、被动语态和主谓一致（试题word）.docx,新高考版高考总复习英语5·3B版/专题四谓语动词的时态、被动语态和主谓一致/专题四谓语动词的时态、被动语态和主谓一致（试题WORD）/试题WORD/专题四　谓语动词的时态、被动语态和主谓一致（试题word）.docx,retain,,not a conservative cleanup candidate,no
/Users/shidianjin/Documents/高考英语/新高考版高考总复习英语5·3B版/综合检测卷（一）/综合检测卷（一）（专题电子书）/专题电子书/综合检测卷（一）.pdf,新高考版高考总复习英语5·3B版/综合检测卷（一）/综合检测卷（一）（专题电子书）/专题电子书/综合检测卷（一）.pdf,retain,,not a conservative cleanup candidate,no
/Users/shidianjin/Documents/高考英语/新高考版高考总复习英语5·3B版/综合检测卷（一）/综合检测卷（一）（试题WORD）/试题WORD/综合测评卷(一)（试题word).docx,新高考版高考总复习英语5·3B版/综合检测卷（一）/综合检测卷（一）（试题WORD）/试题WORD/综合测评卷(一)（试题word).docx,retain,,not a conservative cleanup candidate,no
/Users/shidianjin/Documents/高考英语/新高考版高考总复习英语5·3B版/综合检测卷（二）/综合检测卷（二）（专题电子书）/专题电子书/综合检测卷（二）.pdf,新高考版高考总复习英语5·3B版/综合检测卷（二）/综合检测卷（二）（专题电子书）/专题电子书/综合检测卷（二）.pdf,retain,,not a conservative cleanup candidate,no
/Users/shidianjin/Documents/高考英语/新高考版高考总复习英语5·3B版/综合检测卷（二）/综合检测卷（二）（试题WORD）/试题WORD/综合检测卷(二)（试题word）.docx,新高考版高考总复习英语5·3B版/综合检测卷（二）/综合检测卷（二）（试题WORD）/试题WORD/综合检测卷(二)（试题word）.docx,retain,,not a conservative cleanup candidate,no
/Users/shidianjin/Documents/高考英语/新高考版高考总复习英语5·3B版/附录一情态动词和虚拟语气、特殊句式/附录一情态动词和虚拟语气、特殊句式（专题电子书）/专题电子书/附录一　情态动词和虚拟语气、特殊句式.pdf,新高考版高考总复习英语5·3B版/附录一情态动词和虚拟语气、特殊句式/附录一情态动词和虚拟语气、特殊句式（专题电子书）/专题电子书/附录一　情态动词和虚拟语气、特殊句式.pdf,retain,,not a conservative cleanup candidate,no
/Users/shidianjin/Documents/高考英语/新高考版高考总复习英语5·3B版/附录一情态动词和虚拟语气、特殊句式/附录一情态动词和虚拟语气、特殊句式（专题资料包）/专题资料包/附录一　情态动词和虚拟语气、特殊句式（专题资料包）.docx,新高考版高考总复习英语5·3B版/附录一情态动词和虚拟语气、特殊句式/附录一情态动词和虚拟语气、特殊句式（专题资料包）/专题资料包/附录一　情态动词和虚拟语气、特殊句式（专题资料包）.docx,retain,,not a conservative cleanup candidate,no
/Users/shidianjin/Documents/高考英语/新高考版高考总复习英语5·3B版/附录三常见熟词生义/附录三常见熟词生义（专题电子书）/专题电子书/附录三　常见熟词生义.pdf,新高考版高考总复习英语5·3B版/附录三常见熟词生义/附录三常见熟词生义（专题电子书）/专题电子书/附录三　常见熟词生义.pdf,retain,,not a conservative cleanup candidate,no
/Users/shidianjin/Documents/高考英语/新高考版高考总复习英语5·3B版/附录三常见熟词生义/附录三常见熟词生义（专题资料包）/专题资料包/附录三　常见熟词生义（专题资料包）.docx,新高考版高考总复习英语5·3B版/附录三常见熟词生义/附录三常见熟词生义（专题资料包）/专题资料包/附录三　常见熟词生义（专题资料包）.docx,retain,,not a conservative cleanup candidate,no
/Users/shidianjin/Documents/高考英语/新高考版高考总复习英语5·3B版/附录二不规则动词表/附录二不规则动词表（专题电子书）/专题电子书/附录二　不规则动词表.pdf,新高考版高考总复习英语5·3B版/附录二不规则动词表/附录二不规则动词表（专题电子书）/专题电子书/附录二　不规则动词表.pdf,retain,,not a conservative cleanup candidate,no
/Users/shidianjin/Documents/高考英语/新高考版高考总复习英语5·3B版/附录二不规则动词表/附录二不规则动词表（专题资料包）/专题资料包/附录二  不规则动词表（专题资料包） - 副本.docx,新高考版高考总复习英语5·3B版/附录二不规则动词表/附录二不规则动词表（专题资料包）/专题资料包/附录二  不规则动词表（专题资料包） - 副本.docx,retain,,not a conservative cleanup candidate,no
/Users/shidianjin/Documents/高考英语/梅州高中课程.docx,梅州高中课程.docx,retain,,not a conservative cleanup candidate,no
/Users/shidianjin/Documents/高考英语/梅州高中课程/PC_pron_chart_vector.zip,梅州高中课程/PC_pron_chart_vector.zip,retain,,not a conservative cleanup candidate,no
/Users/shidianjin/Documents/高考英语/梅州高中课程/梅州25暑假集训课程后续训练计划.docx,梅州高中课程/梅州25暑假集训课程后续训练计划.docx,retain,,not a conservative cleanup candidate,no
/Users/shidianjin/Documents/高考英语/梅州高中课程/梅州暑期集训营测试答案.docx,梅州高中课程/梅州暑期集训营测试答案.docx,retain,,not a conservative cleanup candidate,no
/Users/shidianjin/Documents/高考英语/梅州高中课程/演示课1.jpg,梅州高中课程/演示课1.jpg,retain,,not a conservative cleanup candidate,no
/Users/shidianjin/Documents/高考英语/梅州高中课程/高中短语.xlsx,梅州高中课程/高中短语.xlsx,retain,,not a conservative cleanup candidate,no
/Users/shidianjin/Documents/高考英语/梅州高中课程/高中短语及例句.pdf,梅州高中课程/高中短语及例句.pdf,retain,,not a conservative cleanup candidate,no
/Users/shidianjin/Documents/高考英语/梅州高中课程/高中词汇.xlsx,梅州高中课程/高中词汇.xlsx,retain,,not a conservative cleanup candidate,no
/Users/shidianjin/Documents/高考英语/梅州高中课程/高中词汇_随机抽取 100 个.xlsx,梅州高中课程/高中词汇_随机抽取 100 个.xlsx,retain,,not a conservative cleanup candidate,no
/Users/shidianjin/Documents/高考英语/演示课2.pdf,演示课2.pdf,retain,,not a conservative cleanup candidate,no
/Users/shidianjin/Documents/高考英语/演示课3.pdf,演示课3.pdf,retain,,not a conservative cleanup candidate,no
/Users/shidianjin/Documents/高考英语/高中短语.pdf,高中短语.pdf,retain,,not a conservative cleanup candidate,no
/Users/shidianjin/Documents/高考英语/高中短语.xlsx,高中短语.xlsx,retain,,not a conservative cleanup candidate,no
/Users/shidianjin/Documents/高考英语/高中短语及例句.pdf,高中短语及例句.pdf,retain,,not a conservative cleanup candidate,no
/Users/shidianjin/Documents/高考英语/高中词汇.pdf,高中词汇.pdf,retain,,not a conservative cleanup candidate,no
/Users/shidianjin/Documents/高考英语/高中词汇1-20.docx,高中词汇1-20.docx,retain,,not a conservative cleanup candidate,no
/Users/shidianjin/Documents/高考英语/高中阶段动词不规则变化表.docx,高中阶段动词不规则变化表.docx,retain,,not a conservative cleanup candidate,no
/Users/shidianjin/Documents/高考英语/高中阶段固定搭配.docx,高中阶段固定搭配.docx,retain,,not a conservative cleanup candidate,no
/Users/shidianjin/Documents/高考英语/高考专题练习/专题01：阅读理解之广告宣传类-最近三年（2019-2021）高考英语真题分类精编.zip,高考专题练习/专题01：阅读理解之广告宣传类-最近三年（2019-2021）高考英语真题分类精编.zip,retain,,not a conservative cleanup candidate,no
/Users/shidianjin/Documents/高考英语/高考专题练习/专题02：阅读理解之社会生活类-最近三年（2019-2021）高考英语真题分类精编.zip,高考专题练习/专题02：阅读理解之社会生活类-最近三年（2019-2021）高考英语真题分类精编.zip,retain,,not a conservative cleanup candidate,no
/Users/shidianjin/Documents/高考英语/高考专题练习/专题03：阅读理解之科普知识类-最近三年（2019-2021）高考英语真题分类精编.zip,高考专题练习/专题03：阅读理解之科普知识类-最近三年（2019-2021）高考英语真题分类精编.zip,retain,,not a conservative cleanup candidate,no
/Users/shidianjin/Documents/高考英语/高考专题练习/专题04：阅读理解之人物传记类-最近三年（2019-2021）高考英语真题分类精编.zip,高考专题练习/专题04：阅读理解之人物传记类-最近三年（2019-2021）高考英语真题分类精编.zip,retain,,not a conservative cleanup candidate,no
/Users/shidianjin/Documents/高考英语/高考专题练习/专题05：阅读理解之环境保护类-最近三年（2019-2021）高考英语真题分类精编.zip,高考专题练习/专题05：阅读理解之环境保护类-最近三年（2019-2021）高考英语真题分类精编.zip,retain,,not a conservative cleanup candidate,no
/Users/shidianjin/Documents/高考英语/高考专题练习/专题06：完形填空之记叙文类-最近三年（2019-2021）高考英语真题分类精编(等11份资料) (1).zip,高考专题练习/专题06：完形填空之记叙文类-最近三年（2019-2021）高考英语真题分类精编(等11份资料) (1).zip,retain,,not a conservative cleanup candidate,no
/Users/shidianjin/Documents/高考英语/高考专题练习/专题06：完形填空之记叙文类-最近三年（2019-2021）高考英语真题分类精编.zip,高考专题练习/专题06：完形填空之记叙文类-最近三年（2019-2021）高考英语真题分类精编.zip,retain,,not a conservative cleanup candidate,no
/Users/shidianjin/Documents/高考英语/高考专题练习/专题07：完形填空之夹叙夹议类-最近三年（2019-2021）高考英语真题分类精编.zip,高考专题练习/专题07：完形填空之夹叙夹议类-最近三年（2019-2021）高考英语真题分类精编.zip,retain,,not a conservative cleanup candidate,no
/Users/shidianjin/Documents/高考英语/高考专题练习/专题08：阅读填空之七选五类-最近三年（2019-2021）高考英语真题分类精编.zip,高考专题练习/专题08：阅读填空之七选五类-最近三年（2019-2021）高考英语真题分类精编.zip,retain,,not a conservative cleanup candidate,no
/Users/shidianjin/Documents/高考英语/高考专题练习/专题09：语法填空-最近三年（2019-2021）高考英语真题分类精编.zip,高考专题练习/专题09：语法填空-最近三年（2019-2021）高考英语真题分类精编.zip,retain,,not a conservative cleanup candidate,no
/Users/shidianjin/Documents/高考英语/高考专题练习/专题10：书面表达之提纲作文-最近三年（2019-2021）高考英语真题分类精编.zip,高考专题练习/专题10：书面表达之提纲作文-最近三年（2019-2021）高考英语真题分类精编.zip,retain,,not a conservative cleanup candidate,no
/Users/shidianjin/Documents/高考英语/高考专题练习/专题11：书面表达之读后续写-最近三年（2019-2021）高考英语真题分类精编.zip,高考专题练习/专题11：书面表达之读后续写-最近三年（2019-2021）高考英语真题分类精编.zip,retain,,not a conservative cleanup candidate,no
/Users/shidianjin/Documents/高考英语/高考内容总/2009-2021广东真题/2009年广东省高考英语A卷真题解析.doc,高考内容总/2009-2021广东真题/2009年广东省高考英语A卷真题解析.doc,retain,,not a conservative cleanup candidate,no
/Users/shidianjin/Documents/高考英语/高考内容总/2009-2021广东真题/2009年广东省高考英语真题解析 版本一.doc,高考内容总/2009-2021广东真题/2009年广东省高考英语真题解析 版本一.doc,retain,,not a conservative cleanup candidate,no
/Users/shidianjin/Documents/高考英语/高考内容总/2009-2021广东真题/2011年广东省高考英语真题解析 版本一.doc,高考内容总/2009-2021广东真题/2011年广东省高考英语真题解析 版本一.doc,retain,,not a conservative cleanup candidate,no
/Users/shidianjin/Documents/高考英语/高考内容总/2009-2021广东真题/2012年高考广东英语试卷解析（精析word版）-学生版.doc,高考内容总/2009-2021广东真题/2012年高考广东英语试卷解析（精析word版）-学生版.doc,retain,,not a conservative cleanup candidate,no
/Users/shidianjin/Documents/高考英语/高考内容总/2009-2021广东真题/2012年高考广东英语试卷解析（精析word版）-教师版.doc,高考内容总/2009-2021广东真题/2012年高考广东英语试卷解析（精析word版）-教师版.doc,retain,,not a conservative cleanup candidate,no
/Users/shidianjin/Documents/高考英语/高考内容总/2009-2021广东真题/2013年高考广东英语题精解原卷版（精编版）.doc,高考内容总/2009-2021广东真题/2013年高考广东英语题精解原卷版（精编版）.doc,retain,,not a conservative cleanup candidate,no
/Users/shidianjin/Documents/高考英语/高考内容总/2009-2021广东真题/2013年高考广东英语题精解精析解析版（精编版）.doc,高考内容总/2009-2021广东真题/2013年高考广东英语题精解精析解析版（精编版）.doc,retain,,not a conservative cleanup candidate,no
/Users/shidianjin/Documents/高考英语/高考内容总/2009-2021广东真题/2015年高考广东卷英语试题解析（精编版）（原卷版）.docx,高考内容总/2009-2021广东真题/2015年高考广东卷英语试题解析（精编版）（原卷版）.docx,retain,,not a conservative cleanup candidate,no
/Users/shidianjin/Documents/高考英语/高考内容总/2009-2021广东真题/2015年高考广东卷英语试题解析（精编版）（解析版）.doc,高考内容总/2009-2021广东真题/2015年高考广东卷英语试题解析（精编版）（解析版）.doc,retain,,not a conservative cleanup candidate,no
/Users/shidianjin/Documents/高考英语/高考内容总/2009-2021广东真题/2016-2020年广东省听说真题汇编.docx,高考内容总/2009-2021广东真题/2016-2020年广东省听说真题汇编.docx,retain,,not a conservative cleanup candidate,no
/Users/shidianjin/Documents/高考英语/高考内容总/2009-2021广东真题/2016年高考新课标Ⅰ卷英语试题解析（精编版）（原卷版）.doc,高考内容总/2009-2021广东真题/2016年高考新课标Ⅰ卷英语试题解析（精编版）（原卷版）.doc,retain,,not a conservative cleanup candidate,no
/Users/shidianjin/Documents/高考英语/高考内容总/2009-2021广东真题/2016年高考新课标Ⅰ卷英语试题解析（精编版）（解析版）.doc,高考内容总/2009-2021广东真题/2016年高考新课标Ⅰ卷英语试题解析（精编版）（解析版）.doc,retain,,not a conservative cleanup candidate,no
/Users/shidianjin/Documents/高考英语/高考内容总/2009-2021广东真题/2020年广东高考英语听说考试A.mp3,高考内容总/2009-2021广东真题/2020年广东高考英语听说考试A.mp3,retain,,not a conservative cleanup candidate,no
/Users/shidianjin/Documents/高考英语/高考内容总/2009-2021广东真题/2020年广东高考英语听说考试A.mp4,高考内容总/2009-2021广东真题/2020年广东高考英语听说考试A.mp4,retain,,not a conservative cleanup candidate,no
/Users/shidianjin/Documents/高考英语/高考内容总/2009-2021广东真题/2020年广东高考英语听说考试B.mp3,高考内容总/2009-2021广东真题/2020年广东高考英语听说考试B.mp3,retain,,not a conservative cleanup candidate,no
/Users/shidianjin/Documents/高考英语/高考内容总/2009-2021广东真题/2020年广东高考英语听说考试B.mp4,高考内容总/2009-2021广东真题/2020年广东高考英语听说考试B.mp4,retain,,not a conservative cleanup candidate,no
/Users/shidianjin/Documents/高考英语/高考内容总/2009-2021广东真题/2020年广东高考英语听说考试C.mp3,高考内容总/2009-2021广东真题/2020年广东高考英语听说考试C.mp3,retain,,not a conservative cleanup candidate,no
/Users/shidianjin/Documents/高考英语/高考内容总/2009-2021广东真题/2020年广东高考英语听说考试C.mp4,高考内容总/2009-2021广东真题/2020年广东高考英语听说考试C.mp4,retain,,not a conservative cleanup candidate,no
/Users/shidianjin/Documents/高考英语/高考内容总/2009-2021广东真题/2020年广东高考英语听说考试D.mp3,高考内容总/2009-2021广东真题/2020年广东高考英语听说考试D.mp3,retain,,not a conservative cleanup candidate,no
/Users/shidianjin/Documents/高考英语/高考内容总/2009-2021广东真题/2020年广东高考英语听说考试D.mp4,高考内容总/2009-2021广东真题/2020年广东高考英语听说考试D.mp4,retain,,not a conservative cleanup candidate,no
/Users/shidianjin/Documents/高考英语/高考内容总/2009-2021广东真题/2020年广东高考英语听说考试E.mp3,高考内容总/2009-2021广东真题/2020年广东高考英语听说考试E.mp3,retain,,not a conservative cleanup candidate,no
/Users/shidianjin/Documents/高考英语/高考内容总/2009-2021广东真题/2020年广东高考英语听说考试E.mp4,高考内容总/2009-2021广东真题/2020年广东高考英语听说考试E.mp4,retain,,not a conservative cleanup candidate,no
/Users/shidianjin/Documents/高考英语/高考内容总/2009-2021广东真题/2020年广东高考英语听说考试真题 Test A— Test E.docx,高考内容总/2009-2021广东真题/2020年广东高考英语听说考试真题 Test A— Test E.docx,retain,,not a conservative cleanup candidate,no
/Users/shidianjin/Documents/高考英语/高考内容总/2009-2021广东真题/2020年广东高考英语听说考试真题 Test B.docx,高考内容总/2009-2021广东真题/2020年广东高考英语听说考试真题 Test B.docx,retain,,not a conservative cleanup candidate,no
/Users/shidianjin/Documents/高考英语/高考内容总/2009-2021广东真题/2022年高考考前押题密卷（广东卷）（A3考试版）.docx,高考内容总/2009-2021广东真题/2022年高考考前押题密卷（广东卷）（A3考试版）.docx,retain,,not a conservative cleanup candidate,no
/Users/shidianjin/Documents/高考英语/高考内容总/2009-2021广东真题/2022年高考考前押题密卷（广东卷）（A4考试版）.docx,高考内容总/2009-2021广东真题/2022年高考考前押题密卷（广东卷）（A4考试版）.docx,retain,,not a conservative cleanup candidate,no
/Users/shidianjin/Documents/高考英语/高考内容总/2009-2021广东真题/2022年高考考前押题密卷（广东卷）（全解全析）.docx,高考内容总/2009-2021广东真题/2022年高考考前押题密卷（广东卷）（全解全析）.docx,retain,,not a conservative cleanup candidate,no
/Users/shidianjin/Documents/高考英语/高考内容总/2009-2021广东真题/2022年高考考前押题密卷（广东卷）（答题卡）.docx,高考内容总/2009-2021广东真题/2022年高考考前押题密卷（广东卷）（答题卡）.docx,retain,,not a conservative cleanup candidate,no
/Users/shidianjin/Documents/高考英语/高考内容总/2021高考作文/2021全国各地高考书面表达题(1).doc,高考内容总/2021高考作文/2021全国各地高考书面表达题(1).doc,retain,,not a conservative cleanup candidate,no
/Users/shidianjin/Documents/高考英语/高考内容总/2021高考作文/2021高考英语应用文的最后一讲.docx,高考内容总/2021高考作文/2021高考英语应用文的最后一讲.docx,retain,,not a conservative cleanup candidate,no
/Users/shidianjin/Documents/高考英语/高考内容总/2021高考作文/下水文指导：2021年全国卷1的续写：给妈妈做早饭.docx,高考内容总/2021高考作文/下水文指导：2021年全国卷1的续写：给妈妈做早饭.docx,retain,,not a conservative cleanup candidate,no
/Users/shidianjin/Documents/高考英语/高考内容总/2021高考作文/全国1卷下水作文.docx,高考内容总/2021高考作文/全国1卷下水作文.docx,retain,,not a conservative cleanup candidate,no
/Users/shidianjin/Documents/高考英语/高考内容总/2021高考作文/权威发布  教育部考试中心：2021年高考英语全国卷试题评析.docx,高考内容总/2021高考作文/权威发布  教育部考试中心：2021年高考英语全国卷试题评析.docx,retain,,not a conservative cleanup candidate,no
/Users/shidianjin/Documents/高考英语/高考内容总/2021高考作文/说明.jpg,高考内容总/2021高考作文/说明.jpg,retain,,not a conservative cleanup candidate,no
/Users/shidianjin/Documents/高考英语/高考内容总/2021高考作文/高考英语应用文背诵大全.doc,高考内容总/2021高考作文/高考英语应用文背诵大全.doc,retain,,not a conservative cleanup candidate,no
/Users/shidianjin/Documents/高考英语/高考短语/高中英语作文写作常用短语和固定搭配.doc,高考短语/高中英语作文写作常用短语和固定搭配.doc,retain,,not a conservative cleanup candidate,no
/Users/shidianjin/Documents/高考英语/高考短语/高中英语常用短语和固定搭配整理.doc,高考短语/高中英语常用短语和固定搭配整理.doc,retain,,not a conservative cleanup candidate,no
/Users/shidianjin/Documents/高考英语/高考短语/高中英语重点短语和固定搭配整合.doc,高考短语/高中英语重点短语和固定搭配整合.doc,retain,,not a conservative cleanup candidate,no
/Users/shidianjin/Documents/高考英语/高考精讲精练/第10讲  冠词  精讲精练 2022届准高三高考英语语法暑假专练.docx,高考精讲精练/第10讲  冠词  精讲精练 2022届准高三高考英语语法暑假专练.docx,retain,,not a conservative cleanup candidate,no
/Users/shidianjin/Documents/高考英语/高考精讲精练/第11讲 介词和代词讲解 精讲精练 2022届准高三高考英语语法暑假专练.docx,高考精讲精练/第11讲 介词和代词讲解 精讲精练 2022届准高三高考英语语法暑假专练.docx,retain,,not a conservative cleanup candidate,no
/Users/shidianjin/Documents/高考英语/高考精讲精练/第12讲526条过关短语(打印版)精讲精练2022届准高三高考英语语法暑假专练.docx,高考精讲精练/第12讲526条过关短语(打印版)精讲精练2022届准高三高考英语语法暑假专练.docx,retain,,not a conservative cleanup candidate,no
/Users/shidianjin/Documents/高考英语/高考精讲精练/第13讲  情态动词和虚拟语气  精讲精练2022届准高三高考英语语法暑假专练.docx,高考精讲精练/第13讲  情态动词和虚拟语气  精讲精练2022届准高三高考英语语法暑假专练.docx,retain,,not a conservative cleanup candidate,no
/Users/shidianjin/Documents/高考英语/高考精讲精练/第14讲  不规则动词  精讲精练2022届准高三高考英语语法暑假专练.docx,高考精讲精练/第14讲  不规则动词  精讲精练2022届准高三高考英语语法暑假专练.docx,retain,,not a conservative cleanup candidate,no
/Users/shidianjin/Documents/高考英语/高考精讲精练/第1讲 句子成分与基本句型 精讲精练 2022届准高三高考英语语法暑假专练.doc,高考精讲精练/第1讲 句子成分与基本句型 精讲精练 2022届准高三高考英语语法暑假专练.doc,retain,,not a conservative cleanup candidate,no
/Users/shidianjin/Documents/高考英语/高考精讲精练/第2讲 构词法 精讲精练 2022届准高三高考英语语法暑假专练.doc,高考精讲精练/第2讲 构词法 精讲精练 2022届准高三高考英语语法暑假专练.doc,retain,,not a conservative cleanup candidate,no
/Users/shidianjin/Documents/高考英语/高考精讲精练/第3讲 动词时态和语态 精讲精练 2022届准高三高考英语语法暑假专练.doc,高考精讲精练/第3讲 动词时态和语态 精讲精练 2022届准高三高考英语语法暑假专练.doc,retain,,not a conservative cleanup candidate,no
/Users/shidianjin/Documents/高考英语/高考精讲精练/第4讲  非谓语动词 精讲精练 2022届准高三高考英语语法暑假专练.doc,高考精讲精练/第4讲  非谓语动词 精讲精练 2022届准高三高考英语语法暑假专练.doc,retain,,not a conservative cleanup candidate,no
/Users/shidianjin/Documents/高考英语/高考精讲精练/第5讲 定语从句 精讲精练 2022届准高三高考英语语法暑假专练.doc,高考精讲精练/第5讲 定语从句 精讲精练 2022届准高三高考英语语法暑假专练.doc,retain,,not a conservative cleanup candidate,no
/Users/shidianjin/Documents/高考英语/高考精讲精练/第6讲 名词性从句 精讲精练 2022届准高三高考英语语法暑假专练.doc,高考精讲精练/第6讲 名词性从句 精讲精练 2022届准高三高考英语语法暑假专练.doc,retain,,not a conservative cleanup candidate,no
/Users/shidianjin/Documents/高考英语/高考精讲精练/第7讲 并列句和状语从句 精讲精练 2022届准高三高考英语语法暑假专练.doc,高考精讲精练/第7讲 并列句和状语从句 精讲精练 2022届准高三高考英语语法暑假专练.doc,retain,,not a conservative cleanup candidate,no
/Users/shidianjin/Documents/高考英语/高考精讲精练/第8讲 特殊句式 精讲精练 2022届准高三高考英语语法暑假专练.doc,高考精讲精练/第8讲 特殊句式 精讲精练 2022届准高三高考英语语法暑假专练.doc,retain,,not a conservative cleanup candidate,no
/Users/shidianjin/Documents/高考英语/高考精讲精练/第9讲  名词数词形容词副词讲解 精讲精练 2022届准高三高考英语语法暑假专练.docx,高考精讲精练/第9讲  名词数词形容词副词讲解 精讲精练 2022届准高三高考英语语法暑假专练.docx,retain,,not a conservative cleanup candidate,no
/Users/shidianjin/Documents/高考英语/高考英语_副本/2018年/1.mp3,高考英语_副本/2018年/1.mp3,retain,,not a conservative cleanup candidate,no
/Users/shidianjin/Documents/高考英语/高考英语_副本/2018年/10.mp3,高考英语_副本/2018年/10.mp3,retain,,not a conservative cleanup candidate,no
/Users/shidianjin/Documents/高考英语/高考英语_副本/2018年/2.mp3,高考英语_副本/2018年/2.mp3,retain,,not a conservative cleanup candidate,no
/Users/shidianjin/Documents/高考英语/高考英语_副本/2018年/2018年全国普通高等学校招生统一考试英语（新课标I卷）（原卷版）.doc,高考英语_副本/2018年/2018年全国普通高等学校招生统一考试英语（新课标I卷）（原卷版）.doc,retain,,not a conservative cleanup candidate,no
/Users/shidianjin/Documents/高考英语/高考英语_副本/2018年/2018年全国普通高等学校招生统一考试英语（新课标I卷）（解析版）.doc,高考英语_副本/2018年/2018年全国普通高等学校招生统一考试英语（新课标I卷）（解析版）.doc,retain,,not a conservative cleanup candidate,no
/Users/shidianjin/Documents/高考英语/高考英语_副本/2018年/3.mp3,高考英语_副本/2018年/3.mp3,retain,,not a conservative cleanup candidate,no
/Users/shidianjin/Documents/高考英语/高考英语_副本/2018年/4.mp3,高考英语_副本/2018年/4.mp3,retain,,not a conservative cleanup candidate,no
/Users/shidianjin/Documents/高考英语/高考英语_副本/2018年/5.mp3,高考英语_副本/2018年/5.mp3,retain,,not a conservative cleanup candidate,no
/Users/shidianjin/Documents/高考英语/高考英语_副本/2018年/6.mp3,高考英语_副本/2018年/6.mp3,retain,,not a conservative cleanup candidate,no
/Users/shidianjin/Documents/高考英语/高考英语_副本/2018年/7.mp3,高考英语_副本/2018年/7.mp3,retain,,not a conservative cleanup candidate,no
/Users/shidianjin/Documents/高考英语/高考英语_副本/2018年/8.mp3,高考英语_副本/2018年/8.mp3,retain,,not a conservative cleanup candidate,no
/Users/shidianjin/Documents/高考英语/高考英语_副本/2018年/9.mp3,高考英语_副本/2018年/9.mp3,retain,,not a conservative cleanup candidate,no
/Users/shidianjin/Documents/高考英语/高考英语_副本/2020年/2020年广东高考英语听说考试真题 Test A/2020年广东高考英语听说考试真题 Test A.docx,高考英语_副本/2020年/2020年广东高考英语听说考试真题 Test A/2020年广东高考英语听说考试真题 Test A.docx,retain,,not a conservative cleanup candidate,no
/Users/shidianjin/Documents/高考英语/高考英语_副本/2020年/2020年广东高考英语听说考试真题 Test B/2020年广东高考英语听说考试真题 Test B.docx,高考英语_副本/2020年/2020年广东高考英语听说考试真题 Test B/2020年广东高考英语听说考试真题 Test B.docx,retain,,not a conservative cleanup candidate,no
/Users/shidianjin/Documents/高考英语/高考英语_副本/2020年/2020年广东高考英语听说考试真题 Test E/2020年广东高考英语听说考试真题 Test E.docx,高考英语_副本/2020年/2020年广东高考英语听说考试真题 Test E/2020年广东高考英语听说考试真题 Test E.docx,retain,,not a conservative cleanup candidate,no
/Users/shidianjin/Documents/高考英语/高考英语_副本/2020年/2020年广东高考英语听说考试真题 Test E/2020年广东高考英语听说考试真题 Test E.mp3,高考英语_副本/2020年/2020年广东高考英语听说考试真题 Test E/2020年广东高考英语听说考试真题 Test E.mp3,retain,,not a conservative cleanup candidate,no
/Users/shidianjin/Documents/高考英语/高考英语_副本/2020年/2020年高考全国1英语高考真题-全国高考真题解析/附件/1.mp3,高考英语_副本/2020年/2020年高考全国1英语高考真题-全国高考真题解析/附件/1.mp3,retain,,not a conservative cleanup candidate,no
/Users/shidianjin/Documents/高考英语/高考英语_副本/2020年/2020年高考全国1英语高考真题-全国高考真题解析/附件/10.mp3,高考英语_副本/2020年/2020年高考全国1英语高考真题-全国高考真题解析/附件/10.mp3,retain,,not a conservative cleanup candidate,no
/Users/shidianjin/Documents/高考英语/高考英语_副本/2020年/2020年高考全国1英语高考真题-全国高考真题解析/附件/2.mp3,高考英语_副本/2020年/2020年高考全国1英语高考真题-全国高考真题解析/附件/2.mp3,retain,,not a conservative cleanup candidate,no
/Users/shidianjin/Documents/高考英语/高考英语_副本/2020年/2020年高考全国1英语高考真题-全国高考真题解析/附件/3.mp3,高考英语_副本/2020年/2020年高考全国1英语高考真题-全国高考真题解析/附件/3.mp3,retain,,not a conservative cleanup candidate,no
/Users/shidianjin/Documents/高考英语/高考英语_副本/2020年/2020年高考全国1英语高考真题-全国高考真题解析/附件/4.mp3,高考英语_副本/2020年/2020年高考全国1英语高考真题-全国高考真题解析/附件/4.mp3,retain,,not a conservative cleanup candidate,no
/Users/shidianjin/Documents/高考英语/高考英语_副本/2020年/2020年高考全国1英语高考真题-全国高考真题解析/附件/5.mp3,高考英语_副本/2020年/2020年高考全国1英语高考真题-全国高考真题解析/附件/5.mp3,retain,,not a conservative cleanup candidate,no
/Users/shidianjin/Documents/高考英语/高考英语_副本/2020年/2020年高考全国1英语高考真题-全国高考真题解析/附件/6.mp3,高考英语_副本/2020年/2020年高考全国1英语高考真题-全国高考真题解析/附件/6.mp3,retain,,not a conservative cleanup candidate,no
/Users/shidianjin/Documents/高考英语/高考英语_副本/2020年/2020年高考全国1英语高考真题-全国高考真题解析/附件/7.mp3,高考英语_副本/2020年/2020年高考全国1英语高考真题-全国高考真题解析/附件/7.mp3,retain,,not a conservative cleanup candidate,no
/Users/shidianjin/Documents/高考英语/高考英语_副本/2020年/2020年高考全国1英语高考真题-全国高考真题解析/附件/8.mp3,高考英语_副本/2020年/2020年高考全国1英语高考真题-全国高考真题解析/附件/8.mp3,retain,,not a conservative cleanup candidate,no
/Users/shidianjin/Documents/高考英语/高考英语_副本/2020年/2020年高考全国1英语高考真题-全国高考真题解析/附件/9.mp3,高考英语_副本/2020年/2020年高考全国1英语高考真题-全国高考真题解析/附件/9.mp3,retain,,not a conservative cleanup candidate,no
/Users/shidianjin/Documents/高考英语/高考英语_副本/2021年/2021年高考真题英语（新高考Ⅰ卷）超详解（正文）.pdf,高考英语_副本/2021年/2021年高考真题英语（新高考Ⅰ卷）超详解（正文）.pdf,retain,,not a conservative cleanup candidate,no
/Users/shidianjin/Documents/高考英语/高考英语_副本/2021年/2021年高考真题英语（新高考Ⅰ卷）超详解（解析）.pdf,高考英语_副本/2021年/2021年高考真题英语（新高考Ⅰ卷）超详解（解析）.pdf,retain,,not a conservative cleanup candidate,no
/Users/shidianjin/Documents/高考英语/高考英语_副本/高中最全词汇例句.xlsx,高考英语_副本/高中最全词汇例句.xlsx,retain,,not a conservative cleanup candidate,no
/Users/shidianjin/Documents/高考英语/高考英语_副本/高中词汇.xlsx,高考英语_副本/高中词汇.xlsx,retain,,not a conservative cleanup candidate,no
/Users/shidianjin/Documents/高考英语/高考英语阅读训练.pdf,高考英语阅读训练.pdf,retain,,not a conservative cleanup candidate,no
/Users/shidianjin/Documents/高考英语/高考长难句/2021年高考真题角度分析阅读长难句2 2022届高考英语复习.docx,高考长难句/2021年高考真题角度分析阅读长难句2 2022届高考英语复习.docx,retain,,not a conservative cleanup candidate,no
/Users/shidianjin/Documents/高考英语/高考长难句/2022届高考英语真题长难句分析笔记1.docx,高考长难句/2022届高考英语真题长难句分析笔记1.docx,retain,,not a conservative cleanup candidate,no
/Users/shidianjin/Documents/高考英语/高考长难句/2022届高考英语真题长难句分析笔记10.docx,高考长难句/2022届高考英语真题长难句分析笔记10.docx,retain,,not a conservative cleanup candidate,no
/Users/shidianjin/Documents/高考英语/高考长难句/2022届高考英语真题长难句分析笔记2.docx,高考长难句/2022届高考英语真题长难句分析笔记2.docx,retain,,not a conservative cleanup candidate,no
/Users/shidianjin/Documents/高考英语/高考长难句/2022届高考英语真题长难句分析笔记3.docx,高考长难句/2022届高考英语真题长难句分析笔记3.docx,retain,,not a conservative cleanup candidate,no
/Users/shidianjin/Documents/高考英语/高考长难句/2022届高考英语真题长难句分析笔记4.docx,高考长难句/2022届高考英语真题长难句分析笔记4.docx,retain,,not a conservative cleanup candidate,no
/Users/shidianjin/Documents/高考英语/高考长难句/2022届高考英语真题长难句分析笔记5.docx,高考长难句/2022届高考英语真题长难句分析笔记5.docx,retain,,not a conservative cleanup candidate,no
/Users/shidianjin/Documents/高考英语/高考长难句/2022届高考英语真题长难句分析笔记6.docx,高考长难句/2022届高考英语真题长难句分析笔记6.docx,retain,,not a conservative cleanup candidate,no
/Users/shidianjin/Documents/高考英语/高考长难句/2022届高考英语真题长难句分析笔记7.docx,高考长难句/2022届高考英语真题长难句分析笔记7.docx,retain,,not a conservative cleanup candidate,no
/Users/shidianjin/Documents/高考英语/高考长难句/2022届高考英语真题长难句分析笔记8.docx,高考长难句/2022届高考英语真题长难句分析笔记8.docx,retain,,not a conservative cleanup candidate,no
/Users/shidianjin/Documents/高考英语/高考长难句/2022届高考英语真题长难句分析笔记9.docx,高考长难句/2022届高考英语真题长难句分析笔记9.docx,retain,,not a conservative cleanup candidate,no
/Users/shidianjin/Documents/高考英语/高考长难句/专题 05-2022年新高考1卷 ABCD篇 七五 -词汇精讲 长难句分析 全篇译文- 2022年高考英语真题深度解析.zip,高考长难句/专题 05-2022年新高考1卷 ABCD篇 七五 -词汇精讲 长难句分析 全篇译文- 2022年高考英语真题深度解析.zip,retain,,not a conservative cleanup candidate,no
/Users/shidianjin/Documents/高考英语/高考长难句/长难句精讲分析与真题演练3课件2022届高考英语阅读理解真题.pptx,高考长难句/长难句精讲分析与真题演练3课件2022届高考英语阅读理解真题.pptx,retain,,not a conservative cleanup candidate,no
