source_file,source_relpath,basename,extension,size_bytes,modified_time,sha256,read_status,symlink,candidate_scope,candidate_categories,review_reason
/Users/shidianjin/Documents/高考英语/1990-2007·高考英语真题·word/北京/1990年北京高考英语真题及答案.doc,1990-2007·高考英语真题·word/北京/1990年北京高考英语真题及答案.doc,1990年北京高考英语真题及答案.doc,.doc,67584,2026-08-26T09:10:18.513962+00:00,533d90973ddf6ca2dc7ac4b9f3fb4d4c98f479ade23915cf570a3c2787a611a5,ok,False,paper_only_candidate,full_paper_candidate,path/name indicates a complete examination paper or mock exam
/Users/shidianjin/Documents/高考英语/1990-2007·高考英语真题·word/北京/1991年北京高考英语真题及答案.doc,1990-2007·高考英语真题·word/北京/1991年北京高考英语真题及答案.doc,1991年北京高考英语真题及答案.doc,.doc,50688,2026-08-26T09:10:16.481288+00:00,69db160416e46dbf103184276fa9ced074260e5cba50c87762c35f971403d0bf,ok,False,paper_only_candidate,full_paper_candidate,path/name indicates a complete examination paper or mock exam
/Users/shidianjin/Documents/高考英语/1990-2007·高考英语真题·word/北京/1992年北京高考英语真题及答案.doc,1990-2007·高考英语真题·word/北京/1992年北京高考英语真题及答案.doc,1992年北京高考英语真题及答案.doc,.doc,56320,2026-08-26T09:10:16.878091+00:00,629d2b53485b932bf9e083d8c6617ef5c2839d360a4268c1f341af2d40788798,ok,False,paper_only_candidate,full_paper_candidate,path/name indicates a complete examination paper or mock exam
/Users/shidianjin/Documents/高考英语/1990-2007·高考英语真题·word/北京/1993年北京高考英语真题及答案.doc,1990-2007·高考英语真题·word/北京/1993年北京高考英语真题及答案.doc,1993年北京高考英语真题及答案.doc,.doc,67584,2026-08-26T09:10:17.052002+00:00,befe2eaacf726cbd329729ec6fc5a18693c983b2c77428ee12598a991bc162f6,ok,False,paper_only_candidate,full_paper_candidate,path/name indicates a complete examination paper or mock exam
/Users/shidianjin/Documents/高考英语/1990-2007·高考英语真题·word/北京/1994年北京高考英语真题及答案.doc,1990-2007·高考英语真题·word/北京/1994年北京高考英语真题及答案.doc,1994年北京高考英语真题及答案.doc,.doc,55808,2026-08-26T09:10:18.839624+00:00,ad6e45b8cfeab675fd470fed5169d23de8a319da249a948c8bf6c6852b5f1865,ok,False,paper_only_candidate,full_paper_candidate,path/name indicates a complete examination paper or mock exam
/Users/shidianjin/Documents/高考英语/1990-2007·高考英语真题·word/北京/1995年北京高考英语真题及答案.doc,1990-2007·高考英语真题·word/北京/1995年北京高考英语真题及答案.doc,1995年北京高考英语真题及答案.doc,.doc,61952,2026-08-26T09:10:18.976720+00:00,23558e5ad7d6fa1a085cf6654ff72a1643872abe2b6ff1f9ab10a5c27dd6cf09,ok,False,paper_only_candidate,full_paper_candidate,path/name indicates a complete examination paper or mock exam
/Users/shidianjin/Documents/高考英语/1990-2007·高考英语真题·word/北京/1996年北京高考英语真题及答案.doc,1990-2007·高考英语真题·word/北京/1996年北京高考英语真题及答案.doc,1996年北京高考英语真题及答案.doc,.doc,68608,2026-08-26T09:10:20.440687+00:00,f6cc5bec328f661462ca4134a48748b7d1441a6e80025ad656d2c0b93ebe4b30,ok,False,paper_only_candidate,full_paper_candidate,path/name indicates a complete examination paper or mock exam
/Users/shidianjin/Documents/高考英语/1990-2007·高考英语真题·word/北京/1997年北京高考英语真题及答案.doc,1990-2007·高考英语真题·word/北京/1997年北京高考英语真题及答案.doc,1997年北京高考英语真题及答案.doc,.doc,61952,2026-08-26T09:10:19.678721+00:00,b6b5b3c0b619a84366a7095bef32a4cd9d9f51756e20403b120e2143d1099f03,ok,False,paper_only_candidate,full_paper_candidate,path/name indicates a complete examination paper or mock exam
/Users/shidianjin/Documents/高考英语/1990-2007·高考英语真题·word/北京/1998年北京高考英语真题及答案.doc,1990-2007·高考英语真题·word/北京/1998年北京高考英语真题及答案.doc,1998年北京高考英语真题及答案.doc,.doc,88576,2026-08-26T09:10:19.519160+00:00,1d32bd6b2f4d7544db80015974557c308641eaef762ed0996145e470c35b52d7,ok,False,paper_only_candidate,full_paper_candidate,path/name indicates a complete examination paper or mock exam
/Users/shidianjin/Documents/高考英语/1990-2007·高考英语真题·word/北京/1999年北京高考英语真题及答案.doc,1990-2007·高考英语真题·word/北京/1999年北京高考英语真题及答案.doc,1999年北京高考英语真题及答案.doc,.doc,54272,2026-08-26T09:10:20.989585+00:00,3ba509fd3b73d5afcf3ef993784b9972c9ba87edd66aaa5323be9270cf3a8a91,ok,False,paper_only_candidate,full_paper_candidate,path/name indicates a complete examination paper or mock exam
/Users/shidianjin/Documents/高考英语/1990-2007·高考英语真题·word/北京/2000年北京高考英语真题及答案.doc,1990-2007·高考英语真题·word/北京/2000年北京高考英语真题及答案.doc,2000年北京高考英语真题及答案.doc,.doc,61440,2026-08-26T09:10:20.765202+00:00,086ea56e85a55af98622277e56eefcdd3994624a29d129bd100bb679e21c59bc,ok,False,paper_only_candidate,full_paper_candidate,path/name indicates a complete examination paper or mock exam
/Users/shidianjin/Documents/高考英语/1990-2007·高考英语真题·word/北京/2001年北京高考英语真题及答案.doc,1990-2007·高考英语真题·word/北京/2001年北京高考英语真题及答案.doc,2001年北京高考英语真题及答案.doc,.doc,2324480,2026-08-26T09:10:33.094220+00:00,715bd76a64dbd870bbd83f512610d1478394a22455532e4865ce1063db9147e0,ok,False,paper_only_candidate,full_paper_candidate,path/name indicates a complete examination paper or mock exam
/Users/shidianjin/Documents/高考英语/1990-2007·高考英语真题·word/北京/2002年北京高考英语真题及答案.doc,1990-2007·高考英语真题·word/北京/2002年北京高考英语真题及答案.doc,2002年北京高考英语真题及答案.doc,.doc,1362432,2026-08-26T09:10:45.170262+00:00,e7213d7c85c0a4ba975d92a09d0cf3b11ff425653262abf1123b1e896a0b48c6,ok,False,paper_only_candidate,full_paper_candidate,path/name indicates a complete examination paper or mock exam
/Users/shidianjin/Documents/高考英语/1990-2007·高考英语真题·word/北京/2003年北京高考英语真题及答案.doc,1990-2007·高考英语真题·word/北京/2003年北京高考英语真题及答案.doc,2003年北京高考英语真题及答案.doc,.doc,391680,2026-08-26T09:10:21.164245+00:00,d107fb150a145ebb7921b512b32fb797cf27c8ca8305ca13e378d11130a2db45,ok,False,paper_only_candidate,full_paper_candidate,path/name indicates a complete examination paper or mock exam
/Users/shidianjin/Documents/高考英语/1990-2007·高考英语真题·word/北京/2004年北京高考英语真题及答案.doc,1990-2007·高考英语真题·word/北京/2004年北京高考英语真题及答案.doc,2004年北京高考英语真题及答案.doc,.doc,69632,2026-08-26T09:10:20.194243+00:00,f9060154b02f7d9896fe96891b93cbefd9e9166337471f40594e5c0b893c2587,ok,False,paper_only_candidate,full_paper_candidate,path/name indicates a complete examination paper or mock exam
/Users/shidianjin/Documents/高考英语/1990-2007·高考英语真题·word/北京/2005年北京高考英语真题及答案.doc,1990-2007·高考英语真题·word/北京/2005年北京高考英语真题及答案.doc,2005年北京高考英语真题及答案.doc,.doc,340480,2026-08-26T09:10:26.479720+00:00,bf3299b97cf41a30a40b982c919a7c18a97b964f7e8d3e4366b36e7a024bcf7a,ok,False,paper_only_candidate,full_paper_candidate,path/name indicates a complete examination paper or mock exam
/Users/shidianjin/Documents/高考英语/1990-2007·高考英语真题·word/北京/2006年北京高考英语真题及答案.doc,1990-2007·高考英语真题·word/北京/2006年北京高考英语真题及答案.doc,2006年北京高考英语真题及答案.doc,.doc,1090560,2026-08-26T09:10:22.665985+00:00,020e14791bdddf6333af8af8dbb3dc9ead53d6869c179009b64a4a99f45dfa63,ok,False,paper_only_candidate,full_paper_candidate,path/name indicates a complete examination paper or mock exam
/Users/shidianjin/Documents/高考英语/1990-2007·高考英语真题·word/北京/2007年北京高考英语真题及答案.doc,1990-2007·高考英语真题·word/北京/2007年北京高考英语真题及答案.doc,2007年北京高考英语真题及答案.doc,.doc,543232,2026-08-26T09:10:20.878868+00:00,547732f5191c0bc927f3e55d742ffc9ff95ac508239ce6ab158bc9804703df9c,ok,False,paper_only_candidate,full_paper_candidate,path/name indicates a complete examination paper or mock exam
/Users/shidianjin/Documents/高考英语/1990-2007·高考英语真题·word/安徽/1990年安徽高考英语真题及答案.doc,1990-2007·高考英语真题·word/安徽/1990年安徽高考英语真题及答案.doc,1990年安徽高考英语真题及答案.doc,.doc,67584,2026-08-26T09:10:17.124209+00:00,6e9b450d3750f3bff8e34008c1e509bfe73fd96c6ba3d23f342d2807f47dc4c0,ok,False,paper_only_candidate,full_paper_candidate,path/name indicates a complete examination paper or mock exam
/Users/shidianjin/Documents/高考英语/1990-2007·高考英语真题·word/安徽/1991年安徽高考英语真题及答案.doc,1990-2007·高考英语真题·word/安徽/1991年安徽高考英语真题及答案.doc,1991年安徽高考英语真题及答案.doc,.doc,50688,2026-08-26T09:10:16.203329+00:00,933ca8a0006e0b797a33251affcc9a43f5aed51ea6c0b7e4c66efe3cca3a8122,ok,False,paper_only_candidate,full_paper_candidate,path/name indicates a complete examination paper or mock exam
/Users/shidianjin/Documents/高考英语/1990-2007·高考英语真题·word/安徽/1992年安徽高考英语真题及答案.doc,1990-2007·高考英语真题·word/安徽/1992年安徽高考英语真题及答案.doc,1992年安徽高考英语真题及答案.doc,.doc,56320,2026-08-26T09:10:19.260912+00:00,8e745a40b19ec544374c561280e6533e5d3a84c3f45e6adaf703f98aa2a7c059,ok,False,paper_only_candidate,full_paper_candidate,path/name indicates a complete examination paper or mock exam
/Users/shidianjin/Documents/高考英语/1990-2007·高考英语真题·word/安徽/1993年安徽高考英语真题及答案.doc,1990-2007·高考英语真题·word/安徽/1993年安徽高考英语真题及答案.doc,1993年安徽高考英语真题及答案.doc,.doc,67584,2026-08-26T09:10:17.078763+00:00,7def4f5e36c06a0bce2345779423d87078947d6a1765bc95082bf03bb1edd577,ok,False,paper_only_candidate,full_paper_candidate,path/name indicates a complete examination paper or mock exam
/Users/shidianjin/Documents/高考英语/1990-2007·高考英语真题·word/安徽/1994年安徽高考英语真题及答案.doc,1990-2007·高考英语真题·word/安徽/1994年安徽高考英语真题及答案.doc,1994年安徽高考英语真题及答案.doc,.doc,55808,2026-08-26T09:10:16.779480+00:00,39af6f7a45eed0eb4826f251118eac6edbbaf17ab93324c8198b06d33f0ccfc6,ok,False,paper_only_candidate,full_paper_candidate,path/name indicates a complete examination paper or mock exam
/Users/shidianjin/Documents/高考英语/1990-2007·高考英语真题·word/安徽/1995年安徽高考英语真题及答案.doc,1990-2007·高考英语真题·word/安徽/1995年安徽高考英语真题及答案.doc,1995年安徽高考英语真题及答案.doc,.doc,61952,2026-08-26T09:10:16.827834+00:00,cbe7f72ba503d4b5df80b3ce9d265ee76b5bf30e5055fd2d03f62f79e5aaf167,ok,False,paper_only_candidate,full_paper_candidate,path/name indicates a complete examination paper or mock exam
/Users/shidianjin/Documents/高考英语/1990-2007·高考英语真题·word/安徽/1996年安徽高考英语真题及答案.doc,1990-2007·高考英语真题·word/安徽/1996年安徽高考英语真题及答案.doc,1996年安徽高考英语真题及答案.doc,.doc,68608,2026-08-26T09:10:18.202379+00:00,de6b14c3865acba5490aea1f4c5f714c39fa5be1c8f0e97669b0dd70da178c49,ok,False,paper_only_candidate,full_paper_candidate,path/name indicates a complete examination paper or mock exam
/Users/shidianjin/Documents/高考英语/1990-2007·高考英语真题·word/安徽/1997年安徽高考英语真题及答案.doc,1990-2007·高考英语真题·word/安徽/1997年安徽高考英语真题及答案.doc,1997年安徽高考英语真题及答案.doc,.doc,61952,2026-08-26T09:10:19.422005+00:00,a42d1a723bbaccfa26f781df7719fc7e682d5935286cb7449862661efb280b2c,ok,False,paper_only_candidate,full_paper_candidate,path/name indicates a complete examination paper or mock exam
/Users/shidianjin/Documents/高考英语/1990-2007·高考英语真题·word/安徽/1998年安徽高考英语真题及答案.doc,1990-2007·高考英语真题·word/安徽/1998年安徽高考英语真题及答案.doc,1998年安徽高考英语真题及答案.doc,.doc,88576,2026-08-26T09:10:16.622774+00:00,6180e6e8239d11a25ba32af1991615fff8ca1b8f4eca133b6cf9ddbde427d1c5,ok,False,paper_only_candidate,full_paper_candidate,path/name indicates a complete examination paper or mock exam
/Users/shidianjin/Documents/高考英语/1990-2007·高考英语真题·word/安徽/1999年安徽高考英语真题及答案.doc,1990-2007·高考英语真题·word/安徽/1999年安徽高考英语真题及答案.doc,1999年安徽高考英语真题及答案.doc,.doc,52736,2026-08-26T09:10:18.002561+00:00,d7b5c6c77bc40a70fd97744afa22c0aa33ae8279ad78b06ecf5b477434c5fade,ok,False,paper_only_candidate,full_paper_candidate,path/name indicates a complete examination paper or mock exam
/Users/shidianjin/Documents/高考英语/1990-2007·高考英语真题·word/安徽/2000年安徽高考英语真题及答案.doc,1990-2007·高考英语真题·word/安徽/2000年安徽高考英语真题及答案.doc,2000年安徽高考英语真题及答案.doc,.doc,61440,2026-08-26T09:10:18.148217+00:00,1573b7858f48e2b7917d279f4e669d1683ddbf069b64213d45b3694d970b5e05,ok,False,paper_only_candidate,full_paper_candidate,path/name indicates a complete examination paper or mock exam
/Users/shidianjin/Documents/高考英语/1990-2007·高考英语真题·word/安徽/2001年安徽高考英语真题及答案.doc,1990-2007·高考英语真题·word/安徽/2001年安徽高考英语真题及答案.doc,2001年安徽高考英语真题及答案.doc,.doc,2445824,2026-08-26T09:11:01.743102+00:00,f02a36bcc7bc06aeec3d95faeda002fe98f7d1e320b8289fa59ddd9795f13713,ok,False,paper_only_candidate,full_paper_candidate,path/name indicates a complete examination paper or mock exam
/Users/shidianjin/Documents/高考英语/1990-2007·高考英语真题·word/安徽/2002年安徽高考英语真题及答案.doc,1990-2007·高考英语真题·word/安徽/2002年安徽高考英语真题及答案.doc,2002年安徽高考英语真题及答案.doc,.doc,66048,2026-08-26T09:10:18.147559+00:00,4191cc9e64608df4f011f188810686295e0e6d84bb8aae35c5bdab5f6df95deb,ok,False,paper_only_candidate,full_paper_candidate,path/name indicates a complete examination paper or mock exam
/Users/shidianjin/Documents/高考英语/1990-2007·高考英语真题·word/安徽/2003年安徽高考英语真题及答案.doc,1990-2007·高考英语真题·word/安徽/2003年安徽高考英语真题及答案.doc,2003年安徽高考英语真题及答案.doc,.doc,738816,2026-08-26T09:10:28.803863+00:00,2c007382c266a420981287dc463bc4af1c7ff054374c34d8af23b65d643bbf4f,ok,False,paper_only_candidate,full_paper_candidate,path/name indicates a complete examination paper or mock exam
/Users/shidianjin/Documents/高考英语/1990-2007·高考英语真题·word/安徽/2004年安徽高考英语真题及答案.doc,1990-2007·高考英语真题·word/安徽/2004年安徽高考英语真题及答案.doc,2004年安徽高考英语真题及答案.doc,.doc,94720,2026-08-26T09:10:18.542458+00:00,1bb09f4e9768eb70258250ba0a62381bc0cbae911337e373f2fbb86edf9e0698,ok,False,paper_only_candidate,full_paper_candidate,path/name indicates a complete examination paper or mock exam
/Users/shidianjin/Documents/高考英语/1990-2007·高考英语真题·word/安徽/2005年安徽高考英语真题及答案.doc,1990-2007·高考英语真题·word/安徽/2005年安徽高考英语真题及答案.doc,2005年安徽高考英语真题及答案.doc,.doc,118784,2026-08-26T09:10:20.350647+00:00,0b7212c82ea37b8080cc20e6bf5f734768339e05601b01d3ba428f01647b0a7a,ok,False,paper_only_candidate,full_paper_candidate,path/name indicates a complete examination paper or mock exam
/Users/shidianjin/Documents/高考英语/1990-2007·高考英语真题·word/安徽/2006年安徽高考英语真题及答案.doc,1990-2007·高考英语真题·word/安徽/2006年安徽高考英语真题及答案.doc,2006年安徽高考英语真题及答案.doc,.doc,70656,2026-08-26T09:10:17.299385+00:00,c6e23c287f0083b96eec75cb7d4a058b0c8485d434952a81c041d5c0aedf3741,ok,False,paper_only_candidate,full_paper_candidate,path/name indicates a complete examination paper or mock exam
/Users/shidianjin/Documents/高考英语/1990-2007·高考英语真题·word/安徽/2007年安徽高考英语真题及答案.doc,1990-2007·高考英语真题·word/安徽/2007年安徽高考英语真题及答案.doc,2007年安徽高考英语真题及答案.doc,.doc,81920,2026-08-26T09:10:19.036679+00:00,bdaa52fd72ef321dc15c95db277546f5e7e0b7f1ea13ff4f5def6152ea5aa65c,ok,False,paper_only_candidate,full_paper_candidate,path/name indicates a complete examination paper or mock exam
/Users/shidianjin/Documents/高考英语/1990-2007·高考英语真题·word/广东/1990年广东高考英语真题及答案.doc,1990-2007·高考英语真题·word/广东/1990年广东高考英语真题及答案.doc,1990年广东高考英语真题及答案.doc,.doc,67584,2026-08-26T09:10:25.221897+00:00,63021821b96614488c005b35da8553443d044ff28874b944cd374dc0f10b8cda,ok,False,paper_only_candidate,full_paper_candidate,path/name indicates a complete examination paper or mock exam
/Users/shidianjin/Documents/高考英语/1990-2007·高考英语真题·word/广东/1991年广东高考英语真题及答案.doc,1990-2007·高考英语真题·word/广东/1991年广东高考英语真题及答案.doc,1991年广东高考英语真题及答案.doc,.doc,50688,2026-08-26T09:10:25.425791+00:00,8cce55bb16d3c1dc49dd53b1099b26f5b9203a688789f16ba7e6b58f5240a097,ok,False,paper_only_candidate,full_paper_candidate,path/name indicates a complete examination paper or mock exam
/Users/shidianjin/Documents/高考英语/1990-2007·高考英语真题·word/广东/1992年广东高考英语真题及答案.doc,1990-2007·高考英语真题·word/广东/1992年广东高考英语真题及答案.doc,1992年广东高考英语真题及答案.doc,.doc,56320,2026-08-26T09:10:26.311924+00:00,0c6c595df90c52dc1ad331ef09d4a8c67bf7844d130e8c86150e2d3519bf0fbd,ok,False,paper_only_candidate,full_paper_candidate,path/name indicates a complete examination paper or mock exam
/Users/shidianjin/Documents/高考英语/1990-2007·高考英语真题·word/广东/1993年广东高考英语真题及答案.doc,1990-2007·高考英语真题·word/广东/1993年广东高考英语真题及答案.doc,1993年广东高考英语真题及答案.doc,.doc,67584,2026-08-26T09:10:27.134190+00:00,d1d42dc7d34c9eb8e3d2939d3d2543f6d05f9a2d3261b187ecca0468425a68e5,ok,False,paper_only_candidate,full_paper_candidate,path/name indicates a complete examination paper or mock exam
/Users/shidianjin/Documents/高考英语/1990-2007·高考英语真题·word/广东/1994年广东高考英语真题及答案.doc,1990-2007·高考英语真题·word/广东/1994年广东高考英语真题及答案.doc,1994年广东高考英语真题及答案.doc,.doc,55808,2026-08-26T09:10:27.881180+00:00,a4a2ccfb46687a85af233b6b51c5e4167fd507c389d0e3df3b161672a9d5a94b,ok,False,paper_only_candidate,full_paper_candidate,path/name indicates a complete examination paper or mock exam
/Users/shidianjin/Documents/高考英语/1990-2007·高考英语真题·word/广东/1995年广东高考英语真题及答案.doc,1990-2007·高考英语真题·word/广东/1995年广东高考英语真题及答案.doc,1995年广东高考英语真题及答案.doc,.doc,61952,2026-08-26T09:10:26.825037+00:00,becde1120acb5e30abd00c831f074edcee3b266ffe7d666528d8d7bf1e3f22c3,ok,False,paper_only_candidate,full_paper_candidate,path/name indicates a complete examination paper or mock exam
/Users/shidianjin/Documents/高考英语/1990-2007·高考英语真题·word/广东/1996年广东高考英语真题及答案.doc,1990-2007·高考英语真题·word/广东/1996年广东高考英语真题及答案.doc,1996年广东高考英语真题及答案.doc,.doc,68608,2026-08-26T09:10:27.716931+00:00,542a322cd685c83e87c2c1711b02c0e85540ba17f02020f98922bf7a792c5fe0,ok,False,paper_only_candidate,full_paper_candidate,path/name indicates a complete examination paper or mock exam
/Users/shidianjin/Documents/高考英语/1990-2007·高考英语真题·word/广东/1997年广东高考英语真题及答案.doc,1990-2007·高考英语真题·word/广东/1997年广东高考英语真题及答案.doc,1997年广东高考英语真题及答案.doc,.doc,61952,2026-08-26T09:10:28.568414+00:00,a52c670f0b27355b2f22ad104fb92949df9567829be0a2cc410352bdb382d38d,ok,False,paper_only_candidate,full_paper_candidate,path/name indicates a complete examination paper or mock exam
/Users/shidianjin/Documents/高考英语/1990-2007·高考英语真题·word/广东/1998年广东高考英语真题及答案.doc,1990-2007·高考英语真题·word/广东/1998年广东高考英语真题及答案.doc,1998年广东高考英语真题及答案.doc,.doc,88576,2026-08-26T09:10:28.341085+00:00,d3ee597ece23333703824f9131a59822c3758b77223a32141394d3e404eb135c,ok,False,paper_only_candidate,full_paper_candidate,path/name indicates a complete examination paper or mock exam
/Users/shidianjin/Documents/高考英语/1990-2007·高考英语真题·word/广东/1999年广东高考英语真题及答案.doc,1990-2007·高考英语真题·word/广东/1999年广东高考英语真题及答案.doc,1999年广东高考英语真题及答案.doc,.doc,52736,2026-08-26T09:10:27.506752+00:00,257312e66c584cef2aaa1a679d296070d8f7db948301cc92c21995d1bc471df0,ok,False,paper_only_candidate,full_paper_candidate,path/name indicates a complete examination paper or mock exam
/Users/shidianjin/Documents/高考英语/1990-2007·高考英语真题·word/广东/2001年广东高考英语真题及答案.doc,1990-2007·高考英语真题·word/广东/2001年广东高考英语真题及答案.doc,2001年广东高考英语真题及答案.doc,.doc,2445824,2026-08-26T09:11:15.188976+00:00,1a252f61c217ca1bf189ca0c7a122e8a080ba9bdbb1d74d9b0364dafbb1990a2,ok,False,paper_only_candidate,full_paper_candidate,path/name indicates a complete examination paper or mock exam
/Users/shidianjin/Documents/高考英语/1990-2007·高考英语真题·word/广东/2002年广东高考英语真题及答案.doc,1990-2007·高考英语真题·word/广东/2002年广东高考英语真题及答案.doc,2002年广东高考英语真题及答案.doc,.doc,65024,2026-08-26T09:10:29.005458+00:00,520fc97c7ec14cec536ec94241461f59a9247d88c51f6a2639e11e88e5c0fa97,ok,False,paper_only_candidate,full_paper_candidate,path/name indicates a complete examination paper or mock exam
/Users/shidianjin/Documents/高考英语/1990-2007·高考英语真题·word/广东/2003年广东高考英语真题及答案.doc,1990-2007·高考英语真题·word/广东/2003年广东高考英语真题及答案.doc,2003年广东高考英语真题及答案.doc,.doc,127488,2026-08-26T09:10:30.507522+00:00,80912068c1cc68207744fe827e8e78794c2511741054f8147ec1174b828d40b9,ok,False,paper_only_candidate,full_paper_candidate,path/name indicates a complete examination paper or mock exam
/Users/shidianjin/Documents/高考英语/1990-2007·高考英语真题·word/广东/2004年广东高考英语真题及答案.doc,1990-2007·高考英语真题·word/广东/2004年广东高考英语真题及答案.doc,2004年广东高考英语真题及答案.doc,.doc,169984,2026-08-26T09:10:30.895905+00:00,1ee3bcebbe1bfdac091d1514cfec18252ffa47c8dd84117e4c56c91412369108,ok,False,paper_only_candidate,full_paper_candidate,path/name indicates a complete examination paper or mock exam
/Users/shidianjin/Documents/高考英语/1990-2007·高考英语真题·word/广东/2005年广东高考英语真题及答案.doc,1990-2007·高考英语真题·word/广东/2005年广东高考英语真题及答案.doc,2005年广东高考英语真题及答案.doc,.doc,121344,2026-08-26T09:10:31.281610+00:00,2aa5b1333cb259b063b9b687ed23f10c4fa5ca405a609e9a24f63e74786a1c16,ok,False,paper_only_candidate,full_paper_candidate,path/name indicates a complete examination paper or mock exam
/Users/shidianjin/Documents/高考英语/1990-2007·高考英语真题·word/广东/2006年广东高考英语真题及答案.doc,1990-2007·高考英语真题·word/广东/2006年广东高考英语真题及答案.doc,2006年广东高考英语真题及答案.doc,.doc,152576,2026-08-26T09:10:32.450197+00:00,c14a665dbe06d081bd764c9c507054ba1ccdbd08a1bb59306e6f87fe3cc41e98,ok,False,paper_only_candidate,full_paper_candidate,path/name indicates a complete examination paper or mock exam
/Users/shidianjin/Documents/高考英语/1990-2007·高考英语真题·word/广东/2007年广东高考英语真题及答案.doc,1990-2007·高考英语真题·word/广东/2007年广东高考英语真题及答案.doc,2007年广东高考英语真题及答案.doc,.doc,433152,2026-08-26T09:10:29.178618+00:00,1e7257f7e4369681d78ba321febdf0b0222f8460122b1d1d05027868adc0227a,ok,False,paper_only_candidate,full_paper_candidate,path/name indicates a complete examination paper or mock exam
/Users/shidianjin/Documents/高考英语/1990-2007·高考英语真题·word/广西/1990年广西高考英语真题及答案.doc,1990-2007·高考英语真题·word/广西/1990年广西高考英语真题及答案.doc,1990年广西高考英语真题及答案.doc,.doc,67584,2026-08-26T09:10:30.375450+00:00,bfae4ed199a8ee093590bc972614ea0c421ee377e994d7f13cb1f8eab810b4ab,ok,False,paper_only_candidate,full_paper_candidate,path/name indicates a complete examination paper or mock exam
/Users/shidianjin/Documents/高考英语/1990-2007·高考英语真题·word/广西/1991年广西高考英语真题及答案.doc,1990-2007·高考英语真题·word/广西/1991年广西高考英语真题及答案.doc,1991年广西高考英语真题及答案.doc,.doc,50688,2026-08-26T09:10:30.747262+00:00,cd7606dedc242977b5dd6fc951fb1841d00d983f6041c99a27f7a856da06959f,ok,False,paper_only_candidate,full_paper_candidate,path/name indicates a complete examination paper or mock exam
/Users/shidianjin/Documents/高考英语/1990-2007·高考英语真题·word/广西/1992年广西高考英语真题及答案.doc,1990-2007·高考英语真题·word/广西/1992年广西高考英语真题及答案.doc,1992年广西高考英语真题及答案.doc,.doc,56320,2026-08-26T09:10:31.947077+00:00,64ce2c7c55a74891f4215d274355e63d507ecdf8695fbc0a1d54ce11e6eea63e,ok,False,paper_only_candidate,full_paper_candidate,path/name indicates a complete examination paper or mock exam
/Users/shidianjin/Documents/高考英语/1990-2007·高考英语真题·word/广西/1993年广西高考英语真题及答案.doc,1990-2007·高考英语真题·word/广西/1993年广西高考英语真题及答案.doc,1993年广西高考英语真题及答案.doc,.doc,67584,2026-08-26T09:10:32.280413+00:00,f7d23bf4d621e61c7881e692bdc138dd6dc5ecb0933324555e2da2ed92f5862c,ok,False,paper_only_candidate,full_paper_candidate,path/name indicates a complete examination paper or mock exam
/Users/shidianjin/Documents/高考英语/1990-2007·高考英语真题·word/广西/1994年广西高考英语真题及答案.doc,1990-2007·高考英语真题·word/广西/1994年广西高考英语真题及答案.doc,1994年广西高考英语真题及答案.doc,.doc,55808,2026-08-26T09:10:32.360484+00:00,46a96332c78d1d049b7b02793f44a0f1e4a8329e21d9537854a2640974e2d6eb,ok,False,paper_only_candidate,full_paper_candidate,path/name indicates a complete examination paper or mock exam
/Users/shidianjin/Documents/高考英语/1990-2007·高考英语真题·word/广西/1995年广西高考英语真题及答案.doc,1990-2007·高考英语真题·word/广西/1995年广西高考英语真题及答案.doc,1995年广西高考英语真题及答案.doc,.doc,61952,2026-08-26T09:10:32.490663+00:00,b1b60661a940e6659b5e3d17b96f608e07cadf35bf5b3642ac77943cae0c1d75,ok,False,paper_only_candidate,full_paper_candidate,path/name indicates a complete examination paper or mock exam
/Users/shidianjin/Documents/高考英语/1990-2007·高考英语真题·word/广西/1996年广西高考英语真题及答案.doc,1990-2007·高考英语真题·word/广西/1996年广西高考英语真题及答案.doc,1996年广西高考英语真题及答案.doc,.doc,68608,2026-08-26T09:10:34.124364+00:00,3b8a6c3f0577f84405237411b3f35f790e0868641d6940cb77582e332f8e3822,ok,False,paper_only_candidate,full_paper_candidate,path/name indicates a complete examination paper or mock exam
/Users/shidianjin/Documents/高考英语/1990-2007·高考英语真题·word/广西/1997年广西高考英语真题及答案.doc,1990-2007·高考英语真题·word/广西/1997年广西高考英语真题及答案.doc,1997年广西高考英语真题及答案.doc,.doc,61952,2026-08-26T09:10:33.429514+00:00,ac7c2d7d1efe17d81b1804fa484b717bf901054d2def1c299afdf3fc113ec3eb,ok,False,paper_only_candidate,full_paper_candidate,path/name indicates a complete examination paper or mock exam
/Users/shidianjin/Documents/高考英语/1990-2007·高考英语真题·word/广西/1998年广西高考英语真题及答案.doc,1990-2007·高考英语真题·word/广西/1998年广西高考英语真题及答案.doc,1998年广西高考英语真题及答案.doc,.doc,88576,2026-08-26T09:10:34.104182+00:00,5086292330cde68f85a120529d036f89243a8517b1862018a9c7fb3c5a55bffb,ok,False,paper_only_candidate,full_paper_candidate,path/name indicates a complete examination paper or mock exam
/Users/shidianjin/Documents/高考英语/1990-2007·高考英语真题·word/广西/1999年广西高考英语真题及答案.doc,1990-2007·高考英语真题·word/广西/1999年广西高考英语真题及答案.doc,1999年广西高考英语真题及答案.doc,.doc,52736,2026-08-26T09:10:33.671047+00:00,95e6dd8e7909f1c2cf907d318946b109d5b6065786252c3b881d6017d5f758de,ok,False,paper_only_candidate,full_paper_candidate,path/name indicates a complete examination paper or mock exam
/Users/shidianjin/Documents/高考英语/1990-2007·高考英语真题·word/广西/2000年广西高考英语真题及答案.doc,1990-2007·高考英语真题·word/广西/2000年广西高考英语真题及答案.doc,2000年广西高考英语真题及答案.doc,.doc,70144,2026-08-26T09:10:33.963219+00:00,e766680c09b39111bab83835486240b247fd395278a1a7f27c2da2a474b670fb,ok,False,paper_only_candidate,full_paper_candidate,path/name indicates a complete examination paper or mock exam
/Users/shidianjin/Documents/高考英语/1990-2007·高考英语真题·word/广西/2002年广西高考英语真题及答案.doc,1990-2007·高考英语真题·word/广西/2002年广西高考英语真题及答案.doc,2002年广西高考英语真题及答案.doc,.doc,67072,2026-08-26T09:10:34.979617+00:00,31fc77139e757fea92580b206824be97e6ae444af46bf988f7d4fe7b60bbf061,ok,False,paper_only_candidate,full_paper_candidate,path/name indicates a complete examination paper or mock exam
/Users/shidianjin/Documents/高考英语/1990-2007·高考英语真题·word/广西/2003年广西高考英语真题及答案.doc,1990-2007·高考英语真题·word/广西/2003年广西高考英语真题及答案.doc,2003年广西高考英语真题及答案.doc,.doc,753152,2026-08-26T09:10:48.165738+00:00,d9958f920622ba6b51d3cc05450ab462c62d594165a997a4354f3fe648b7f0dd,ok,False,paper_only_candidate,full_paper_candidate,path/name indicates a complete examination paper or mock exam
/Users/shidianjin/Documents/高考英语/1990-2007·高考英语真题·word/广西/2004年广西高考英语真题及答案.doc,1990-2007·高考英语真题·word/广西/2004年广西高考英语真题及答案.doc,2004年广西高考英语真题及答案.doc,.doc,51712,2026-08-26T09:10:34.586279+00:00,f9750632e163c34942be82e574d65b3ba7dcb809cbe2b7d19cb56e2e09d6b2ea,ok,False,paper_only_candidate,full_paper_candidate,path/name indicates a complete examination paper or mock exam
/Users/shidianjin/Documents/高考英语/1990-2007·高考英语真题·word/广西/2005年广西高考英语真题及答案.doc,1990-2007·高考英语真题·word/广西/2005年广西高考英语真题及答案.doc,2005年广西高考英语真题及答案.doc,.doc,118784,2026-08-26T09:10:35.906720+00:00,cea087d03cd5cd3717556cb359c183f104b2d858d8deccc919907db03fac17ec,ok,False,paper_only_candidate,full_paper_candidate,path/name indicates a complete examination paper or mock exam
/Users/shidianjin/Documents/高考英语/1990-2007·高考英语真题·word/广西/2006年广西高考英语真题及答案.doc,1990-2007·高考英语真题·word/广西/2006年广西高考英语真题及答案.doc,2006年广西高考英语真题及答案.doc,.doc,253440,2026-08-26T09:10:34.684135+00:00,c485c8ad327325e64467f09f1a92bbeb30fc3d96d3f5d69fe6bb67b7e9a28809,ok,False,paper_only_candidate,full_paper_candidate,path/name indicates a complete examination paper or mock exam
/Users/shidianjin/Documents/高考英语/1990-2007·高考英语真题·word/广西/2007年广西高考英语真题及答案.doc,1990-2007·高考英语真题·word/广西/2007年广西高考英语真题及答案.doc,2007年广西高考英语真题及答案.doc,.doc,64000,2026-08-26T09:10:35.683382+00:00,e53d23b9d84dd12e8589aba98b96cb906bd8aa4d9b300bc5cabe8786f89c2b7b,ok,False,paper_only_candidate,full_paper_candidate,path/name indicates a complete examination paper or mock exam
/Users/shidianjin/Documents/高考英语/1990-2007·高考英语真题·word/河北/1990年河北高考英语真题及答案.doc,1990-2007·高考英语真题·word/河北/1990年河北高考英语真题及答案.doc,1990年河北高考英语真题及答案.doc,.doc,67584,2026-08-26T09:10:45.846895+00:00,2ff1f08f1e1afa1ebc021faf9638cc658247010d9c990467e2fd2555f60ef97f,ok,False,paper_only_candidate,full_paper_candidate,path/name indicates a complete examination paper or mock exam
/Users/shidianjin/Documents/高考英语/1990-2007·高考英语真题·word/河北/1991年河北高考英语真题及答案.doc,1990-2007·高考英语真题·word/河北/1991年河北高考英语真题及答案.doc,1991年河北高考英语真题及答案.doc,.doc,50688,2026-08-26T09:10:45.815821+00:00,aeab4de90009adc7b034f05e59f6c407a0d693ba9c296f00544a8e0542b654ad,ok,False,paper_only_candidate,full_paper_candidate,path/name indicates a complete examination paper or mock exam
/Users/shidianjin/Documents/高考英语/1990-2007·高考英语真题·word/河北/1992年河北高考英语真题及答案.doc,1990-2007·高考英语真题·word/河北/1992年河北高考英语真题及答案.doc,1992年河北高考英语真题及答案.doc,.doc,56320,2026-08-26T09:10:45.816676+00:00,378045a6283a4e0ef2eb9c035de52bd9c1ec0c460f6a0e904102c118af8d00fb,ok,False,paper_only_candidate,full_paper_candidate,path/name indicates a complete examination paper or mock exam
/Users/shidianjin/Documents/高考英语/1990-2007·高考英语真题·word/河北/1993年河北高考英语真题及答案.doc,1990-2007·高考英语真题·word/河北/1993年河北高考英语真题及答案.doc,1993年河北高考英语真题及答案.doc,.doc,67584,2026-08-26T09:10:46.014972+00:00,f3c503ec7d62d0311cfef87dc9453a47deb7bdb3326226a3a7d51b75dcef8c01,ok,False,paper_only_candidate,full_paper_candidate,path/name indicates a complete examination paper or mock exam
/Users/shidianjin/Documents/高考英语/1990-2007·高考英语真题·word/河北/1994年河北高考英语真题及答案.doc,1990-2007·高考英语真题·word/河北/1994年河北高考英语真题及答案.doc,1994年河北高考英语真题及答案.doc,.doc,55808,2026-08-26T09:10:46.669912+00:00,077b3e2f09763c6b93137c84238a290d5949a304e204092eedd35f7a46b09c66,ok,False,paper_only_candidate,full_paper_candidate,path/name indicates a complete examination paper or mock exam
/Users/shidianjin/Documents/高考英语/1990-2007·高考英语真题·word/河北/1995年河北高考英语真题及答案.doc,1990-2007·高考英语真题·word/河北/1995年河北高考英语真题及答案.doc,1995年河北高考英语真题及答案.doc,.doc,61952,2026-08-26T09:10:47.201862+00:00,16490a5049152d4e3b3846f3f43f38e522025d786dfc4d5aba02b0d7594618c8,ok,False,paper_only_candidate,full_paper_candidate,path/name indicates a complete examination paper or mock exam
/Users/shidianjin/Documents/高考英语/1990-2007·高考英语真题·word/河北/1996年河北高考英语真题及答案.doc,1990-2007·高考英语真题·word/河北/1996年河北高考英语真题及答案.doc,1996年河北高考英语真题及答案.doc,.doc,58368,2026-08-26T09:10:47.309503+00:00,dc6a27144125df589ca4cb530aa6a14aae1897799e8ae0620a9e193a0e001d0b,ok,False,paper_only_candidate,full_paper_candidate,path/name indicates a complete examination paper or mock exam
/Users/shidianjin/Documents/高考英语/1990-2007·高考英语真题·word/河北/1997年河北高考英语真题及答案.doc,1990-2007·高考英语真题·word/河北/1997年河北高考英语真题及答案.doc,1997年河北高考英语真题及答案.doc,.doc,61952,2026-08-26T09:10:47.622803+00:00,dfac4c607b595fd88a0a9e3a84265ceb71b5cc00a09b499cadf6d943ff9a0cc9,ok,False,paper_only_candidate,full_paper_candidate,path/name indicates a complete examination paper or mock exam
/Users/shidianjin/Documents/高考英语/1990-2007·高考英语真题·word/河北/1998年河北高考英语真题及答案.doc,1990-2007·高考英语真题·word/河北/1998年河北高考英语真题及答案.doc,1998年河北高考英语真题及答案.doc,.doc,88576,2026-08-26T09:10:47.824116+00:00,94c4ab0384d70444da41de13a6ec79c986ab25081e3efe019b4b858559dc81a6,ok,False,paper_only_candidate,full_paper_candidate,path/name indicates a complete examination paper or mock exam
/Users/shidianjin/Documents/高考英语/1990-2007·高考英语真题·word/河北/1999年河北高考英语真题及答案.doc,1990-2007·高考英语真题·word/河北/1999年河北高考英语真题及答案.doc,1999年河北高考英语真题及答案.doc,.doc,52736,2026-08-26T09:10:48.781733+00:00,5f27d6f45e84f6f51ae742376a946051f2491949061962c867c3f9291c8839a4,ok,False,paper_only_candidate,full_paper_candidate,path/name indicates a complete examination paper or mock exam
/Users/shidianjin/Documents/高考英语/1990-2007·高考英语真题·word/河北/2000年河北高考英语真题及答案.doc,1990-2007·高考英语真题·word/河北/2000年河北高考英语真题及答案.doc,2000年河北高考英语真题及答案.doc,.doc,70144,2026-08-26T09:10:49.098950+00:00,f3feaf12d2e2dced6ab325b15e8741eb43c0f39529bd21edc56e6159b15b799b,ok,False,paper_only_candidate,full_paper_candidate,path/name indicates a complete examination paper or mock exam
/Users/shidianjin/Documents/高考英语/1990-2007·高考英语真题·word/河北/2001年河北高考英语真题及答案.doc,1990-2007·高考英语真题·word/河北/2001年河北高考英语真题及答案.doc,2001年河北高考英语真题及答案.doc,.doc,2445824,2026-08-26T09:10:56.238008+00:00,dc2cd917beffe4a04c52c7d64dbdee7fe9f5ca41839654d33da79a8fec30ef4f,ok,False,paper_only_candidate,full_paper_candidate,path/name indicates a complete examination paper or mock exam
/Users/shidianjin/Documents/高考英语/1990-2007·高考英语真题·word/河北/2002年河北高考英语真题及答案.doc,1990-2007·高考英语真题·word/河北/2002年河北高考英语真题及答案.doc,2002年河北高考英语真题及答案.doc,.doc,67072,2026-08-26T09:10:49.081134+00:00,c6d0a7e9237851e61e979c98107959ffe40b8545b11d386b6e2a73eb19dd1de3,ok,False,paper_only_candidate,full_paper_candidate,path/name indicates a complete examination paper or mock exam
/Users/shidianjin/Documents/高考英语/1990-2007·高考英语真题·word/河北/2003年河北高考英语真题及答案.doc,1990-2007·高考英语真题·word/河北/2003年河北高考英语真题及答案.doc,2003年河北高考英语真题及答案.doc,.doc,107520,2026-08-26T09:10:50.677811+00:00,4a99effdaa4c3b5cc70b00f3ef40cc093d12e5ffb948b8089d49ac18e4af8233,ok,False,paper_only_candidate,full_paper_candidate,path/name indicates a complete examination paper or mock exam
/Users/shidianjin/Documents/高考英语/1990-2007·高考英语真题·word/河北/2004年河北高考英语真题及答案.doc,1990-2007·高考英语真题·word/河北/2004年河北高考英语真题及答案.doc,2004年河北高考英语真题及答案.doc,.doc,94720,2026-08-26T09:10:50.209313+00:00,0704bd5343dd3080e8cedf53fed497dbabf1df33b38536b2de5c3607ef0b1b14,ok,False,paper_only_candidate,full_paper_candidate,path/name indicates a complete examination paper or mock exam
/Users/shidianjin/Documents/高考英语/1990-2007·高考英语真题·word/河北/2005年河北高考英语真题及答案.doc,1990-2007·高考英语真题·word/河北/2005年河北高考英语真题及答案.doc,2005年河北高考英语真题及答案.doc,.doc,118784,2026-08-26T09:10:51.721423+00:00,38cf1f5c06aff84f3517442dfdf4cb785e29ba1ed36e8486679160f4dc801be1,ok,False,paper_only_candidate,full_paper_candidate,path/name indicates a complete examination paper or mock exam
/Users/shidianjin/Documents/高考英语/1990-2007·高考英语真题·word/河北/2006年河北高考英语真题及答案.doc,1990-2007·高考英语真题·word/河北/2006年河北高考英语真题及答案.doc,2006年河北高考英语真题及答案.doc,.doc,253440,2026-08-26T09:10:52.625406+00:00,d299460b2a9bb5746d3e0b0fed64096810b45e1f1c2281a03a3eb32e36ebd75d,ok,False,paper_only_candidate,full_paper_candidate,path/name indicates a complete examination paper or mock exam
/Users/shidianjin/Documents/高考英语/1990-2007·高考英语真题·word/河北/2007年河北高考英语真题及答案.doc,1990-2007·高考英语真题·word/河北/2007年河北高考英语真题及答案.doc,2007年河北高考英语真题及答案.doc,.doc,64000,2026-08-26T09:10:51.554317+00:00,1128d7e633dd0ab4eda2a8f0bca277fd8436667b05528567dea05256519076ec,ok,False,paper_only_candidate,full_paper_candidate,path/name indicates a complete examination paper or mock exam
/Users/shidianjin/Documents/高考英语/1990-2007·高考英语真题·word/河南/1990年河南高考英语真题及答案.doc,1990-2007·高考英语真题·word/河南/1990年河南高考英语真题及答案.doc,1990年河南高考英语真题及答案.doc,.doc,67584,2026-08-26T09:11:02.413970+00:00,b72d109c9394c3462e759d27abe3ee673082cc8aabc41238b7d4657ffc576c1d,ok,False,paper_only_candidate,full_paper_candidate,path/name indicates a complete examination paper or mock exam
/Users/shidianjin/Documents/高考英语/1990-2007·高考英语真题·word/河南/1991年河南高考英语真题及答案.doc,1990-2007·高考英语真题·word/河南/1991年河南高考英语真题及答案.doc,1991年河南高考英语真题及答案.doc,.doc,50688,2026-08-26T09:11:02.915381+00:00,780a40330dd9352f3b6479122ca9baba76df9292f31bba719af9ea729ec3785e,ok,False,paper_only_candidate,full_paper_candidate,path/name indicates a complete examination paper or mock exam
/Users/shidianjin/Documents/高考英语/1990-2007·高考英语真题·word/河南/1992年河南高考英语真题及答案.doc,1990-2007·高考英语真题·word/河南/1992年河南高考英语真题及答案.doc,1992年河南高考英语真题及答案.doc,.doc,56320,2026-08-26T09:11:03.557427+00:00,38fc05f6955661c35bace6fea2760cbc96b7643f19a0a4c91f409cbd53acd779,ok,False,paper_only_candidate,full_paper_candidate,path/name indicates a complete examination paper or mock exam
/Users/shidianjin/Documents/高考英语/1990-2007·高考英语真题·word/河南/1993年河南高考英语真题及答案.doc,1990-2007·高考英语真题·word/河南/1993年河南高考英语真题及答案.doc,1993年河南高考英语真题及答案.doc,.doc,67584,2026-08-26T09:11:04.581023+00:00,7450375101d1bf0217161495d69a43fe69a68eb127b497102c228b0f4ada5916,ok,False,paper_only_candidate,full_paper_candidate,path/name indicates a complete examination paper or mock exam
/Users/shidianjin/Documents/高考英语/1990-2007·高考英语真题·word/河南/1994年河南高考英语真题及答案.doc,1990-2007·高考英语真题·word/河南/1994年河南高考英语真题及答案.doc,1994年河南高考英语真题及答案.doc,.doc,55808,2026-08-26T09:11:04.483684+00:00,e45511bfa0fa708942d3058e64f1a6f5d72e1042a558ba3434a0769442267dab,ok,False,paper_only_candidate,full_paper_candidate,path/name indicates a complete examination paper or mock exam
/Users/shidianjin/Documents/高考英语/1990-2007·高考英语真题·word/河南/1995年河南高考英语真题及答案.doc,1990-2007·高考英语真题·word/河南/1995年河南高考英语真题及答案.doc,1995年河南高考英语真题及答案.doc,.doc,61952,2026-08-26T09:11:04.764223+00:00,4786de6739ec99b1a35642b8ad49d2e85c44c9c2cd1c72ca241bfd6dc1387c74,ok,False,paper_only_candidate,full_paper_candidate,path/name indicates a complete examination paper or mock exam
/Users/shidianjin/Documents/高考英语/1990-2007·高考英语真题·word/河南/1996年河南高考英语真题及答案.doc,1990-2007·高考英语真题·word/河南/1996年河南高考英语真题及答案.doc,1996年河南高考英语真题及答案.doc,.doc,58368,2026-08-26T09:11:05.817877+00:00,f183a641a39266ccfd1bb02f10b589636194fbf09092ad18f06a70fcc531dca4,ok,False,paper_only_candidate,full_paper_candidate,path/name indicates a complete examination paper or mock exam
/Users/shidianjin/Documents/高考英语/1990-2007·高考英语真题·word/河南/1997年河南高考英语真题及答案.doc,1990-2007·高考英语真题·word/河南/1997年河南高考英语真题及答案.doc,1997年河南高考英语真题及答案.doc,.doc,61952,2026-08-26T09:11:06.098763+00:00,5e23ecf0e106457550763b706e418d35d42298ffbc0ea3f68e4ab4fcdd70a9ba,ok,False,paper_only_candidate,full_paper_candidate,path/name indicates a complete examination paper or mock exam
/Users/shidianjin/Documents/高考英语/1990-2007·高考英语真题·word/河南/1998年河南高考英语真题及答案.doc,1990-2007·高考英语真题·word/河南/1998年河南高考英语真题及答案.doc,1998年河南高考英语真题及答案.doc,.doc,88576,2026-08-26T09:11:06.298116+00:00,7e5fbbbde2f31bf467a99ff9fbdb312cea120b3abb5356a5746cd348218061d8,ok,False,paper_only_candidate,full_paper_candidate,path/name indicates a complete examination paper or mock exam
/Users/shidianjin/Documents/高考英语/1990-2007·高考英语真题·word/河南/1999年河南高考英语真题及答案.doc,1990-2007·高考英语真题·word/河南/1999年河南高考英语真题及答案.doc,1999年河南高考英语真题及答案.doc,.doc,52736,2026-08-26T09:11:07.242471+00:00,e0bd22d8a0bd5fde837d6651caee673398840b4e20faa624e627e33de147e8c6,ok,False,paper_only_candidate,full_paper_candidate,path/name indicates a complete examination paper or mock exam
/Users/shidianjin/Documents/高考英语/1990-2007·高考英语真题·word/河南/2000年河南高考英语真题及答案.doc,1990-2007·高考英语真题·word/河南/2000年河南高考英语真题及答案.doc,2000年河南高考英语真题及答案.doc,.doc,70144,2026-08-26T09:11:07.337968+00:00,8737eb48e0413aba8de2acdc234b88da6382335be2686021515701125c6496fa,ok,False,paper_only_candidate,full_paper_candidate,path/name indicates a complete examination paper or mock exam
/Users/shidianjin/Documents/高考英语/1990-2007·高考英语真题·word/河南/2002年河南高考英语真题及答案.doc,1990-2007·高考英语真题·word/河南/2002年河南高考英语真题及答案.doc,2002年河南高考英语真题及答案.doc,.doc,65024,2026-08-26T09:11:08.501641+00:00,ad82e9fb5b64cadcbe507e4cef9142a425a11b2d77deb5bd32b8e829c85d1f0b,ok,False,paper_only_candidate,full_paper_candidate,path/name indicates a complete examination paper or mock exam
/Users/shidianjin/Documents/高考英语/1990-2007·高考英语真题·word/河南/2003年河南高考英语真题及答案.doc,1990-2007·高考英语真题·word/河南/2003年河南高考英语真题及答案.doc,2003年河南高考英语真题及答案.doc,.doc,737280,2026-08-26T09:11:10.150819+00:00,5cb3dd39c99461fbe35ad4a01793fbc8784aa0efe9dce7daefb43bdb9bf5650f,ok,False,paper_only_candidate,full_paper_candidate,path/name indicates a complete examination paper or mock exam
/Users/shidianjin/Documents/高考英语/1990-2007·高考英语真题·word/河南/2004年河南高考英语真题及答案.doc,1990-2007·高考英语真题·word/河南/2004年河南高考英语真题及答案.doc,2004年河南高考英语真题及答案.doc,.doc,94720,2026-08-26T09:11:09.949412+00:00,cc444e044425e2a18015f5a7d5e182df728261f56b7061b439965d2e35d87082,ok,False,paper_only_candidate,full_paper_candidate,path/name indicates a complete examination paper or mock exam
/Users/shidianjin/Documents/高考英语/1990-2007·高考英语真题·word/河南/2005年河南高考英语真题及答案.doc,1990-2007·高考英语真题·word/河南/2005年河南高考英语真题及答案.doc,2005年河南高考英语真题及答案.doc,.doc,118784,2026-08-26T09:11:12.148933+00:00,94c15bcca724a08ea15841d0892d87ae0fe765af7b3cfa9ddc419c4df7f23d9c,ok,False,paper_only_candidate,full_paper_candidate,path/name indicates a complete examination paper or mock exam
/Users/shidianjin/Documents/高考英语/1990-2007·高考英语真题·word/河南/2006年河南高考英语真题及答案.doc,1990-2007·高考英语真题·word/河南/2006年河南高考英语真题及答案.doc,2006年河南高考英语真题及答案.doc,.doc,253440,2026-08-26T09:11:14.624363+00:00,fd7c48b544666de7ef5e8a54b9eee9e3103456dbfcd93cf62216769b012ed33d,ok,False,paper_only_candidate,full_paper_candidate,path/name indicates a complete examination paper or mock exam
/Users/shidianjin/Documents/高考英语/1990-2007·高考英语真题·word/河南/2007年河南高考英语真题及答案.doc,1990-2007·高考英语真题·word/河南/2007年河南高考英语真题及答案.doc,2007年河南高考英语真题及答案.doc,.doc,64000,2026-08-26T09:11:11.127633+00:00,0c9440c04ac2ccb7d1a41bf42f00be936de22f60fa37088208334fdcdda3dcfa,ok,False,paper_only_candidate,full_paper_candidate,path/name indicates a complete examination paper or mock exam
/Users/shidianjin/Documents/高考英语/1990-2007·高考英语真题·word/海南/1990年海南高考英语真题及答案.doc,1990-2007·高考英语真题·word/海南/1990年海南高考英语真题及答案.doc,1990年海南高考英语真题及答案.doc,.doc,67584,2026-08-26T09:11:11.988904+00:00,05efb8c035a077f28936633cdf222ac213f103ca16296a25ba461af195ce82d9,ok,False,paper_only_candidate,full_paper_candidate,path/name indicates a complete examination paper or mock exam
/Users/shidianjin/Documents/高考英语/1990-2007·高考英语真题·word/海南/1991年海南高考英语真题及答案.doc,1990-2007·高考英语真题·word/海南/1991年海南高考英语真题及答案.doc,1991年海南高考英语真题及答案.doc,.doc,50688,2026-08-26T09:11:12.923390+00:00,415ebf96bf85ce98b548ecfdd121a2f081ac4be49a9f0b81b8100bfa81cf07de,ok,False,paper_only_candidate,full_paper_candidate,path/name indicates a complete examination paper or mock exam
/Users/shidianjin/Documents/高考英语/1990-2007·高考英语真题·word/海南/1992年海南高考英语真题及答案.doc,1990-2007·高考英语真题·word/海南/1992年海南高考英语真题及答案.doc,1992年海南高考英语真题及答案.doc,.doc,56320,2026-08-26T09:11:11.374104+00:00,f0463f4ef26d69ad32e223a1f32efcedc6fe9ccf184c1ddd302bf561d505c860,ok,False,paper_only_candidate,full_paper_candidate,path/name indicates a complete examination paper or mock exam
/Users/shidianjin/Documents/高考英语/1990-2007·高考英语真题·word/海南/1993年海南高考英语真题及答案.doc,1990-2007·高考英语真题·word/海南/1993年海南高考英语真题及答案.doc,1993年海南高考英语真题及答案.doc,.doc,67584,2026-08-26T09:11:13.578037+00:00,d2af4b7c176810b47d4fc6af61af5a26c5660479831972be7741eafae8273085,ok,False,paper_only_candidate,full_paper_candidate,path/name indicates a complete examination paper or mock exam
/Users/shidianjin/Documents/高考英语/1990-2007·高考英语真题·word/海南/1994年海南高考英语真题及答案.doc,1990-2007·高考英语真题·word/海南/1994年海南高考英语真题及答案.doc,1994年海南高考英语真题及答案.doc,.doc,55808,2026-08-26T09:11:13.709246+00:00,a5432a8ce7dede51b602178da197dc467c7a694f98d64a44df9214c0230037d3,ok,False,paper_only_candidate,full_paper_candidate,path/name indicates a complete examination paper or mock exam
/Users/shidianjin/Documents/高考英语/1990-2007·高考英语真题·word/海南/1995年海南高考英语真题及答案.doc,1990-2007·高考英语真题·word/海南/1995年海南高考英语真题及答案.doc,1995年海南高考英语真题及答案.doc,.doc,61952,2026-08-26T09:11:14.338129+00:00,272b6f5f38a6a2b2a572d7c1d660c6618c26cca6c6c8ee3caff2079bda0119b1,ok,False,paper_only_candidate,full_paper_candidate,path/name indicates a complete examination paper or mock exam
/Users/shidianjin/Documents/高考英语/1990-2007·高考英语真题·word/海南/1996年海南高考英语真题及答案.doc,1990-2007·高考英语真题·word/海南/1996年海南高考英语真题及答案.doc,1996年海南高考英语真题及答案.doc,.doc,68608,2026-08-26T09:11:14.948469+00:00,083ef5931e08d3242b0119bc2e257b364cfe0f7a5a2c74001871cfadbdc2d2f4,ok,False,paper_only_candidate,full_paper_candidate,path/name indicates a complete examination paper or mock exam
/Users/shidianjin/Documents/高考英语/1990-2007·高考英语真题·word/海南/1997年海南高考英语真题及答案.doc,1990-2007·高考英语真题·word/海南/1997年海南高考英语真题及答案.doc,1997年海南高考英语真题及答案.doc,.doc,61952,2026-08-26T09:11:14.966978+00:00,15a79c37f066ab93c9f90c691bc7b9c33b1110854f64cee527a163e830b1e97f,ok,False,paper_only_candidate,full_paper_candidate,path/name indicates a complete examination paper or mock exam
/Users/shidianjin/Documents/高考英语/1990-2007·高考英语真题·word/海南/1998年海南高考英语真题及答案.doc,1990-2007·高考英语真题·word/海南/1998年海南高考英语真题及答案.doc,1998年海南高考英语真题及答案.doc,.doc,88576,2026-08-26T09:11:15.187963+00:00,b291e953eab482ab4ac2d8c216b3788ea38472972938d68dc1a23f58eb226f16,ok,False,paper_only_candidate,full_paper_candidate,path/name indicates a complete examination paper or mock exam
/Users/shidianjin/Documents/高考英语/1990-2007·高考英语真题·word/海南/1999年海南高考英语真题及答案.doc,1990-2007·高考英语真题·word/海南/1999年海南高考英语真题及答案.doc,1999年海南高考英语真题及答案.doc,.doc,53248,2026-08-26T09:11:16.323919+00:00,e06bef78f55c021e907b84a4a45106b4c4416ff32eae4537c3f7991aa53a6e01,ok,False,paper_only_candidate,full_paper_candidate,path/name indicates a complete examination paper or mock exam
/Users/shidianjin/Documents/高考英语/1990-2007·高考英语真题·word/海南/2000年海南高考英语真题及答案.doc,1990-2007·高考英语真题·word/海南/2000年海南高考英语真题及答案.doc,2000年海南高考英语真题及答案.doc,.doc,70144,2026-08-26T09:11:15.526688+00:00,2d59bf6ca6fbcd21e8b55e0d2161be525703bf9c8aa00989054001f1f4cd00c4,ok,False,paper_only_candidate,full_paper_candidate,path/name indicates a complete examination paper or mock exam
/Users/shidianjin/Documents/高考英语/1990-2007·高考英语真题·word/湖北/1990年湖北高考英语真题及答案.doc,1990-2007·高考英语真题·word/湖北/1990年湖北高考英语真题及答案.doc,1990年湖北高考英语真题及答案.doc,.doc,67584,2026-08-26T09:10:40.747666+00:00,5488ad2f5eb526d1148a1f1b48e1ef1a988f1e4badf5861c0de0bd7c07155370,ok,False,paper_only_candidate,full_paper_candidate,path/name indicates a complete examination paper or mock exam
/Users/shidianjin/Documents/高考英语/1990-2007·高考英语真题·word/湖北/1992年湖北高考英语真题及答案.doc,1990-2007·高考英语真题·word/湖北/1992年湖北高考英语真题及答案.doc,1992年湖北高考英语真题及答案.doc,.doc,56320,2026-08-26T09:10:40.939060+00:00,90a2e4a64f528d5e53a05102f26cff4dda5bdc072b28b1fa08cde20c80cc8108,ok,False,paper_only_candidate,full_paper_candidate,path/name indicates a complete examination paper or mock exam
/Users/shidianjin/Documents/高考英语/1990-2007·高考英语真题·word/湖北/1993年湖北高考英语真题及答案.doc,1990-2007·高考英语真题·word/湖北/1993年湖北高考英语真题及答案.doc,1993年湖北高考英语真题及答案.doc,.doc,67584,2026-08-26T09:10:40.855780+00:00,2b79026701d70ea5ab1bf6f7463ccf6cad56746fe557f78ffd4b0a73db7195af,ok,False,paper_only_candidate,full_paper_candidate,path/name indicates a complete examination paper or mock exam
/Users/shidianjin/Documents/高考英语/1990-2007·高考英语真题·word/湖北/1994年湖北高考英语真题及答案.doc,1990-2007·高考英语真题·word/湖北/1994年湖北高考英语真题及答案.doc,1994年湖北高考英语真题及答案.doc,.doc,55808,2026-08-26T09:10:40.936531+00:00,584a645939730192c87fa5599fad1752232984ed70a4b05e7175accdf26954cb,ok,False,paper_only_candidate,full_paper_candidate,path/name indicates a complete examination paper or mock exam
/Users/shidianjin/Documents/高考英语/1990-2007·高考英语真题·word/湖北/1995年湖北高考英语真题及答案.doc,1990-2007·高考英语真题·word/湖北/1995年湖北高考英语真题及答案.doc,1995年湖北高考英语真题及答案.doc,.doc,61952,2026-08-26T09:10:42.040450+00:00,fab6887fbf5b0be762f2ce22450e079eca803ae5695f5a884c5ff4e3dc317d8e,ok,False,paper_only_candidate,full_paper_candidate,path/name indicates a complete examination paper or mock exam
/Users/shidianjin/Documents/高考英语/1990-2007·高考英语真题·word/湖北/1996年湖北高考英语真题及答案.doc,1990-2007·高考英语真题·word/湖北/1996年湖北高考英语真题及答案.doc,1996年湖北高考英语真题及答案.doc,.doc,68608,2026-08-26T09:10:42.234178+00:00,ddaafcc7b40f6b5e0df96d05b65fd6f18ad1abffab352621ca5ed4ce6707ac5f,ok,False,paper_only_candidate,full_paper_candidate,path/name indicates a complete examination paper or mock exam
/Users/shidianjin/Documents/高考英语/1990-2007·高考英语真题·word/湖北/1997年湖北高考英语真题及答案.doc,1990-2007·高考英语真题·word/湖北/1997年湖北高考英语真题及答案.doc,1997年湖北高考英语真题及答案.doc,.doc,61952,2026-08-26T09:10:42.040804+00:00,2e1541c4b0751758b3f1b8bc0be545c8cb6632cd47c51bc8d69b7b387bce5ddb,ok,False,paper_only_candidate,full_paper_candidate,path/name indicates a complete examination paper or mock exam
/Users/shidianjin/Documents/高考英语/1990-2007·高考英语真题·word/湖北/1998年湖北高考英语真题及答案.doc,1990-2007·高考英语真题·word/湖北/1998年湖北高考英语真题及答案.doc,1998年湖北高考英语真题及答案.doc,.doc,88576,2026-08-26T09:10:41.501279+00:00,11472f9c1be886c2a7a26f9ab49f9c4a2217a0d9ddae932fb0fa2265caa30c4c,ok,False,paper_only_candidate,full_paper_candidate,path/name indicates a complete examination paper or mock exam
/Users/shidianjin/Documents/高考英语/1990-2007·高考英语真题·word/湖北/1999年湖北高考英语真题及答案.doc,1990-2007·高考英语真题·word/湖北/1999年湖北高考英语真题及答案.doc,1999年湖北高考英语真题及答案.doc,.doc,52736,2026-08-26T09:10:42.135654+00:00,79198217b36bfea4b13d2075b4fe6155c7071f18ee43e6b0d593afa028cc916b,ok,False,paper_only_candidate,full_paper_candidate,path/name indicates a complete examination paper or mock exam
/Users/shidianjin/Documents/高考英语/1990-2007·高考英语真题·word/湖北/2000年湖北高考英语真题及答案.doc,1990-2007·高考英语真题·word/湖北/2000年湖北高考英语真题及答案.doc,2000年湖北高考英语真题及答案.doc,.doc,70144,2026-08-26T09:10:43.095359+00:00,1c5751c4d2747b0389786ca70ffeb81fcbef18ceb079704264a6f21d4b9fba65,ok,False,paper_only_candidate,full_paper_candidate,path/name indicates a complete examination paper or mock exam
/Users/shidianjin/Documents/高考英语/1990-2007·高考英语真题·word/湖北/2002年湖北高考英语真题及答案.doc,1990-2007·高考英语真题·word/湖北/2002年湖北高考英语真题及答案.doc,2002年湖北高考英语真题及答案.doc,.doc,66048,2026-08-26T09:10:43.900928+00:00,04e545e8a3482fe82302244792a10145a0bc6899e43ee40a5423b80d0bbc1749,ok,False,paper_only_candidate,full_paper_candidate,path/name indicates a complete examination paper or mock exam
/Users/shidianjin/Documents/高考英语/1990-2007·高考英语真题·word/湖北/2003年湖北高考英语真题及答案.doc,1990-2007·高考英语真题·word/湖北/2003年湖北高考英语真题及答案.doc,2003年湖北高考英语真题及答案.doc,.doc,739328,2026-08-26T09:10:55.701677+00:00,8a1f02fc32f305822b225f68271cf2bab317ff42ff5e17163b88d069f8b67305,ok,False,paper_only_candidate,full_paper_candidate,path/name indicates a complete examination paper or mock exam
/Users/shidianjin/Documents/高考英语/1990-2007·高考英语真题·word/湖北/2004年湖北高考英语真题及答案.doc,1990-2007·高考英语真题·word/湖北/2004年湖北高考英语真题及答案.doc,2004年湖北高考英语真题及答案.doc,.doc,76288,2026-08-26T09:10:43.297610+00:00,d4961dd2c410374ba10a2ab204ec4f1d665089128d38bf79be8f5a8ce6da7fa3,ok,False,paper_only_candidate,full_paper_candidate,path/name indicates a complete examination paper or mock exam
/Users/shidianjin/Documents/高考英语/1990-2007·高考英语真题·word/湖北/2005年湖北高考英语真题及答案.doc,1990-2007·高考英语真题·word/湖北/2005年湖北高考英语真题及答案.doc,2005年湖北高考英语真题及答案.doc,.doc,64000,2026-08-26T09:10:44.586758+00:00,97be91d639fc645db2c3130576e3054114a0fae43f3160a03161df29358bb60a,ok,False,paper_only_candidate,full_paper_candidate,path/name indicates a complete examination paper or mock exam
/Users/shidianjin/Documents/高考英语/1990-2007·高考英语真题·word/湖北/2006年湖北高考英语真题及答案.doc,1990-2007·高考英语真题·word/湖北/2006年湖北高考英语真题及答案.doc,2006年湖北高考英语真题及答案.doc,.doc,91136,2026-08-26T09:10:45.270861+00:00,60d380c95a592461547453a7d38774f302ca2ac86ad5ea1cdbdf66f402d04d66,ok,False,paper_only_candidate,full_paper_candidate,path/name indicates a complete examination paper or mock exam
/Users/shidianjin/Documents/高考英语/1990-2007·高考英语真题·word/湖北/2007年湖北高考英语真题及答案.doc,1990-2007·高考英语真题·word/湖北/2007年湖北高考英语真题及答案.doc,2007年湖北高考英语真题及答案.doc,.doc,69632,2026-08-26T09:10:44.635563+00:00,aa45f78f26e769c0b7f7dd228b57793e25184582bf95ada313b3599c65d3176a,ok,False,paper_only_candidate,full_paper_candidate,path/name indicates a complete examination paper or mock exam
/Users/shidianjin/Documents/高考英语/1990-2007·高考英语真题·word/湖南/1990年湖南高考英语真题及答案.doc,1990-2007·高考英语真题·word/湖南/1990年湖南高考英语真题及答案.doc,1990年湖南高考英语真题及答案.doc,.doc,67584,2026-08-26T09:10:57.425438+00:00,591afaa7ecd14f37adcb8a9e41a4b2b9d0064953cef8528cebf669c8a9c81324,ok,False,paper_only_candidate,full_paper_candidate,path/name indicates a complete examination paper or mock exam
/Users/shidianjin/Documents/高考英语/1990-2007·高考英语真题·word/湖南/1991年湖南高考英语真题及答案.doc,1990-2007·高考英语真题·word/湖南/1991年湖南高考英语真题及答案.doc,1991年湖南高考英语真题及答案.doc,.doc,50688,2026-08-26T09:10:57.714048+00:00,606c2cb1291ab8d473225d2f489bd2b94114ee7ba6d8a8a40894844497f2a0b3,ok,False,paper_only_candidate,full_paper_candidate,path/name indicates a complete examination paper or mock exam
/Users/shidianjin/Documents/高考英语/1990-2007·高考英语真题·word/湖南/1992年湖南高考英语真题及答案.doc,1990-2007·高考英语真题·word/湖南/1992年湖南高考英语真题及答案.doc,1992年湖南高考英语真题及答案.doc,.doc,56320,2026-08-26T09:10:57.872615+00:00,6c5c18705d07f16c68acdfc7c4cb3e9e44b29d33e806114c8e662b545f7ecf43,ok,False,paper_only_candidate,full_paper_candidate,path/name indicates a complete examination paper or mock exam
/Users/shidianjin/Documents/高考英语/1990-2007·高考英语真题·word/湖南/1993年湖南高考英语真题及答案.doc,1990-2007·高考英语真题·word/湖南/1993年湖南高考英语真题及答案.doc,1993年湖南高考英语真题及答案.doc,.doc,67584,2026-08-26T09:10:58.231698+00:00,ea8fa4afc4128f406af7065c87a11e0423bd7a4d562318f8ea7c83f2f10e56e5,ok,False,paper_only_candidate,full_paper_candidate,path/name indicates a complete examination paper or mock exam
/Users/shidianjin/Documents/高考英语/1990-2007·高考英语真题·word/湖南/1994年湖南高考英语真题及答案.doc,1990-2007·高考英语真题·word/湖南/1994年湖南高考英语真题及答案.doc,1994年湖南高考英语真题及答案.doc,.doc,55808,2026-08-26T09:10:58.536154+00:00,00b5aa0e5a77228cf9e67be9c63f55d332496e8db2e3b4f54894c4e4a19d742b,ok,False,paper_only_candidate,full_paper_candidate,path/name indicates a complete examination paper or mock exam
/Users/shidianjin/Documents/高考英语/1990-2007·高考英语真题·word/湖南/1995年湖南高考英语真题及答案.doc,1990-2007·高考英语真题·word/湖南/1995年湖南高考英语真题及答案.doc,1995年湖南高考英语真题及答案.doc,.doc,61952,2026-08-26T09:10:58.612977+00:00,68594ff8b28c57a2764e78647cab9a26dd57ae3b04363bce52ae7e3e1d811f6e,ok,False,paper_only_candidate,full_paper_candidate,path/name indicates a complete examination paper or mock exam
/Users/shidianjin/Documents/高考英语/1990-2007·高考英语真题·word/湖南/1996年湖南高考英语真题及答案.doc,1990-2007·高考英语真题·word/湖南/1996年湖南高考英语真题及答案.doc,1996年湖南高考英语真题及答案.doc,.doc,68608,2026-08-26T09:10:59.247691+00:00,8090dc930c818ba0ad3c9a1b5798521299c65ba2f09c262f4d440f88f1dbb1a3,ok,False,paper_only_candidate,full_paper_candidate,path/name indicates a complete examination paper or mock exam
/Users/shidianjin/Documents/高考英语/1990-2007·高考英语真题·word/湖南/1997年湖南高考英语真题及答案.doc,1990-2007·高考英语真题·word/湖南/1997年湖南高考英语真题及答案.doc,1997年湖南高考英语真题及答案.doc,.doc,61952,2026-08-26T09:10:59.052021+00:00,615859746326b0c1a63ac766034ba296979847123de86cdf6bb0a0d1ef9a5d88,ok,False,paper_only_candidate,full_paper_candidate,path/name indicates a complete examination paper or mock exam
/Users/shidianjin/Documents/高考英语/1990-2007·高考英语真题·word/湖南/1998年湖南高考英语真题及答案.doc,1990-2007·高考英语真题·word/湖南/1998年湖南高考英语真题及答案.doc,1998年湖南高考英语真题及答案.doc,.doc,88576,2026-08-26T09:11:00.092372+00:00,2b6f637170c87862c3e74efe4ae5f377ec88c742d931ec53b01a16f7d3600ca1,ok,False,paper_only_candidate,full_paper_candidate,path/name indicates a complete examination paper or mock exam
/Users/shidianjin/Documents/高考英语/1990-2007·高考英语真题·word/湖南/1999年湖南高考英语真题及答案.doc,1990-2007·高考英语真题·word/湖南/1999年湖南高考英语真题及答案.doc,1999年湖南高考英语真题及答案.doc,.doc,52736,2026-08-26T09:10:59.974554+00:00,7871a145897c14244e6089982ddccb8dd264892a34a1cf51f5900f9640cd2642,ok,False,paper_only_candidate,full_paper_candidate,path/name indicates a complete examination paper or mock exam
/Users/shidianjin/Documents/高考英语/1990-2007·高考英语真题·word/湖南/2000年湖南高考英语真题及答案.doc,1990-2007·高考英语真题·word/湖南/2000年湖南高考英语真题及答案.doc,2000年湖南高考英语真题及答案.doc,.doc,70144,2026-08-26T09:10:59.770789+00:00,f76036e1a06442936cd2a58b4bb62e717b80cfc5afe57e2a06e2428e46cd9b94,ok,False,paper_only_candidate,full_paper_candidate,path/name indicates a complete examination paper or mock exam
/Users/shidianjin/Documents/高考英语/1990-2007·高考英语真题·word/湖南/2002年湖南高考英语真题及答案.doc,1990-2007·高考英语真题·word/湖南/2002年湖南高考英语真题及答案.doc,2002年湖南高考英语真题及答案.doc,.doc,67072,2026-08-26T09:11:01.069842+00:00,ac1e90397451811ce3dc5d57976cc23e77b03a63c6f41859533f54c57a7a90bc,ok,False,paper_only_candidate,full_paper_candidate,path/name indicates a complete examination paper or mock exam
/Users/shidianjin/Documents/高考英语/1990-2007·高考英语真题·word/湖南/2003年湖南高考英语真题及答案.doc,1990-2007·高考英语真题·word/湖南/2003年湖南高考英语真题及答案.doc,2003年湖南高考英语真题及答案.doc,.doc,739328,2026-08-26T09:11:14.204111+00:00,4f159db39bcc4c53dcf927755dbf5e804e92815701b66aefb36e86cbca62725b,ok,False,paper_only_candidate,full_paper_candidate,path/name indicates a complete examination paper or mock exam
/Users/shidianjin/Documents/高考英语/1990-2007·高考英语真题·word/湖南/2004年湖南高考英语真题及答案.doc,1990-2007·高考英语真题·word/湖南/2004年湖南高考英语真题及答案.doc,2004年湖南高考英语真题及答案.doc,.doc,57856,2026-08-26T09:11:00.575142+00:00,4262dd9e4145b98af379699657c8a7c74af6c8b2b0669b640e357ac2f8dd1ecf,ok,False,paper_only_candidate,full_paper_candidate,path/name indicates a complete examination paper or mock exam
/Users/shidianjin/Documents/高考英语/1990-2007·高考英语真题·word/湖南/2005年湖南高考英语真题及答案.doc,1990-2007·高考英语真题·word/湖南/2005年湖南高考英语真题及答案.doc,2005年湖南高考英语真题及答案.doc,.doc,87040,2026-08-26T09:11:01.070253+00:00,613ef89ede67295f88cf75809a22910e1fe6fd50b012e23fc7f377471ba33606,ok,False,paper_only_candidate,full_paper_candidate,path/name indicates a complete examination paper or mock exam
/Users/shidianjin/Documents/高考英语/1990-2007·高考英语真题·word/湖南/2006年湖南高考英语真题及答案.doc,1990-2007·高考英语真题·word/湖南/2006年湖南高考英语真题及答案.doc,2006年湖南高考英语真题及答案.doc,.doc,505344,2026-08-26T09:11:09.587302+00:00,3d6bfc9359d101a4030b669edc8fb9d02ed7015cda9f31388052d62a9ad70a2c,ok,False,paper_only_candidate,full_paper_candidate,path/name indicates a complete examination paper or mock exam
/Users/shidianjin/Documents/高考英语/1990-2007·高考英语真题·word/湖南/2007年湖南高考英语真题及答案.doc,1990-2007·高考英语真题·word/湖南/2007年湖南高考英语真题及答案.doc,2007年湖南高考英语真题及答案.doc,.doc,107520,2026-08-26T09:11:03.391638+00:00,cf693da59d041d666b8fa6743cc73c6a61965641070914065c31cda9533d54a9,ok,False,paper_only_candidate,full_paper_candidate,path/name indicates a complete examination paper or mock exam
/Users/shidianjin/Documents/高考英语/1990-2007·高考英语真题·word/福建/1990年福建高考英语真题及答案.doc,1990-2007·高考英语真题·word/福建/1990年福建高考英语真题及答案.doc,1990年福建高考英语真题及答案.doc,.doc,67584,2026-08-26T09:10:22.177699+00:00,e377d85b290e67d3ac30ebf1cfd65da8273c2b1e00ccc696d799d510803b8658,ok,False,paper_only_candidate,full_paper_candidate,path/name indicates a complete examination paper or mock exam
/Users/shidianjin/Documents/高考英语/1990-2007·高考英语真题·word/福建/1991年福建高考英语真题及答案.doc,1990-2007·高考英语真题·word/福建/1991年福建高考英语真题及答案.doc,1991年福建高考英语真题及答案.doc,.doc,50688,2026-08-26T09:10:22.308248+00:00,e884e4d36df2e03c61988663e26450fa7c9df34debb0b72f4fcde0dd5c1ca9ff,ok,False,paper_only_candidate,full_paper_candidate,path/name indicates a complete examination paper or mock exam
/Users/shidianjin/Documents/高考英语/1990-2007·高考英语真题·word/福建/1992年福建高考英语真题及答案.doc,1990-2007·高考英语真题·word/福建/1992年福建高考英语真题及答案.doc,1992年福建高考英语真题及答案.doc,.doc,56320,2026-08-26T09:10:22.080560+00:00,50bb0b93a29115932abaf7beadd92efc9df181097809431137c130cbc84c3192,ok,False,paper_only_candidate,full_paper_candidate,path/name indicates a complete examination paper or mock exam
/Users/shidianjin/Documents/高考英语/1990-2007·高考英语真题·word/福建/1993年福建高考英语真题及答案.doc,1990-2007·高考英语真题·word/福建/1993年福建高考英语真题及答案.doc,1993年福建高考英语真题及答案.doc,.doc,67584,2026-08-26T09:10:22.705317+00:00,ad87cb62e98d4f75045308a737728ee5e1e17b4d8d6a8494c8431f9697a8c36c,ok,False,paper_only_candidate,full_paper_candidate,path/name indicates a complete examination paper or mock exam
/Users/shidianjin/Documents/高考英语/1990-2007·高考英语真题·word/福建/1994年福建高考英语真题及答案.doc,1990-2007·高考英语真题·word/福建/1994年福建高考英语真题及答案.doc,1994年福建高考英语真题及答案.doc,.doc,55808,2026-08-26T09:10:22.633910+00:00,4882a6b8d820d85291e3d294934a6d5937342ee41860ac8dbaa15184cde82963,ok,False,paper_only_candidate,full_paper_candidate,path/name indicates a complete examination paper or mock exam
/Users/shidianjin/Documents/高考英语/1990-2007·高考英语真题·word/福建/1995年福建高考英语真题及答案.doc,1990-2007·高考英语真题·word/福建/1995年福建高考英语真题及答案.doc,1995年福建高考英语真题及答案.doc,.doc,61952,2026-08-26T09:10:21.944271+00:00,f232f91f29ea808324730d39ea3be0d683c47561a5fb0ec19a79acf0e85e536c,ok,False,paper_only_candidate,full_paper_candidate,path/name indicates a complete examination paper or mock exam
/Users/shidianjin/Documents/高考英语/1990-2007·高考英语真题·word/福建/1996年福建高考英语真题及答案.doc,1990-2007·高考英语真题·word/福建/1996年福建高考英语真题及答案.doc,1996年福建高考英语真题及答案.doc,.doc,68608,2026-08-26T09:10:23.310380+00:00,c2389aeecc30d1f5fdec8cb1bed5a311a849d81be8eda891dfacc97b6f075410,ok,False,paper_only_candidate,full_paper_candidate,path/name indicates a complete examination paper or mock exam
/Users/shidianjin/Documents/高考英语/1990-2007·高考英语真题·word/福建/1997年福建高考英语真题及答案.doc,1990-2007·高考英语真题·word/福建/1997年福建高考英语真题及答案.doc,1997年福建高考英语真题及答案.doc,.doc,61952,2026-08-26T09:10:23.025301+00:00,684b9512b5b9b56999c9fa64c5c3f32200e017118df5e05e87232143a1a04608,ok,False,paper_only_candidate,full_paper_candidate,path/name indicates a complete examination paper or mock exam
/Users/shidianjin/Documents/高考英语/1990-2007·高考英语真题·word/福建/1998年福建高考英语真题及答案.doc,1990-2007·高考英语真题·word/福建/1998年福建高考英语真题及答案.doc,1998年福建高考英语真题及答案.doc,.doc,88576,2026-08-26T09:10:23.460409+00:00,5284fabde07b5aa5d9753505cd41364bfc76cfc18f9f2f01af9917bc06315b66,ok,False,paper_only_candidate,full_paper_candidate,path/name indicates a complete examination paper or mock exam
/Users/shidianjin/Documents/高考英语/1990-2007·高考英语真题·word/福建/1999年福建高考英语真题及答案.doc,1990-2007·高考英语真题·word/福建/1999年福建高考英语真题及答案.doc,1999年福建高考英语真题及答案.doc,.doc,52736,2026-08-26T09:10:22.841165+00:00,c62b7b9e48d54737cb5eacf6c1fa077aaaf0282b31505710905838d64688692a,ok,False,paper_only_candidate,full_paper_candidate,path/name indicates a complete examination paper or mock exam
/Users/shidianjin/Documents/高考英语/1990-2007·高考英语真题·word/福建/2000年福建高考英语真题及答案.doc,1990-2007·高考英语真题·word/福建/2000年福建高考英语真题及答案.doc,2000年福建高考英语真题及答案.doc,.doc,70144,2026-08-26T09:10:23.988141+00:00,93c2e16e26fb28ee816d3508fb8ae60157485576cda902cb6f32ae4a6f419b42,ok,False,paper_only_candidate,full_paper_candidate,path/name indicates a complete examination paper or mock exam
/Users/shidianjin/Documents/高考英语/1990-2007·高考英语真题·word/福建/2001年福建高考英语真题及答案.doc,1990-2007·高考英语真题·word/福建/2001年福建高考英语真题及答案.doc,2001年福建高考英语真题及答案.doc,.doc,2445824,2026-08-26T09:11:10.212948+00:00,6967cfea7a0f4680ae9e2c9954ca81b0008f7a3ec582f8c7d4e759e1e6ea9365,ok,False,paper_only_candidate,full_paper_candidate,path/name indicates a complete examination paper or mock exam
/Users/shidianjin/Documents/高考英语/1990-2007·高考英语真题·word/福建/2002年福建高考英语真题及答案.doc,1990-2007·高考英语真题·word/福建/2002年福建高考英语真题及答案.doc,2002年福建高考英语真题及答案.doc,.doc,67072,2026-08-26T09:10:24.475066+00:00,4348b5c8b7b20b97d68c4bbc6905ba6201fb8bb554d2c8bca491834f3bbe9322,ok,False,paper_only_candidate,full_paper_candidate,path/name indicates a complete examination paper or mock exam
/Users/shidianjin/Documents/高考英语/1990-2007·高考英语真题·word/福建/2003年福建高考英语真题及答案.doc,1990-2007·高考英语真题·word/福建/2003年福建高考英语真题及答案.doc,2003年福建高考英语真题及答案.doc,.doc,738816,2026-08-26T09:10:36.812764+00:00,fd565337f31be2fac5c08b2d748f09a2cc678f3d9cad53992ae28e5a22d030b6,ok,False,paper_only_candidate,full_paper_candidate,path/name indicates a complete examination paper or mock exam
/Users/shidianjin/Documents/高考英语/1990-2007·高考英语真题·word/福建/2004年福建高考英语真题及答案.doc,1990-2007·高考英语真题·word/福建/2004年福建高考英语真题及答案.doc,2004年福建高考英语真题及答案.doc,.doc,212480,2026-08-26T09:10:26.738850+00:00,70435eec629f7d1b3999f0a425474cc74f0523dcb8849cabc696838620df7746,ok,False,paper_only_candidate,full_paper_candidate,path/name indicates a complete examination paper or mock exam
/Users/shidianjin/Documents/高考英语/1990-2007·高考英语真题·word/福建/2005年福建高考英语真题及答案.doc,1990-2007·高考英语真题·word/福建/2005年福建高考英语真题及答案.doc,2005年福建高考英语真题及答案.doc,.doc,84992,2026-08-26T09:10:25.356683+00:00,d7579e965b5fd4703ad4ceaa8913256c6590e3867a04efa280ef43e619462188,ok,False,paper_only_candidate,full_paper_candidate,path/name indicates a complete examination paper or mock exam
/Users/shidianjin/Documents/高考英语/1990-2007·高考英语真题·word/福建/2006年福建高考英语真题及答案.doc,1990-2007·高考英语真题·word/福建/2006年福建高考英语真题及答案.doc,2006年福建高考英语真题及答案.doc,.doc,73216,2026-08-26T09:10:25.068658+00:00,79da4aba760775808ec1ae40dd07396d6c5bd3fff24d781847d484062a6aed39,ok,False,paper_only_candidate,full_paper_candidate,path/name indicates a complete examination paper or mock exam
/Users/shidianjin/Documents/高考英语/1990-2007·高考英语真题·word/福建/2007年福建高考英语真题及答案.doc,1990-2007·高考英语真题·word/福建/2007年福建高考英语真题及答案.doc,2007年福建高考英语真题及答案.doc,.doc,670208,2026-08-26T09:10:37.194016+00:00,2d8a423b9758c3a5852702bb041b13696d5dc0380474eb66bcc231d78e269027,ok,False,paper_only_candidate,full_paper_candidate,path/name indicates a complete examination paper or mock exam
/Users/shidianjin/Documents/高考英语/1990-2007·高考英语真题·word/贵州/1990年贵州高考英语真题及答案.doc,1990-2007·高考英语真题·word/贵州/1990年贵州高考英语真题及答案.doc,1990年贵州高考英语真题及答案.doc,.doc,67584,2026-08-26T09:10:36.173004+00:00,84272b2bb1e486da5385a219ba6b03048c98e13b80832545891055a73b719b72,ok,False,paper_only_candidate,full_paper_candidate,path/name indicates a complete examination paper or mock exam
/Users/shidianjin/Documents/高考英语/1990-2007·高考英语真题·word/贵州/1991年贵州高考英语真题及答案.doc,1990-2007·高考英语真题·word/贵州/1991年贵州高考英语真题及答案.doc,1991年贵州高考英语真题及答案.doc,.doc,50688,2026-08-26T09:10:36.524913+00:00,46be0148954df16c9617f9060eaefe3bc85cd8acc7e7a80ded07a0ce5fae70ed,ok,False,paper_only_candidate,full_paper_candidate,path/name indicates a complete examination paper or mock exam
/Users/shidianjin/Documents/高考英语/1990-2007·高考英语真题·word/贵州/1992年贵州高考英语真题及答案.doc,1990-2007·高考英语真题·word/贵州/1992年贵州高考英语真题及答案.doc,1992年贵州高考英语真题及答案.doc,.doc,56320,2026-08-26T09:10:37.308350+00:00,8974de2b892a271ddf3553a3cfaa598b8f2e1bd1151709c5dbcc471af8322e8e,ok,False,paper_only_candidate,full_paper_candidate,path/name indicates a complete examination paper or mock exam
/Users/shidianjin/Documents/高考英语/1990-2007·高考英语真题·word/贵州/1993年贵州高考英语真题及答案.doc,1990-2007·高考英语真题·word/贵州/1993年贵州高考英语真题及答案.doc,1993年贵州高考英语真题及答案.doc,.doc,67584,2026-08-26T09:10:37.460054+00:00,d93f70ba5046c754a7e36a26b5003867e50ff446b0294ba7aeed11c85376f7d9,ok,False,paper_only_candidate,full_paper_candidate,path/name indicates a complete examination paper or mock exam
/Users/shidianjin/Documents/高考英语/1990-2007·高考英语真题·word/贵州/1994年贵州高考英语真题及答案.doc,1990-2007·高考英语真题·word/贵州/1994年贵州高考英语真题及答案.doc,1994年贵州高考英语真题及答案.doc,.doc,55808,2026-08-26T09:10:36.715466+00:00,5eb8a989964d210fce54ee6a7178ab3472863a8893a06dfb4d73822ed66c28b5,ok,False,paper_only_candidate,full_paper_candidate,path/name indicates a complete examination paper or mock exam
/Users/shidianjin/Documents/高考英语/1990-2007·高考英语真题·word/贵州/1995年贵州高考英语真题及答案.doc,1990-2007·高考英语真题·word/贵州/1995年贵州高考英语真题及答案.doc,1995年贵州高考英语真题及答案.doc,.doc,61952,2026-08-26T09:10:37.817102+00:00,b3f97d0b78ab60a4a8e5ee8694734ba16c0e6dc1b9573b2ed76bb7918e03895b,ok,False,paper_only_candidate,full_paper_candidate,path/name indicates a complete examination paper or mock exam
/Users/shidianjin/Documents/高考英语/1990-2007·高考英语真题·word/贵州/1996年贵州高考英语真题及答案.doc,1990-2007·高考英语真题·word/贵州/1996年贵州高考英语真题及答案.doc,1996年贵州高考英语真题及答案.doc,.doc,68608,2026-08-26T09:10:38.058225+00:00,d6b64abe8bae83fc898e6de43c285dc768cbd940bf7fa6a4bee739c809e10ebc,ok,False,paper_only_candidate,full_paper_candidate,path/name indicates a complete examination paper or mock exam
/Users/shidianjin/Documents/高考英语/1990-2007·高考英语真题·word/贵州/1997年贵州高考英语真题及答案.doc,1990-2007·高考英语真题·word/贵州/1997年贵州高考英语真题及答案.doc,1997年贵州高考英语真题及答案.doc,.doc,61952,2026-08-26T09:10:38.057574+00:00,cd2598360b9bc24087b64db6b1fbabb213f42ff71111229751d9da8f514a4f57,ok,False,paper_only_candidate,full_paper_candidate,path/name indicates a complete examination paper or mock exam
/Users/shidianjin/Documents/高考英语/1990-2007·高考英语真题·word/贵州/1998年贵州高考英语真题及答案.doc,1990-2007·高考英语真题·word/贵州/1998年贵州高考英语真题及答案.doc,1998年贵州高考英语真题及答案.doc,.doc,88576,2026-08-26T09:10:38.375986+00:00,5219e4043402787e0578f951facd8f6e440de037310c3637cccf47d39189fae6,ok,False,paper_only_candidate,full_paper_candidate,path/name indicates a complete examination paper or mock exam
/Users/shidianjin/Documents/高考英语/1990-2007·高考英语真题·word/贵州/1999年贵州高考英语真题及答案.doc,1990-2007·高考英语真题·word/贵州/1999年贵州高考英语真题及答案.doc,1999年贵州高考英语真题及答案.doc,.doc,53248,2026-08-26T09:10:38.848355+00:00,7609350c4d1b4f3d35ad6464c4bf56a2eb71e860958d436699deb8cc3a72ac32,ok,False,paper_only_candidate,full_paper_candidate,path/name indicates a complete examination paper or mock exam
/Users/shidianjin/Documents/高考英语/1990-2007·高考英语真题·word/贵州/2000年贵州高考英语真题及答案.doc,1990-2007·高考英语真题·word/贵州/2000年贵州高考英语真题及答案.doc,2000年贵州高考英语真题及答案.doc,.doc,70144,2026-08-26T09:10:38.786539+00:00,6b34ce6e06cfb67edabd75375e36a22757141487b0b0e58e95cd455b56bd283d,ok,False,paper_only_candidate,full_paper_candidate,path/name indicates a complete examination paper or mock exam
/Users/shidianjin/Documents/高考英语/1990-2007·高考英语真题·word/贵州/2002年贵州高考英语真题及答案.doc,1990-2007·高考英语真题·word/贵州/2002年贵州高考英语真题及答案.doc,2002年贵州高考英语真题及答案.doc,.doc,67072,2026-08-26T09:10:39.530295+00:00,67a35709e566832e272da1db6f006c2ed622b4edaa39eb2f8840fb0da495f62e,ok,False,paper_only_candidate,full_paper_candidate,path/name indicates a complete examination paper or mock exam
/Users/shidianjin/Documents/高考英语/1990-2007·高考英语真题·word/贵州/2003年贵州高考英语真题及答案.doc,1990-2007·高考英语真题·word/贵州/2003年贵州高考英语真题及答案.doc,2003年贵州高考英语真题及答案.doc,.doc,107520,2026-08-26T09:10:38.710288+00:00,2da02dc411d3da6fff668f8fbfd128a37b94f4232ad6f51621c29f31434e6c35,ok,False,paper_only_candidate,full_paper_candidate,path/name indicates a complete examination paper or mock exam
/Users/shidianjin/Documents/高考英语/1990-2007·高考英语真题·word/贵州/2004年贵州高考英语真题及答案.doc,1990-2007·高考英语真题·word/贵州/2004年贵州高考英语真题及答案.doc,2004年贵州高考英语真题及答案.doc,.doc,83456,2026-08-26T09:10:39.661777+00:00,323a108ea6ba34c46d972d8a3c0ab97547341b39f2837892264244b487c9882e,ok,False,paper_only_candidate,full_paper_candidate,path/name indicates a complete examination paper or mock exam
/Users/shidianjin/Documents/高考英语/1990-2007·高考英语真题·word/贵州/2005年贵州高考英语真题及答案.doc,1990-2007·高考英语真题·word/贵州/2005年贵州高考英语真题及答案.doc,2005年贵州高考英语真题及答案.doc,.doc,61440,2026-08-26T09:10:40.127114+00:00,28832b3d16caf6336eda23d965d596a8536a3938d5b63ab2602600f98a9dd2bd,ok,False,paper_only_candidate,full_paper_candidate,path/name indicates a complete examination paper or mock exam
/Users/shidianjin/Documents/高考英语/1990-2007·高考英语真题·word/贵州/2006年贵州高考英语真题及答案.doc,1990-2007·高考英语真题·word/贵州/2006年贵州高考英语真题及答案.doc,2006年贵州高考英语真题及答案.doc,.doc,68608,2026-08-26T09:10:40.526622+00:00,66ee9213876361ab324cedc81d89d31f755f1955109aad54dc4e3c1ff665ebc4,ok,False,paper_only_candidate,full_paper_candidate,path/name indicates a complete examination paper or mock exam
/Users/shidianjin/Documents/高考英语/1990-2007·高考英语真题·word/贵州/2007年贵州高考英语真题及答案.doc,1990-2007·高考英语真题·word/贵州/2007年贵州高考英语真题及答案.doc,2007年贵州高考英语真题及答案.doc,.doc,97792,2026-08-26T09:10:40.357368+00:00,34d25114bbf1a9e54cf09f845610427d91422319e995d4a51850e9f5a89db41f,ok,False,paper_only_candidate,full_paper_candidate,path/name indicates a complete examination paper or mock exam
/Users/shidianjin/Documents/高考英语/1990-2007·高考英语真题·word/黑龙江/1990年黑龙江高考英语真题及答案.doc,1990-2007·高考英语真题·word/黑龙江/1990年黑龙江高考英语真题及答案.doc,1990年黑龙江高考英语真题及答案.doc,.doc,67584,2026-08-26T09:10:52.187688+00:00,5e8df34e77c8396ff51341bad73ab9002244da8c91a3fddcacea73a6200d020e,ok,False,paper_only_candidate,full_paper_candidate,path/name indicates a complete examination paper or mock exam
/Users/shidianjin/Documents/高考英语/1990-2007·高考英语真题·word/黑龙江/1991年黑龙江高考英语真题及答案.doc,1990-2007·高考英语真题·word/黑龙江/1991年黑龙江高考英语真题及答案.doc,1991年黑龙江高考英语真题及答案.doc,.doc,50688,2026-08-26T09:10:52.208149+00:00,f334a53126dcfd60df82a6d823b6f3d43a6aa654f4b96f0de0697a1191cea556,ok,False,paper_only_candidate,full_paper_candidate,path/name indicates a complete examination paper or mock exam
/Users/shidianjin/Documents/高考英语/1990-2007·高考英语真题·word/黑龙江/1992年黑龙江高考英语真题及答案.doc,1990-2007·高考英语真题·word/黑龙江/1992年黑龙江高考英语真题及答案.doc,1992年黑龙江高考英语真题及答案.doc,.doc,56320,2026-08-26T09:10:52.976127+00:00,f3f4814e83469e484d67cd9d2de15d26a4fc9873cffe3f50fc26a8f387d30092,ok,False,paper_only_candidate,full_paper_candidate,path/name indicates a complete examination paper or mock exam
/Users/shidianjin/Documents/高考英语/1990-2007·高考英语真题·word/黑龙江/1993年黑龙江高考英语真题及答案.doc,1990-2007·高考英语真题·word/黑龙江/1993年黑龙江高考英语真题及答案.doc,1993年黑龙江高考英语真题及答案.doc,.doc,67584,2026-08-26T09:10:52.816318+00:00,3dce1bae5a738fe327bdf87d932857830d229aa38138b13b0d23fe64efe0e943,ok,False,paper_only_candidate,full_paper_candidate,path/name indicates a complete examination paper or mock exam
/Users/shidianjin/Documents/高考英语/1990-2007·高考英语真题·word/黑龙江/1994年黑龙江高考英语真题及答案.doc,1990-2007·高考英语真题·word/黑龙江/1994年黑龙江高考英语真题及答案.doc,1994年黑龙江高考英语真题及答案.doc,.doc,55808,2026-08-26T09:10:53.362807+00:00,92c9aa8a8c2eab5b786abec6e314a4f537aa565894f88984894c35f12238d861,ok,False,paper_only_candidate,full_paper_candidate,path/name indicates a complete examination paper or mock exam
/Users/shidianjin/Documents/高考英语/1990-2007·高考英语真题·word/黑龙江/1995年黑龙江高考英语真题及答案.doc,1990-2007·高考英语真题·word/黑龙江/1995年黑龙江高考英语真题及答案.doc,1995年黑龙江高考英语真题及答案.doc,.doc,61952,2026-08-26T09:10:53.703901+00:00,5e33d5c9b85ff4fa1f06254b530b2cab22ab27b3ee3c8ff56e46a9a9ff7e4a7c,ok,False,paper_only_candidate,full_paper_candidate,path/name indicates a complete examination paper or mock exam
/Users/shidianjin/Documents/高考英语/1990-2007·高考英语真题·word/黑龙江/1996年黑龙江高考英语真题及答案.doc,1990-2007·高考英语真题·word/黑龙江/1996年黑龙江高考英语真题及答案.doc,1996年黑龙江高考英语真题及答案.doc,.doc,58368,2026-08-26T09:10:53.914422+00:00,e5e32c60e8ec37cee1e75746983a6e909dd72b8c9f0a80961c9991c26f1dc26c,ok,False,paper_only_candidate,full_paper_candidate,path/name indicates a complete examination paper or mock exam
/Users/shidianjin/Documents/高考英语/1990-2007·高考英语真题·word/黑龙江/1997年黑龙江高考英语真题及答案.doc,1990-2007·高考英语真题·word/黑龙江/1997年黑龙江高考英语真题及答案.doc,1997年黑龙江高考英语真题及答案.doc,.doc,61952,2026-08-26T09:10:55.135655+00:00,2058f2679653eaba622e48f4ea412da86788d69bee89d501dc35f7da3d49db14,ok,False,paper_only_candidate,full_paper_candidate,path/name indicates a complete examination paper or mock exam
/Users/shidianjin/Documents/高考英语/1990-2007·高考英语真题·word/黑龙江/1998年黑龙江高考英语真题及答案.doc,1990-2007·高考英语真题·word/黑龙江/1998年黑龙江高考英语真题及答案.doc,1998年黑龙江高考英语真题及答案.doc,.doc,88576,2026-08-26T09:10:53.476251+00:00,fd6767369829c4cf4c7f41b6239c7bbde88d066d3645cbbdc8c6f5e241e087a1,ok,False,paper_only_candidate,full_paper_candidate,path/name indicates a complete examination paper or mock exam
/Users/shidianjin/Documents/高考英语/1990-2007·高考英语真题·word/黑龙江/1999年黑龙江高考英语真题及答案.doc,1990-2007·高考英语真题·word/黑龙江/1999年黑龙江高考英语真题及答案.doc,1999年黑龙江高考英语真题及答案.doc,.doc,53248,2026-08-26T09:10:54.835862+00:00,a0e899246f8ad33969ed3612f26ed9c243c771fac846a68dbdebaa11d38f58b3,ok,False,paper_only_candidate,full_paper_candidate,path/name indicates a complete examination paper or mock exam
/Users/shidianjin/Documents/高考英语/1990-2007·高考英语真题·word/黑龙江/2000年黑龙江高考英语真题及答案.doc,1990-2007·高考英语真题·word/黑龙江/2000年黑龙江高考英语真题及答案.doc,2000年黑龙江高考英语真题及答案.doc,.doc,70144,2026-08-26T09:10:55.621012+00:00,6692647e3b6f65ddcea5fb1c79fd46a81485ae72668b3b51dac2828c67144483,ok,False,paper_only_candidate,full_paper_candidate,path/name indicates a complete examination paper or mock exam
/Users/shidianjin/Documents/高考英语/1990-2007·高考英语真题·word/黑龙江/2002年黑龙江高考英语真题及答案.doc,1990-2007·高考英语真题·word/黑龙江/2002年黑龙江高考英语真题及答案.doc,2002年黑龙江高考英语真题及答案.doc,.doc,67072,2026-08-26T09:10:55.422182+00:00,719590de9d60431b9c67255f6e245b3faacf775caf0b90e7d1b757b7688bc16a,ok,False,paper_only_candidate,full_paper_candidate,path/name indicates a complete examination paper or mock exam
/Users/shidianjin/Documents/高考英语/1990-2007·高考英语真题·word/黑龙江/2004年黑龙江高考英语真题及答案.doc,1990-2007·高考英语真题·word/黑龙江/2004年黑龙江高考英语真题及答案.doc,2004年黑龙江高考英语真题及答案.doc,.doc,51712,2026-08-26T09:10:56.673480+00:00,4e7bcd28c3ae586ff8d9729318a41623b61cd697b2b6263e72d215dc94668d72,ok,False,paper_only_candidate,full_paper_candidate,path/name indicates a complete examination paper or mock exam
/Users/shidianjin/Documents/高考英语/1990-2007·高考英语真题·word/黑龙江/2005年黑龙江高考英语真题及答案.doc,1990-2007·高考英语真题·word/黑龙江/2005年黑龙江高考英语真题及答案.doc,2005年黑龙江高考英语真题及答案.doc,.doc,118784,2026-08-26T09:10:56.150285+00:00,673573f8b2d6e28a53d9eb41866cffd29f9b0ea88354ff523a161aa01fb31b0c,ok,False,paper_only_candidate,full_paper_candidate,path/name indicates a complete examination paper or mock exam
/Users/shidianjin/Documents/高考英语/1990-2007·高考英语真题·word/黑龙江/2006年黑龙江高考英语真题及答案.doc,1990-2007·高考英语真题·word/黑龙江/2006年黑龙江高考英语真题及答案.doc,2006年黑龙江高考英语真题及答案.doc,.doc,66048,2026-08-26T09:10:57.096931+00:00,d52fc8bc17d7de7366aee3ae1d95ac24da85cbc6379ba477fc8c324fb0deb1ca,ok,False,paper_only_candidate,full_paper_candidate,path/name indicates a complete examination paper or mock exam
/Users/shidianjin/Documents/高考英语/1990-2007·高考英语真题·word/黑龙江/2007年黑龙江高考英语真题及答案.doc,1990-2007·高考英语真题·word/黑龙江/2007年黑龙江高考英语真题及答案.doc,2007年黑龙江高考英语真题及答案.doc,.doc,97792,2026-08-26T09:10:56.149614+00:00,89bf058b3c76c8b7b8c292bef717fd512563cdccce3ac73744329471bf25744e,ok,False,paper_only_candidate,full_paper_candidate,path/name indicates a complete examination paper or mock exam
/Users/shidianjin/Documents/高考英语/2007年高考真题----英语/2007年普通高等学校招生全国统一考试英语试卷及答案-上海卷.doc,2007年高考真题----英语/2007年普通高等学校招生全国统一考试英语试卷及答案-上海卷.doc,2007年普通高等学校招生全国统一考试英语试卷及答案-上海卷.doc,.doc,183808,2015-07-20T02:38:24+00:00,fc5c568459f2905c274f3f321faf140a9e085ced93be8601bf5503dd0a2129b5,ok,False,paper_only_candidate,full_paper_candidate,path/name indicates a complete examination paper or mock exam
/Users/shidianjin/Documents/高考英语/2007年高考真题----英语/2007年普通高等学校招生全国统一考试英语试卷及答案-全国1.doc,2007年高考真题----英语/2007年普通高等学校招生全国统一考试英语试卷及答案-全国1.doc,2007年普通高等学校招生全国统一考试英语试卷及答案-全国1.doc,.doc,74240,2015-07-20T02:38:24+00:00,8860c02efa758db77ab82d9b1c171b818cde27c554cd5dc4caac6c8fa726eb7a,ok,False,paper_only_candidate,full_paper_candidate,path/name indicates a complete examination paper or mock exam
/Users/shidianjin/Documents/高考英语/2007年高考真题----英语/2007年普通高等学校招生全国统一考试英语试卷及答案-全国2.doc,2007年高考真题----英语/2007年普通高等学校招生全国统一考试英语试卷及答案-全国2.doc,2007年普通高等学校招生全国统一考试英语试卷及答案-全国2.doc,.doc,102400,2015-07-20T02:38:24+00:00,0aeec4f157bc35defc919355166f2e158e14f646c35449843d1e82195e78c74e,ok,False,paper_only_candidate,full_paper_candidate,path/name indicates a complete examination paper or mock exam
/Users/shidianjin/Documents/高考英语/2007年高考真题----英语/2007年普通高等学校招生全国统一考试英语试卷及答案-北京卷.doc,2007年高考真题----英语/2007年普通高等学校招生全国统一考试英语试卷及答案-北京卷.doc,2007年普通高等学校招生全国统一考试英语试卷及答案-北京卷.doc,.doc,553984,2015-07-20T02:38:26+00:00,efdf7df688de781ae1c2a3923c8f234448172ec09fed8601a3266adbb8d6c13d,ok,False,paper_only_candidate,full_paper_candidate,path/name indicates a complete examination paper or mock exam
/Users/shidianjin/Documents/高考英语/2007年高考真题----英语/2007年普通高等学校招生全国统一考试英语试卷及答案-四川卷.doc,2007年高考真题----英语/2007年普通高等学校招生全国统一考试英语试卷及答案-四川卷.doc,2007年普通高等学校招生全国统一考试英语试卷及答案-四川卷.doc,.doc,78336,2015-07-20T02:38:26+00:00,3d543caf16f88504c22184613d7272a81b40fb50732210a0aead4043d98b074b,ok,False,paper_only_candidate,full_paper_candidate,path/name indicates a complete examination paper or mock exam
/Users/shidianjin/Documents/高考英语/2007年高考真题----英语/2007年普通高等学校招生全国统一考试英语试卷及答案-天津卷.doc,2007年高考真题----英语/2007年普通高等学校招生全国统一考试英语试卷及答案-天津卷.doc,2007年普通高等学校招生全国统一考试英语试卷及答案-天津卷.doc,.doc,92672,2015-07-20T02:38:26+00:00,61221431b3655604764c8e16b5f50051c3a116fd8c00ea3eb61e4fc209821626,ok,False,paper_only_candidate,full_paper_candidate,path/name indicates a complete examination paper or mock exam
/Users/shidianjin/Documents/高考英语/2007年高考真题----英语/2007年普通高等学校招生全国统一考试英语试卷及答案-山东卷.doc,2007年高考真题----英语/2007年普通高等学校招生全国统一考试英语试卷及答案-山东卷.doc,2007年普通高等学校招生全国统一考试英语试卷及答案-山东卷.doc,.doc,101376,2015-07-20T02:38:26+00:00,97dabcdc1dfe0cf098493de5fc9837a1e7a2c363c1cbea29d1696b9a22b61e40,ok,False,paper_only_candidate,full_paper_candidate,path/name indicates a complete examination paper or mock exam
/Users/shidianjin/Documents/高考英语/2007年高考真题----英语/2007年普通高等学校招生全国统一考试英语试卷及答案-广东卷.doc,2007年高考真题----英语/2007年普通高等学校招生全国统一考试英语试卷及答案-广东卷.doc,2007年普通高等学校招生全国统一考试英语试卷及答案-广东卷.doc,.doc,441856,2015-07-20T02:38:26+00:00,4d20c35304d05fb05454aeb0b385c8c877990aadc44b5355da144c9e81a62317,ok,False,paper_only_candidate,full_paper_candidate,path/name indicates a complete examination paper or mock exam
/Users/shidianjin/Documents/高考英语/2007年高考真题----英语/2007年普通高等学校招生全国统一考试英语试卷及答案-江苏卷.doc,2007年高考真题----英语/2007年普通高等学校招生全国统一考试英语试卷及答案-江苏卷.doc,2007年普通高等学校招生全国统一考试英语试卷及答案-江苏卷.doc,.doc,357888,2015-07-20T02:38:26+00:00,828d36b6243bdcd7e4ef884e2ffb213b063bec6daee903a313a7bc3d85f94115,ok,False,paper_only_candidate,full_paper_candidate,path/name indicates a complete examination paper or mock exam
/Users/shidianjin/Documents/高考英语/2007年高考真题----英语/2007年普通高等学校招生全国统一考试英语试卷及答案-江西卷.doc,2007年高考真题----英语/2007年普通高等学校招生全国统一考试英语试卷及答案-江西卷.doc,2007年普通高等学校招生全国统一考试英语试卷及答案-江西卷.doc,.doc,133120,2015-07-20T02:38:26+00:00,ae07373242af066415d611147282118d61de4151037587e3acb251faf6ad2ddb,ok,False,paper_only_candidate,full_paper_candidate,path/name indicates a complete examination paper or mock exam
/Users/shidianjin/Documents/高考英语/2007年高考真题----英语/2007年普通高等学校招生全国统一考试英语试卷及答案-湖北卷.doc,2007年高考真题----英语/2007年普通高等学校招生全国统一考试英语试卷及答案-湖北卷.doc,2007年普通高等学校招生全国统一考试英语试卷及答案-湖北卷.doc,.doc,85504,2015-07-20T02:38:26+00:00,69cb4f4362d159b58dd07d271bf21410006a9f7260b118793be6ef4d0fed9ea2,ok,False,paper_only_candidate,full_paper_candidate,path/name indicates a complete examination paper or mock exam
/Users/shidianjin/Documents/高考英语/2007年高考真题----英语/2007年普通高等学校招生全国统一考试英语试卷及答案-湖南卷.doc,2007年高考真题----英语/2007年普通高等学校招生全国统一考试英语试卷及答案-湖南卷.doc,2007年普通高等学校招生全国统一考试英语试卷及答案-湖南卷.doc,.doc,110592,2015-07-20T02:38:26+00:00,a65845d2439a8f8130fbe2120aa1035772b48a8af252cb3ef74f5eecaaa9b0f3,ok,False,paper_only_candidate,full_paper_candidate,path/name indicates a complete examination paper or mock exam
/Users/shidianjin/Documents/高考英语/2007年高考真题----英语/2007年普通高等学校招生全国统一考试英语试卷及答案-福建卷.doc,2007年高考真题----英语/2007年普通高等学校招生全国统一考试英语试卷及答案-福建卷.doc,2007年普通高等学校招生全国统一考试英语试卷及答案-福建卷.doc,.doc,79872,2015-07-20T02:38:26+00:00,79d38b850168281adf1eaf75693cdc9efad99d5bb2b1f3f6342dceffbe6e360c,ok,False,paper_only_candidate,full_paper_candidate,path/name indicates a complete examination paper or mock exam
/Users/shidianjin/Documents/高考英语/2007年高考真题----英语/2007年普通高等学校招生全国统一考试英语试卷及答案-辽宁卷.doc,2007年高考真题----英语/2007年普通高等学校招生全国统一考试英语试卷及答案-辽宁卷.doc,2007年普通高等学校招生全国统一考试英语试卷及答案-辽宁卷.doc,.doc,80896,2015-07-20T02:38:26+00:00,b421eb62d5e6fda8de0b2f09ce1fc5e8a1d0ac0abd6abbdef290cf34eaf4f407,ok,False,paper_only_candidate,full_paper_candidate,path/name indicates a complete examination paper or mock exam
/Users/shidianjin/Documents/高考英语/2007年高考真题----英语/2007年普通高等学校招生全国统一考试英语试卷及答案-重庆卷.doc,2007年高考真题----英语/2007年普通高等学校招生全国统一考试英语试卷及答案-重庆卷.doc,2007年普通高等学校招生全国统一考试英语试卷及答案-重庆卷.doc,.doc,86016,2015-07-20T02:38:26+00:00,fb6d0cb53757b50821003e70d98d6ca64c3c403792c80e29dcf680f9ca2cc26b,ok,False,paper_only_candidate,full_paper_candidate,path/name indicates a complete examination paper or mock exam
/Users/shidianjin/Documents/高考英语/2007年高考真题----英语/2007年普通高等学校招生全国统一考试英语试卷及答案-陕西卷.doc,2007年高考真题----英语/2007年普通高等学校招生全国统一考试英语试卷及答案-陕西卷.doc,2007年普通高等学校招生全国统一考试英语试卷及答案-陕西卷.doc,.doc,76288,2015-07-20T02:38:26+00:00,c26150006550f4edd28c91c9687cd3245b9d5410e8c238563439295d813d24e3,ok,False,paper_only_candidate,full_paper_candidate,path/name indicates a complete examination paper or mock exam
/Users/shidianjin/Documents/高考英语/2007年高考真题----英语/2007年普通高等学校招生全国统一考试英语试题及答案-安徽卷.doc,2007年高考真题----英语/2007年普通高等学校招生全国统一考试英语试题及答案-安徽卷.doc,2007年普通高等学校招生全国统一考试英语试题及答案-安徽卷.doc,.doc,90112,2015-07-20T02:38:26+00:00,951d0c1ea8699ce5ff70a1e6b67a5fd6649bfe4096d86217cc9acf37594369fc,ok,False,paper_only_candidate,full_paper_candidate,path/name indicates a complete examination paper or mock exam
/Users/shidianjin/Documents/高考英语/2007年高考真题----英语/2007年普通高等学校招生全国统一考试英语试题及答案-浙江卷.doc,2007年高考真题----英语/2007年普通高等学校招生全国统一考试英语试题及答案-浙江卷.doc,2007年普通高等学校招生全国统一考试英语试题及答案-浙江卷.doc,.doc,83968,2015-07-20T02:38:26+00:00,a759ac57a897fad4cec0de7c38671419b0092bcc3f99476b5b3b6bde5c448614,ok,False,paper_only_candidate,full_paper_candidate,path/name indicates a complete examination paper or mock exam
/Users/shidianjin/Documents/高考英语/2008·高考英语真题/2008年高考英语试卷（上海）（秋考）听力音频.mp3,2008·高考英语真题/2008年高考英语试卷（上海）（秋考）听力音频.mp3,2008年高考英语试卷（上海）（秋考）听力音频.mp3,.mp3,22778353,2026-08-26T07:11:52.176720+00:00,2c3220d3943f91abe25ef3429be9fe582a70cb4f65156e3f2fbaa9b0777571e6,ok,False,paper_only_candidate,"full_paper_candidate,media_source",path/name indicates a complete examination paper or mock exam; audio/video source asset; establish mapping only
/Users/shidianjin/Documents/高考英语/2008·高考英语真题/2008年高考英语试卷（上海）（秋考）（空白卷）.doc,2008·高考英语真题/2008年高考英语试卷（上海）（秋考）（空白卷）.doc,2008年高考英语试卷（上海）（秋考）（空白卷）.doc,.doc,91648,2026-08-26T07:07:00.822277+00:00,206a6a5d051f5fbc434c2310dacc9473b342bb8920699503457bd0d6f318aba5,ok,False,paper_only_candidate,full_paper_candidate,path/name indicates a complete examination paper or mock exam
/Users/shidianjin/Documents/高考英语/2008·高考英语真题/2008年高考英语试卷（上海）（秋考）（解析卷）.doc,2008·高考英语真题/2008年高考英语试卷（上海）（秋考）（解析卷）.doc,2008年高考英语试卷（上海）（秋考）（解析卷）.doc,.doc,39424,2026-08-26T07:07:01.506360+00:00,9b846026cc90f9a3f1f800fefdd107ab6fce752c1acb234669426e432487ce85,ok,False,paper_only_candidate,full_paper_candidate,path/name indicates a complete examination paper or mock exam
/Users/shidianjin/Documents/高考英语/2008·高考英语真题/2008年高考英语试卷（全国Ⅰ卷）（空白卷）.doc,2008·高考英语真题/2008年高考英语试卷（全国Ⅰ卷）（空白卷）.doc,2008年高考英语试卷（全国Ⅰ卷）（空白卷）.doc,.doc,270336,2026-08-26T07:07:00.822676+00:00,1166846551f58d96be30677ea0386d13fb408b36477aac3b42b35c564e586b40,ok,False,paper_only_candidate,full_paper_candidate,path/name indicates a complete examination paper or mock exam
/Users/shidianjin/Documents/高考英语/2008·高考英语真题/2008年高考英语试卷（全国Ⅰ卷）（解析卷）.doc,2008·高考英语真题/2008年高考英语试卷（全国Ⅰ卷）（解析卷）.doc,2008年高考英语试卷（全国Ⅰ卷）（解析卷）.doc,.doc,305152,2026-08-26T07:07:05.175219+00:00,9fc5484e4453217f61597b58a6f7869bab25bab42d85f1b127ce0ab6c806b9fc,ok,False,paper_only_candidate,full_paper_candidate,path/name indicates a complete examination paper or mock exam
/Users/shidianjin/Documents/高考英语/2008·高考英语真题/2008年高考英语试卷（全国Ⅱ卷）（空白卷）.doc,2008·高考英语真题/2008年高考英语试卷（全国Ⅱ卷）（空白卷）.doc,2008年高考英语试卷（全国Ⅱ卷）（空白卷）.doc,.doc,75264,2026-08-26T07:06:57.519147+00:00,b075bd619951a28329aa92a6c97cae95bd916447faf96b287f8012d41e530424,ok,False,paper_only_candidate,full_paper_candidate,path/name indicates a complete examination paper or mock exam
/Users/shidianjin/Documents/高考英语/2008·高考英语真题/2008年高考英语试卷（全国Ⅱ卷）（解析卷）.doc,2008·高考英语真题/2008年高考英语试卷（全国Ⅱ卷）（解析卷）.doc,2008年高考英语试卷（全国Ⅱ卷）（解析卷）.doc,.doc,49664,2026-08-26T07:07:00.418383+00:00,bda3e460a6f7cf445f95da9d87e012820d63bdd75727f05972c9cb81044bab53,ok,False,paper_only_candidate,full_paper_candidate,path/name indicates a complete examination paper or mock exam
/Users/shidianjin/Documents/高考英语/2008·高考英语真题/2008年高考英语试卷（北京）听力音频.mp3,2008·高考英语真题/2008年高考英语试卷（北京）听力音频.mp3,2008年高考英语试卷（北京）听力音频.mp3,.mp3,9756968,2026-08-26T07:10:01.503668+00:00,2e2a59fe8ffc8e25e115d7f6f59dc19ba9e4498f2afec2031252b5c87a56f1fb,ok,False,paper_only_candidate,"full_paper_candidate,media_source",path/name indicates a complete examination paper or mock exam; audio/video source asset; establish mapping only
/Users/shidianjin/Documents/高考英语/2008·高考英语真题/2008年高考英语试卷（北京）（空白卷）.doc,2008·高考英语真题/2008年高考英语试卷（北京）（空白卷）.doc,2008年高考英语试卷（北京）（空白卷）.doc,.doc,224256,2026-08-26T07:06:59.712850+00:00,71cdfb1025fc61245530c976138e31a8d7c5693699d80617da2be862b840ff02,ok,False,paper_only_candidate,full_paper_candidate,path/name indicates a complete examination paper or mock exam
/Users/shidianjin/Documents/高考英语/2008·高考英语真题/2008年高考英语试卷（北京）（解析卷）.doc,2008·高考英语真题/2008年高考英语试卷（北京）（解析卷）.doc,2008年高考英语试卷（北京）（解析卷）.doc,.doc,245248,2026-08-26T07:06:57.993891+00:00,5098939108b7ca96c4d4f9cd0b6f0f0147f25df597525b0d58d5c3b89b66ccc7,ok,False,paper_only_candidate,full_paper_candidate,path/name indicates a complete examination paper or mock exam
/Users/shidianjin/Documents/高考英语/2008·高考英语真题/2008年高考英语试卷（四川）（空白卷）.doc,2008·高考英语真题/2008年高考英语试卷（四川）（空白卷）.doc,2008年高考英语试卷（四川）（空白卷）.doc,.doc,129536,2026-08-26T07:07:06.911280+00:00,a05e9a253cf6409ed660c75121856d143c1942cf93c19cda6760cdb54efe2914,ok,False,paper_only_candidate,full_paper_candidate,path/name indicates a complete examination paper or mock exam
/Users/shidianjin/Documents/高考英语/2008·高考英语真题/2008年高考英语试卷（四川）（解析卷）.doc,2008·高考英语真题/2008年高考英语试卷（四川）（解析卷）.doc,2008年高考英语试卷（四川）（解析卷）.doc,.doc,282112,2026-08-26T07:07:03.968592+00:00,195f4a2fd015228725a18f3abddb60492b74d207ad628772d42c69a6bfcc6d19,ok,False,paper_only_candidate,full_paper_candidate,path/name indicates a complete examination paper or mock exam
/Users/shidianjin/Documents/高考英语/2008·高考英语真题/2008年高考英语试卷（天津卷）听力音频.mp3,2008·高考英语真题/2008年高考英语试卷（天津卷）听力音频.mp3,2008年高考英语试卷（天津卷）听力音频.mp3,.mp3,5136322,2026-08-26T07:08:42.032864+00:00,881407e7074e60157d3afcdf6cf04b2981219054609dca0e9d9fefd94f95cacd,ok,False,paper_only_candidate,"full_paper_candidate,media_source",path/name indicates a complete examination paper or mock exam; audio/video source asset; establish mapping only
/Users/shidianjin/Documents/高考英语/2008·高考英语真题/2008年高考英语试卷（天津）（空白卷）.doc,2008·高考英语真题/2008年高考英语试卷（天津）（空白卷）.doc,2008年高考英语试卷（天津）（空白卷）.doc,.doc,242688,2026-08-26T07:07:04.722282+00:00,ab2c9d440679ae18bd74ceb9619d870d13147e908d0f87d9f85cc4b888555f84,ok,False,paper_only_candidate,full_paper_candidate,path/name indicates a complete examination paper or mock exam
/Users/shidianjin/Documents/高考英语/2008·高考英语真题/2008年高考英语试卷（天津）（解析卷）.doc,2008·高考英语真题/2008年高考英语试卷（天津）（解析卷）.doc,2008年高考英语试卷（天津）（解析卷）.doc,.doc,271360,2026-08-26T07:07:09.411269+00:00,7098cbe07e9843b572f36e94974b1b9650d8ef866180fa571979f6ee0f1a99da,ok,False,paper_only_candidate,full_paper_candidate,path/name indicates a complete examination paper or mock exam
/Users/shidianjin/Documents/高考英语/2008·高考英语真题/2008年高考英语试卷（宁夏、海南）听力音频.mp3,2008·高考英语真题/2008年高考英语试卷（宁夏、海南）听力音频.mp3,2008年高考英语试卷（宁夏、海南）听力音频.mp3,.mp3,470,2026-08-26T07:06:58.473514+00:00,ace3c245aae4684ef53fb92b545157935c517c54c31a9508db693542ef071757,ok,False,paper_only_candidate,"full_paper_candidate,media_source",path/name indicates a complete examination paper or mock exam; audio/video source asset; establish mapping only
/Users/shidianjin/Documents/高考英语/2008·高考英语真题/2008年高考英语试卷（宁夏、海南）（空白卷）.doc,2008·高考英语真题/2008年高考英语试卷（宁夏、海南）（空白卷）.doc,2008年高考英语试卷（宁夏、海南）（空白卷）.doc,.doc,69632,2026-08-26T07:06:56.372011+00:00,628474e08f4b7d700d6cbe69b2528c654bd093912962a975ab816b6594dfd4d1,ok,False,paper_only_candidate,full_paper_candidate,path/name indicates a complete examination paper or mock exam
/Users/shidianjin/Documents/高考英语/2008·高考英语真题/2008年高考英语试卷（宁夏、海南）（解析卷）.doc,2008·高考英语真题/2008年高考英语试卷（宁夏、海南）（解析卷）.doc,2008年高考英语试卷（宁夏、海南）（解析卷）.doc,.doc,74752,2026-08-26T07:07:00.220031+00:00,703309db2577198003560ba95b622bea9c178e85a8e16ef6144b0c6b5e02f171,ok,False,paper_only_candidate,full_paper_candidate,path/name indicates a complete examination paper or mock exam
/Users/shidianjin/Documents/高考英语/2008·高考英语真题/2008年高考英语试卷（山东）听力音频.mp3,2008·高考英语真题/2008年高考英语试卷（山东）听力音频.mp3,2008年高考英语试卷（山东）听力音频.mp3,.mp3,8947596,2026-08-26T07:10:55.382787+00:00,43dc63084b2129623c1a90c192ce03815c939c013eb560bc1619a221fc883758,ok,False,paper_only_candidate,"full_paper_candidate,media_source",path/name indicates a complete examination paper or mock exam; audio/video source asset; establish mapping only
/Users/shidianjin/Documents/高考英语/2008·高考英语真题/2008年高考英语试卷（山东）（空白卷）.doc,2008·高考英语真题/2008年高考英语试卷（山东）（空白卷）.doc,2008年高考英语试卷（山东）（空白卷）.doc,.doc,74752,2026-08-26T07:07:04.135186+00:00,7d5b92f45a600e341ed963cefd12d49f3523b2feba880763de413e074d8b71c5,ok,False,paper_only_candidate,full_paper_candidate,path/name indicates a complete examination paper or mock exam
/Users/shidianjin/Documents/高考英语/2008·高考英语真题/2008年高考英语试卷（山东）（解析卷）.doc,2008·高考英语真题/2008年高考英语试卷（山东）（解析卷）.doc,2008年高考英语试卷（山东）（解析卷）.doc,.doc,96768,2026-08-26T07:07:01.114456+00:00,61a97ba92f91dc3c12f78075341781aa83774261ddf9d3f15ebe6a986fa669b7,ok,False,paper_only_candidate,full_paper_candidate,path/name indicates a complete examination paper or mock exam
/Users/shidianjin/Documents/高考英语/2008·高考英语真题/2008年高考英语试卷（广东）（空白卷）.doc,2008·高考英语真题/2008年高考英语试卷（广东）（空白卷）.doc,2008年高考英语试卷（广东）（空白卷）.doc,.doc,150016,2026-08-26T07:06:57.517356+00:00,1b0f1ede8d350f19c6cd57a6f31f11286428a1747ba7dba19ce7c67523ef1e92,ok,False,paper_only_candidate,full_paper_candidate,path/name indicates a complete examination paper or mock exam
/Users/shidianjin/Documents/高考英语/2008·高考英语真题/2008年高考英语试卷（广东）（解析卷）.doc,2008·高考英语真题/2008年高考英语试卷（广东）（解析卷）.doc,2008年高考英语试卷（广东）（解析卷）.doc,.doc,155136,2026-08-26T07:07:07.790422+00:00,88d9d3af730407f083f1a4fd35bfd368a868bf189673b46d981b20d3c078dac0,ok,False,paper_only_candidate,full_paper_candidate,path/name indicates a complete examination paper or mock exam
/Users/shidianjin/Documents/高考英语/2008·高考英语真题/2008年高考英语试卷（江苏）听力音频.mp3,2008·高考英语真题/2008年高考英语试卷（江苏）听力音频.mp3,2008年高考英语试卷（江苏）听力音频.mp3,.mp3,4475760,2026-08-26T07:07:14.781904+00:00,6b031189d91d56cb55eefe5e17dafd147f969a48958ba834b5b863da06a068d2,ok,False,paper_only_candidate,"full_paper_candidate,media_source",path/name indicates a complete examination paper or mock exam; audio/video source asset; establish mapping only
/Users/shidianjin/Documents/高考英语/2008·高考英语真题/2008年高考英语试卷（江苏）（空白卷）.doc,2008·高考英语真题/2008年高考英语试卷（江苏）（空白卷）.doc,2008年高考英语试卷（江苏）（空白卷）.doc,.doc,86016,2026-08-26T07:06:55.733359+00:00,3dafe6b1125646c94c6118e9daff4d589b6c2c6966b8b2305d5dd86ab2da0481,ok,False,paper_only_candidate,full_paper_candidate,path/name indicates a complete examination paper or mock exam
/Users/shidianjin/Documents/高考英语/2008·高考英语真题/2008年高考英语试卷（江苏）（解析卷）.doc,2008·高考英语真题/2008年高考英语试卷（江苏）（解析卷）.doc,2008年高考英语试卷（江苏）（解析卷）.doc,.doc,153600,2026-08-26T07:06:58.783267+00:00,7b06dddcda0a82fc31bdd9159d46c43b983a8e7fde5ec3a1e5329e50c05bb43e,ok,False,paper_only_candidate,full_paper_candidate,path/name indicates a complete examination paper or mock exam
/Users/shidianjin/Documents/高考英语/2008·高考英语真题/2008年高考英语试卷（浙江）（空白卷）.doc,2008·高考英语真题/2008年高考英语试卷（浙江）（空白卷）.doc,2008年高考英语试卷（浙江）（空白卷）.doc,.doc,81920,2026-08-26T07:07:06.400852+00:00,bb2cb3b102db987ba62bba684d3d5daed46c5eb2c74aab3ada29591c3721d227,ok,False,paper_only_candidate,full_paper_candidate,path/name indicates a complete examination paper or mock exam
/Users/shidianjin/Documents/高考英语/2008·高考英语真题/2008年高考英语试卷（浙江）（解析卷）.doc,2008·高考英语真题/2008年高考英语试卷（浙江）（解析卷）.doc,2008年高考英语试卷（浙江）（解析卷）.doc,.doc,151040,2026-08-26T07:07:07.342162+00:00,a798da08f8878df123d989e01c004d2008c1c1bfcec918b0d8eac38709e97b64,ok,False,paper_only_candidate,full_paper_candidate,path/name indicates a complete examination paper or mock exam
/Users/shidianjin/Documents/高考英语/2008·高考英语真题/2008年高考英语试卷（湖南）（空白卷）.doc,2008·高考英语真题/2008年高考英语试卷（湖南）（空白卷）.doc,2008年高考英语试卷（湖南）（空白卷）.doc,.doc,232960,2026-08-26T07:06:56.079416+00:00,60b7ad07db005bf03a1f4804f9187c8439793d79920969d0b42cdb56eaa1ceef,ok,False,paper_only_candidate,full_paper_candidate,path/name indicates a complete examination paper or mock exam
/Users/shidianjin/Documents/高考英语/2008·高考英语真题/2008年高考英语试卷（湖南）（解析卷）.doc,2008·高考英语真题/2008年高考英语试卷（湖南）（解析卷）.doc,2008年高考英语试卷（湖南）（解析卷）.doc,.doc,251392,2026-08-26T07:06:57.367191+00:00,b09da5cf30282b3b4fae0d75a237ff09c7aba7b77ea125a0b791f65b34b88bcf,ok,False,paper_only_candidate,full_paper_candidate,path/name indicates a complete examination paper or mock exam
/Users/shidianjin/Documents/高考英语/2008·高考英语真题/2008年高考英语试卷（陕西）（空白卷）.doc,2008·高考英语真题/2008年高考英语试卷（陕西）（空白卷）.doc,2008年高考英语试卷（陕西）（空白卷）.doc,.doc,68096,2026-08-26T07:07:09.245396+00:00,83d949ab30d5cb946be35ac6e517b28018042ff51af2edea7c04378a18bf69bf,ok,False,paper_only_candidate,full_paper_candidate,path/name indicates a complete examination paper or mock exam
/Users/shidianjin/Documents/高考英语/2008·高考英语真题/2008年高考英语试卷（陕西）（解析卷）.doc,2008·高考英语真题/2008年高考英语试卷（陕西）（解析卷）.doc,2008年高考英语试卷（陕西）（解析卷）.doc,.doc,85504,2026-08-26T07:07:10.853476+00:00,ee2fe34944a70a37ec54345b4d2be56836ded190189bf06538a90d7fb93ae4db,ok,False,paper_only_candidate,full_paper_candidate,path/name indicates a complete examination paper or mock exam
/Users/shidianjin/Documents/高考英语/2008年高考真题----英语/2008年普通高等学校招生全国统一考试英语试卷及答案-全国卷2.doc,2008年高考真题----英语/2008年普通高等学校招生全国统一考试英语试卷及答案-全国卷2.doc,2008年普通高等学校招生全国统一考试英语试卷及答案-全国卷2.doc,.doc,94720,2015-07-20T02:38:44+00:00,d6ec6a8fc2a0fa582a0f8611a2d83ae0d82782ea82ed788d3fab78d5fb7c2f7e,ok,False,paper_only_candidate,full_paper_candidate,path/name indicates a complete examination paper or mock exam
/Users/shidianjin/Documents/高考英语/2008年高考真题----英语/2008年普通高等学校招生全国统一考试英语试卷及答案-湖北卷.doc,2008年高考真题----英语/2008年普通高等学校招生全国统一考试英语试卷及答案-湖北卷.doc,2008年普通高等学校招生全国统一考试英语试卷及答案-湖北卷.doc,.doc,99328,2015-07-20T02:38:44+00:00,15d387b03ed3566ae26937694aa1faaff57bc1ca8cb373b8a34aa062d03e7c3e,ok,False,paper_only_candidate,full_paper_candidate,path/name indicates a complete examination paper or mock exam
/Users/shidianjin/Documents/高考英语/2008年高考真题----英语/2008年普通高等学校招生全国统一考试英语试卷及答案-湖南卷.doc,2008年高考真题----英语/2008年普通高等学校招生全国统一考试英语试卷及答案-湖南卷.doc,2008年普通高等学校招生全国统一考试英语试卷及答案-湖南卷.doc,.doc,391680,2015-07-20T02:38:44+00:00,3e1e74c48734873eef04f0dc6b1091ecd921d3dafcdec06584a69e7c4a1a003d,ok,False,paper_only_candidate,full_paper_candidate,path/name indicates a complete examination paper or mock exam
/Users/shidianjin/Documents/高考英语/2008年高考真题----英语/2008年普通高等学校招生全国统一考试英语试卷及答案-福建卷.doc,2008年高考真题----英语/2008年普通高等学校招生全国统一考试英语试卷及答案-福建卷.doc,2008年普通高等学校招生全国统一考试英语试卷及答案-福建卷.doc,.doc,95232,2015-07-20T02:38:44+00:00,6d3f9b8de8e6f110a858bf16d44d808045763a0a2ae0170ddc5b35a0c2ee79e5,ok,False,paper_only_candidate,full_paper_candidate,path/name indicates a complete examination paper or mock exam
/Users/shidianjin/Documents/高考英语/2008年高考真题----英语/2008年普通高等学校招生全国统一考试英语试卷及答案-重庆卷.doc,2008年高考真题----英语/2008年普通高等学校招生全国统一考试英语试卷及答案-重庆卷.doc,2008年普通高等学校招生全国统一考试英语试卷及答案-重庆卷.doc,.doc,68096,2015-07-20T02:38:44+00:00,61209f15edee84272b0b7b04207a1345c9c823ea72fdc6f3eb97c675d2803193,ok,False,paper_only_candidate,full_paper_candidate,path/name indicates a complete examination paper or mock exam
/Users/shidianjin/Documents/高考英语/2008年高考真题----英语/2008年普通高等学校招生全国统一考试英语试题及答案-上海卷.doc,2008年高考真题----英语/2008年普通高等学校招生全国统一考试英语试题及答案-上海卷.doc,2008年普通高等学校招生全国统一考试英语试题及答案-上海卷.doc,.doc,106496,2015-07-20T02:38:44+00:00,30adfcd5956cb785d4333cd278323faa1634992bff538d28725c56c2bb63759e,ok,False,paper_only_candidate,full_paper_candidate,path/name indicates a complete examination paper or mock exam
/Users/shidianjin/Documents/高考英语/2008年高考真题----英语/2008年普通高等学校招生全国统一考试英语试题及答案-全国1.doc,2008年高考真题----英语/2008年普通高等学校招生全国统一考试英语试题及答案-全国1.doc,2008年普通高等学校招生全国统一考试英语试题及答案-全国1.doc,.doc,99840,2015-07-20T02:38:44+00:00,ebe036469be506d543ff8631e178926bdfaa5c76e16eee838226a0b53f299b8e,ok,False,paper_only_candidate,full_paper_candidate,path/name indicates a complete examination paper or mock exam
/Users/shidianjin/Documents/高考英语/2008年高考真题----英语/2008年普通高等学校招生全国统一考试英语试题及答案-北京卷.doc,2008年高考真题----英语/2008年普通高等学校招生全国统一考试英语试题及答案-北京卷.doc,2008年普通高等学校招生全国统一考试英语试题及答案-北京卷.doc,.doc,241664,2015-07-20T02:38:44+00:00,f153017f40c7e6cd648f0e48b0a36131a8a6317096a7e2b76ba02fd413ba7680,ok,False,paper_only_candidate,full_paper_candidate,path/name indicates a complete examination paper or mock exam
/Users/shidianjin/Documents/高考英语/2008年高考真题----英语/2008年普通高等学校招生全国统一考试英语试题及答案-四川卷.doc,2008年高考真题----英语/2008年普通高等学校招生全国统一考试英语试题及答案-四川卷.doc,2008年普通高等学校招生全国统一考试英语试题及答案-四川卷.doc,.doc,152576,2015-07-20T02:38:44+00:00,2669062bc0d0b5300594d799dade593eebd0be588a1fc9984964263eab2aa8cc,ok,False,paper_only_candidate,full_paper_candidate,path/name indicates a complete examination paper or mock exam
/Users/shidianjin/Documents/高考英语/2008年高考真题----英语/2008年普通高等学校招生全国统一考试英语试题及答案-四川延考卷.doc,2008年高考真题----英语/2008年普通高等学校招生全国统一考试英语试题及答案-四川延考卷.doc,2008年普通高等学校招生全国统一考试英语试题及答案-四川延考卷.doc,.doc,69632,2015-07-20T02:38:44+00:00,e1319b3d1465a3635e3efe49fb45d48b238c645448b8b85b5f762114fb22020d,ok,False,paper_only_candidate,full_paper_candidate,path/name indicates a complete examination paper or mock exam
/Users/shidianjin/Documents/高考英语/2008年高考真题----英语/2008年普通高等学校招生全国统一考试英语试题及答案-天津卷.doc,2008年高考真题----英语/2008年普通高等学校招生全国统一考试英语试题及答案-天津卷.doc,2008年普通高等学校招生全国统一考试英语试题及答案-天津卷.doc,.doc,244736,2015-07-20T02:38:44+00:00,cdd9ee64536dd5c80859387f2ef350b7f3d12d4c4175e91270b4c21256511186,ok,False,paper_only_candidate,full_paper_candidate,path/name indicates a complete examination paper or mock exam
/Users/shidianjin/Documents/高考英语/2008年高考真题----英语/2008年普通高等学校招生全国统一考试英语试题及答案-宁夏卷.doc,2008年高考真题----英语/2008年普通高等学校招生全国统一考试英语试题及答案-宁夏卷.doc,2008年普通高等学校招生全国统一考试英语试题及答案-宁夏卷.doc,.doc,84992,2015-07-20T02:38:44+00:00,40fd332391de36b241b58fd2300a1a551e09d50f4186b2d7bf1a9c47b9f2641b,ok,False,paper_only_candidate,full_paper_candidate,path/name indicates a complete examination paper or mock exam
/Users/shidianjin/Documents/高考英语/2008年高考真题----英语/2008年普通高等学校招生全国统一考试英语试题及答案-安徽卷.doc,2008年高考真题----英语/2008年普通高等学校招生全国统一考试英语试题及答案-安徽卷.doc,2008年普通高等学校招生全国统一考试英语试题及答案-安徽卷.doc,.doc,84992,2015-07-20T02:38:44+00:00,3e12718ffcfe7bf092fb2f5f9c60d45e42ccd6909db3872a25d3d5f884c4933b,ok,False,paper_only_candidate,full_paper_candidate,path/name indicates a complete examination paper or mock exam
/Users/shidianjin/Documents/高考英语/2008年高考真题----英语/2008年普通高等学校招生全国统一考试英语试题及答案-山东卷.doc,2008年高考真题----英语/2008年普通高等学校招生全国统一考试英语试题及答案-山东卷.doc,2008年普通高等学校招生全国统一考试英语试题及答案-山东卷.doc,.doc,80384,2015-07-20T02:38:46+00:00,244e1ae3a6316d69cba6cbdaad600e8fe9857a0f69b1889b9a5bd9a4645638fd,ok,False,paper_only_candidate,full_paper_candidate,path/name indicates a complete examination paper or mock exam
/Users/shidianjin/Documents/高考英语/2008年高考真题----英语/2008年普通高等学校招生全国统一考试英语试题及答案-广东卷.doc,2008年高考真题----英语/2008年普通高等学校招生全国统一考试英语试题及答案-广东卷.doc,2008年普通高等学校招生全国统一考试英语试题及答案-广东卷.doc,.doc,210944,2015-07-20T02:38:46+00:00,66b60adf545fb24919623641d0d278fcc35508a666635f0917cfaccbd1c36ea2,ok,False,paper_only_candidate,full_paper_candidate,path/name indicates a complete examination paper or mock exam
/Users/shidianjin/Documents/高考英语/2008年高考真题----英语/2008年普通高等学校招生全国统一考试英语试题及答案-江苏卷.doc,2008年高考真题----英语/2008年普通高等学校招生全国统一考试英语试题及答案-江苏卷.doc,2008年普通高等学校招生全国统一考试英语试题及答案-江苏卷.doc,.doc,112640,2015-07-20T02:38:46+00:00,cbe1a8468b38fb375129e231a4166f0c043a822e079ad985e3c4a809a9343cc5,ok,False,paper_only_candidate,full_paper_candidate,path/name indicates a complete examination paper or mock exam
/Users/shidianjin/Documents/高考英语/2008年高考真题----英语/2008年普通高等学校招生全国统一考试英语试题及答案-江西卷.doc,2008年高考真题----英语/2008年普通高等学校招生全国统一考试英语试题及答案-江西卷.doc,2008年普通高等学校招生全国统一考试英语试题及答案-江西卷.doc,.doc,79872,2015-07-20T02:38:46+00:00,678b084df535279ccb19e69092baf02a37acef68fd7bcd6f859b2b2b72b9f3c3,ok,False,paper_only_candidate,full_paper_candidate,path/name indicates a complete examination paper or mock exam
/Users/shidianjin/Documents/高考英语/2008年高考真题----英语/2008年普通高等学校招生全国统一考试英语试题及答案-浙江卷.doc,2008年高考真题----英语/2008年普通高等学校招生全国统一考试英语试题及答案-浙江卷.doc,2008年普通高等学校招生全国统一考试英语试题及答案-浙江卷.doc,.doc,108544,2015-07-20T02:38:46+00:00,ecef6bb7ab5efbc40881950f953506407a4f29397697069812604111eca83b22,ok,False,paper_only_candidate,full_paper_candidate,path/name indicates a complete examination paper or mock exam
/Users/shidianjin/Documents/高考英语/2008年高考真题----英语/2008年普通高等学校招生全国统一考试英语试题及答案-辽宁卷.doc,2008年高考真题----英语/2008年普通高等学校招生全国统一考试英语试题及答案-辽宁卷.doc,2008年普通高等学校招生全国统一考试英语试题及答案-辽宁卷.doc,.doc,86016,2015-07-20T02:38:46+00:00,4306821efea65d2b83d7bd6b89a7392e38aa7c11d00276eb3860fcd400d54fbf,ok,False,paper_only_candidate,full_paper_candidate,path/name indicates a complete examination paper or mock exam
/Users/shidianjin/Documents/高考英语/2008年高考真题----英语/2008年普通高等学校招生全国统一考试英语试题及答案-陕西卷.doc,2008年高考真题----英语/2008年普通高等学校招生全国统一考试英语试题及答案-陕西卷.doc,2008年普通高等学校招生全国统一考试英语试题及答案-陕西卷.doc,.doc,82944,2015-07-20T02:38:46+00:00,bf7b493368c9e1b6a2260f612d7136273a59829c9c4505adae0adf4f8977bd08,ok,False,paper_only_candidate,full_paper_candidate,path/name indicates a complete examination paper or mock exam
/Users/shidianjin/Documents/高考英语/2009·高考英语真题/2009年高考英语试卷（上海）（秋考）听力音频.mp3,2009·高考英语真题/2009年高考英语试卷（上海）（秋考）听力音频.mp3,2009年高考英语试卷（上海）（秋考）听力音频.mp3,.mp3,21728551,2026-08-26T07:16:02.341936+00:00,454d8aaa950b3c20feaea477870cfc82e3cdb8480f69481a97b8160bf2649466,ok,False,paper_only_candidate,"full_paper_candidate,media_source",path/name indicates a complete examination paper or mock exam; audio/video source asset; establish mapping only
/Users/shidianjin/Documents/高考英语/2009·高考英语真题/2009年高考英语试卷（上海）（秋考）（空白卷）.doc,2009·高考英语真题/2009年高考英语试卷（上海）（秋考）（空白卷）.doc,2009年高考英语试卷（上海）（秋考）（空白卷）.doc,.doc,154112,2026-08-26T07:07:20.972336+00:00,6c90f3e5f580c2439f9b795f96bbcfae09ab136e79e1cfec7681674ba9bd0ac0,ok,False,paper_only_candidate,full_paper_candidate,path/name indicates a complete examination paper or mock exam
/Users/shidianjin/Documents/高考英语/2009·高考英语真题/2009年高考英语试卷（上海）（秋考）（解析卷）.doc,2009·高考英语真题/2009年高考英语试卷（上海）（秋考）（解析卷）.doc,2009年高考英语试卷（上海）（秋考）（解析卷）.doc,.doc,316928,2026-08-26T07:07:24.436918+00:00,1b2e1a730a509c61d6ddc617e058ec7378cf7f548b99b72d3ccbe4d1d3d76bc0,ok,False,paper_only_candidate,full_paper_candidate,path/name indicates a complete examination paper or mock exam
/Users/shidianjin/Documents/高考英语/2009·高考英语真题/2009年高考英语试卷（全国Ⅰ卷）（空白卷）.doc,2009·高考英语真题/2009年高考英语试卷（全国Ⅰ卷）（空白卷）.doc,2009年高考英语试卷（全国Ⅰ卷）（空白卷）.doc,.doc,547328,2026-08-26T07:07:13.612574+00:00,0a976ced7cacb44d630a42e3c673d24503906e9eb291f29c137ffe978a379353,ok,False,paper_only_candidate,full_paper_candidate,path/name indicates a complete examination paper or mock exam
/Users/shidianjin/Documents/高考英语/2009·高考英语真题/2009年高考英语试卷（全国Ⅰ卷）（解析卷）.doc,2009·高考英语真题/2009年高考英语试卷（全国Ⅰ卷）（解析卷）.doc,2009年高考英语试卷（全国Ⅰ卷）（解析卷）.doc,.doc,591872,2026-08-26T07:08:22.065752+00:00,0ca4c55a4facd75725729a85c9f642f5db55373b8df12666819afa6d662e4208,ok,False,paper_only_candidate,full_paper_candidate,path/name indicates a complete examination paper or mock exam
/Users/shidianjin/Documents/高考英语/2009·高考英语真题/2009年高考英语试卷（全国Ⅱ卷）（空白卷）.doc,2009·高考英语真题/2009年高考英语试卷（全国Ⅱ卷）（空白卷）.doc,2009年高考英语试卷（全国Ⅱ卷）（空白卷）.doc,.doc,555520,2026-08-26T07:07:41.130209+00:00,6b48ac9c3ea86c16763ab30c47af807dfed9d5b1a42982afdc2085cb34d69594,ok,False,paper_only_candidate,full_paper_candidate,path/name indicates a complete examination paper or mock exam
/Users/shidianjin/Documents/高考英语/2009·高考英语真题/2009年高考英语试卷（全国Ⅱ卷）（解析卷）.doc,2009·高考英语真题/2009年高考英语试卷（全国Ⅱ卷）（解析卷）.doc,2009年高考英语试卷（全国Ⅱ卷）（解析卷）.doc,.doc,692736,2026-08-26T07:07:48.372905+00:00,8406eea64e6a2673cf5488bf1fa8151e48cfd263a6ec3b5274be370c91f26da5,ok,False,paper_only_candidate,full_paper_candidate,path/name indicates a complete examination paper or mock exam
/Users/shidianjin/Documents/高考英语/2009·高考英语真题/2009年高考英语试卷（北京）听力音频.mp3,2009·高考英语真题/2009年高考英语试卷（北京）听力音频.mp3,2009年高考英语试卷（北京）听力音频.mp3,.mp3,20582017,2026-08-26T07:12:57.048166+00:00,df5e59072e4d531c3bfa242e0f6311063d7012475ff81696700c43c3695849a3,ok,False,paper_only_candidate,"full_paper_candidate,media_source",path/name indicates a complete examination paper or mock exam; audio/video source asset; establish mapping only
/Users/shidianjin/Documents/高考英语/2009·高考英语真题/2009年高考英语试卷（北京）（空白卷）.doc,2009·高考英语真题/2009年高考英语试卷（北京）（空白卷）.doc,2009年高考英语试卷（北京）（空白卷）.doc,.doc,249344,2026-08-26T07:07:20.687488+00:00,0091ed91077ca6a5b70df9169811e64299cabf3682294f63462b44d7bc536a7a,ok,False,paper_only_candidate,full_paper_candidate,path/name indicates a complete examination paper or mock exam
/Users/shidianjin/Documents/高考英语/2009·高考英语真题/2009年高考英语试卷（北京）（解析卷）.doc,2009·高考英语真题/2009年高考英语试卷（北京）（解析卷）.doc,2009年高考英语试卷（北京）（解析卷）.doc,.doc,568320,2026-08-26T07:07:17.729201+00:00,f19fd290fc5578633599261bffb5e83256930ae8ce91de6a8871fd66db5c45d1,ok,False,paper_only_candidate,full_paper_candidate,path/name indicates a complete examination paper or mock exam
/Users/shidianjin/Documents/高考英语/2009·高考英语真题/2009年高考英语试卷（四川）（空白卷）.doc,2009·高考英语真题/2009年高考英语试卷（四川）（空白卷）.doc,2009年高考英语试卷（四川）（空白卷）.doc,.doc,62464,2026-08-26T07:07:14.959878+00:00,76871822beb6f6326e7ef3e2960fb99535f73da5ce9e8b679d9a212c5f8b67c1,ok,False,paper_only_candidate,full_paper_candidate,path/name indicates a complete examination paper or mock exam
/Users/shidianjin/Documents/高考英语/2009·高考英语真题/2009年高考英语试卷（四川）（解析卷）.doc,2009·高考英语真题/2009年高考英语试卷（四川）（解析卷）.doc,2009年高考英语试卷（四川）（解析卷）.doc,.doc,8532992,2026-08-26T07:13:40.319072+00:00,b9cbc826a6df424a67efb9e4b128af7e50cf2378267fe3af78f0c38f0805d991,ok,False,paper_only_candidate,full_paper_candidate,path/name indicates a complete examination paper or mock exam
/Users/shidianjin/Documents/高考英语/2009·高考英语真题/2009年高考英语试卷（天津卷）听力音频.mp3,2009·高考英语真题/2009年高考英语试卷（天津卷）听力音频.mp3,2009年高考英语试卷（天津卷）听力音频.mp3,.mp3,5155235,2026-08-26T07:08:59.550080+00:00,6cd17852b981d87e9abfe15bab833fcb9450d9d4fa1ca5fba217364ce0a5a346,ok,False,paper_only_candidate,"full_paper_candidate,media_source",path/name indicates a complete examination paper or mock exam; audio/video source asset; establish mapping only
/Users/shidianjin/Documents/高考英语/2009·高考英语真题/2009年高考英语试卷（天津）（空白卷）.doc,2009·高考英语真题/2009年高考英语试卷（天津）（空白卷）.doc,2009年高考英语试卷（天津）（空白卷）.doc,.doc,81920,2026-08-26T07:07:23.492362+00:00,1e8d4f4ec91f8f99557919be62c11adc0b422e196693435a7464dbdb75467340,ok,False,paper_only_candidate,full_paper_candidate,path/name indicates a complete examination paper or mock exam
/Users/shidianjin/Documents/高考英语/2009·高考英语真题/2009年高考英语试卷（天津）（解析卷）.doc,2009·高考英语真题/2009年高考英语试卷（天津）（解析卷）.doc,2009年高考英语试卷（天津）（解析卷）.doc,.doc,119808,2026-08-26T07:07:23.668192+00:00,0cb23fe0761edef98c6810ebd894d43b936bc1ea2a52804a67ea7da0abf4e884,ok,False,paper_only_candidate,full_paper_candidate,path/name indicates a complete examination paper or mock exam
/Users/shidianjin/Documents/高考英语/2009·高考英语真题/2009年高考英语试卷（山东）听力音频.mp3,2009·高考英语真题/2009年高考英语试卷（山东）听力音频.mp3,2009年高考英语试卷（山东）听力音频.mp3,.mp3,8747635,2026-08-26T07:14:00.592040+00:00,42d207fc22ec9bd0aeb636a089af4e944a5f5b054ba441084cff719669b04dcf,ok,False,paper_only_candidate,"full_paper_candidate,media_source",path/name indicates a complete examination paper or mock exam; audio/video source asset; establish mapping only
/Users/shidianjin/Documents/高考英语/2009·高考英语真题/2009年高考英语试卷（山东）（空白卷）.doc,2009·高考英语真题/2009年高考英语试卷（山东）（空白卷）.doc,2009年高考英语试卷（山东）（空白卷）.doc,.doc,70656,2026-08-26T07:07:18.151858+00:00,e3c49ee8506792c82c933b5a21272d26811f78d6c11b96ffad840b5b8431f9da,ok,False,paper_only_candidate,full_paper_candidate,path/name indicates a complete examination paper or mock exam
/Users/shidianjin/Documents/高考英语/2009·高考英语真题/2009年高考英语试卷（山东）（解析卷）.doc,2009·高考英语真题/2009年高考英语试卷（山东）（解析卷）.doc,2009年高考英语试卷（山东）（解析卷）.doc,.doc,88064,2026-08-26T07:07:17.073953+00:00,e94aa1a2b935df14f95f6e947d494cc0c05b7feb53260cf952b5c55d8b89fe99,ok,False,paper_only_candidate,full_paper_candidate,path/name indicates a complete examination paper or mock exam
/Users/shidianjin/Documents/高考英语/2009·高考英语真题/2009年高考英语试卷（广东）（空白卷）.doc,2009·高考英语真题/2009年高考英语试卷（广东）（空白卷）.doc,2009年高考英语试卷（广东）（空白卷）.doc,.doc,79872,2026-08-26T07:07:16.876719+00:00,aeb2d5238dd01624f552bdab8d72fcacf51a1051220e9e643ebb7e1fe2ead01a,ok,False,paper_only_candidate,full_paper_candidate,path/name indicates a complete examination paper or mock exam
/Users/shidianjin/Documents/高考英语/2009·高考英语真题/2009年高考英语试卷（广东）（解析卷）.doc,2009·高考英语真题/2009年高考英语试卷（广东）（解析卷）.doc,2009年高考英语试卷（广东）（解析卷）.doc,.doc,101888,2026-08-26T07:07:09.766344+00:00,343dfe9ca0a3271f40a1faa5843ce3cbd45138f733273d4301f8f4a404add198,ok,False,paper_only_candidate,full_paper_candidate,path/name indicates a complete examination paper or mock exam
/Users/shidianjin/Documents/高考英语/2009·高考英语真题/2009年高考英语试卷（江苏）听力音频.mp3,2009·高考英语真题/2009年高考英语试卷（江苏）听力音频.mp3,2009年高考英语试卷（江苏）听力音频.mp3,.mp3,10000762,2026-08-26T07:12:39.176554+00:00,6f6dba49dd6d722066a558823fc0a6c535d791ce6ffe5111aa16bebe600d551a,ok,False,paper_only_candidate,"full_paper_candidate,media_source",path/name indicates a complete examination paper or mock exam; audio/video source asset; establish mapping only
/Users/shidianjin/Documents/高考英语/2009·高考英语真题/2009年高考英语试卷（江苏）（空白卷）.doc,2009·高考英语真题/2009年高考英语试卷（江苏）（空白卷）.doc,2009年高考英语试卷（江苏）（空白卷）.doc,.doc,111616,2026-08-26T07:07:22.513980+00:00,a5bb6f8136914f423beeff8d1ba85e1f6d354c2047f54141c5f71b5bb7982c89,ok,False,paper_only_candidate,full_paper_candidate,path/name indicates a complete examination paper or mock exam
/Users/shidianjin/Documents/高考英语/2009·高考英语真题/2009年高考英语试卷（江苏）（解析卷）.doc,2009·高考英语真题/2009年高考英语试卷（江苏）（解析卷）.doc,2009年高考英语试卷（江苏）（解析卷）.doc,.doc,334848,2026-08-26T07:07:09.016177+00:00,5557a3a9716e43c8bb227ad03b21aa274d898aa3f65c4c5164feee112a52f667,ok,False,paper_only_candidate,full_paper_candidate,path/name indicates a complete examination paper or mock exam
/Users/shidianjin/Documents/高考英语/2009·高考英语真题/2009年高考英语试卷（浙江）（空白卷）.doc,2009·高考英语真题/2009年高考英语试卷（浙江）（空白卷）.doc,2009年高考英语试卷（浙江）（空白卷）.doc,.doc,81920,2026-08-26T07:07:25.186209+00:00,5ec53b030bbaf51416528c2edcf1f37815a501187616f1515ce655f858cefa88,ok,False,paper_only_candidate,full_paper_candidate,path/name indicates a complete examination paper or mock exam
/Users/shidianjin/Documents/高考英语/2009·高考英语真题/2009年高考英语试卷（浙江）（解析卷）.doc,2009·高考英语真题/2009年高考英语试卷（浙江）（解析卷）.doc,2009年高考英语试卷（浙江）（解析卷）.doc,.doc,125440,2026-08-26T07:07:25.969326+00:00,8b367f38a1de436c6cd97f2c38072d1445ab24dc2eeeda124557da993c1b9eac,ok,False,paper_only_candidate,full_paper_candidate,path/name indicates a complete examination paper or mock exam
/Users/shidianjin/Documents/高考英语/2009·高考英语真题/2009年高考英语试卷（湖南）听力音频.mp3,2009·高考英语真题/2009年高考英语试卷（湖南）听力音频.mp3,2009年高考英语试卷（湖南）听力音频.mp3,.mp3,9336209,2026-08-26T07:12:19.279486+00:00,ab5578b999f8f767d1f7067aff58083d422d393990c5d16feea4a99b0faa576e,ok,False,paper_only_candidate,"full_paper_candidate,media_source",path/name indicates a complete examination paper or mock exam; audio/video source asset; establish mapping only
/Users/shidianjin/Documents/高考英语/2009·高考英语真题/2009年高考英语试卷（湖南）（空白卷）.doc,2009·高考英语真题/2009年高考英语试卷（湖南）（空白卷）.doc,2009年高考英语试卷（湖南）（空白卷）.doc,.doc,669184,2026-08-26T07:08:29.404355+00:00,cbe6ecde77f9f0b1ef4ea07721a00269a4a299adbf034e4f5197e4ec3f968e29,ok,False,paper_only_candidate,full_paper_candidate,path/name indicates a complete examination paper or mock exam
/Users/shidianjin/Documents/高考英语/2009·高考英语真题/2009年高考英语试卷（湖南）（解析卷）.doc,2009·高考英语真题/2009年高考英语试卷（湖南）（解析卷）.doc,2009年高考英语试卷（湖南）（解析卷）.doc,.doc,673280,2026-08-26T07:07:08.120642+00:00,b75a4c2d1a902c8d2bea2c5627410a714c9d1588a35fa3c30698d0c1a16583e2,ok,False,paper_only_candidate,full_paper_candidate,path/name indicates a complete examination paper or mock exam
/Users/shidianjin/Documents/高考英语/2009·高考英语真题/2009年高考英语试卷（陕西）（空白卷）.doc,2009·高考英语真题/2009年高考英语试卷（陕西）（空白卷）.doc,2009年高考英语试卷（陕西）（空白卷）.doc,.doc,121856,2026-08-26T07:07:19.922719+00:00,02a046dcf60eb2be5c678ea1149e375b46afabd28f28afea110de73d517fd9b8,ok,False,paper_only_candidate,full_paper_candidate,path/name indicates a complete examination paper or mock exam
/Users/shidianjin/Documents/高考英语/2009·高考英语真题/2009年高考英语试卷（陕西）（解析卷）.doc,2009·高考英语真题/2009年高考英语试卷（陕西）（解析卷）.doc,2009年高考英语试卷（陕西）（解析卷）.doc,.doc,6865408,2026-08-26T07:09:33.184141+00:00,4b01a11f403d668bda194f80290bdb4f464830ff5e8f791c099a0b228b501c70,ok,False,paper_only_candidate,full_paper_candidate,path/name indicates a complete examination paper or mock exam
/Users/shidianjin/Documents/高考英语/2009年高考真题----英语/2009年全国高考英语试题及答案-上海卷.doc,2009年高考真题----英语/2009年全国高考英语试题及答案-上海卷.doc,2009年全国高考英语试题及答案-上海卷.doc,.doc,159744,2015-07-20T02:39:06+00:00,8734651a06b9f6902e5a6b1b977d14bb04a0feef78a0734e459b01d6a275855a,ok,False,paper_only_candidate,full_paper_candidate,path/name indicates a complete examination paper or mock exam
/Users/shidianjin/Documents/高考英语/2009年高考真题----英语/2009年全国高考英语试题及答案-全国1.doc,2009年高考真题----英语/2009年全国高考英语试题及答案-全国1.doc,2009年全国高考英语试题及答案-全国1.doc,.doc,84992,2015-07-20T02:39:06+00:00,d0ba68b2a6751b04db12240c629db04f25e9364840edb076179ca8bb78fe2afd,ok,False,paper_only_candidate,full_paper_candidate,path/name indicates a complete examination paper or mock exam
/Users/shidianjin/Documents/高考英语/2009年高考真题----英语/2009年全国高考英语试题及答案-全国2.doc,2009年高考真题----英语/2009年全国高考英语试题及答案-全国2.doc,2009年全国高考英语试题及答案-全国2.doc,.doc,351232,2015-07-20T02:39:06+00:00,47a1719c8567243d5292a8453dd5bb857cc57b6021d653fe6c178ab6080d158d,ok,False,paper_only_candidate,full_paper_candidate,path/name indicates a complete examination paper or mock exam
/Users/shidianjin/Documents/高考英语/2009年高考真题----英语/2009年全国高考英语试题及答案-北京卷.doc,2009年高考真题----英语/2009年全国高考英语试题及答案-北京卷.doc,2009年全国高考英语试题及答案-北京卷.doc,.doc,268288,2015-07-20T02:39:06+00:00,124bbbea379a4161022f9cd7b405266917305dd9033c8c76fdc25789d8ba8e2a,ok,False,paper_only_candidate,full_paper_candidate,path/name indicates a complete examination paper or mock exam
/Users/shidianjin/Documents/高考英语/2009年高考真题----英语/2009年全国高考英语试题及答案-四川卷.doc,2009年高考真题----英语/2009年全国高考英语试题及答案-四川卷.doc,2009年全国高考英语试题及答案-四川卷.doc,.doc,88064,2015-07-20T02:39:06+00:00,eb8470fc938a2e8048f6824c8535f58ab07ced5e10819beb67dfa14ece404f8b,ok,False,paper_only_candidate,full_paper_candidate,path/name indicates a complete examination paper or mock exam
/Users/shidianjin/Documents/高考英语/2009年高考真题----英语/2009年全国高考英语试题及答案-天津卷.doc,2009年高考真题----英语/2009年全国高考英语试题及答案-天津卷.doc,2009年全国高考英语试题及答案-天津卷.doc,.doc,678912,2015-07-20T02:39:08+00:00,48c03b98391c29316d479843de341b08e12e4e772bc90e41f5fbcf4fdf85643c,ok,False,paper_only_candidate,full_paper_candidate,path/name indicates a complete examination paper or mock exam
/Users/shidianjin/Documents/高考英语/2009年高考真题----英语/2009年全国高考英语试题及答案-安徽卷.doc,2009年高考真题----英语/2009年全国高考英语试题及答案-安徽卷.doc,2009年全国高考英语试题及答案-安徽卷.doc,.doc,1193472,2015-07-20T02:39:08+00:00,16620149dc1eb8e4bc5692eb631d04b5fefc6750ccc435aa7bd4b1104509507d,ok,False,paper_only_candidate,full_paper_candidate,path/name indicates a complete examination paper or mock exam
/Users/shidianjin/Documents/高考英语/2009年高考真题----英语/2009年全国高考英语试题及答案-山东卷.doc,2009年高考真题----英语/2009年全国高考英语试题及答案-山东卷.doc,2009年全国高考英语试题及答案-山东卷.doc,.doc,80384,2015-07-20T02:39:08+00:00,b995e45f3df3f51dc5942e7b5e1b46e9a37bbc54386936f2f432f7c52d0b10f3,ok,False,paper_only_candidate,full_paper_candidate,path/name indicates a complete examination paper or mock exam
/Users/shidianjin/Documents/高考英语/2009年高考真题----英语/2009年全国高考英语试题及答案-广东卷.doc,2009年高考真题----英语/2009年全国高考英语试题及答案-广东卷.doc,2009年全国高考英语试题及答案-广东卷.doc,.doc,289792,2015-07-20T02:39:08+00:00,beb223d62ed199ac01ee6d1d4a1699174b365157a26e14a1ec2b6ebfc6f83c0f,ok,False,paper_only_candidate,full_paper_candidate,path/name indicates a complete examination paper or mock exam
/Users/shidianjin/Documents/高考英语/2009年高考真题----英语/2009年全国高考英语试题及答案-江苏卷.doc,2009年高考真题----英语/2009年全国高考英语试题及答案-江苏卷.doc,2009年全国高考英语试题及答案-江苏卷.doc,.doc,551424,2015-07-20T02:39:08+00:00,d6e4a5ccce95babb8df182ae57b2e4c259c12a06fbcdfd6603c74163406ddc78,ok,False,paper_only_candidate,full_paper_candidate,path/name indicates a complete examination paper or mock exam
/Users/shidianjin/Documents/高考英语/2009年高考真题----英语/2009年全国高考英语试题及答案-江西卷.doc,2009年高考真题----英语/2009年全国高考英语试题及答案-江西卷.doc,2009年全国高考英语试题及答案-江西卷.doc,.doc,192000,2015-07-20T02:39:08+00:00,901e62778665481d1baac9c94354b3214ad1938cdfbda0a4beb7f4830c1dfea1,ok,False,paper_only_candidate,full_paper_candidate,path/name indicates a complete examination paper or mock exam
/Users/shidianjin/Documents/高考英语/2009年高考真题----英语/2009年全国高考英语试题及答案-浙江卷.doc,2009年高考真题----英语/2009年全国高考英语试题及答案-浙江卷.doc,2009年全国高考英语试题及答案-浙江卷.doc,.doc,89600,2015-07-20T02:39:08+00:00,67f1b65aefd87704be8e8d733d4b10edc693f8e9b63992808c35ba5b6e31cc40,ok,False,paper_only_candidate,full_paper_candidate,path/name indicates a complete examination paper or mock exam
/Users/shidianjin/Documents/高考英语/2009年高考真题----英语/2009年全国高考英语试题及答案-湖北卷.doc,2009年高考真题----英语/2009年全国高考英语试题及答案-湖北卷.doc,2009年全国高考英语试题及答案-湖北卷.doc,.doc,88064,2015-07-20T02:39:08+00:00,a5884a4a4d23d584034bdd0ee6698b40505d3de63f8dd7a56a2380df54069324,ok,False,paper_only_candidate,full_paper_candidate,path/name indicates a complete examination paper or mock exam
/Users/shidianjin/Documents/高考英语/2009年高考真题----英语/2009年全国高考英语试题及答案-湖南卷.doc,2009年高考真题----英语/2009年全国高考英语试题及答案-湖南卷.doc,2009年全国高考英语试题及答案-湖南卷.doc,.doc,147456,2015-07-20T02:39:08+00:00,7fea7382b9a33a9a581dd4882a365331dd023667fb2f00badd0885eea6a8f367,ok,False,paper_only_candidate,full_paper_candidate,path/name indicates a complete examination paper or mock exam
/Users/shidianjin/Documents/高考英语/2009年高考真题----英语/2009年全国高考英语试题及答案-福建卷.doc,2009年高考真题----英语/2009年全国高考英语试题及答案-福建卷.doc,2009年全国高考英语试题及答案-福建卷.doc,.doc,1251328,2015-07-20T02:39:08+00:00,70e0ba56e9440b46ce5b76692bb4f9b12f978c6468dbb3e11fdbca5cc7c85f0f,ok,False,paper_only_candidate,full_paper_candidate,path/name indicates a complete examination paper or mock exam
/Users/shidianjin/Documents/高考英语/2009年高考真题----英语/2009年全国高考英语试题及答案-辽宁卷.doc,2009年高考真题----英语/2009年全国高考英语试题及答案-辽宁卷.doc,2009年全国高考英语试题及答案-辽宁卷.doc,.doc,157696,2015-07-20T02:39:08+00:00,23ee99b503f29d879c70c3f0e4fd31e91c07b54ff785e5d9adc021213923c565,ok,False,paper_only_candidate,full_paper_candidate,path/name indicates a complete examination paper or mock exam
/Users/shidianjin/Documents/高考英语/2009年高考真题----英语/2009年全国高考英语试题及答案-重庆卷.doc,2009年高考真题----英语/2009年全国高考英语试题及答案-重庆卷.doc,2009年全国高考英语试题及答案-重庆卷.doc,.doc,87552,2015-07-20T02:39:08+00:00,98b79eeb5099d70377b27242e742b14f033962127cff5ed17cc10e5ef5b91e2f,ok,False,paper_only_candidate,full_paper_candidate,path/name indicates a complete examination paper or mock exam
/Users/shidianjin/Documents/高考英语/2009年高考真题----英语/2009年全国高考英语试题及答案-陕西卷.doc,2009年高考真题----英语/2009年全国高考英语试题及答案-陕西卷.doc,2009年全国高考英语试题及答案-陕西卷.doc,.doc,146432,2015-07-20T02:39:08+00:00,aca2b4e40486d26ce8b656455d8b8139cea39cc123155e66ddb963ad18564306,ok,False,paper_only_candidate,full_paper_candidate,path/name indicates a complete examination paper or mock exam
/Users/shidianjin/Documents/高考英语/2010·高考英语真题/2010年高考英语试卷（上海）（秋考）听力音频.mp3,2010·高考英语真题/2010年高考英语试卷（上海）（秋考）听力音频.mp3,2010年高考英语试卷（上海）（秋考）听力音频.mp3,.mp3,21459997,2026-08-26T07:17:03.383175+00:00,b6eea23bfd0e6cd5c65b554c1090b88034463d4c6d146fa08bf7342eee4285da,ok,False,paper_only_candidate,"full_paper_candidate,media_source",path/name indicates a complete examination paper or mock exam; audio/video source asset; establish mapping only
/Users/shidianjin/Documents/高考英语/2010·高考英语真题/2010年高考英语试卷（上海）（秋考）（空白卷）.doc,2010·高考英语真题/2010年高考英语试卷（上海）（秋考）（空白卷）.doc,2010年高考英语试卷（上海）（秋考）（空白卷）.doc,.doc,407552,2026-08-26T07:08:04.509555+00:00,0fe8aa5d512798e5d513d5673d1f54e470e295aeabadf22a3b9337fdb072fbc7,ok,False,paper_only_candidate,full_paper_candidate,path/name indicates a complete examination paper or mock exam
/Users/shidianjin/Documents/高考英语/2010·高考英语真题/2010年高考英语试卷（上海）（秋考）（解析卷）.doc,2010·高考英语真题/2010年高考英语试卷（上海）（秋考）（解析卷）.doc,2010年高考英语试卷（上海）（秋考）（解析卷）.doc,.doc,276480,2026-08-26T07:07:49.182663+00:00,1a7370690537c566b60b591d015f1ac79a9c93bd4e00616a16291de10acc7aef,ok,False,paper_only_candidate,full_paper_candidate,path/name indicates a complete examination paper or mock exam
/Users/shidianjin/Documents/高考英语/2010·高考英语真题/2010年高考英语试卷（北京）听力音频.mp3,2010·高考英语真题/2010年高考英语试卷（北京）听力音频.mp3,2010年高考英语试卷（北京）听力音频.mp3,.mp3,4623761,2026-08-26T07:08:54.181006+00:00,2c8a4cf42142ca4132de918d31e3b54f9e7388c091d8799bf43a61349c65b3fb,ok,False,paper_only_candidate,"full_paper_candidate,media_source",path/name indicates a complete examination paper or mock exam; audio/video source asset; establish mapping only
/Users/shidianjin/Documents/高考英语/2010·高考英语真题/2010年高考英语试卷（北京）（空白卷）.doc,2010·高考英语真题/2010年高考英语试卷（北京）（空白卷）.doc,2010年高考英语试卷（北京）（空白卷）.doc,.doc,497152,2026-08-26T07:07:27.332170+00:00,e9f471d39a2d809e9ba474ffc6e76d8df2d73f6e929243a1c9dc400e8ed2b347,ok,False,paper_only_candidate,full_paper_candidate,path/name indicates a complete examination paper or mock exam
/Users/shidianjin/Documents/高考英语/2010·高考英语真题/2010年高考英语试卷（北京）（解析卷）.doc,2010·高考英语真题/2010年高考英语试卷（北京）（解析卷）.doc,2010年高考英语试卷（北京）（解析卷）.doc,.doc,595456,2026-08-26T07:07:35.996105+00:00,35d086481fe83aedcbc3977b45dae3b46262fdd45b7dedd9bbb8f6972117ee7e,ok,False,paper_only_candidate,full_paper_candidate,path/name indicates a complete examination paper or mock exam
/Users/shidianjin/Documents/高考英语/2010·高考英语真题/2010年高考英语试卷（四川）（空白卷）.doc,2010·高考英语真题/2010年高考英语试卷（四川）（空白卷）.doc,2010年高考英语试卷（四川）（空白卷）.doc,.doc,225792,2026-08-26T07:07:53.414298+00:00,6178121eee4c118aaa0efd719019fcc04b55a8cd273e08c1203b64c60560087d,ok,False,paper_only_candidate,full_paper_candidate,path/name indicates a complete examination paper or mock exam
/Users/shidianjin/Documents/高考英语/2010·高考英语真题/2010年高考英语试卷（四川）（解析卷）.doc,2010·高考英语真题/2010年高考英语试卷（四川）（解析卷）.doc,2010年高考英语试卷（四川）（解析卷）.doc,.doc,296448,2026-08-26T07:07:41.967959+00:00,380e0e219e81f8c378c762d411891251bd5e4cf0e4f625d1c3a6b9cf4d254b1a,ok,False,paper_only_candidate,full_paper_candidate,path/name indicates a complete examination paper or mock exam
/Users/shidianjin/Documents/高考英语/2010·高考英语真题/2010年高考英语试卷（天津）（空白卷）.doc,2010·高考英语真题/2010年高考英语试卷（天津）（空白卷）.doc,2010年高考英语试卷（天津）（空白卷）.doc,.doc,258560,2026-08-26T07:07:58.568622+00:00,0d955b75e2afaccebe42c6e2cac98a278f4ba4c38b4cee8803f7835e1289960e,ok,False,paper_only_candidate,full_paper_candidate,path/name indicates a complete examination paper or mock exam
/Users/shidianjin/Documents/高考英语/2010·高考英语真题/2010年高考英语试卷（天津）（解析卷）.doc,2010·高考英语真题/2010年高考英语试卷（天津）（解析卷）.doc,2010年高考英语试卷（天津）（解析卷）.doc,.doc,294912,2026-08-26T07:07:54.678459+00:00,8d64d36bbdf9e76ae3670d651d2cdb54f05768c3aab06f8811c22178e3913b2f,ok,False,paper_only_candidate,full_paper_candidate,path/name indicates a complete examination paper or mock exam
/Users/shidianjin/Documents/高考英语/2010·高考英语真题/2010年高考英语试卷（山东）听力音频.mp3,2010·高考英语真题/2010年高考英语试卷（山东）听力音频.mp3,2010年高考英语试卷（山东）听力音频.mp3,.mp3,22176888,2026-08-26T07:17:37.141316+00:00,ace2f2b5ceb5d563ba655ddeca05829624936a17b7223c3ab5b7d80ae5508146,ok,False,paper_only_candidate,"full_paper_candidate,media_source",path/name indicates a complete examination paper or mock exam; audio/video source asset; establish mapping only
/Users/shidianjin/Documents/高考英语/2010·高考英语真题/2010年高考英语试卷（山东）（空白卷）.doc,2010·高考英语真题/2010年高考英语试卷（山东）（空白卷）.doc,2010年高考英语试卷（山东）（空白卷）.doc,.doc,74752,2026-08-26T07:07:49.040709+00:00,aeb94bbf306f1e38038534837d0e499205cd6dbf129648d33639ebb120255c59,ok,False,paper_only_candidate,full_paper_candidate,path/name indicates a complete examination paper or mock exam
/Users/shidianjin/Documents/高考英语/2010·高考英语真题/2010年高考英语试卷（山东）（解析卷）.doc,2010·高考英语真题/2010年高考英语试卷（山东）（解析卷）.doc,2010年高考英语试卷（山东）（解析卷）.doc,.doc,169984,2026-08-26T07:07:51.440679+00:00,d0c04380a4c1bc72270e38ff1a586b0e2d5c2a01ceaa443ec46fd80e5f27d01f,ok,False,paper_only_candidate,full_paper_candidate,path/name indicates a complete examination paper or mock exam
/Users/shidianjin/Documents/高考英语/2010·高考英语真题/2010年高考英语试卷（广东）（空白卷）.doc,2010·高考英语真题/2010年高考英语试卷（广东）（空白卷）.doc,2010年高考英语试卷（广东）（空白卷）.doc,.doc,188416,2026-08-26T07:07:31.405167+00:00,c0a352c2527130a68e3fc3d84508de11e4bda013b1fccf6207a70843f120f71e,ok,False,paper_only_candidate,full_paper_candidate,path/name indicates a complete examination paper or mock exam
/Users/shidianjin/Documents/高考英语/2010·高考英语真题/2010年高考英语试卷（广东）（解析卷）.doc,2010·高考英语真题/2010年高考英语试卷（广东）（解析卷）.doc,2010年高考英语试卷（广东）（解析卷）.doc,.doc,207872,2026-08-26T07:07:30.922301+00:00,729d5bbe51c2bade27d7e8c3006aa27d3b503bbc8e72de3ba96e8dfe51898102,ok,False,paper_only_candidate,full_paper_candidate,path/name indicates a complete examination paper or mock exam
/Users/shidianjin/Documents/高考英语/2010·高考英语真题/2010年高考英语试卷（新课标Ⅰ卷）（空白卷）.doc,2010·高考英语真题/2010年高考英语试卷（新课标Ⅰ卷）（空白卷）.doc,2010年高考英语试卷（新课标Ⅰ卷）（空白卷）.doc,.doc,94720,2026-08-26T07:07:56.243520+00:00,90a7ec72e6a642dfa31ede6f58123009ba8f7aa19510e331987b0707361b7609,ok,False,paper_only_candidate,full_paper_candidate,path/name indicates a complete examination paper or mock exam
/Users/shidianjin/Documents/高考英语/2010·高考英语真题/2010年高考英语试卷（新课标Ⅰ卷）（解析卷）.doc,2010·高考英语真题/2010年高考英语试卷（新课标Ⅰ卷）（解析卷）.doc,2010年高考英语试卷（新课标Ⅰ卷）（解析卷）.doc,.doc,141824,2026-08-26T07:07:54.776607+00:00,51e8a018a9862934275fe5910e8f88db5ea6a25e3ef30f46e644129e5b7d9c47,ok,False,paper_only_candidate,full_paper_candidate,path/name indicates a complete examination paper or mock exam
/Users/shidianjin/Documents/高考英语/2010·高考英语真题/2010年高考英语试卷（新课标Ⅱ卷）（空白卷）.doc,2010·高考英语真题/2010年高考英语试卷（新课标Ⅱ卷）（空白卷）.doc,2010年高考英语试卷（新课标Ⅱ卷）（空白卷）.doc,.doc,98816,2026-08-26T07:07:58.927021+00:00,9b54f0ef06b38fadd4aeb87ca9a92cc4cca661e3ac14593d37e1658cf88a2df0,ok,False,paper_only_candidate,full_paper_candidate,path/name indicates a complete examination paper or mock exam
/Users/shidianjin/Documents/高考英语/2010·高考英语真题/2010年高考英语试卷（新课标Ⅱ卷）（解析卷）.doc,2010·高考英语真题/2010年高考英语试卷（新课标Ⅱ卷）（解析卷）.doc,2010年高考英语试卷（新课标Ⅱ卷）（解析卷）.doc,.doc,148480,2026-08-26T07:07:55.564964+00:00,733a2716149004dab78ac8e12321e93faa2035d42c7cef55c99ec24fe6ea1816,ok,False,paper_only_candidate,full_paper_candidate,path/name indicates a complete examination paper or mock exam
/Users/shidianjin/Documents/高考英语/2010·高考英语真题/2010年高考英语试卷（江苏）听力音频.mp3,2010·高考英语真题/2010年高考英语试卷（江苏）听力音频.mp3,2010年高考英语试卷（江苏）听力音频.mp3,.mp3,11069364,2026-08-26T07:15:32.279748+00:00,a0d5a945d55cb8c4e384128aae9ad5c424aa1158fd60b7d69172833a761bd374,ok,False,paper_only_candidate,"full_paper_candidate,media_source",path/name indicates a complete examination paper or mock exam; audio/video source asset; establish mapping only
/Users/shidianjin/Documents/高考英语/2010·高考英语真题/2010年高考英语试卷（江苏）（空白卷）.doc,2010·高考英语真题/2010年高考英语试卷（江苏）（空白卷）.doc,2010年高考英语试卷（江苏）（空白卷）.doc,.doc,130048,2026-08-26T07:07:39.541640+00:00,cdc4df2761f1f650075db574e4d7107170df4f9949a5556b835e8bbdf4ba4a38,ok,False,paper_only_candidate,full_paper_candidate,path/name indicates a complete examination paper or mock exam
/Users/shidianjin/Documents/高考英语/2010·高考英语真题/2010年高考英语试卷（江苏）（解析卷）.doc,2010·高考英语真题/2010年高考英语试卷（江苏）（解析卷）.doc,2010年高考英语试卷（江苏）（解析卷）.doc,.doc,171520,2026-08-26T07:07:45.421300+00:00,65adade85e8b195f190aa1010466de4b1a68226008e5ef7d33c61f1f458dbb81,ok,False,paper_only_candidate,full_paper_candidate,path/name indicates a complete examination paper or mock exam
/Users/shidianjin/Documents/高考英语/2010·高考英语真题/2010年高考英语试卷（浙江）（空白卷）.doc,2010·高考英语真题/2010年高考英语试卷（浙江）（空白卷）.doc,2010年高考英语试卷（浙江）（空白卷）.doc,.doc,121344,2026-08-26T07:08:01.233484+00:00,23a31ad7c805749ace06f635b718c44cea4c7d49ee7d2e956b9adc0e4b389625,ok,False,paper_only_candidate,full_paper_candidate,path/name indicates a complete examination paper or mock exam
/Users/shidianjin/Documents/高考英语/2010·高考英语真题/2010年高考英语试卷（浙江）（解析卷）.doc,2010·高考英语真题/2010年高考英语试卷（浙江）（解析卷）.doc,2010年高考英语试卷（浙江）（解析卷）.doc,.doc,178688,2026-08-26T07:07:59.869716+00:00,8645d3a91bfa4dff74efa141545a554692e3834e3f70001f962f55afc0d524d9,ok,False,paper_only_candidate,full_paper_candidate,path/name indicates a complete examination paper or mock exam
/Users/shidianjin/Documents/高考英语/2010·高考英语真题/2010年高考英语试卷（湖南）听力音频.mp3,2010·高考英语真题/2010年高考英语试卷（湖南）听力音频.mp3,2010年高考英语试卷（湖南）听力音频.mp3,.mp3,9654587,2026-08-26T07:15:07.774543+00:00,9f5d97d547c48e5308795f91a4f3903623766922142f525de91fcd37a97891d6,ok,False,paper_only_candidate,"full_paper_candidate,media_source",path/name indicates a complete examination paper or mock exam; audio/video source asset; establish mapping only
/Users/shidianjin/Documents/高考英语/2010·高考英语真题/2010年高考英语试卷（湖南）（空白卷）.doc,2010·高考英语真题/2010年高考英语试卷（湖南）（空白卷）.doc,2010年高考英语试卷（湖南）（空白卷）.doc,.doc,259584,2026-08-26T07:07:47.431900+00:00,320b441aeae4d6d4cab215d84591497907350a78bcaa454c26260d941ea7e362,ok,False,paper_only_candidate,full_paper_candidate,path/name indicates a complete examination paper or mock exam
/Users/shidianjin/Documents/高考英语/2010·高考英语真题/2010年高考英语试卷（湖南）（解析卷）.doc,2010·高考英语真题/2010年高考英语试卷（湖南）（解析卷）.doc,2010年高考英语试卷（湖南）（解析卷）.doc,.doc,292864,2026-08-26T07:07:36.951592+00:00,1a956c6e41cca1d2bffcaedbe3f3fc43ed45774bc8025bbb6209af67df29c35b,ok,False,paper_only_candidate,full_paper_candidate,path/name indicates a complete examination paper or mock exam
/Users/shidianjin/Documents/高考英语/2010·高考英语真题/2010年高考英语试卷（陕西）（空白卷）.doc,2010·高考英语真题/2010年高考英语试卷（陕西）（空白卷）.doc,2010年高考英语试卷（陕西）（空白卷）.doc,.doc,71680,2026-08-26T07:07:53.034481+00:00,b771ed51dc87ecda832e6060362ef188872fd1413781bbd6aab4a74d6328c11a,ok,False,paper_only_candidate,full_paper_candidate,path/name indicates a complete examination paper or mock exam
/Users/shidianjin/Documents/高考英语/2010·高考英语真题/2010年高考英语试卷（陕西）（解析卷）.doc,2010·高考英语真题/2010年高考英语试卷（陕西）（解析卷）.doc,2010年高考英语试卷（陕西）（解析卷）.doc,.doc,112128,2026-08-26T07:07:50.166443+00:00,d00898132263ee5616e2696ec072c96ec2e408358f647cf7f8ef18824c537f89,ok,False,paper_only_candidate,full_paper_candidate,path/name indicates a complete examination paper or mock exam
/Users/shidianjin/Documents/高考英语/2010年高考真题----英语/2010年全国高考英语试题及答案-上海.doc,2010年高考真题----英语/2010年全国高考英语试题及答案-上海.doc,2010年全国高考英语试题及答案-上海.doc,.doc,168448,2015-07-20T02:39:32+00:00,b90d85290057c03ac3d3b9b9e84a174165595036d0a19186fee77b30b2a65e90,ok,False,paper_only_candidate,full_paper_candidate,path/name indicates a complete examination paper or mock exam
/Users/shidianjin/Documents/高考英语/2010年高考真题----英语/2010年全国高考英语试题及答案-全国1.doc,2010年高考真题----英语/2010年全国高考英语试题及答案-全国1.doc,2010年全国高考英语试题及答案-全国1.doc,.doc,202240,2015-07-20T02:39:32+00:00,b0bc94f9d4b2a55d3362b5d6f3fa9468d0496244028028913a2f79dcabc3c3c1,ok,False,paper_only_candidate,full_paper_candidate,path/name indicates a complete examination paper or mock exam
/Users/shidianjin/Documents/高考英语/2010年高考真题----英语/2010年全国高考英语试题及答案-全国2.doc,2010年高考真题----英语/2010年全国高考英语试题及答案-全国2.doc,2010年全国高考英语试题及答案-全国2.doc,.doc,145408,2015-07-20T02:39:32+00:00,94969edea2b0e069d8b919983bdc3ffa390f466e69cb329e18479352bb39505f,ok,False,paper_only_candidate,full_paper_candidate,path/name indicates a complete examination paper or mock exam
/Users/shidianjin/Documents/高考英语/2010年高考真题----英语/2010年全国高考英语试题及答案-北京.doc,2010年高考真题----英语/2010年全国高考英语试题及答案-北京.doc,2010年全国高考英语试题及答案-北京.doc,.doc,309760,2015-07-20T02:39:32+00:00,64ae9e77292f8bfb12e2035b7e5570314c2508f088496fb33ce6174a23c6ed6b,ok,False,paper_only_candidate,full_paper_candidate,path/name indicates a complete examination paper or mock exam
/Users/shidianjin/Documents/高考英语/2010年高考真题----英语/2010年全国高考英语试题及答案-四川.doc,2010年高考真题----英语/2010年全国高考英语试题及答案-四川.doc,2010年全国高考英语试题及答案-四川.doc,.doc,141312,2015-07-20T02:39:32+00:00,d53955bf8590d9f755e0fda5e90c7d0b67b55222552d6236861d9b227a1369bc,ok,False,paper_only_candidate,full_paper_candidate,path/name indicates a complete examination paper or mock exam
/Users/shidianjin/Documents/高考英语/2010年高考真题----英语/2010年全国高考英语试题及答案-天津.doc,2010年高考真题----英语/2010年全国高考英语试题及答案-天津.doc,2010年全国高考英语试题及答案-天津.doc,.doc,633856,2015-07-20T02:39:32+00:00,2cd46c0237ab8ba371d24af5e6fbdf6d29f3d78c9b26fea91cb4fbbb380bad9a,ok,False,paper_only_candidate,full_paper_candidate,path/name indicates a complete examination paper or mock exam
/Users/shidianjin/Documents/高考英语/2010年高考真题----英语/2010年全国高考英语试题及答案-安徽.doc,2010年高考真题----英语/2010年全国高考英语试题及答案-安徽.doc,2010年全国高考英语试题及答案-安徽.doc,.doc,82944,2015-07-20T02:39:34+00:00,67a0a637fdcbea1a88c05acdeab51c3b529cb891feed1e1da88cad7834034407,ok,False,paper_only_candidate,full_paper_candidate,path/name indicates a complete examination paper or mock exam
/Users/shidianjin/Documents/高考英语/2010年高考真题----英语/2010年全国高考英语试题及答案-山东.doc,2010年高考真题----英语/2010年全国高考英语试题及答案-山东.doc,2010年全国高考英语试题及答案-山东.doc,.doc,75776,2015-07-20T02:39:34+00:00,a8aef18bb533434cb54ff3244f919bc51428f810d17085a8a829fa27560e0a77,ok,False,paper_only_candidate,full_paper_candidate,path/name indicates a complete examination paper or mock exam
/Users/shidianjin/Documents/高考英语/2010年高考真题----英语/2010年全国高考英语试题及答案-广东.doc,2010年高考真题----英语/2010年全国高考英语试题及答案-广东.doc,2010年全国高考英语试题及答案-广东.doc,.doc,254464,2015-07-20T02:39:34+00:00,26b38a0a8b142fb8f24fe2482d2c3ff5f9c6b9074ce8dbb1ec3214312abfce6a,ok,False,paper_only_candidate,full_paper_candidate,path/name indicates a complete examination paper or mock exam
/Users/shidianjin/Documents/高考英语/2010年高考真题----英语/2010年全国高考英语试题及答案-新课标.doc,2010年高考真题----英语/2010年全国高考英语试题及答案-新课标.doc,2010年全国高考英语试题及答案-新课标.doc,.doc,111616,2015-07-20T02:39:34+00:00,73c0c06e499c73149cc169bbc39dc4c495734ec23e2306c18c3faa49b8907f5b,ok,False,paper_only_candidate,full_paper_candidate,path/name indicates a complete examination paper or mock exam
/Users/shidianjin/Documents/高考英语/2010年高考真题----英语/2010年全国高考英语试题及答案-江苏.doc,2010年高考真题----英语/2010年全国高考英语试题及答案-江苏.doc,2010年全国高考英语试题及答案-江苏.doc,.doc,133120,2015-07-20T02:39:34+00:00,988aef90d21682d36f28e8f296912c28ad7f145e5d957d268ddc9dfdff6ab278,ok,False,paper_only_candidate,full_paper_candidate,path/name indicates a complete examination paper or mock exam
/Users/shidianjin/Documents/高考英语/2010年高考真题----英语/2010年全国高考英语试题及答案-江西.doc,2010年高考真题----英语/2010年全国高考英语试题及答案-江西.doc,2010年全国高考英语试题及答案-江西.doc,.doc,96256,2015-07-20T02:39:34+00:00,1840c7265edfbd2f9aa869c745de3b9b589d6fe814897f44ec1ef47bc292290a,ok,False,paper_only_candidate,full_paper_candidate,path/name indicates a complete examination paper or mock exam
/Users/shidianjin/Documents/高考英语/2010年高考真题----英语/2010年全国高考英语试题及答案-浙江.doc,2010年高考真题----英语/2010年全国高考英语试题及答案-浙江.doc,2010年全国高考英语试题及答案-浙江.doc,.doc,90112,2015-07-20T02:39:34+00:00,16fdc6816a79ac3664fa790c628aede0f78ac4a8e132d1ffa5b5b2b4c91431a6,ok,False,paper_only_candidate,full_paper_candidate,path/name indicates a complete examination paper or mock exam
/Users/shidianjin/Documents/高考英语/2010年高考真题----英语/2010年全国高考英语试题及答案-海南.doc,2010年高考真题----英语/2010年全国高考英语试题及答案-海南.doc,2010年全国高考英语试题及答案-海南.doc,.doc,89600,2015-07-20T02:39:34+00:00,45bd6d445a70142629775cd5218f7fbe102f171d4710e533ffe780e5c28ecfbc,ok,False,paper_only_candidate,full_paper_candidate,path/name indicates a complete examination paper or mock exam
/Users/shidianjin/Documents/高考英语/2010年高考真题----英语/2010年全国高考英语试题及答案-湖北.doc,2010年高考真题----英语/2010年全国高考英语试题及答案-湖北.doc,2010年全国高考英语试题及答案-湖北.doc,.doc,89600,2015-07-20T02:39:34+00:00,6e31f5151d2baf29bc82459ec322f45aac50f246b7f42d6293aa47a3352e726d,ok,False,paper_only_candidate,full_paper_candidate,path/name indicates a complete examination paper or mock exam
/Users/shidianjin/Documents/高考英语/2010年高考真题----英语/2010年全国高考英语试题及答案-湖南.doc,2010年高考真题----英语/2010年全国高考英语试题及答案-湖南.doc,2010年全国高考英语试题及答案-湖南.doc,.doc,257536,2015-07-20T02:39:34+00:00,c932eec1caaf8af36560d39ee0fcf976dfc229b4af92648fdc40a9b0beaa52c5,ok,False,paper_only_candidate,full_paper_candidate,path/name indicates a complete examination paper or mock exam
/Users/shidianjin/Documents/高考英语/2010年高考真题----英语/2010年全国高考英语试题及答案-福建.doc,2010年高考真题----英语/2010年全国高考英语试题及答案-福建.doc,2010年全国高考英语试题及答案-福建.doc,.doc,524800,2015-07-20T02:39:34+00:00,a41de770a2677eaaa214e0413b08c780ffa416a0dddc916ed13060760a66e1fe,ok,False,paper_only_candidate,full_paper_candidate,path/name indicates a complete examination paper or mock exam
/Users/shidianjin/Documents/高考英语/2010年高考真题----英语/2010年全国高考英语试题及答案-辽宁.doc,2010年高考真题----英语/2010年全国高考英语试题及答案-辽宁.doc,2010年全国高考英语试题及答案-辽宁.doc,.doc,267776,2015-07-20T02:39:36+00:00,1f124be58c32024821f865290b52f79ad373819e35b27cf55ab2cbffa142228b,ok,False,paper_only_candidate,full_paper_candidate,path/name indicates a complete examination paper or mock exam
/Users/shidianjin/Documents/高考英语/2010年高考真题----英语/2010年全国高考英语试题及答案-重庆.doc,2010年高考真题----英语/2010年全国高考英语试题及答案-重庆.doc,2010年全国高考英语试题及答案-重庆.doc,.doc,122880,2015-07-20T02:39:36+00:00,595e6b41a0d01d5916e59d8e1e78241960a606b3e2f96968c82b3c893c61f941,ok,False,paper_only_candidate,full_paper_candidate,path/name indicates a complete examination paper or mock exam
/Users/shidianjin/Documents/高考英语/2010年高考真题----英语/2010年全国高考英语试题及答案-陕西.doc,2010年高考真题----英语/2010年全国高考英语试题及答案-陕西.doc,2010年全国高考英语试题及答案-陕西.doc,.doc,98304,2015-07-20T02:39:36+00:00,d017802e4d685325e82a895e94b7fb14834088682ab57b92608fd44f6ab436f4,ok,False,paper_only_candidate,full_paper_candidate,path/name indicates a complete examination paper or mock exam
/Users/shidianjin/Documents/高考英语/2011·高考英语真题/2011年高考英语试卷（上海）（秋考）听力音频.mp3,2011·高考英语真题/2011年高考英语试卷（上海）（秋考）听力音频.mp3,2011年高考英语试卷（上海）（秋考）听力音频.mp3,.mp3,22136703,2026-08-26T07:22:05.119763+00:00,159fcee3b2d1e80e3b1a7a187deb19e351035e4d25156397c5bf283fa9ae3877,ok,False,paper_only_candidate,"full_paper_candidate,media_source",path/name indicates a complete examination paper or mock exam; audio/video source asset; establish mapping only
/Users/shidianjin/Documents/高考英语/2011·高考英语真题/2011年高考英语试卷（上海）（秋考）（空白卷）.doc,2011·高考英语真题/2011年高考英语试卷（上海）（秋考）（空白卷）.doc,2011年高考英语试卷（上海）（秋考）（空白卷）.doc,.doc,371200,2026-08-26T07:09:01.627749+00:00,6cd9c999ed329a4388aa40acf35592268f90d5b4f0e2f17b70006d529edb3446,ok,False,paper_only_candidate,full_paper_candidate,path/name indicates a complete examination paper or mock exam
/Users/shidianjin/Documents/高考英语/2011·高考英语真题/2011年高考英语试卷（上海）（秋考）（解析卷）.doc,2011·高考英语真题/2011年高考英语试卷（上海）（秋考）（解析卷）.doc,2011年高考英语试卷（上海）（秋考）（解析卷）.doc,.doc,1891328,2026-08-26T07:09:01.415744+00:00,70c42c08428716214c255eadec058f796a82a1943f306d9dbf64e3b06d900c87,ok,False,paper_only_candidate,full_paper_candidate,path/name indicates a complete examination paper or mock exam
/Users/shidianjin/Documents/高考英语/2011·高考英语真题/2011年高考英语试卷（北京）听力音频.mp3,2011·高考英语真题/2011年高考英语试卷（北京）听力音频.mp3,2011年高考英语试卷（北京）听力音频.mp3,.mp3,4898858,2026-08-26T07:09:33.863601+00:00,5032da00119295824dd0effabd62c911d49fc07353349b2c8f976a8fdae2c7d8,ok,False,paper_only_candidate,"full_paper_candidate,media_source",path/name indicates a complete examination paper or mock exam; audio/video source asset; establish mapping only
/Users/shidianjin/Documents/高考英语/2011·高考英语真题/2011年高考英语试卷（北京）（空白卷）.doc,2011·高考英语真题/2011年高考英语试卷（北京）（空白卷）.doc,2011年高考英语试卷（北京）（空白卷）.doc,.doc,480768,2026-08-26T07:08:26.969381+00:00,ad6ec8feac2dc302d0d7f3e95622b0361505181012e6aaf9ceb5f81edac3a528,ok,False,paper_only_candidate,full_paper_candidate,path/name indicates a complete examination paper or mock exam
/Users/shidianjin/Documents/高考英语/2011·高考英语真题/2011年高考英语试卷（北京）（解析卷）.doc,2011·高考英语真题/2011年高考英语试卷（北京）（解析卷）.doc,2011年高考英语试卷（北京）（解析卷）.doc,.doc,564224,2026-08-26T07:08:11.931206+00:00,a9896d4ef031cb437c7274c08e18d04e1e026f78b3c088187169d2329116db61,ok,False,paper_only_candidate,full_paper_candidate,path/name indicates a complete examination paper or mock exam
/Users/shidianjin/Documents/高考英语/2011·高考英语真题/2011年高考英语试卷（四川）（空白卷）.doc,2011·高考英语真题/2011年高考英语试卷（四川）（空白卷）.doc,2011年高考英语试卷（四川）（空白卷）.doc,.doc,67072,2026-08-26T07:08:24.503375+00:00,06244f51fb79c9832075bc8cdca736d8c75bb4d81c65c677276a6e554f5b2fbb,ok,False,paper_only_candidate,full_paper_candidate,path/name indicates a complete examination paper or mock exam
/Users/shidianjin/Documents/高考英语/2011·高考英语真题/2011年高考英语试卷（四川）（解析卷）.doc,2011·高考英语真题/2011年高考英语试卷（四川）（解析卷）.doc,2011年高考英语试卷（四川）（解析卷）.doc,.doc,86528,2026-08-26T07:08:18.148571+00:00,54cd7bc42530070f32fb92a96d95cb6472ba082b8becde13dff76d011a2dc141,ok,False,paper_only_candidate,full_paper_candidate,path/name indicates a complete examination paper or mock exam
/Users/shidianjin/Documents/高考英语/2011·高考英语真题/2011年高考英语试卷（天津）（空白卷）.doc,2011·高考英语真题/2011年高考英语试卷（天津）（空白卷）.doc,2011年高考英语试卷（天津）（空白卷）.doc,.doc,72192,2026-08-26T07:08:28.266411+00:00,be3a8b07e7fe9a640f74517b621c61c1bc8c13061e9211d1cc896ecd410b1196,ok,False,paper_only_candidate,full_paper_candidate,path/name indicates a complete examination paper or mock exam
/Users/shidianjin/Documents/高考英语/2011·高考英语真题/2011年高考英语试卷（天津）（解析卷）.doc,2011·高考英语真题/2011年高考英语试卷（天津）（解析卷）.doc,2011年高考英语试卷（天津）（解析卷）.doc,.doc,109568,2026-08-26T07:08:28.800581+00:00,60d7ee3f49482fe38af200aa56e043cc06f43c0ca49a2f9db3559d723b2ecca2,ok,False,paper_only_candidate,full_paper_candidate,path/name indicates a complete examination paper or mock exam
/Users/shidianjin/Documents/高考英语/2011·高考英语真题/2011年高考英语试卷（山东）听力音频.mp3,2011·高考英语真题/2011年高考英语试卷（山东）听力音频.mp3,2011年高考英语试卷（山东）听力音频.mp3,.mp3,8669474,2026-08-26T07:20:04.972296+00:00,4940364587f08526d70d146eebbdd2b7c0015c8f9418322d33f54f5ce0d775cc,ok,False,paper_only_candidate,"full_paper_candidate,media_source",path/name indicates a complete examination paper or mock exam; audio/video source asset; establish mapping only
/Users/shidianjin/Documents/高考英语/2011·高考英语真题/2011年高考英语试卷（山东）（空白卷）.doc,2011·高考英语真题/2011年高考英语试卷（山东）（空白卷）.doc,2011年高考英语试卷（山东）（空白卷）.doc,.doc,71680,2026-08-26T07:08:26.106837+00:00,bd87c9bcab3ad8b34d80b5c2a572a23eeb94b150298b473e06c222051f35e377,ok,False,paper_only_candidate,full_paper_candidate,path/name indicates a complete examination paper or mock exam
/Users/shidianjin/Documents/高考英语/2011·高考英语真题/2011年高考英语试卷（山东）（解析卷）.doc,2011·高考英语真题/2011年高考英语试卷（山东）（解析卷）.doc,2011年高考英语试卷（山东）（解析卷）.doc,.doc,171520,2026-08-26T07:08:24.757941+00:00,1d75cccd04fb86e1f2484162b7e219a9713d56bac9b7136ce7d90e69f1abd25d,ok,False,paper_only_candidate,full_paper_candidate,path/name indicates a complete examination paper or mock exam
/Users/shidianjin/Documents/高考英语/2011·高考英语真题/2011年高考英语试卷（广东）（空白卷）.doc,2011·高考英语真题/2011年高考英语试卷（广东）（空白卷）.doc,2011年高考英语试卷（广东）（空白卷）.doc,.doc,116224,2026-08-26T07:08:07.666491+00:00,bfa8d6b4a8ca0c2218b1faeb7685a9786a99123d090ff4cd499c0259d33b3cc3,ok,False,paper_only_candidate,full_paper_candidate,path/name indicates a complete examination paper or mock exam
/Users/shidianjin/Documents/高考英语/2011·高考英语真题/2011年高考英语试卷（广东）（解析卷）.doc,2011·高考英语真题/2011年高考英语试卷（广东）（解析卷）.doc,2011年高考英语试卷（广东）（解析卷）.doc,.doc,133120,2026-08-26T07:08:02.556173+00:00,c7bc81973b4c87967663dfe8aa0a435f77eeb1a5a84aa882a29e97ddbc1d6acd,ok,False,paper_only_candidate,full_paper_candidate,path/name indicates a complete examination paper or mock exam
/Users/shidianjin/Documents/高考英语/2011·高考英语真题/2011年高考英语试卷（新课标）（空白卷）.doc,2011·高考英语真题/2011年高考英语试卷（新课标）（空白卷）.doc,2011年高考英语试卷（新课标）（空白卷）.doc,.doc,68096,2026-08-26T07:08:33.527643+00:00,8c3e30b899b5456839429c97cc375023e7581da8fa205b723a4456d570abf521,ok,False,paper_only_candidate,full_paper_candidate,path/name indicates a complete examination paper or mock exam
/Users/shidianjin/Documents/高考英语/2011·高考英语真题/2011年高考英语试卷（新课标）（解析卷）.doc,2011·高考英语真题/2011年高考英语试卷（新课标）（解析卷）.doc,2011年高考英语试卷（新课标）（解析卷）.doc,.doc,116224,2026-08-26T07:08:38.214134+00:00,ce055f7de26800d3017b76693d4fe6db4bf31445f9bb3614d493c076d68aa669,ok,False,paper_only_candidate,full_paper_candidate,path/name indicates a complete examination paper or mock exam
/Users/shidianjin/Documents/高考英语/2011·高考英语真题/2011年高考英语试卷（江苏）听力音频.mp3,2011·高考英语真题/2011年高考英语试卷（江苏）听力音频.mp3,2011年高考英语试卷（江苏）听力音频.mp3,.mp3,11506352,2026-08-26T07:19:46.708721+00:00,c7be68ea7fd23bca25b0f09e29575d75652167c31df3e3e32219aa23c21aa11d,ok,False,paper_only_candidate,"full_paper_candidate,media_source",path/name indicates a complete examination paper or mock exam; audio/video source asset; establish mapping only
/Users/shidianjin/Documents/高考英语/2011·高考英语真题/2011年高考英语试卷（江苏）（空白卷）.doc,2011·高考英语真题/2011年高考英语试卷（江苏）（空白卷）.doc,2011年高考英语试卷（江苏）（空白卷）.doc,.doc,436224,2026-08-26T07:08:25.186344+00:00,26f9460620e68eff94e7c7d488e73aa259329fcc4c04e057702f12dc6b43bd82,ok,False,paper_only_candidate,full_paper_candidate,path/name indicates a complete examination paper or mock exam
/Users/shidianjin/Documents/高考英语/2011·高考英语真题/2011年高考英语试卷（江苏）（解析卷）.doc,2011·高考英语真题/2011年高考英语试卷（江苏）（解析卷）.doc,2011年高考英语试卷（江苏）（解析卷）.doc,.doc,527360,2026-08-26T07:08:37.398683+00:00,f348f3befb7878b7c91246fb9c9d543e1d41638bd32a3e9aeffca66dda4fee5b,ok,False,paper_only_candidate,full_paper_candidate,path/name indicates a complete examination paper or mock exam
/Users/shidianjin/Documents/高考英语/2011·高考英语真题/2011年高考英语试卷（浙江）（空白卷）.doc,2011·高考英语真题/2011年高考英语试卷（浙江）（空白卷）.doc,2011年高考英语试卷（浙江）（空白卷）.doc,.doc,531968,2026-08-26T07:08:39.970321+00:00,7f3c36db14faa3383a7afcbb61616e6b83a9c843113a843074c8851e1526e4a5,ok,False,paper_only_candidate,full_paper_candidate,path/name indicates a complete examination paper or mock exam
/Users/shidianjin/Documents/高考英语/2011·高考英语真题/2011年高考英语试卷（浙江）（解析卷）.doc,2011·高考英语真题/2011年高考英语试卷（浙江）（解析卷）.doc,2011年高考英语试卷（浙江）（解析卷）.doc,.doc,1077760,2026-08-26T07:08:50.210482+00:00,e37146b0879da1ef3a160865f7edaf570772987a6bf49894c5588052e8b9e38d,ok,False,paper_only_candidate,full_paper_candidate,path/name indicates a complete examination paper or mock exam
/Users/shidianjin/Documents/高考英语/2011·高考英语真题/2011年高考英语试卷（湖南）听力音频.mp3,2011·高考英语真题/2011年高考英语试卷（湖南）听力音频.mp3,2011年高考英语试卷（湖南）听力音频.mp3,.mp3,10545105,2026-08-26T07:19:23.491365+00:00,1a3bbce1f4aaaf208515ac1575717c49c46ecb2bab13cffe3b23d3acbd74ac92,ok,False,paper_only_candidate,"full_paper_candidate,media_source",path/name indicates a complete examination paper or mock exam; audio/video source asset; establish mapping only
/Users/shidianjin/Documents/高考英语/2011·高考英语真题/2011年高考英语试卷（湖南）（空白卷）.docx,2011·高考英语真题/2011年高考英语试卷（湖南）（空白卷）.docx,2011年高考英语试卷（湖南）（空白卷）.docx,.docx,108673,2026-08-26T07:08:14.027022+00:00,0756f7c3839eb3bac3032b21f42b834f3f019b2a941f50af8833d89cbdab00e2,ok,False,paper_only_candidate,full_paper_candidate,path/name indicates a complete examination paper or mock exam
/Users/shidianjin/Documents/高考英语/2011·高考英语真题/2011年高考英语试卷（湖南）（解析卷）.docx,2011·高考英语真题/2011年高考英语试卷（湖南）（解析卷）.docx,2011年高考英语试卷（湖南）（解析卷）.docx,.docx,864465,2026-08-26T07:08:24.283688+00:00,ceb94d5c1a81d1b19ffdd8a1285fba25c6e2eb1a3896dd0920e8b77b52c52ec5,ok,False,paper_only_candidate,full_paper_candidate,path/name indicates a complete examination paper or mock exam
/Users/shidianjin/Documents/高考英语/2011·高考英语真题/2011年高考英语试卷（陕西）（空白卷）.docx,2011·高考英语真题/2011年高考英语试卷（陕西）（空白卷）.docx,2011年高考英语试卷（陕西）（空白卷）.docx,.docx,45098,2026-08-26T07:08:26.420256+00:00,547e3a7d0fa3c45c7e421d16b4f2c3d258c0d9e8e829b9c5b013974b54eec825,ok,False,paper_only_candidate,full_paper_candidate,path/name indicates a complete examination paper or mock exam
/Users/shidianjin/Documents/高考英语/2011·高考英语真题/2011年高考英语试卷（陕西）（解析卷）.docx,2011·高考英语真题/2011年高考英语试卷（陕西）（解析卷）.docx,2011年高考英语试卷（陕西）（解析卷）.docx,.docx,56519,2026-08-26T07:08:26.777140+00:00,0aa37eb3983d33136734738dff454b2f7722c32331928dbf88519680769a9ea8,ok,False,paper_only_candidate,full_paper_candidate,path/name indicates a complete examination paper or mock exam
/Users/shidianjin/Documents/高考英语/2011年高考真题----英语/2011年全国高考英语试题及答案-上海.doc,2011年高考真题----英语/2011年全国高考英语试题及答案-上海.doc,2011年全国高考英语试题及答案-上海.doc,.doc,111104,2015-07-20T02:39:56+00:00,96e4a0cf97b80aa3d228e9775bac6eab512de47e33c15ae311b2b5f0424f1cff,ok,False,paper_only_candidate,full_paper_candidate,path/name indicates a complete examination paper or mock exam
/Users/shidianjin/Documents/高考英语/2011年高考真题----英语/2011年全国高考英语试题及答案-全国.doc,2011年高考真题----英语/2011年全国高考英语试题及答案-全国.doc,2011年全国高考英语试题及答案-全国.doc,.doc,177664,2015-07-20T02:39:56+00:00,569f1c406e591def0d506817d81ebcc6db5a529f2a575a32dff4328f867d4281,ok,False,paper_only_candidate,full_paper_candidate,path/name indicates a complete examination paper or mock exam
/Users/shidianjin/Documents/高考英语/2011年高考真题----英语/2011年全国高考英语试题及答案-北京.doc,2011年高考真题----英语/2011年全国高考英语试题及答案-北京.doc,2011年全国高考英语试题及答案-北京.doc,.doc,526336,2015-07-20T02:39:56+00:00,d4dd285b9e4ce665365959b2bdede0eab42737085195f13a594dbe1a06d6404b,ok,False,paper_only_candidate,full_paper_candidate,path/name indicates a complete examination paper or mock exam
/Users/shidianjin/Documents/高考英语/2011年高考真题----英语/2011年全国高考英语试题及答案-四川.doc,2011年高考真题----英语/2011年全国高考英语试题及答案-四川.doc,2011年全国高考英语试题及答案-四川.doc,.doc,203264,2015-07-20T02:39:56+00:00,2b2e8c980e4b3df6154010f044ecce62dbd2e33135723d306233cbfe04defbe0,ok,False,paper_only_candidate,full_paper_candidate,path/name indicates a complete examination paper or mock exam
/Users/shidianjin/Documents/高考英语/2011年高考真题----英语/2011年全国高考英语试题及答案-天津.doc,2011年高考真题----英语/2011年全国高考英语试题及答案-天津.doc,2011年全国高考英语试题及答案-天津.doc,.doc,120832,2015-07-20T02:39:58+00:00,b77b20f5e8434458a3589e86e40c2e530f72df402db775cdf2468d5ed6f9149d,ok,False,paper_only_candidate,full_paper_candidate,path/name indicates a complete examination paper or mock exam
/Users/shidianjin/Documents/高考英语/2011年高考真题----英语/2011年全国高考英语试题及答案-安徽.doc,2011年高考真题----英语/2011年全国高考英语试题及答案-安徽.doc,2011年全国高考英语试题及答案-安徽.doc,.doc,140288,2015-07-20T02:39:58+00:00,9f656701d2aa6254fd498547dd9936f5c8660125c02693f30aa8828a578bf8f4,ok,False,paper_only_candidate,full_paper_candidate,path/name indicates a complete examination paper or mock exam
/Users/shidianjin/Documents/高考英语/2011年高考真题----英语/2011年全国高考英语试题及答案-山东.doc,2011年高考真题----英语/2011年全国高考英语试题及答案-山东.doc,2011年全国高考英语试题及答案-山东.doc,.doc,123904,2015-07-20T02:39:58+00:00,f7f6049e847220a3f1bfed76bf49ebfa67391018f8d3a3b02ddee509beaedf3e,ok,False,paper_only_candidate,full_paper_candidate,path/name indicates a complete examination paper or mock exam
/Users/shidianjin/Documents/高考英语/2011年高考真题----英语/2011年全国高考英语试题及答案-广东.doc,2011年高考真题----英语/2011年全国高考英语试题及答案-广东.doc,2011年全国高考英语试题及答案-广东.doc,.doc,133632,2015-07-20T02:39:58+00:00,19f8c736f1c91b191543de0c2570396a1691df2f8871783599b3a1b2e7f3231f,ok,False,paper_only_candidate,full_paper_candidate,path/name indicates a complete examination paper or mock exam
/Users/shidianjin/Documents/高考英语/2011年高考真题----英语/2011年全国高考英语试题及答案-新课标.doc,2011年高考真题----英语/2011年全国高考英语试题及答案-新课标.doc,2011年全国高考英语试题及答案-新课标.doc,.doc,175616,2015-07-20T02:39:58+00:00,8e2a2ef79910fbb464e853f2613c0aab8137a3cc78d25a6865649a5782e89934,ok,False,paper_only_candidate,full_paper_candidate,path/name indicates a complete examination paper or mock exam
/Users/shidianjin/Documents/高考英语/2011年高考真题----英语/2011年全国高考英语试题及答案-江苏.doc,2011年高考真题----英语/2011年全国高考英语试题及答案-江苏.doc,2011年全国高考英语试题及答案-江苏.doc,.doc,465920,2015-07-20T02:39:58+00:00,3c61fdc32ed1e588472e79aad763b4de8e7843db7add6fa10b3420f393e0b1e2,ok,False,paper_only_candidate,full_paper_candidate,path/name indicates a complete examination paper or mock exam
/Users/shidianjin/Documents/高考英语/2011年高考真题----英语/2011年全国高考英语试题及答案-江西.doc,2011年高考真题----英语/2011年全国高考英语试题及答案-江西.doc,2011年全国高考英语试题及答案-江西.doc,.doc,122880,2015-07-20T02:39:58+00:00,4036e704cafd239e676688fb9c0e8b28ce84de08c266db68d2d7584ab91ebfe7,ok,False,paper_only_candidate,full_paper_candidate,path/name indicates a complete examination paper or mock exam
/Users/shidianjin/Documents/高考英语/2011年高考真题----英语/2011年全国高考英语试题及答案-浙江.doc,2011年高考真题----英语/2011年全国高考英语试题及答案-浙江.doc,2011年全国高考英语试题及答案-浙江.doc,.doc,609280,2015-07-20T02:39:58+00:00,536191f904b51758473846c039f3a2897debbb8a09237e9eeb6d8cc9046e025a,ok,False,paper_only_candidate,full_paper_candidate,path/name indicates a complete examination paper or mock exam
/Users/shidianjin/Documents/高考英语/2011年高考真题----英语/2011年全国高考英语试题及答案-湖北.doc,2011年高考真题----英语/2011年全国高考英语试题及答案-湖北.doc,2011年全国高考英语试题及答案-湖北.doc,.doc,130048,2015-07-20T02:39:58+00:00,7bf61a5f4f7cfd3f6c9148ba58e6885fa7e80dea43b56e8241a28f0a24cf8b6a,ok,False,paper_only_candidate,full_paper_candidate,path/name indicates a complete examination paper or mock exam
/Users/shidianjin/Documents/高考英语/2011年高考真题----英语/2011年全国高考英语试题及答案-湖南.doc,2011年高考真题----英语/2011年全国高考英语试题及答案-湖南.doc,2011年全国高考英语试题及答案-湖南.doc,.doc,167936,2015-07-20T02:39:58+00:00,28a456d1f5428c7d3002881cd7e0ecf82f5ddab18436c5102b533900767158c4,ok,False,paper_only_candidate,full_paper_candidate,path/name indicates a complete examination paper or mock exam
/Users/shidianjin/Documents/高考英语/2011年高考真题----英语/2011年全国高考英语试题及答案-福建.doc,2011年高考真题----英语/2011年全国高考英语试题及答案-福建.doc,2011年全国高考英语试题及答案-福建.doc,.doc,496128,2015-07-20T02:39:58+00:00,748b3614808a2a6ba6f456f1169cab5e6a0e8c8d23dcb8ad68a97387b3433307,ok,False,paper_only_candidate,full_paper_candidate,path/name indicates a complete examination paper or mock exam
/Users/shidianjin/Documents/高考英语/2011年高考真题----英语/2011年全国高考英语试题及答案-辽宁.doc,2011年高考真题----英语/2011年全国高考英语试题及答案-辽宁.doc,2011年全国高考英语试题及答案-辽宁.doc,.doc,116224,2015-07-20T02:40:00+00:00,58070d5dab9a0f4c6651419f7a6ae156beb8917605c831a0638c32c1c639a8ca,ok,False,paper_only_candidate,full_paper_candidate,path/name indicates a complete examination paper or mock exam
/Users/shidianjin/Documents/高考英语/2011年高考真题----英语/2011年全国高考英语试题及答案-重庆.doc,2011年高考真题----英语/2011年全国高考英语试题及答案-重庆.doc,2011年全国高考英语试题及答案-重庆.doc,.doc,126976,2015-07-20T02:40:00+00:00,d9ab89522c26f11ef81418929646f01c4902c339f75ac00e365ba0e7c5756e95,ok,False,paper_only_candidate,full_paper_candidate,path/name indicates a complete examination paper or mock exam
/Users/shidianjin/Documents/高考英语/2011年高考真题----英语/2011年全国高考英语试题及答案-陕西.doc,2011年高考真题----英语/2011年全国高考英语试题及答案-陕西.doc,2011年全国高考英语试题及答案-陕西.doc,.doc,136704,2015-07-20T02:40:00+00:00,ffef5c3462c40c96c0db9f8c050f334035bc3623f172e842bd46eae359f02ddd,ok,False,paper_only_candidate,full_paper_candidate,path/name indicates a complete examination paper or mock exam
/Users/shidianjin/Documents/高考英语/2012·高考英语真题/2012年高考英语听力真题（重庆卷）.mp3,2012·高考英语真题/2012年高考英语听力真题（重庆卷）.mp3,2012年高考英语听力真题（重庆卷）.mp3,.mp3,10129493,2026-08-26T07:27:29.927617+00:00,ea07c7985c3c9a93a313532ffdc9d6cf64f1e0fbff4be019d3a94ec06ca41577,ok,False,paper_only_candidate,"full_paper_candidate,media_source",path/name indicates a complete examination paper or mock exam; audio/video source asset; establish mapping only
/Users/shidianjin/Documents/高考英语/2012·高考英语真题/2012年高考英语试卷（上海）（秋考）听力音频.mp3,2012·高考英语真题/2012年高考英语试卷（上海）（秋考）听力音频.mp3,2012年高考英语试卷（上海）（秋考）听力音频.mp3,.mp3,22559253,2026-08-26T07:27:04.417012+00:00,38bc50a72a4b0ae0ab35b8a235066fc201ca03851eee407e5d0134e66d0892d8,ok,False,paper_only_candidate,"full_paper_candidate,media_source",path/name indicates a complete examination paper or mock exam; audio/video source asset; establish mapping only
/Users/shidianjin/Documents/高考英语/2012·高考英语真题/2012年高考英语试卷（上海）（秋考）（空白卷）.doc,2012·高考英语真题/2012年高考英语试卷（上海）（秋考）（空白卷）.doc,2012年高考英语试卷（上海）（秋考）（空白卷）.doc,.doc,597504,2026-08-26T07:11:55.026101+00:00,8bada46d626a312c9a2baa9a12f6ccaa84339df6621ffc1278599bb19bd607ab,ok,False,paper_only_candidate,full_paper_candidate,path/name indicates a complete examination paper or mock exam
/Users/shidianjin/Documents/高考英语/2012·高考英语真题/2012年高考英语试卷（上海）（秋考）（解析卷）.doc,2012·高考英语真题/2012年高考英语试卷（上海）（秋考）（解析卷）.doc,2012年高考英语试卷（上海）（秋考）（解析卷）.doc,.doc,822784,2026-08-26T07:11:46.815645+00:00,932e572117437cc3ba6511186e499d042eafd0be9afbc543c03fa9abcd19a0a1,ok,False,paper_only_candidate,full_paper_candidate,path/name indicates a complete examination paper or mock exam
/Users/shidianjin/Documents/高考英语/2012·高考英语真题/2012年高考英语试卷（北京）听力音频.mp3,2012·高考英语真题/2012年高考英语试卷（北京）听力音频.mp3,2012年高考英语试卷（北京）听力音频.mp3,.mp3,4987146,2026-08-26T07:09:08.300175+00:00,a5cc172cddc880237ec713aeed39afe17253d80744ee23405bcc3e359e79a105,ok,False,paper_only_candidate,"full_paper_candidate,media_source",path/name indicates a complete examination paper or mock exam; audio/video source asset; establish mapping only
/Users/shidianjin/Documents/高考英语/2012·高考英语真题/2012年高考英语试卷（北京）（空白卷）.doc,2012·高考英语真题/2012年高考英语试卷（北京）（空白卷）.doc,2012年高考英语试卷（北京）（空白卷）.doc,.doc,517120,2026-08-26T07:09:52.506260+00:00,843e8dcd8c10f95ce651f39e0d08ad11a7c0a825c8191dcdaab3982126dc34b2,ok,False,paper_only_candidate,full_paper_candidate,path/name indicates a complete examination paper or mock exam
/Users/shidianjin/Documents/高考英语/2012·高考英语真题/2012年高考英语试卷（北京）（解析卷）.doc,2012·高考英语真题/2012年高考英语试卷（北京）（解析卷）.doc,2012年高考英语试卷（北京）（解析卷）.doc,.doc,539648,2026-08-26T07:09:04.460790+00:00,7af21e9b4bca30b99a269b7ffe2a0b323ad75d3cd98b0a14f51fe109603aa163,ok,False,paper_only_candidate,full_paper_candidate,path/name indicates a complete examination paper or mock exam
/Users/shidianjin/Documents/高考英语/2012·高考英语真题/2012年高考英语试卷（四川）（空白卷）.doc,2012·高考英语真题/2012年高考英语试卷（四川）（空白卷）.doc,2012年高考英语试卷（四川）（空白卷）.doc,.doc,90112,2026-08-26T07:10:42.317313+00:00,d3f72078c787463106f025867f123efe5552e1952c0be81d1e64ca959ee8bd50,ok,False,paper_only_candidate,full_paper_candidate,path/name indicates a complete examination paper or mock exam
/Users/shidianjin/Documents/高考英语/2012·高考英语真题/2012年高考英语试卷（四川）（解析卷）.doc,2012·高考英语真题/2012年高考英语试卷（四川）（解析卷）.doc,2012年高考英语试卷（四川）（解析卷）.doc,.doc,122368,2026-08-26T07:10:40.098963+00:00,380a314ed07b8e504aea5d1cd1194859e0aaf0858ad99a5caf2e3e6f9a768f04,ok,False,paper_only_candidate,full_paper_candidate,path/name indicates a complete examination paper or mock exam
/Users/shidianjin/Documents/高考英语/2012·高考英语真题/2012年高考英语试卷（天津）（空白卷）.doc,2012·高考英语真题/2012年高考英语试卷（天津）（空白卷）.doc,2012年高考英语试卷（天津）（空白卷）.doc,.doc,82944,2026-08-26T07:11:52.539303+00:00,d354d8b631c45946e416764e4e219cc076a49a0eb723016ccc180027280ecd7e,ok,False,paper_only_candidate,full_paper_candidate,path/name indicates a complete examination paper or mock exam
/Users/shidianjin/Documents/高考英语/2012·高考英语真题/2012年高考英语试卷（天津）（解析卷）.doc,2012·高考英语真题/2012年高考英语试卷（天津）（解析卷）.doc,2012年高考英语试卷（天津）（解析卷）.doc,.doc,118784,2026-08-26T07:11:50.944404+00:00,d2167ea483620eef81cf0702747eb44214d5484ae98c3f5fad46858ec1416cea,ok,False,paper_only_candidate,full_paper_candidate,path/name indicates a complete examination paper or mock exam
/Users/shidianjin/Documents/高考英语/2012·高考英语真题/2012年高考英语试卷（安徽）听力音频.mp3,2012·高考英语真题/2012年高考英语试卷（安徽）听力音频.mp3,2012年高考英语试卷（安徽）听力音频.mp3,.mp3,21911901,2026-08-26T07:22:54.984098+00:00,ec9c5e7ccace6a0ba86e3ddc05cc6d0d4e8583be3a08f43781aff7dae00eb284,ok,False,paper_only_candidate,"full_paper_candidate,media_source",path/name indicates a complete examination paper or mock exam; audio/video source asset; establish mapping only
/Users/shidianjin/Documents/高考英语/2012·高考英语真题/2012年高考英语试卷（安徽）（空白卷）.doc,2012·高考英语真题/2012年高考英语试卷（安徽）（空白卷）.doc,2012年高考英语试卷（安徽）（空白卷）.doc,.doc,475648,2026-08-26T07:09:26.857691+00:00,dff73dca64858543762c39fcf85b1e9487a64577d944e3ac5352e8bcad1b25c0,ok,False,paper_only_candidate,full_paper_candidate,path/name indicates a complete examination paper or mock exam
/Users/shidianjin/Documents/高考英语/2012·高考英语真题/2012年高考英语试卷（安徽）（解析卷）.doc,2012·高考英语真题/2012年高考英语试卷（安徽）（解析卷）.doc,2012年高考英语试卷（安徽）（解析卷）.doc,.doc,711680,2026-08-26T07:08:53.934223+00:00,e40868e62b2ede38e7956e01d4a96efb820e525abbc0a3be13782a5ab7a28291,ok,False,paper_only_candidate,full_paper_candidate,path/name indicates a complete examination paper or mock exam
/Users/shidianjin/Documents/高考英语/2012·高考英语真题/2012年高考英语试卷（山东）（空白卷）.doc,2012·高考英语真题/2012年高考英语试卷（山东）（空白卷）.doc,2012年高考英语试卷（山东）（空白卷）.doc,.doc,529920,2026-08-26T07:10:51.861785+00:00,25c3b355ae0d17636e8cc422f1fdca902ddb1c10c8d4c2e0124de4cc94c7e8c2,ok,False,paper_only_candidate,full_paper_candidate,path/name indicates a complete examination paper or mock exam
/Users/shidianjin/Documents/高考英语/2012·高考英语真题/2012年高考英语试卷（山东）（解析卷）.doc,2012·高考英语真题/2012年高考英语试卷（山东）（解析卷）.doc,2012年高考英语试卷（山东）（解析卷）.doc,.doc,833024,2026-08-26T07:10:57.071107+00:00,a950ee0680995b6fa17acacf60dcfb5ceb11700cba80c80fe6fc8345d9b69ea0,ok,False,paper_only_candidate,full_paper_candidate,path/name indicates a complete examination paper or mock exam
/Users/shidianjin/Documents/高考英语/2012·高考英语真题/2012年高考英语试卷（广东）（空白卷）.doc,2012·高考英语真题/2012年高考英语试卷（广东）（空白卷）.doc,2012年高考英语试卷（广东）（空白卷）.doc,.doc,541696,2026-08-26T07:09:34.223709+00:00,f0726b111864bedcec5bd85b559eec01f3568690fb92728d53f8cf0b2c2825ce,ok,False,paper_only_candidate,full_paper_candidate,path/name indicates a complete examination paper or mock exam
/Users/shidianjin/Documents/高考英语/2012·高考英语真题/2012年高考英语试卷（广东）（解析卷）.doc,2012·高考英语真题/2012年高考英语试卷（广东）（解析卷）.doc,2012年高考英语试卷（广东）（解析卷）.doc,.doc,640512,2026-08-26T07:09:30.261016+00:00,dfb0c4b11e66bad32738203035feaef8d115a7a2384f4817c4d97bf0078e54c7,ok,False,paper_only_candidate,full_paper_candidate,path/name indicates a complete examination paper or mock exam
/Users/shidianjin/Documents/高考英语/2012·高考英语真题/2012年高考英语试卷（新课标）（空白卷）.doc,2012·高考英语真题/2012年高考英语试卷（新课标）（空白卷）.doc,2012年高考英语试卷（新课标）（空白卷）.doc,.doc,57856,2026-08-26T07:11:57.491784+00:00,22263a4a607d54ec0331715d0c42ff7c7ce1aadd6da5158c855f7ea233fc9de2,ok,False,paper_only_candidate,full_paper_candidate,path/name indicates a complete examination paper or mock exam
/Users/shidianjin/Documents/高考英语/2012·高考英语真题/2012年高考英语试卷（新课标）（解析卷）.doc,2012·高考英语真题/2012年高考英语试卷（新课标）（解析卷）.doc,2012年高考英语试卷（新课标）（解析卷）.doc,.doc,121344,2026-08-26T07:11:55.632329+00:00,a2e396a6c5db09d683612803470347f395f46f522d665865289725e668f3001e,ok,False,paper_only_candidate,full_paper_candidate,path/name indicates a complete examination paper or mock exam
/Users/shidianjin/Documents/高考英语/2012·高考英语真题/2012年高考英语试卷（江苏）听力音频.mp3,2012·高考英语真题/2012年高考英语试卷（江苏）听力音频.mp3,2012年高考英语试卷（江苏）听力音频.mp3,.mp3,10937444,2026-08-26T07:24:21.625649+00:00,cdd80c72fb1e42d8667b57c34a69b42090ab378e15047677cca202cf47a6b2c6,ok,False,paper_only_candidate,"full_paper_candidate,media_source",path/name indicates a complete examination paper or mock exam; audio/video source asset; establish mapping only
/Users/shidianjin/Documents/高考英语/2012·高考英语真题/2012年高考英语试卷（江苏）（空白卷）   .doc,2012·高考英语真题/2012年高考英语试卷（江苏）（空白卷）   .doc,2012年高考英语试卷（江苏）（空白卷）   .doc,.doc,666624,2026-08-26T07:10:04.977921+00:00,5a6bb84ce30750eceb590ca82b6e066096e3ea26e81db57c6aedf9acaea42d8e,ok,False,paper_only_candidate,full_paper_candidate,path/name indicates a complete examination paper or mock exam
/Users/shidianjin/Documents/高考英语/2012·高考英语真题/2012年高考英语试卷（江苏）（解析卷）   .doc,2012·高考英语真题/2012年高考英语试卷（江苏）（解析卷）   .doc,2012年高考英语试卷（江苏）（解析卷）   .doc,.doc,1114624,2026-08-26T07:10:22.148928+00:00,794f1bd983c4665b3b608aaa2ec799ebfc93c3444d275b852dd078dc603fea76,ok,False,paper_only_candidate,full_paper_candidate,path/name indicates a complete examination paper or mock exam
/Users/shidianjin/Documents/高考英语/2012·高考英语真题/2012年高考英语试卷（江西）听力音频.mp3,2012·高考英语真题/2012年高考英语试卷（江西）听力音频.mp3,2012年高考英语试卷（江西）听力音频.mp3,.mp3,10936782,2026-08-26T07:24:48.738040+00:00,a82e411ff9906cf66bfb87350f91c293680d498c4be59e1778ffc5dc8707249b,ok,False,paper_only_candidate,"full_paper_candidate,media_source",path/name indicates a complete examination paper or mock exam; audio/video source asset; establish mapping only
/Users/shidianjin/Documents/高考英语/2012·高考英语真题/2012年高考英语试卷（江西）（空白卷）.doc,2012·高考英语真题/2012年高考英语试卷（江西）（空白卷）.doc,2012年高考英语试卷（江西）（空白卷）.doc,.doc,416256,2026-08-26T07:10:25.876628+00:00,308b1a06479051a6e7215f7cbfdd78154a3c2e261d4a6f91d2cc9a21e9fdf69e,ok,False,paper_only_candidate,full_paper_candidate,path/name indicates a complete examination paper or mock exam
/Users/shidianjin/Documents/高考英语/2012·高考英语真题/2012年高考英语试卷（江西）（解析卷）.doc,2012·高考英语真题/2012年高考英语试卷（江西）（解析卷）.doc,2012年高考英语试卷（江西）（解析卷）.doc,.doc,509952,2026-08-26T07:10:32.700278+00:00,a064c9bfacb618297ba7284a33dd29495e06e6a6474204196fa73dde42cdb4b0,ok,False,paper_only_candidate,full_paper_candidate,path/name indicates a complete examination paper or mock exam
/Users/shidianjin/Documents/高考英语/2012·高考英语真题/2012年高考英语试卷（浙江）（空白卷）.doc,2012·高考英语真题/2012年高考英语试卷（浙江）（空白卷）.doc,2012年高考英语试卷（浙江）（空白卷）.doc,.doc,98304,2026-08-26T07:12:06.933465+00:00,c21d43f7b1387455857fc0529f9fbf9260931ea1ba7150a5679e0e4dc9a4f3b7,ok,False,paper_only_candidate,full_paper_candidate,path/name indicates a complete examination paper or mock exam
/Users/shidianjin/Documents/高考英语/2012·高考英语真题/2012年高考英语试卷（浙江）（解析卷）.doc,2012·高考英语真题/2012年高考英语试卷（浙江）（解析卷）.doc,2012年高考英语试卷（浙江）（解析卷）.doc,.doc,147968,2026-08-26T07:11:58.196754+00:00,bf3836a615662e61b8547f3ca89ed17541183854555cbd501dd5d2175d7f3d3a,ok,False,paper_only_candidate,full_paper_candidate,path/name indicates a complete examination paper or mock exam
/Users/shidianjin/Documents/高考英语/2012·高考英语真题/2012年高考英语试卷（湖北）听力音频.mp3,2012·高考英语真题/2012年高考英语试卷（湖北）听力音频.mp3,2012年高考英语试卷（湖北）听力音频.mp3,.mp3,11536579,2026-08-26T07:23:39.691591+00:00,1ffb5f54d77fbfed770f59f24c37c3124396c7dd90bac4c21d092a0079f5fd85,ok,False,paper_only_candidate,"full_paper_candidate,media_source",path/name indicates a complete examination paper or mock exam; audio/video source asset; establish mapping only
/Users/shidianjin/Documents/高考英语/2012·高考英语真题/2012年高考英语试卷（湖北）（空白卷）.doc,2012·高考英语真题/2012年高考英语试卷（湖北）（空白卷）.doc,2012年高考英语试卷（湖北）（空白卷）.doc,.doc,686080,2026-08-26T07:09:48.467010+00:00,5c1d7f8ad4eba0bf8bf7701287982523e67b1bd9850b0c3a7d5056184677f0af,ok,False,paper_only_candidate,full_paper_candidate,path/name indicates a complete examination paper or mock exam
/Users/shidianjin/Documents/高考英语/2012·高考英语真题/2012年高考英语试卷（湖北）（解析卷）.doc,2012·高考英语真题/2012年高考英语试卷（湖北）（解析卷）.doc,2012年高考英语试卷（湖北）（解析卷）.doc,.doc,851968,2026-08-26T07:09:51.107846+00:00,abd4cc96875d06d7e1c211733f2327b6d497ec992d01e9a347e8af0fff0c7a71,ok,False,paper_only_candidate,full_paper_candidate,path/name indicates a complete examination paper or mock exam
/Users/shidianjin/Documents/高考英语/2012·高考英语真题/2012年高考英语试卷（湖南）听力音频.mp3,2012·高考英语真题/2012年高考英语试卷（湖南）听力音频.mp3,2012年高考英语试卷（湖南）听力音频.mp3,.mp3,5207503,2026-08-26T07:10:07.016304+00:00,4c464af5377a11180d9cce21428dc212278d4db293127467f8a96cd562cf0b6c,ok,False,paper_only_candidate,"full_paper_candidate,media_source",path/name indicates a complete examination paper or mock exam; audio/video source asset; establish mapping only
/Users/shidianjin/Documents/高考英语/2012·高考英语真题/2012年高考英语试卷（湖南）（空白卷）.doc,2012·高考英语真题/2012年高考英语试卷（湖南）（空白卷）.doc,2012年高考英语试卷（湖南）（空白卷）.doc,.doc,471040,2026-08-26T07:10:08.804410+00:00,30ca935f88f036ac6bab23f2a6b985ac3a163fab4837506e9d0e96297f321134,ok,False,paper_only_candidate,full_paper_candidate,path/name indicates a complete examination paper or mock exam
/Users/shidianjin/Documents/高考英语/2012·高考英语真题/2012年高考英语试卷（湖南）（解析卷）.doc,2012·高考英语真题/2012年高考英语试卷（湖南）（解析卷）.doc,2012年高考英语试卷（湖南）（解析卷）.doc,.doc,596992,2026-08-26T07:09:56.007216+00:00,9ebed4946b94d74a4778067123b6b4a5721991dc100e95a2bd786fc37f11386e,ok,False,paper_only_candidate,full_paper_candidate,path/name indicates a complete examination paper or mock exam
/Users/shidianjin/Documents/高考英语/2012·高考英语真题/2012年高考英语试卷（福建）（空白卷）.doc,2012·高考英语真题/2012年高考英语试卷（福建）（空白卷）.doc,2012年高考英语试卷（福建）（空白卷）.doc,.doc,435712,2026-08-26T07:09:23.626257+00:00,58e5fb579e15325665c87bdaa89fd7cb691a74a483c5e4b0e7e4a3c69b36ef40,ok,False,paper_only_candidate,full_paper_candidate,path/name indicates a complete examination paper or mock exam
/Users/shidianjin/Documents/高考英语/2012·高考英语真题/2012年高考英语试卷（福建）（解析卷）.doc,2012·高考英语真题/2012年高考英语试卷（福建）（解析卷）.doc,2012年高考英语试卷（福建）（解析卷）.doc,.doc,518656,2026-08-26T07:09:15.113000+00:00,245a05b8983836683750aa256839bad74c292908bb9bc03454a8e576aea9e359,ok,False,paper_only_candidate,full_paper_candidate,path/name indicates a complete examination paper or mock exam
/Users/shidianjin/Documents/高考英语/2012·高考英语真题/2012年高考英语试卷（辽宁）（空白卷）.doc,2012·高考英语真题/2012年高考英语试卷（辽宁）（空白卷）.doc,2012年高考英语试卷（辽宁）（空白卷）.doc,.doc,625152,2026-08-26T07:10:37.648659+00:00,2fc48c281f41c96ed9feebd80990628cf9ad95e523d47fa3bb767d0e6be37d9c,ok,False,paper_only_candidate,full_paper_candidate,path/name indicates a complete examination paper or mock exam
/Users/shidianjin/Documents/高考英语/2012·高考英语真题/2012年高考英语试卷（辽宁）（解析卷）.doc,2012·高考英语真题/2012年高考英语试卷（辽宁）（解析卷）.doc,2012年高考英语试卷（辽宁）（解析卷）.doc,.doc,776704,2026-08-26T07:10:41.672435+00:00,67dd7244f15378fd257f55b6c706664dc6fec5ed1fa56eb722734bca5e6583c4,ok,False,paper_only_candidate,full_paper_candidate,path/name indicates a complete examination paper or mock exam
/Users/shidianjin/Documents/高考英语/2012·高考英语真题/2012年高考英语试卷（重庆）（空白卷）.doc,2012·高考英语真题/2012年高考英语试卷（重庆）（空白卷）.doc,2012年高考英语试卷（重庆）（空白卷）.doc,.doc,477184,2026-08-26T07:12:01.458225+00:00,656990320619565aa910caf124a3a3982b24d24685f990715c8019e09343ccdf,ok,False,paper_only_candidate,full_paper_candidate,path/name indicates a complete examination paper or mock exam
/Users/shidianjin/Documents/高考英语/2012·高考英语真题/2012年高考英语试卷（重庆）（解析卷）.doc,2012·高考英语真题/2012年高考英语试卷（重庆）（解析卷）.doc,2012年高考英语试卷（重庆）（解析卷）.doc,.doc,695808,2026-08-26T07:12:11.742445+00:00,396a55c8b7145bafc01eaced2d3ca0e72eddf330e2943b416af7199d7245c4cc,ok,False,paper_only_candidate,full_paper_candidate,path/name indicates a complete examination paper or mock exam
/Users/shidianjin/Documents/高考英语/2012·高考英语真题/2012年高考英语试卷（陕西）（空白卷）.docx,2012·高考英语真题/2012年高考英语试卷（陕西）（空白卷）.docx,2012年高考英语试卷（陕西）（空白卷）.docx,.docx,56214,2026-08-26T07:11:50.176180+00:00,844c77ab2a292b3f9974881c1708472b252b8375526ae80a093143bc13a94f48,ok,False,paper_only_candidate,full_paper_candidate,path/name indicates a complete examination paper or mock exam
/Users/shidianjin/Documents/高考英语/2012·高考英语真题/2012年高考英语试卷（陕西）（解析卷）.docx,2012·高考英语真题/2012年高考英语试卷（陕西）（解析卷）.docx,2012年高考英语试卷（陕西）（解析卷）.docx,.docx,65538,2026-08-26T07:11:48.422427+00:00,bb4dcc39aacbddfc34851ba29d8427b77849ad0c4e999725d379c43fd59c974f,ok,False,paper_only_candidate,full_paper_candidate,path/name indicates a complete examination paper or mock exam
/Users/shidianjin/Documents/高考英语/2012年高考真题----英语/2012年上海卷英语听力.mp3,2012年高考真题----英语/2012年上海卷英语听力.mp3,2012年上海卷英语听力.mp3,.mp3,17530880,2015-07-20T02:40:26+00:00,4e48da163ab49f824839ad379c2e16275e88c07d8be9e6dffd4f821029ad1494,ok,False,paper_only_candidate,"full_paper_candidate,media_source",path/name indicates a complete examination paper or mock exam; audio/video source asset; establish mapping only
/Users/shidianjin/Documents/高考英语/2012年高考真题----英语/2012年高考真题——英语听力（安徽卷）.mp3,2012年高考真题----英语/2012年高考真题——英语听力（安徽卷）.mp3,2012年高考真题——英语听力（安徽卷）.mp3,.mp3,9927320,2015-07-20T02:40:26+00:00,40e6f8577a5a04c1681e9efa843aa07d0a270698d9ccbf35cbdb827e5745003e,ok,False,paper_only_candidate,"full_paper_candidate,media_source",path/name indicates a complete examination paper or mock exam; audio/video source asset; establish mapping only
/Users/shidianjin/Documents/高考英语/2012年高考真题----英语/2012年高考真题——英语语文试题（新课标全国卷）word版含答案.doc,2012年高考真题----英语/2012年高考真题——英语语文试题（新课标全国卷）word版含答案.doc,2012年高考真题——英语语文试题（新课标全国卷）word版含答案.doc,.doc,144896,2015-07-20T02:40:26+00:00,9203d74c50eae646de41db3f249a1ec75b4255b17a596425786eb14650499cd2,ok,False,paper_only_candidate,full_paper_candidate,path/name indicates a complete examination paper or mock exam
/Users/shidianjin/Documents/高考英语/2012年高考真题----英语/2012年高考真题——英语（北京卷）Word版.doc,2012年高考真题----英语/2012年高考真题——英语（北京卷）Word版.doc,2012年高考真题——英语（北京卷）Word版.doc,.doc,407040,2015-07-20T02:40:26+00:00,313be4ba59f9aad5f91e0e3ef4db7921c002ac6dcb1db240118853ae6146b884,ok,False,paper_only_candidate,full_paper_candidate,path/name indicates a complete examination paper or mock exam
/Users/shidianjin/Documents/高考英语/2012年高考真题----英语/2012年高考真题——英语（四川卷）word版含答案.doc,2012年高考真题----英语/2012年高考真题——英语（四川卷）word版含答案.doc,2012年高考真题——英语（四川卷）word版含答案.doc,.doc,87040,2015-07-20T02:40:28+00:00,974949a8f9ac9c7fda0d9e972f760c0d7aa502eb3a1613623718bf2ab1f810a2,ok,False,paper_only_candidate,full_paper_candidate,path/name indicates a complete examination paper or mock exam
/Users/shidianjin/Documents/高考英语/2012年高考真题----英语/2012年高考真题——英语（安徽卷）word 版.doc,2012年高考真题----英语/2012年高考真题——英语（安徽卷）word 版.doc,2012年高考真题——英语（安徽卷）word 版.doc,.doc,133632,2015-07-20T02:40:28+00:00,a7cc228507310c7df2e53a5270d887e40b8ab1c89b7f7e9afe58b25f3aee1a8d,ok,False,paper_only_candidate,full_paper_candidate,path/name indicates a complete examination paper or mock exam
/Users/shidianjin/Documents/高考英语/2012年高考真题----英语/2012年高考真题——英语（新课标全国卷）word版含答案.doc,2012年高考真题----英语/2012年高考真题——英语（新课标全国卷）word版含答案.doc,2012年高考真题——英语（新课标全国卷）word版含答案.doc,.doc,100352,2015-07-20T02:40:28+00:00,8406b9d0e9b09dcca8e726b658562cacd661fd475c3f4cc2411cd5017633ea39,ok,False,paper_only_candidate,full_paper_candidate,path/name indicates a complete examination paper or mock exam
/Users/shidianjin/Documents/高考英语/2012年高考真题----英语/2012年高考真题——英语（新课标卷）word版（含答案）.doc,2012年高考真题----英语/2012年高考真题——英语（新课标卷）word版（含答案）.doc,2012年高考真题——英语（新课标卷）word版（含答案）.doc,.doc,152064,2015-07-20T02:40:28+00:00,9ea68c2a0f479ba7ab7240333c8abbf7161a716e518c447a5be5c837e27d2df2,ok,False,paper_only_candidate,full_paper_candidate,path/name indicates a complete examination paper or mock exam
/Users/shidianjin/Documents/高考英语/2012年高考真题----英语/2012年高考真题——英语（新课标卷）（含答案）.doc,2012年高考真题----英语/2012年高考真题——英语（新课标卷）（含答案）.doc,2012年高考真题——英语（新课标卷）（含答案）.doc,.doc,3275776,2015-07-20T02:40:28+00:00,c2f56f1fd0e1184878a10e764f60091c042e4ee403d6081a63bb6d6446a58686,ok,False,paper_only_candidate,full_paper_candidate,path/name indicates a complete examination paper or mock exam
/Users/shidianjin/Documents/高考英语/2012年高考真题----英语/2012年高考真题——英语（海南卷）word版（含答案）.doc,2012年高考真题----英语/2012年高考真题——英语（海南卷）word版（含答案）.doc,2012年高考真题——英语（海南卷）word版（含答案）.doc,.doc,153600,2015-07-20T02:40:28+00:00,dd2ebfc9167221fb2a8e290f9f535d6f4e71c86f1c217f7874acbbf26445c421,ok,False,paper_only_candidate,full_paper_candidate,path/name indicates a complete examination paper or mock exam
/Users/shidianjin/Documents/高考英语/2012年高考真题----英语/2012年高考真题——英语（湖北A卷）Word版.doc,2012年高考真题----英语/2012年高考真题——英语（湖北A卷）Word版.doc,2012年高考真题——英语（湖北A卷）Word版.doc,.doc,160256,2015-07-20T02:40:28+00:00,f952f992eaaf8e4e42bc9d03c54d2f6b5c5cf7729da0886e71085b184da73388,ok,False,paper_only_candidate,full_paper_candidate,path/name indicates a complete examination paper or mock exam
/Users/shidianjin/Documents/高考英语/2012年高考真题----英语/2012年高考真题——英语（湖北卷）word版.doc,2012年高考真题----英语/2012年高考真题——英语（湖北卷）word版.doc,2012年高考真题——英语（湖北卷）word版.doc,.doc,119808,2015-07-20T02:40:28+00:00,0fa863c4c4c83e51216cb62f88869c2c9a82cf9712fe49e133168d5f7ab29e2f,ok,False,paper_only_candidate,full_paper_candidate,path/name indicates a complete examination paper or mock exam
/Users/shidianjin/Documents/高考英语/2012年高考真题----英语/2012年高考真题——英语（湖北卷）word解析版.doc,2012年高考真题----英语/2012年高考真题——英语（湖北卷）word解析版.doc,2012年高考真题——英语（湖北卷）word解析版.doc,.doc,180224,2015-07-20T02:40:28+00:00,c61c37c7eaea5684b3486c85e7a80488feec135da7d239a89f038fd55b9bbe54,ok,False,paper_only_candidate,full_paper_candidate,path/name indicates a complete examination paper or mock exam
/Users/shidianjin/Documents/高考英语/2012年高考真题----英语/2012年高考真题——英语（湖南卷）word版.doc,2012年高考真题----英语/2012年高考真题——英语（湖南卷）word版.doc,2012年高考真题——英语（湖南卷）word版.doc,.doc,558080,2015-07-20T02:40:30+00:00,2fc5c4bd64d6529d1c0020528766c4832a95a7c58e09a45fb29ac09704272c62,ok,False,paper_only_candidate,full_paper_candidate,path/name indicates a complete examination paper or mock exam
/Users/shidianjin/Documents/高考英语/2012年高考真题----英语/2012年高考真题——英语（重庆卷）word版.doc,2012年高考真题----英语/2012年高考真题——英语（重庆卷）word版.doc,2012年高考真题——英语（重庆卷）word版.doc,.doc,165376,2015-07-20T02:40:30+00:00,730bdb96c64a801a6a734897ca6b6b30e0614fa49076657a847e41f53c5cc1ba,ok,False,paper_only_candidate,full_paper_candidate,path/name indicates a complete examination paper or mock exam
/Users/shidianjin/Documents/高考英语/2012年高考真题----英语/2012年高考真题——英语（重庆卷）word版含答案.doc,2012年高考真题----英语/2012年高考真题——英语（重庆卷）word版含答案.doc,2012年高考真题——英语（重庆卷）word版含答案.doc,.doc,184832,2015-07-20T02:40:30+00:00,db6effa5f811bbac57cfa6049a0c3cbb756e34b38909a7392e9ec9703561a365,ok,False,paper_only_candidate,full_paper_candidate,path/name indicates a complete examination paper or mock exam
/Users/shidianjin/Documents/高考英语/2013·高考英语真题/2013年高考英语听力真题（重庆卷）.mp3,2013·高考英语真题/2013年高考英语听力真题（重庆卷）.mp3,2013年高考英语听力真题（重庆卷）.mp3,.mp3,29519667,2026-08-26T07:31:08.867743+00:00,62f454eb48bdf294ac7403f527feaa1d4d41d00ea66b275801bdb3e8e950b839,ok,False,paper_only_candidate,"full_paper_candidate,media_source",path/name indicates a complete examination paper or mock exam; audio/video source asset; establish mapping only
/Users/shidianjin/Documents/高考英语/2013·高考英语真题/2013年高考英语试卷（上海）（秋考）听力音频.mp3,2013·高考英语真题/2013年高考英语试卷（上海）（秋考）听力音频.mp3,2013年高考英语试卷（上海）（秋考）听力音频.mp3,.mp3,23500131,2026-08-26T07:30:41.352143+00:00,6eea96edbb25d32158acde1c02de39de6af9572d7a07e92a546a06f7625b6937,ok,False,paper_only_candidate,"full_paper_candidate,media_source",path/name indicates a complete examination paper or mock exam; audio/video source asset; establish mapping only
/Users/shidianjin/Documents/高考英语/2013·高考英语真题/2013年高考英语试卷（上海）（秋考）（空白卷）.doc,2013·高考英语真题/2013年高考英语试卷（上海）（秋考）（空白卷）.doc,2013年高考英语试卷（上海）（秋考）（空白卷）.doc,.doc,94720,2026-08-26T07:15:54.008523+00:00,31d0e498cb9973ae7af8a7b3d5621c635dea8af43cbaf683251b0b130dbd2418,ok,False,paper_only_candidate,full_paper_candidate,path/name indicates a complete examination paper or mock exam
/Users/shidianjin/Documents/高考英语/2013·高考英语真题/2013年高考英语试卷（上海）（秋考）（解析卷）.doc,2013·高考英语真题/2013年高考英语试卷（上海）（秋考）（解析卷）.doc,2013年高考英语试卷（上海）（秋考）（解析卷）.doc,.doc,95232,2026-08-26T07:15:44.609828+00:00,5386965e45f562e4dddd2fa07df07706c9e6b0d8a9e58aa7af7b597977c727e2,ok,False,paper_only_candidate,full_paper_candidate,path/name indicates a complete examination paper or mock exam
/Users/shidianjin/Documents/高考英语/2013·高考英语真题/2013年高考英语试卷（北京）听力音频.mp3,2013·高考英语真题/2013年高考英语试卷（北京）听力音频.mp3,2013年高考英语试卷（北京）听力音频.mp3,.mp3,4049381,2026-08-26T07:14:00.991406+00:00,5ebd2ba489b823871fdc5df9f1e1052eb536348a666cdd8d66eff10bf0c289e3,ok,False,paper_only_candidate,"full_paper_candidate,media_source",path/name indicates a complete examination paper or mock exam; audio/video source asset; establish mapping only
/Users/shidianjin/Documents/高考英语/2013·高考英语真题/2013年高考英语试卷（北京）（空白卷）.doc,2013·高考英语真题/2013年高考英语试卷（北京）（空白卷）.doc,2013年高考英语试卷（北京）（空白卷）.doc,.doc,333312,2026-08-26T07:13:18.349321+00:00,8e37d788612abe806364f58cc305e94a323dcf5a8cb51f18ba3d562ed87cd0a1,ok,False,paper_only_candidate,full_paper_candidate,path/name indicates a complete examination paper or mock exam
/Users/shidianjin/Documents/高考英语/2013·高考英语真题/2013年高考英语试卷（北京）（解析卷）.doc,2013·高考英语真题/2013年高考英语试卷（北京）（解析卷）.doc,2013年高考英语试卷（北京）（解析卷）.doc,.doc,281600,2026-08-26T07:12:50.437286+00:00,cf2a56e63f49746e4d1f044d2199ce277e1a6d85f9b45c0adb824d6e4318dfe9,ok,False,paper_only_candidate,full_paper_candidate,path/name indicates a complete examination paper or mock exam
/Users/shidianjin/Documents/高考英语/2013·高考英语真题/2013年高考英语试卷（四川）（空白卷）.doc,2013·高考英语真题/2013年高考英语试卷（四川）（空白卷）.doc,2013年高考英语试卷（四川）（空白卷）.doc,.doc,67072,2026-08-26T07:15:18.614261+00:00,e1f288207411128938d3d7384976fa609dccae4e1043d32e5e0ca4bb8b20cdd2,ok,False,paper_only_candidate,full_paper_candidate,path/name indicates a complete examination paper or mock exam
/Users/shidianjin/Documents/高考英语/2013·高考英语真题/2013年高考英语试卷（四川）（解析卷）.doc,2013·高考英语真题/2013年高考英语试卷（四川）（解析卷）.doc,2013年高考英语试卷（四川）（解析卷）.doc,.doc,94208,2026-08-26T07:15:18.161609+00:00,539de3ed5d9beb913b2f26f99c0d9db4a4ff061d86f8d5f7687db0cd76e2379f,ok,False,paper_only_candidate,full_paper_candidate,path/name indicates a complete examination paper or mock exam
/Users/shidianjin/Documents/高考英语/2013·高考英语真题/2013年高考英语试卷（天津）（空白卷）.doc,2013·高考英语真题/2013年高考英语试卷（天津）（空白卷）.doc,2013年高考英语试卷（天津）（空白卷）.doc,.doc,71168,2026-08-26T07:16:03.857680+00:00,f320a1a6b98cc9a3e7b2d3f1241b21642aaf4b392c496f430b42cd8ea4acbf26,ok,False,paper_only_candidate,full_paper_candidate,path/name indicates a complete examination paper or mock exam
/Users/shidianjin/Documents/高考英语/2013·高考英语真题/2013年高考英语试卷（天津）（解析卷）.doc,2013·高考英语真题/2013年高考英语试卷（天津）（解析卷）.doc,2013年高考英语试卷（天津）（解析卷）.doc,.doc,129024,2026-08-26T07:16:04.559846+00:00,31e082eb6c739dcfef24faf7b1412aac6db1ac6f7e55b63aa35a833a1dbc8839,ok,False,paper_only_candidate,full_paper_candidate,path/name indicates a complete examination paper or mock exam
/Users/shidianjin/Documents/高考英语/2013·高考英语真题/2013年高考英语试卷（安徽）听力音频.mp3,2013·高考英语真题/2013年高考英语试卷（安徽）听力音频.mp3,2013年高考英语试卷（安徽）听力音频.mp3,.mp3,11482637,2026-08-26T07:27:02.815683+00:00,2012316f5b1592058a6da8d1ada99007a68f9327b9edc6fc325504a410ac664b,ok,False,paper_only_candidate,"full_paper_candidate,media_source",path/name indicates a complete examination paper or mock exam; audio/video source asset; establish mapping only
/Users/shidianjin/Documents/高考英语/2013·高考英语真题/2013年高考英语试卷（安徽）（空白卷）.doc,2013·高考英语真题/2013年高考英语试卷（安徽）（空白卷）.doc,2013年高考英语试卷（安徽）（空白卷）.doc,.doc,1151488,2026-08-26T07:12:44.858511+00:00,c29d3682c0b7d80c6b500d09bfed412da44f753b61853eae682e26bb1846bf24,ok,False,paper_only_candidate,full_paper_candidate,path/name indicates a complete examination paper or mock exam
/Users/shidianjin/Documents/高考英语/2013·高考英语真题/2013年高考英语试卷（安徽）（解析卷）.doc,2013·高考英语真题/2013年高考英语试卷（安徽）（解析卷）.doc,2013年高考英语试卷（安徽）（解析卷）.doc,.doc,1893888,2026-08-26T07:12:48.992918+00:00,874365d91664d0dcd111dcf5bc743eb11f7d24d116f980ced021ae94ac9a8ad7,ok,False,paper_only_candidate,full_paper_candidate,path/name indicates a complete examination paper or mock exam
/Users/shidianjin/Documents/高考英语/2013·高考英语真题/2013年高考英语试卷（山东）听力音频.mp3,2013·高考英语真题/2013年高考英语试卷（山东）听力音频.mp3,2013年高考英语试卷（山东）听力音频.mp3,.mp3,6303624,2026-08-26T07:17:21.827448+00:00,8eb59b97d8cba2b1c851787fccf1d0bd45a33fee15dd847893d3ec61211a21a3,ok,False,paper_only_candidate,"full_paper_candidate,media_source",path/name indicates a complete examination paper or mock exam; audio/video source asset; establish mapping only
/Users/shidianjin/Documents/高考英语/2013·高考英语真题/2013年高考英语试卷（山东）（空白卷）.doc,2013·高考英语真题/2013年高考英语试卷（山东）（空白卷）.doc,2013年高考英语试卷（山东）（空白卷）.doc,.doc,621568,2026-08-26T07:15:41.725967+00:00,888aaa13eb4566b6420d96a6e0ccb97f997eb7acc8796ce3b2df3ac6f30c3097,ok,False,paper_only_candidate,full_paper_candidate,path/name indicates a complete examination paper or mock exam
/Users/shidianjin/Documents/高考英语/2013·高考英语真题/2013年高考英语试卷（山东）（解析卷）.doc,2013·高考英语真题/2013年高考英语试卷（山东）（解析卷）.doc,2013年高考英语试卷（山东）（解析卷）.doc,.doc,1356288,2026-08-26T07:17:31.516408+00:00,9a6eb48555cb6edefbf965bca54be89c4a901712c8cdc463917e5c8113e5420a,ok,False,paper_only_candidate,full_paper_candidate,path/name indicates a complete examination paper or mock exam
/Users/shidianjin/Documents/高考英语/2013·高考英语真题/2013年高考英语试卷（广东）（空白卷）.doc,2013·高考英语真题/2013年高考英语试卷（广东）（空白卷）.doc,2013年高考英语试卷（广东）（空白卷）.doc,.doc,1406464,2026-08-26T07:13:20.854829+00:00,e93c7381f87cb80ebdd8952dea6a85088f44cbd761c1c21df748c2bd3f4d0566,ok,False,paper_only_candidate,full_paper_candidate,path/name indicates a complete examination paper or mock exam
/Users/shidianjin/Documents/高考英语/2013·高考英语真题/2013年高考英语试卷（广东）（解析卷）.doc,2013·高考英语真题/2013年高考英语试卷（广东）（解析卷）.doc,2013年高考英语试卷（广东）（解析卷）.doc,.doc,2171904,2026-08-26T07:13:47.167544+00:00,88e65003bb5728e9ef8837251483572cbd50a734b757839128e3d608cc3e94b6,ok,False,paper_only_candidate,full_paper_candidate,path/name indicates a complete examination paper or mock exam
/Users/shidianjin/Documents/高考英语/2013·高考英语真题/2013年高考英语试卷（新课标Ⅰ卷）（空白卷）.doc,2013·高考英语真题/2013年高考英语试卷（新课标Ⅰ卷）（空白卷）.doc,2013年高考英语试卷（新课标Ⅰ卷）（空白卷）.doc,.doc,74752,2026-08-26T07:16:12.145932+00:00,3b6e24da4d7e827ce38e241c626d265e5037728bbb3ac561a1797f0f01a1075e,ok,False,paper_only_candidate,full_paper_candidate,path/name indicates a complete examination paper or mock exam
/Users/shidianjin/Documents/高考英语/2013·高考英语真题/2013年高考英语试卷（新课标Ⅰ卷）（解析卷）.doc,2013·高考英语真题/2013年高考英语试卷（新课标Ⅰ卷）（解析卷）.doc,2013年高考英语试卷（新课标Ⅰ卷）（解析卷）.doc,.doc,123904,2026-08-26T07:16:05.156010+00:00,0a9bd7d7d420913febd41cce30d1f2192b580c287d266ef44ab285eabe2e0097,ok,False,paper_only_candidate,full_paper_candidate,path/name indicates a complete examination paper or mock exam
/Users/shidianjin/Documents/高考英语/2013·高考英语真题/2013年高考英语试卷（新课标Ⅱ卷）（空白卷）.doc,2013·高考英语真题/2013年高考英语试卷（新课标Ⅱ卷）（空白卷）.doc,2013年高考英语试卷（新课标Ⅱ卷）（空白卷）.doc,.doc,59904,2026-08-26T07:16:16.819205+00:00,7d968a6d23534bc0d64298dda66ede02f66a374109f77e0cb81d45711e604b06,ok,False,paper_only_candidate,full_paper_candidate,path/name indicates a complete examination paper or mock exam
/Users/shidianjin/Documents/高考英语/2013·高考英语真题/2013年高考英语试卷（新课标Ⅱ卷）（解析卷）.doc,2013·高考英语真题/2013年高考英语试卷（新课标Ⅱ卷）（解析卷）.doc,2013年高考英语试卷（新课标Ⅱ卷）（解析卷）.doc,.doc,107520,2026-08-26T07:16:18.044224+00:00,bba0339d6f5f7d4c967787d1fb97e1236420f179c608edd21b1688ad88cc15d5,ok,False,paper_only_candidate,full_paper_candidate,path/name indicates a complete examination paper or mock exam
/Users/shidianjin/Documents/高考英语/2013·高考英语真题/2013年高考英语试卷（江苏）（空白卷）   .doc,2013·高考英语真题/2013年高考英语试卷（江苏）（空白卷）   .doc,2013年高考英语试卷（江苏）（空白卷）   .doc,.doc,482304,2026-08-26T07:15:02.480736+00:00,fbaa96120f2c0c41584d9399bdde98646124b8faf2b0654a4bdd3e28d27fc82f,ok,False,paper_only_candidate,full_paper_candidate,path/name indicates a complete examination paper or mock exam
/Users/shidianjin/Documents/高考英语/2013·高考英语真题/2013年高考英语试卷（江苏）（解析卷）   .doc,2013·高考英语真题/2013年高考英语试卷（江苏）（解析卷）   .doc,2013年高考英语试卷（江苏）（解析卷）   .doc,.doc,519168,2026-08-26T07:15:01.683939+00:00,29401978fed9fa9d555dfc50f726c10b7abaad54f3449e32bd4eb54b11f7eb5b,ok,False,paper_only_candidate,full_paper_candidate,path/name indicates a complete examination paper or mock exam
/Users/shidianjin/Documents/高考英语/2013·高考英语真题/2013年高考英语试卷（江西）听力音频.mp3,2013·高考英语真题/2013年高考英语试卷（江西）听力音频.mp3,2013年高考英语试卷（江西）听力音频.mp3,.mp3,11488512,2026-08-26T07:27:59.450328+00:00,05f53b17f0255eb4f6ba8deb91d59a4b2ac1458891e4fb159eea9795ed28262d,ok,False,paper_only_candidate,"full_paper_candidate,media_source",path/name indicates a complete examination paper or mock exam; audio/video source asset; establish mapping only
/Users/shidianjin/Documents/高考英语/2013·高考英语真题/2013年高考英语试卷（江西）（空白卷）.doc,2013·高考英语真题/2013年高考英语试卷（江西）（空白卷）.doc,2013年高考英语试卷（江西）（空白卷）.doc,.doc,720896,2026-08-26T07:15:16.949136+00:00,27569547dbeb54b3de9b122a6ff1c27271de97ed322346b87db1d58251dde3b3,ok,False,paper_only_candidate,full_paper_candidate,path/name indicates a complete examination paper or mock exam
/Users/shidianjin/Documents/高考英语/2013·高考英语真题/2013年高考英语试卷（江西）（解析卷）.doc,2013·高考英语真题/2013年高考英语试卷（江西）（解析卷）.doc,2013年高考英语试卷（江西）（解析卷）.doc,.doc,1622528,2026-08-26T07:15:33.134610+00:00,aaddb47fa25c3b174a5136f501b4431d2a2fd67510c6bee8e8c2e8541c237259,ok,False,paper_only_candidate,full_paper_candidate,path/name indicates a complete examination paper or mock exam
/Users/shidianjin/Documents/高考英语/2013·高考英语真题/2013年高考英语试卷（浙江）（空白卷）.doc,2013·高考英语真题/2013年高考英语试卷（浙江）（空白卷）.doc,2013年高考英语试卷（浙江）（空白卷）.doc,.doc,80896,2026-08-26T07:16:17.965783+00:00,0bf6151d50b07f9280c177e8b95fd4d9df40dcf8a0730c8d63a239d1b9767048,ok,False,paper_only_candidate,full_paper_candidate,path/name indicates a complete examination paper or mock exam
/Users/shidianjin/Documents/高考英语/2013·高考英语真题/2013年高考英语试卷（浙江）（解析卷）.doc,2013·高考英语真题/2013年高考英语试卷（浙江）（解析卷）.doc,2013年高考英语试卷（浙江）（解析卷）.doc,.doc,167936,2026-08-26T07:16:20.295312+00:00,8f1b4a4481cc8455562b04cb4d76a2ea00c54b0064ded9acf31f127a0819527f,ok,False,paper_only_candidate,full_paper_candidate,path/name indicates a complete examination paper or mock exam
/Users/shidianjin/Documents/高考英语/2013·高考英语真题/2013年高考英语试卷（湖北）听力音频.mp3,2013·高考英语真题/2013年高考英语试卷（湖北）听力音频.mp3,2013年高考英语试卷（湖北）听力音频.mp3,.mp3,13240154,2026-08-26T07:27:02.481551+00:00,bfd08e5770123cc72a8d83872e38d3492f4c2a6663d5304d37377ef0140c1714,ok,False,paper_only_candidate,"full_paper_candidate,media_source",path/name indicates a complete examination paper or mock exam; audio/video source asset; establish mapping only
/Users/shidianjin/Documents/高考英语/2013·高考英语真题/2013年高考英语试卷（湖北）（空白卷）.doc,2013·高考英语真题/2013年高考英语试卷（湖北）（空白卷）.doc,2013年高考英语试卷（湖北）（空白卷）.doc,.doc,822784,2026-08-26T07:13:42.239555+00:00,224f2ca9b4ae9df2ffb571cd5c77adfde22359696ee9e52ed75bd4f53fd5cdd4,ok,False,paper_only_candidate,full_paper_candidate,path/name indicates a complete examination paper or mock exam
/Users/shidianjin/Documents/高考英语/2013·高考英语真题/2013年高考英语试卷（湖北）（解析卷）.doc,2013·高考英语真题/2013年高考英语试卷（湖北）（解析卷）.doc,2013年高考英语试卷（湖北）（解析卷）.doc,.doc,1361920,2026-08-26T07:13:47.438709+00:00,79467d0aa00eaead9e2da86eaeb1de170dc93c874bfc44aa2e56d969e954a6aa,ok,False,paper_only_candidate,full_paper_candidate,path/name indicates a complete examination paper or mock exam
/Users/shidianjin/Documents/高考英语/2013·高考英语真题/2013年高考英语试卷（湖南）听力音频.mp3,2013·高考英语真题/2013年高考英语试卷（湖南）听力音频.mp3,2013年高考英语试卷（湖南）听力音频.mp3,.mp3,9632749,2026-08-26T07:28:23.016632+00:00,e31044af1c31a3e619909082ab6fc7c527b03c31dafb478e25c1abb7ef0e9d6c,ok,False,paper_only_candidate,"full_paper_candidate,media_source",path/name indicates a complete examination paper or mock exam; audio/video source asset; establish mapping only
/Users/shidianjin/Documents/高考英语/2013·高考英语真题/2013年高考英语试卷（湖南）（空白卷）.doc,2013·高考英语真题/2013年高考英语试卷（湖南）（空白卷）.doc,2013年高考英语试卷（湖南）（空白卷）.doc,.doc,799232,2026-08-26T07:14:03.558600+00:00,7bc0427be1a0f3edf5ef49e924800ad958514f490413d98421f6561b75987545,ok,False,paper_only_candidate,full_paper_candidate,path/name indicates a complete examination paper or mock exam
/Users/shidianjin/Documents/高考英语/2013·高考英语真题/2013年高考英语试卷（湖南）（解析卷）.doc,2013·高考英语真题/2013年高考英语试卷（湖南）（解析卷）.doc,2013年高考英语试卷（湖南）（解析卷）.doc,.doc,1420800,2026-08-26T07:14:15.122101+00:00,29187db9afc8f579170bf69c4318f84f1fa9f93ecee4a4efe9853307198ac4c1,ok,False,paper_only_candidate,full_paper_candidate,path/name indicates a complete examination paper or mock exam
/Users/shidianjin/Documents/高考英语/2013·高考英语真题/2013年高考英语试卷（福建）（空白卷）.doc,2013·高考英语真题/2013年高考英语试卷（福建）（空白卷）.doc,2013年高考英语试卷（福建）（空白卷）.doc,.doc,710656,2026-08-26T07:13:17.827433+00:00,b68f9a44d0c7c5b1e145b3901dcc9255aef8acc6733fa5d122d093646edb5e7f,ok,False,paper_only_candidate,full_paper_candidate,path/name indicates a complete examination paper or mock exam
/Users/shidianjin/Documents/高考英语/2013·高考英语真题/2013年高考英语试卷（福建）（解析卷）.doc,2013·高考英语真题/2013年高考英语试卷（福建）（解析卷）.doc,2013年高考英语试卷（福建）（解析卷）.doc,.doc,2113024,2026-08-26T07:13:38.609916+00:00,f36ae26709d6c3ce6b309c9cff4cf6af9f4b0b62251aa24d7aec3a5b3c53ad21,ok,False,paper_only_candidate,full_paper_candidate,path/name indicates a complete examination paper or mock exam
/Users/shidianjin/Documents/高考英语/2013·高考英语真题/2013年高考英语试卷（辽宁）（空白卷）.doc,2013·高考英语真题/2013年高考英语试卷（辽宁）（空白卷）.doc,2013年高考英语试卷（辽宁）（空白卷）.doc,.doc,712192,2026-08-26T07:15:16.768573+00:00,1f8b00234e7ec0288e308838be36f35b6ab4fd202e12d5fc6d6359c0d8c4415d,ok,False,paper_only_candidate,full_paper_candidate,path/name indicates a complete examination paper or mock exam
/Users/shidianjin/Documents/高考英语/2013·高考英语真题/2013年高考英语试卷（辽宁）（解析卷）.doc,2013·高考英语真题/2013年高考英语试卷（辽宁）（解析卷）.doc,2013年高考英语试卷（辽宁）（解析卷）.doc,.doc,1174016,2026-08-26T07:15:30.222339+00:00,eb51765d8cb93e917597562f3a117ef84a481c03a7afcba202be4c95c564d248,ok,False,paper_only_candidate,full_paper_candidate,path/name indicates a complete examination paper or mock exam
/Users/shidianjin/Documents/高考英语/2013·高考英语真题/2013年高考英语试卷（重庆）（空白卷）.doc,2013·高考英语真题/2013年高考英语试卷（重庆）（空白卷）.doc,2013年高考英语试卷（重庆）（空白卷）.doc,.doc,1009664,2026-08-26T07:16:38.859666+00:00,52b5b1d74756c2410ea6c61bcc4abec7391992537c3058d7e81c6c65b7743661,ok,False,paper_only_candidate,full_paper_candidate,path/name indicates a complete examination paper or mock exam
/Users/shidianjin/Documents/高考英语/2013·高考英语真题/2013年高考英语试卷（重庆）（解析卷）.doc,2013·高考英语真题/2013年高考英语试卷（重庆）（解析卷）.doc,2013年高考英语试卷（重庆）（解析卷）.doc,.doc,1669120,2026-08-26T07:16:23.941246+00:00,084a8231d22e7e285e142bc748b0a3e4839ae1e2d94c07056c4a7bd93caa067b,ok,False,paper_only_candidate,full_paper_candidate,path/name indicates a complete examination paper or mock exam
/Users/shidianjin/Documents/高考英语/2013·高考英语真题/2013年高考英语试卷（陕西）（空白卷）.docx,2013·高考英语真题/2013年高考英语试卷（陕西）（空白卷）.docx,2013年高考英语试卷（陕西）（空白卷）.docx,.docx,184542,2026-08-26T07:16:02.097303+00:00,dc14ce2c988a726d55ad37f46b26bb6f7ec7b91b74b77947afa6ac7b2fb4b08d,ok,False,paper_only_candidate,full_paper_candidate,path/name indicates a complete examination paper or mock exam
/Users/shidianjin/Documents/高考英语/2013·高考英语真题/2013年高考英语试卷（陕西）（解析卷）.docx,2013·高考英语真题/2013年高考英语试卷（陕西）（解析卷）.docx,2013年高考英语试卷（陕西）（解析卷）.docx,.docx,246234,2026-08-26T07:15:58.566393+00:00,51737d9148490109b6da54b612e0fbf589a4792ac850cc31efcfd668fe1ca1ea,ok,False,paper_only_candidate,full_paper_candidate,path/name indicates a complete examination paper or mock exam
/Users/shidianjin/Documents/高考英语/2013年高考真题----英语/2013年全国高考自选模块试题及答案-浙江卷.doc,2013年高考真题----英语/2013年全国高考自选模块试题及答案-浙江卷.doc,2013年全国高考自选模块试题及答案-浙江卷.doc,.doc,525824,2015-07-20T02:41:36+00:00,99bbff9ff083384a7ed2a1d35fff0660bc5765f1c18cb3f81563ede6a5821bbc,ok,False,paper_only_candidate,full_paper_candidate,path/name indicates a complete examination paper or mock exam
/Users/shidianjin/Documents/高考英语/2013年高考真题----英语/2013年全国高考英语试题及答案-上海卷.doc,2013年高考真题----英语/2013年全国高考英语试题及答案-上海卷.doc,2013年全国高考英语试题及答案-上海卷.doc,.doc,98816,2015-07-20T02:41:14+00:00,00daec1898eac62a505b8f8e636116bf438607689fabd87d1b741e120340a167,ok,False,paper_only_candidate,full_paper_candidate,path/name indicates a complete examination paper or mock exam
/Users/shidianjin/Documents/高考英语/2013年高考真题----英语/2013年全国高考英语试题及答案-全国卷.doc,2013年高考真题----英语/2013年全国高考英语试题及答案-全国卷.doc,2013年全国高考英语试题及答案-全国卷.doc,.doc,119808,2015-07-20T02:41:14+00:00,675b4e753143ba2649495252f8fee377bec8884c3edc0bd1c9ba246a1ecaa28a,ok,False,paper_only_candidate,full_paper_candidate,path/name indicates a complete examination paper or mock exam
/Users/shidianjin/Documents/高考英语/2013年高考真题----英语/2013年全国高考英语试题及答案-北京卷.doc,2013年高考真题----英语/2013年全国高考英语试题及答案-北京卷.doc,2013年全国高考英语试题及答案-北京卷.doc,.doc,367616,2015-07-20T02:41:02+00:00,54fd65b243b2a1f7d6c811028cdf97f8972bac91c8e79ff708a5d0969d0e298b,ok,False,paper_only_candidate,full_paper_candidate,path/name indicates a complete examination paper or mock exam
/Users/shidianjin/Documents/高考英语/2013年高考真题----英语/2013年全国高考英语试题及答案-四川卷.doc,2013年高考真题----英语/2013年全国高考英语试题及答案-四川卷.doc,2013年全国高考英语试题及答案-四川卷.doc,.doc,261120,2015-07-20T02:41:18+00:00,7329090316fb27bbd1f09dc45bced6f6c4277b3e98e710c58e782042b8f9cd20,ok,False,paper_only_candidate,full_paper_candidate,path/name indicates a complete examination paper or mock exam
/Users/shidianjin/Documents/高考英语/2013年高考真题----英语/2013年全国高考英语试题及答案-天津卷.doc,2013年高考真题----英语/2013年全国高考英语试题及答案-天津卷.doc,2013年全国高考英语试题及答案-天津卷.doc,.doc,113664,2015-07-20T02:41:20+00:00,91832516e1ec14924831b583bda713dd593951e7183cbdf6a5507ce5d61d02a9,ok,False,paper_only_candidate,full_paper_candidate,path/name indicates a complete examination paper or mock exam
/Users/shidianjin/Documents/高考英语/2013年高考真题----英语/2013年全国高考英语试题及答案-安徽卷.doc,2013年高考真题----英语/2013年全国高考英语试题及答案-安徽卷.doc,2013年全国高考英语试题及答案-安徽卷.doc,.doc,609280,2015-07-20T02:41:22+00:00,51ad45e4b597aed083f4d4fb99adc7df8d99eece9cd5dd60d3e48c9835c33a8d,ok,False,paper_only_candidate,full_paper_candidate,path/name indicates a complete examination paper or mock exam
/Users/shidianjin/Documents/高考英语/2013年高考真题----英语/2013年全国高考英语试题及答案-山东卷.doc,2013年高考真题----英语/2013年全国高考英语试题及答案-山东卷.doc,2013年全国高考英语试题及答案-山东卷.doc,.doc,118784,2015-07-20T02:41:24+00:00,e21cd733385855af1c953f15641d857046b26f8d1da0af62766162d7bbbb86c5,ok,False,paper_only_candidate,full_paper_candidate,path/name indicates a complete examination paper or mock exam
/Users/shidianjin/Documents/高考英语/2013年高考真题----英语/2013年全国高考英语试题及答案-广东卷.doc,2013年高考真题----英语/2013年全国高考英语试题及答案-广东卷.doc,2013年全国高考英语试题及答案-广东卷.doc,.doc,1149440,2015-07-20T02:41:26+00:00,facc7a3d1e2e0a1f4649b4e230165f7dfc3e39b64e392ec654c09e504fae5753,ok,False,paper_only_candidate,full_paper_candidate,path/name indicates a complete examination paper or mock exam
/Users/shidianjin/Documents/高考英语/2013年高考真题----英语/2013年全国高考英语试题及答案-新课标1.doc,2013年高考真题----英语/2013年全国高考英语试题及答案-新课标1.doc,2013年全国高考英语试题及答案-新课标1.doc,.doc,126976,2015-07-20T02:41:38+00:00,d74412429e988661daa09cd4e48f82a2680389491f32788c75696abfd56786f6,ok,False,paper_only_candidate,full_paper_candidate,path/name indicates a complete examination paper or mock exam
/Users/shidianjin/Documents/高考英语/2013年高考真题----英语/2013年全国高考英语试题及答案-新课标2.doc,2013年高考真题----英语/2013年全国高考英语试题及答案-新课标2.doc,2013年全国高考英语试题及答案-新课标2.doc,.doc,110080,2015-07-20T02:41:28+00:00,d2c294070a133c3181e5eac7350f43e17940f6202157fe2a798bbe3e5bcbbcfd,ok,False,paper_only_candidate,full_paper_candidate,path/name indicates a complete examination paper or mock exam
/Users/shidianjin/Documents/高考英语/2013年高考真题----英语/2013年全国高考英语试题及答案-江苏卷.doc,2013年高考真题----英语/2013年全国高考英语试题及答案-江苏卷.doc,2013年全国高考英语试题及答案-江苏卷.doc,.doc,4254208,2015-07-20T02:41:32+00:00,eefaf8d6433e4e974267bc4c0c97f3675e0fb6b15dcace174cc6b92597f22b34,ok,False,paper_only_candidate,full_paper_candidate,path/name indicates a complete examination paper or mock exam
/Users/shidianjin/Documents/高考英语/2013年高考真题----英语/2013年全国高考英语试题及答案-江西卷.doc,2013年高考真题----英语/2013年全国高考英语试题及答案-江西卷.doc,2013年全国高考英语试题及答案-江西卷.doc,.doc,3596800,2015-07-20T02:41:34+00:00,8828bd8c53ea22cb013b5a58ef5c1a38c8ad5ca3c0eedf38119a7dbcb6b7715d,ok,False,paper_only_candidate,full_paper_candidate,path/name indicates a complete examination paper or mock exam
/Users/shidianjin/Documents/高考英语/2013年高考真题----英语/2013年全国高考英语试题及答案-浙江卷.doc,2013年高考真题----英语/2013年全国高考英语试题及答案-浙江卷.doc,2013年全国高考英语试题及答案-浙江卷.doc,.doc,157184,2015-07-20T02:41:36+00:00,97f9ce104a5ef1394b1351c9fd7aa1b8ffb7a01f5f7497ac2790e0075a81431b,ok,False,paper_only_candidate,full_paper_candidate,path/name indicates a complete examination paper or mock exam
/Users/shidianjin/Documents/高考英语/2013年高考真题----英语/2013年全国高考英语试题及答案-湖北卷.doc,2013年高考真题----英语/2013年全国高考英语试题及答案-湖北卷.doc,2013年全国高考英语试题及答案-湖北卷.doc,.doc,206336,2015-07-20T02:41:40+00:00,ef691d098f499f1bc24bbfd5e9e4abaec9f3d1f7347655139e24fe6fc5d22f1c,ok,False,paper_only_candidate,full_paper_candidate,path/name indicates a complete examination paper or mock exam
/Users/shidianjin/Documents/高考英语/2013年高考真题----英语/2013年全国高考英语试题及答案-湖南卷.doc,2013年高考真题----英语/2013年全国高考英语试题及答案-湖南卷.doc,2013年全国高考英语试题及答案-湖南卷.doc,.doc,110592,2015-07-20T02:41:42+00:00,b0406080596bc1644bdeb9523cb71ab1e7516fc035c2108d2bee88876964d03c,ok,False,paper_only_candidate,full_paper_candidate,path/name indicates a complete examination paper or mock exam
/Users/shidianjin/Documents/高考英语/2013年高考真题----英语/2013年全国高考英语试题及答案-福建卷.doc,2013年高考真题----英语/2013年全国高考英语试题及答案-福建卷.doc,2013年全国高考英语试题及答案-福建卷.doc,.doc,943104,2015-07-20T02:41:06+00:00,918e6b489712c5f86c8aacb16ea10587797327ce1a1f3dc89f9617266c091533,ok,False,paper_only_candidate,full_paper_candidate,path/name indicates a complete examination paper or mock exam
/Users/shidianjin/Documents/高考英语/2013年高考真题----英语/2013年全国高考英语试题及答案-辽宁卷.doc,2013年高考真题----英语/2013年全国高考英语试题及答案-辽宁卷.doc,2013年全国高考英语试题及答案-辽宁卷.doc,.doc,2840576,2015-07-20T02:41:46+00:00,233a3cf92d35f7927df2d9c1107257f77d122b7e4674f8e55a58e534f83bf35e,ok,False,paper_only_candidate,full_paper_candidate,path/name indicates a complete examination paper or mock exam
/Users/shidianjin/Documents/高考英语/2013年高考真题----英语/2013年全国高考英语试题及答案-重庆卷.doc,2013年高考真题----英语/2013年全国高考英语试题及答案-重庆卷.doc,2013年全国高考英语试题及答案-重庆卷.doc,.doc,203776,2015-07-20T02:41:48+00:00,5ae2349488146cc6c8ae92c630db140cdffafa5a1b58a2728b5c89829b8e7d7c,ok,False,paper_only_candidate,full_paper_candidate,path/name indicates a complete examination paper or mock exam
/Users/shidianjin/Documents/高考英语/2013年高考真题----英语/2013年全国高考英语试题及答案-陕西卷.doc,2013年高考真题----英语/2013年全国高考英语试题及答案-陕西卷.doc,2013年全国高考英语试题及答案-陕西卷.doc,.doc,345600,2015-07-20T02:41:50+00:00,2f96666dec35e09ea4ea65d3a2938ff2dbbc1ba728318e60e563e1184c6d73f1,ok,False,paper_only_candidate,full_paper_candidate,path/name indicates a complete examination paper or mock exam
/Users/shidianjin/Documents/高考英语/2014·高考英语真题/2014年高考英语试卷（上海）（秋考）听力音频.mp3,2014·高考英语真题/2014年高考英语试卷（上海）（秋考）听力音频.mp3,2014年高考英语试卷（上海）（秋考）听力音频.mp3,.mp3,24166821,2026-08-26T07:35:50.591883+00:00,39bcd869437e43185075ad30a5add705f9336bca65f64e1c0b8b0a5ac00b0c7c,ok,False,paper_only_candidate,"full_paper_candidate,media_source",path/name indicates a complete examination paper or mock exam; audio/video source asset; establish mapping only
/Users/shidianjin/Documents/高考英语/2014·高考英语真题/2014年高考英语试卷（上海）（秋考）（空白卷）.doc,2014·高考英语真题/2014年高考英语试卷（上海）（秋考）（空白卷）.doc,2014年高考英语试卷（上海）（秋考）（空白卷）.doc,.doc,145920,2026-08-26T07:23:02.883516+00:00,5f000c9c6adaa00d59ce9ad7ff85b71060ec05b18d7dafa6430ceb270901efea,ok,False,paper_only_candidate,full_paper_candidate,path/name indicates a complete examination paper or mock exam
/Users/shidianjin/Documents/高考英语/2014·高考英语真题/2014年高考英语试卷（上海）（秋考）（解析卷）.doc,2014·高考英语真题/2014年高考英语试卷（上海）（秋考）（解析卷）.doc,2014年高考英语试卷（上海）（秋考）（解析卷）.doc,.doc,1325568,2026-08-26T07:23:25.060596+00:00,10d9948296b4623cc1330fc094c346c1ccb7a29b1d422fe13b68aa5e6a741fbf,ok,False,paper_only_candidate,full_paper_candidate,path/name indicates a complete examination paper or mock exam
/Users/shidianjin/Documents/高考英语/2014·高考英语真题/2014年高考英语试卷（北京）听力音频.mp3,2014·高考英语真题/2014年高考英语试卷（北京）听力音频.mp3,2014年高考英语试卷（北京）听力音频.mp3,.mp3,22284878,2026-08-26T07:32:33.732986+00:00,31fe1826595265292deb512a8a1015badc8b63d9c476ae5f9959a8d88b768c6a,ok,False,paper_only_candidate,"full_paper_candidate,media_source",path/name indicates a complete examination paper or mock exam; audio/video source asset; establish mapping only
/Users/shidianjin/Documents/高考英语/2014·高考英语真题/2014年高考英语试卷（北京）（空白卷）.doc,2014·高考英语真题/2014年高考英语试卷（北京）（空白卷）.doc,2014年高考英语试卷（北京）（空白卷）.doc,.doc,11757568,2026-08-26T07:32:30.849694+00:00,e8d05dd6a3bf57c78b4a12055b634242d379c4556baee464d31204f70ae4804d,ok,False,paper_only_candidate,full_paper_candidate,path/name indicates a complete examination paper or mock exam
/Users/shidianjin/Documents/高考英语/2014·高考英语真题/2014年高考英语试卷（北京）（解析卷）.doc,2014·高考英语真题/2014年高考英语试卷（北京）（解析卷）.doc,2014年高考英语试卷（北京）（解析卷）.doc,.doc,11788288,2026-08-26T07:32:13.179520+00:00,4cfcbf6d3a4b87a2b25d3735ecb6fbb53284fcb9bd392d05392693c01a7421b6,ok,False,paper_only_candidate,full_paper_candidate,path/name indicates a complete examination paper or mock exam
/Users/shidianjin/Documents/高考英语/2014·高考英语真题/2014年高考英语试卷（四川）（空白卷）.doc,2014·高考英语真题/2014年高考英语试卷（四川）（空白卷）.doc,2014年高考英语试卷（四川）（空白卷）.doc,.doc,71168,2026-08-26T07:22:54.905970+00:00,23d6305f35a788ccc89714cf207b324c05d7fe3c15fc93d271a005cbf2a15204,ok,False,paper_only_candidate,full_paper_candidate,path/name indicates a complete examination paper or mock exam
/Users/shidianjin/Documents/高考英语/2014·高考英语真题/2014年高考英语试卷（四川）（解析卷）.doc,2014·高考英语真题/2014年高考英语试卷（四川）（解析卷）.doc,2014年高考英语试卷（四川）（解析卷）.doc,.doc,99328,2026-08-26T07:22:48.923176+00:00,d43e94512d1694f14b658091fc159c8cc6690940565722227c4969fd6ac2f425,ok,False,paper_only_candidate,full_paper_candidate,path/name indicates a complete examination paper or mock exam
/Users/shidianjin/Documents/高考英语/2014·高考英语真题/2014年高考英语试卷（天津）（空白卷）.doc,2014·高考英语真题/2014年高考英语试卷（天津）（空白卷）.doc,2014年高考英语试卷（天津）（空白卷）.doc,.doc,72192,2026-08-26T07:23:11.719354+00:00,01901d675975455fc1329283546f57319a3f9ce69e472b869b04a5f8b7017e59,ok,False,paper_only_candidate,full_paper_candidate,path/name indicates a complete examination paper or mock exam
/Users/shidianjin/Documents/高考英语/2014·高考英语真题/2014年高考英语试卷（天津）（解析卷）.doc,2014·高考英语真题/2014年高考英语试卷（天津）（解析卷）.doc,2014年高考英语试卷（天津）（解析卷）.doc,.doc,130048,2026-08-26T07:23:10.353351+00:00,3594b637ba2fb7c38b4c67fcc6e3a8fcb623f87c3cf9151d7e9ecc540fae5a5d,ok,False,paper_only_candidate,full_paper_candidate,path/name indicates a complete examination paper or mock exam
/Users/shidianjin/Documents/高考英语/2014·高考英语真题/2014年高考英语试卷（安徽）听力音频.mp3,2014·高考英语真题/2014年高考英语试卷（安徽）听力音频.mp3,2014年高考英语试卷（安徽）听力音频.mp3,.mp3,10919018,2026-08-26T07:30:40.872005+00:00,e768724d35314c1aa6cd0e085ab825e5a8abd28c2a9e343bfba68f3b9c1bb928,ok,False,paper_only_candidate,"full_paper_candidate,media_source",path/name indicates a complete examination paper or mock exam; audio/video source asset; establish mapping only
/Users/shidianjin/Documents/高考英语/2014·高考英语真题/2014年高考英语试卷（安徽）（空白卷）.doc,2014·高考英语真题/2014年高考英语试卷（安徽）（空白卷）.doc,2014年高考英语试卷（安徽）（空白卷）.doc,.doc,160256,2026-08-26T07:16:26.898073+00:00,392acd81020d675ea007906c247f3f40cddc1d53138f16b8679431e62478f099,ok,False,paper_only_candidate,full_paper_candidate,path/name indicates a complete examination paper or mock exam
/Users/shidianjin/Documents/高考英语/2014·高考英语真题/2014年高考英语试卷（安徽）（解析卷）.doc,2014·高考英语真题/2014年高考英语试卷（安徽）（解析卷）.doc,2014年高考英语试卷（安徽）（解析卷）.doc,.doc,894976,2026-08-26T07:16:41.369636+00:00,18fd34e0496b2fd746ba9703f847f95c8c781ad605c31157a5acdf741224dcbc,ok,False,paper_only_candidate,full_paper_candidate,path/name indicates a complete examination paper or mock exam
/Users/shidianjin/Documents/高考英语/2014·高考英语真题/2014年高考英语试卷（山东）（空白卷）.doc,2014·高考英语真题/2014年高考英语试卷（山东）（空白卷）.doc,2014年高考英语试卷（山东）（空白卷）.doc,.doc,493056,2026-08-26T07:23:00.150613+00:00,805f1a1cd01696d087b7b969891ac9c0c7e105f3a2a90114bed41e6ecd5dc892,ok,False,paper_only_candidate,full_paper_candidate,path/name indicates a complete examination paper or mock exam
/Users/shidianjin/Documents/高考英语/2014·高考英语真题/2014年高考英语试卷（山东）（解析卷）.doc,2014·高考英语真题/2014年高考英语试卷（山东）（解析卷）.doc,2014年高考英语试卷（山东）（解析卷）.doc,.doc,2035712,2026-08-26T07:23:28.503184+00:00,c3a844cffc8b67f17161d3a860728c6d508f1ebd45b8f203347bfea5a22118f9,ok,False,paper_only_candidate,full_paper_candidate,path/name indicates a complete examination paper or mock exam
/Users/shidianjin/Documents/高考英语/2014·高考英语真题/2014年高考英语试卷（广东）（空白卷）.doc,2014·高考英语真题/2014年高考英语试卷（广东）（空白卷）.doc,2014年高考英语试卷（广东）（空白卷）.doc,.doc,601088,2026-08-26T07:20:22.414855+00:00,667fa19ed804d5f09e4c4802fc6ef0717fab6b388fc7e34746af426763fa559a,ok,False,paper_only_candidate,full_paper_candidate,path/name indicates a complete examination paper or mock exam
/Users/shidianjin/Documents/高考英语/2014·高考英语真题/2014年高考英语试卷（广东）（解析卷）.doc,2014·高考英语真题/2014年高考英语试卷（广东）（解析卷）.doc,2014年高考英语试卷（广东）（解析卷）.doc,.doc,2184192,2026-08-26T07:22:59.218709+00:00,ad2c321453b814dda410626849c5d9032a9737ff4cfa693dea15318f630aa0bc,ok,False,paper_only_candidate,full_paper_candidate,path/name indicates a complete examination paper or mock exam
/Users/shidianjin/Documents/高考英语/2014·高考英语真题/2014年高考英语试卷（新课标Ⅰ卷）听力音频.mp3,2014·高考英语真题/2014年高考英语试卷（新课标Ⅰ卷）听力音频.mp3,2014年高考英语试卷（新课标Ⅰ卷）听力音频.mp3,.mp3,21824732,2026-08-26T07:35:30.435134+00:00,266ed05695bc3422e31ffdf92c8d144909dc14d8e3f31ee1ad113d0b6a5d7233,ok,False,paper_only_candidate,"full_paper_candidate,media_source",path/name indicates a complete examination paper or mock exam; audio/video source asset; establish mapping only
/Users/shidianjin/Documents/高考英语/2014·高考英语真题/2014年高考英语试卷（新课标Ⅰ卷）（空白卷）.doc,2014·高考英语真题/2014年高考英语试卷（新课标Ⅰ卷）（空白卷）.doc,2014年高考英语试卷（新课标Ⅰ卷）（空白卷）.doc,.doc,115712,2026-08-26T07:23:14.279581+00:00,7b0c3f5a9f4a6371b086dc752db8a15c2f6db5252f9f646f5358f5a8b52ee71f,ok,False,paper_only_candidate,full_paper_candidate,path/name indicates a complete examination paper or mock exam
/Users/shidianjin/Documents/高考英语/2014·高考英语真题/2014年高考英语试卷（新课标Ⅰ卷）（解析卷）.doc,2014·高考英语真题/2014年高考英语试卷（新课标Ⅰ卷）（解析卷）.doc,2014年高考英语试卷（新课标Ⅰ卷）（解析卷）.doc,.doc,157696,2026-08-26T07:23:27.303142+00:00,1ec7ae82538f8fcb3c3f5e3efe31311edf221849bf4d5c6cd23552b569571905,ok,False,paper_only_candidate,full_paper_candidate,path/name indicates a complete examination paper or mock exam
/Users/shidianjin/Documents/高考英语/2014·高考英语真题/2014年高考英语试卷（新课标Ⅱ卷）（空白卷）.doc,2014·高考英语真题/2014年高考英语试卷（新课标Ⅱ卷）（空白卷）.doc,2014年高考英语试卷（新课标Ⅱ卷）（空白卷）.doc,.doc,84992,2026-08-26T07:23:41.286548+00:00,25ce7f39c004785a6a6c1b0a153aa6cdf3f597d6c32fa78a535ab59344b18892,ok,False,paper_only_candidate,full_paper_candidate,path/name indicates a complete examination paper or mock exam
/Users/shidianjin/Documents/高考英语/2014·高考英语真题/2014年高考英语试卷（新课标Ⅱ卷）（解析卷）.doc,2014·高考英语真题/2014年高考英语试卷（新课标Ⅱ卷）（解析卷）.doc,2014年高考英语试卷（新课标Ⅱ卷）（解析卷）.doc,.doc,128512,2026-08-26T07:23:32.146571+00:00,f3f14a6878331e6ff205a0b9392e4bbbca219a84e558230c83e8b3255b767fe5,ok,False,paper_only_candidate,full_paper_candidate,path/name indicates a complete examination paper or mock exam
/Users/shidianjin/Documents/高考英语/2014·高考英语真题/2014年高考英语试卷（江苏）听力音频.mp3,2014·高考英语真题/2014年高考英语试卷（江苏）听力音频.mp3,2014年高考英语试卷（江苏）听力音频.mp3,.mp3,10893314,2026-08-26T07:33:17.067129+00:00,dcb81680e5f59a0d5f71d1d3a08ca22071d9bfeda43d4185ec732fe41705805d,ok,False,paper_only_candidate,"full_paper_candidate,media_source",path/name indicates a complete examination paper or mock exam; audio/video source asset; establish mapping only
/Users/shidianjin/Documents/高考英语/2014·高考英语真题/2014年高考英语试卷（江苏）（空白卷）   .doc,2014·高考英语真题/2014年高考英语试卷（江苏）（空白卷）   .doc,2014年高考英语试卷（江苏）（空白卷）   .doc,.doc,526848,2026-08-26T07:21:33.043156+00:00,128cfd3cee59619e6107f7bf6e5b0486dbe5174085ebf1aa3a7cc6a0d6b79a8e,ok,False,paper_only_candidate,full_paper_candidate,path/name indicates a complete examination paper or mock exam
/Users/shidianjin/Documents/高考英语/2014·高考英语真题/2014年高考英语试卷（江苏）（解析卷）   .doc,2014·高考英语真题/2014年高考英语试卷（江苏）（解析卷）   .doc,2014年高考英语试卷（江苏）（解析卷）   .doc,.doc,696832,2026-08-26T07:21:30.624572+00:00,4c42459018b50f45e429d9b1078a30b1bf724ce90830c3efe4d3568b6070b947,ok,False,paper_only_candidate,full_paper_candidate,path/name indicates a complete examination paper or mock exam
/Users/shidianjin/Documents/高考英语/2014·高考英语真题/2014年高考英语试卷（江西）听力音频.mp3,2014·高考英语真题/2014年高考英语试卷（江西）听力音频.mp3,2014年高考英语试卷（江西）听力音频.mp3,.mp3,10893214,2026-08-26T07:34:05.140450+00:00,4d29b2ec007ff413a40d74d96a956eecc8d1547dd971af117c239fc1263bf3ae,ok,False,paper_only_candidate,"full_paper_candidate,media_source",path/name indicates a complete examination paper or mock exam; audio/video source asset; establish mapping only
/Users/shidianjin/Documents/高考英语/2014·高考英语真题/2014年高考英语试卷（江西）（空白卷）.doc,2014·高考英语真题/2014年高考英语试卷（江西）（空白卷）.doc,2014年高考英语试卷（江西）（空白卷）.doc,.doc,349696,2026-08-26T07:21:39.796790+00:00,9d6ed7f9340616fa1f82f232cc836b5f32cbfa716d71f7e4869a9542275642d1,ok,False,paper_only_candidate,full_paper_candidate,path/name indicates a complete examination paper or mock exam
/Users/shidianjin/Documents/高考英语/2014·高考英语真题/2014年高考英语试卷（江西）（解析卷）.doc,2014·高考英语真题/2014年高考英语试卷（江西）（解析卷）.doc,2014年高考英语试卷（江西）（解析卷）.doc,.doc,2421248,2026-08-26T07:22:20.679018+00:00,6764da4f23423cf94cec0fd26f3bbb72479acf6271606c2bcf6ea5ec5d00e8d1,ok,False,paper_only_candidate,full_paper_candidate,path/name indicates a complete examination paper or mock exam
/Users/shidianjin/Documents/高考英语/2014·高考英语真题/2014年高考英语试卷（浙江）（空白卷）.doc,2014·高考英语真题/2014年高考英语试卷（浙江）（空白卷）.doc,2014年高考英语试卷（浙江）（空白卷）.doc,.doc,75776,2026-08-26T07:23:43.082380+00:00,e032da3e934e277c8ab1d1d3051cb63b53d2564c791d4bdce5996c6805aa0bd2,ok,False,paper_only_candidate,full_paper_candidate,path/name indicates a complete examination paper or mock exam
/Users/shidianjin/Documents/高考英语/2014·高考英语真题/2014年高考英语试卷（浙江）（解析卷）.doc,2014·高考英语真题/2014年高考英语试卷（浙江）（解析卷）.doc,2014年高考英语试卷（浙江）（解析卷）.doc,.doc,137216,2026-08-26T07:23:43.862045+00:00,66e44a2c0c3db60b5c2c9e84a89c82331dcab4ec13b030e56a027ac30d734b6e,ok,False,paper_only_candidate,full_paper_candidate,path/name indicates a complete examination paper or mock exam
/Users/shidianjin/Documents/高考英语/2014·高考英语真题/2014年高考英语试卷（湖北）听力音频.mp3,2014·高考英语真题/2014年高考英语试卷（湖北）听力音频.mp3,2014年高考英语试卷（湖北）听力音频.mp3,.mp3,12120760,2026-08-26T07:33:17.724635+00:00,c2233643ff0a67ad90ec5d8b7d22155e6531dc096420add87b8fcdc1b0e4fb2e,ok,False,paper_only_candidate,"full_paper_candidate,media_source",path/name indicates a complete examination paper or mock exam; audio/video source asset; establish mapping only
/Users/shidianjin/Documents/高考英语/2014·高考英语真题/2014年高考英语试卷（湖北）（空白卷）.doc,2014·高考英语真题/2014年高考英语试卷（湖北）（空白卷）.doc,2014年高考英语试卷（湖北）（空白卷）.doc,.doc,265216,2026-08-26T07:20:13.261553+00:00,7005d7016118679e9e9573f720a97729f8c92a910ec5ae8827a699fa6eed0440,ok,False,paper_only_candidate,full_paper_candidate,path/name indicates a complete examination paper or mock exam
/Users/shidianjin/Documents/高考英语/2014·高考英语真题/2014年高考英语试卷（湖北）（解析卷）.doc,2014·高考英语真题/2014年高考英语试卷（湖北）（解析卷）.doc,2014年高考英语试卷（湖北）（解析卷）.doc,.doc,1977344,2026-08-26T07:20:11.676138+00:00,468aef29cb76e62a206cf0978bc7b16c8eb739cb9622c475d7ce4d1d05c41b86,ok,False,paper_only_candidate,full_paper_candidate,path/name indicates a complete examination paper or mock exam
/Users/shidianjin/Documents/高考英语/2014·高考英语真题/2014年高考英语试卷（湖南）听力音频.mp3,2014·高考英语真题/2014年高考英语试卷（湖南）听力音频.mp3,2014年高考英语试卷（湖南）听力音频.mp3,.mp3,9079163,2026-08-26T07:33:35.010146+00:00,309c5df2884c7a0f3369ebb5f8f6fc6fd0d7d43abddcb19682ff79633cb49118,ok,False,paper_only_candidate,"full_paper_candidate,media_source",path/name indicates a complete examination paper or mock exam; audio/video source asset; establish mapping only
/Users/shidianjin/Documents/高考英语/2014·高考英语真题/2014年高考英语试卷（湖南）（空白卷）.doc,2014·高考英语真题/2014年高考英语试卷（湖南）（空白卷）.doc,2014年高考英语试卷（湖南）（空白卷）.doc,.doc,297984,2026-08-26T07:20:50.311506+00:00,56d4d9bb71c0025eb3cd5fbdc13101012f312db850e14ebe024353ad0f2dd515,ok,False,paper_only_candidate,full_paper_candidate,path/name indicates a complete examination paper or mock exam
/Users/shidianjin/Documents/高考英语/2014·高考英语真题/2014年高考英语试卷（湖南）（解析卷）.doc,2014·高考英语真题/2014年高考英语试卷（湖南）（解析卷）.doc,2014年高考英语试卷（湖南）（解析卷）.doc,.doc,2303488,2026-08-26T07:23:01.835088+00:00,33eedece2c421687a38fb757a824a493b8e3edb58e35ac0e51099dd737e574d5,ok,False,paper_only_candidate,full_paper_candidate,path/name indicates a complete examination paper or mock exam
/Users/shidianjin/Documents/高考英语/2014·高考英语真题/2014年高考英语试卷（福建）（空白卷）.doc,2014·高考英语真题/2014年高考英语试卷（福建）（空白卷）.doc,2014年高考英语试卷（福建）（空白卷）.doc,.doc,412160,2026-08-26T07:19:32.931141+00:00,6c5d7e73b0e513be66c557b5610890cad8e21ec30cd29c6e08fefb6607516001,ok,False,paper_only_candidate,full_paper_candidate,path/name indicates a complete examination paper or mock exam
/Users/shidianjin/Documents/高考英语/2014·高考英语真题/2014年高考英语试卷（福建）（解析卷）.doc,2014·高考英语真题/2014年高考英语试卷（福建）（解析卷）.doc,2014年高考英语试卷（福建）（解析卷）.doc,.doc,2156032,2026-08-26T07:20:06.315223+00:00,9fc3a5592eb42952542183b2df0d5743aa394747016a2df57b79f4f7dce389d7,ok,False,paper_only_candidate,full_paper_candidate,path/name indicates a complete examination paper or mock exam
/Users/shidianjin/Documents/高考英语/2014·高考英语真题/2014年高考英语试卷（辽宁）听力音频.mp3,2014·高考英语真题/2014年高考英语试卷（辽宁）听力音频.mp3,2014年高考英语试卷（辽宁）听力音频.mp3,.mp3,5446593,2026-08-26T07:23:21.220786+00:00,79b0037900ab3ce406bf4fa72331845c045af6c29eecebff902bb8d17d715bae,ok,False,paper_only_candidate,"full_paper_candidate,media_source",path/name indicates a complete examination paper or mock exam; audio/video source asset; establish mapping only
/Users/shidianjin/Documents/高考英语/2014·高考英语真题/2014年高考英语试卷（辽宁）（空白卷）.doc,2014·高考英语真题/2014年高考英语试卷（辽宁）（空白卷）.doc,2014年高考英语试卷（辽宁）（空白卷）.doc,.doc,331264,2026-08-26T07:22:50.735533+00:00,a5999099c1e0898847e37be9a5580cc41ea933a7ab604cdb04aaccceb9127a79,ok,False,paper_only_candidate,full_paper_candidate,path/name indicates a complete examination paper or mock exam
/Users/shidianjin/Documents/高考英语/2014·高考英语真题/2014年高考英语试卷（辽宁）（解析卷）.doc,2014·高考英语真题/2014年高考英语试卷（辽宁）（解析卷）.doc,2014年高考英语试卷（辽宁）（解析卷）.doc,.doc,1953792,2026-08-26T07:22:18.229719+00:00,f28916bb831dc16095c5862e817fc3b36706a1bf1809f984736227c86e40a097,ok,False,paper_only_candidate,full_paper_candidate,path/name indicates a complete examination paper or mock exam
/Users/shidianjin/Documents/高考英语/2014·高考英语真题/2014年高考英语试卷（重庆）（空白卷）.doc,2014·高考英语真题/2014年高考英语试卷（重庆）（空白卷）.doc,2014年高考英语试卷（重庆）（空白卷）.doc,.doc,312832,2026-08-26T07:23:52.951657+00:00,246167363ee52969a724ebf9eff2b1af61153414298e99721f34dc9681d6871e,ok,False,paper_only_candidate,full_paper_candidate,path/name indicates a complete examination paper or mock exam
/Users/shidianjin/Documents/高考英语/2014·高考英语真题/2014年高考英语试卷（重庆）（解析卷）.doc,2014·高考英语真题/2014年高考英语试卷（重庆）（解析卷）.doc,2014年高考英语试卷（重庆）（解析卷）.doc,.doc,2045952,2026-08-26T07:24:23.323815+00:00,0c7ec1873dbff5f8c98490347809b852751852530fb0000f3d622bf87c2c96d3,ok,False,paper_only_candidate,full_paper_candidate,path/name indicates a complete examination paper or mock exam
/Users/shidianjin/Documents/高考英语/2014·高考英语真题/2014年高考英语试卷（陕西）（空白卷）.docx,2014·高考英语真题/2014年高考英语试卷（陕西）（空白卷）.docx,2014年高考英语试卷（陕西）（空白卷）.docx,.docx,87051,2026-08-26T07:23:08.010154+00:00,4a613d5c06906634958554a8c32ff2839c793f4e06427170254df220a753f3b1,ok,False,paper_only_candidate,full_paper_candidate,path/name indicates a complete examination paper or mock exam
/Users/shidianjin/Documents/高考英语/2014·高考英语真题/2014年高考英语试卷（陕西）（解析卷）.docx,2014·高考英语真题/2014年高考英语试卷（陕西）（解析卷）.docx,2014年高考英语试卷（陕西）（解析卷）.docx,.docx,1074169,2026-08-26T07:23:24.428890+00:00,5cd9241397753a9e8212ad1d35fb33f7200347b0c7f262f41e2a04b5ccca91d0,ok,False,paper_only_candidate,full_paper_candidate,path/name indicates a complete examination paper or mock exam
/Users/shidianjin/Documents/高考英语/2014年高考真题----英语/2014年全国高考英语试题及答案-上海卷.doc,2014年高考真题----英语/2014年全国高考英语试题及答案-上海卷.doc,2014年全国高考英语试题及答案-上海卷.doc,.doc,181760,2015-07-20T02:42:22+00:00,59574934bc889ed746551191c071c13fc00e6dabc4e7792b8365df4a357abb4e,ok,False,paper_only_candidate,full_paper_candidate,path/name indicates a complete examination paper or mock exam
/Users/shidianjin/Documents/高考英语/2014年高考真题----英语/2014年全国高考英语试题及答案-全国卷.doc,2014年高考真题----英语/2014年全国高考英语试题及答案-全国卷.doc,2014年全国高考英语试题及答案-全国卷.doc,.doc,79360,2015-07-20T02:42:22+00:00,838a34a3f3b1ee51763d7e2a486ed23db1fa20eae508f7afa2670ff32db330db,ok,False,paper_only_candidate,full_paper_candidate,path/name indicates a complete examination paper or mock exam
/Users/shidianjin/Documents/高考英语/2014年高考真题----英语/2014年全国高考英语试题及答案-北京卷.doc,2014年高考真题----英语/2014年全国高考英语试题及答案-北京卷.doc,2014年全国高考英语试题及答案-北京卷.doc,.doc,205312,2015-07-20T02:42:24+00:00,d566f6885d728b91be033cc5f9f1c342121dd15220722c549af1dd9f283518d7,ok,False,paper_only_candidate,full_paper_candidate,path/name indicates a complete examination paper or mock exam
/Users/shidianjin/Documents/高考英语/2014年高考真题----英语/2014年全国高考英语试题及答案-四川卷.doc,2014年高考真题----英语/2014年全国高考英语试题及答案-四川卷.doc,2014年全国高考英语试题及答案-四川卷.doc,.doc,164352,2015-07-20T02:42:24+00:00,2f891d33ed07329f388617242a30fae0a6f178b1bdb0bceb840b522ebff9972a,ok,False,paper_only_candidate,full_paper_candidate,path/name indicates a complete examination paper or mock exam
/Users/shidianjin/Documents/高考英语/2014年高考真题----英语/2014年全国高考英语试题及答案-天津卷.doc,2014年高考真题----英语/2014年全国高考英语试题及答案-天津卷.doc,2014年全国高考英语试题及答案-天津卷.doc,.doc,69120,2015-07-20T02:42:26+00:00,d7e95b0b714d4d81c51b128f002b492614d2709f4f25d144f9f26733cbd98ca9,ok,False,paper_only_candidate,full_paper_candidate,path/name indicates a complete examination paper or mock exam
/Users/shidianjin/Documents/高考英语/2014年高考真题----英语/2014年全国高考英语试题及答案-安徽卷.doc,2014年高考真题----英语/2014年全国高考英语试题及答案-安徽卷.doc,2014年全国高考英语试题及答案-安徽卷.doc,.doc,85504,2015-07-20T02:42:28+00:00,e4fb6175e25deaf3480c664ef2ed2df5e2312622fcfcf05433fcdcc9f99b03de,ok,False,paper_only_candidate,full_paper_candidate,path/name indicates a complete examination paper or mock exam
/Users/shidianjin/Documents/高考英语/2014年高考真题----英语/2014年全国高考英语试题及答案-山东卷.doc,2014年高考真题----英语/2014年全国高考英语试题及答案-山东卷.doc,2014年全国高考英语试题及答案-山东卷.doc,.doc,1171456,2015-07-20T02:42:30+00:00,460f1ed538864800be4e8837852919d0f498b58f3fccfab21ffe84d12ff573ef,ok,False,paper_only_candidate,full_paper_candidate,path/name indicates a complete examination paper or mock exam
/Users/shidianjin/Documents/高考英语/2014年高考真题----英语/2014年全国高考英语试题及答案-广东卷.doc,2014年高考真题----英语/2014年全国高考英语试题及答案-广东卷.doc,2014年全国高考英语试题及答案-广东卷.doc,.doc,254976,2015-07-20T02:42:30+00:00,72d6b701d7eaf8166b47e4b1e195ed7981695048373046b366a45bf754ceb4dc,ok,False,paper_only_candidate,full_paper_candidate,path/name indicates a complete examination paper or mock exam
/Users/shidianjin/Documents/高考英语/2014年高考真题----英语/2014年全国高考英语试题及答案-新课标1.doc,2014年高考真题----英语/2014年全国高考英语试题及答案-新课标1.doc,2014年全国高考英语试题及答案-新课标1.doc,.doc,162304,2015-07-20T02:42:46+00:00,1ec4ae1bfc620178db3dd174c21cd902eecb1bf80059456875dd228495bbef98,ok,False,paper_only_candidate,full_paper_candidate,path/name indicates a complete examination paper or mock exam
/Users/shidianjin/Documents/高考英语/2014年高考真题----英语/2014年全国高考英语试题及答案-新课标2.doc,2014年高考真题----英语/2014年全国高考英语试题及答案-新课标2.doc,2014年全国高考英语试题及答案-新课标2.doc,.doc,75776,2015-07-20T02:42:38+00:00,419ecaae5feaa9ee0e5fcb08dca52140cd77d2e871b0f70d1f2a3f23898ebaa9,ok,False,paper_only_candidate,full_paper_candidate,path/name indicates a complete examination paper or mock exam
/Users/shidianjin/Documents/高考英语/2014年高考真题----英语/2014年全国高考英语试题及答案-江苏卷.doc,2014年高考真题----英语/2014年全国高考英语试题及答案-江苏卷.doc,2014年全国高考英语试题及答案-江苏卷.doc,.doc,1688576,2015-07-20T02:42:34+00:00,3501d2f14b65fe75a834ff245477613a9b389233ac8e9d286f2f74fe3bf35879,ok,False,paper_only_candidate,full_paper_candidate,path/name indicates a complete examination paper or mock exam
/Users/shidianjin/Documents/高考英语/2014年高考真题----英语/2014年全国高考英语试题及答案-江西卷.doc,2014年高考真题----英语/2014年全国高考英语试题及答案-江西卷.doc,2014年全国高考英语试题及答案-江西卷.doc,.doc,76800,2015-07-20T02:42:36+00:00,f95d9aa4c0688d125567d0f79640c33f66977543dfe4dae8fe4a02d10bf69f6e,ok,False,paper_only_candidate,full_paper_candidate,path/name indicates a complete examination paper or mock exam
/Users/shidianjin/Documents/高考英语/2014年高考真题----英语/2014年全国高考英语试题及答案-浙江卷.doc,2014年高考真题----英语/2014年全国高考英语试题及答案-浙江卷.doc,2014年全国高考英语试题及答案-浙江卷.doc,.doc,84480,2015-07-20T02:42:36+00:00,fa6fede8af9217ff740d721e8a7849d61f05f592301f036ff3b1ade0df1ee0d2,ok,False,paper_only_candidate,full_paper_candidate,path/name indicates a complete examination paper or mock exam
/Users/shidianjin/Documents/高考英语/2014年高考真题----英语/2014年全国高考英语试题及答案-湖北卷.doc,2014年高考真题----英语/2014年全国高考英语试题及答案-湖北卷.doc,2014年全国高考英语试题及答案-湖北卷.doc,.doc,94720,2015-07-20T02:42:40+00:00,d74a2beaf541b71e3cda2ddecc3688ddeca9da6704e74c89bfa39b7dcc5b802a,ok,False,paper_only_candidate,full_paper_candidate,path/name indicates a complete examination paper or mock exam
/Users/shidianjin/Documents/高考英语/2014年高考真题----英语/2014年全国高考英语试题及答案-湖南卷.doc,2014年高考真题----英语/2014年全国高考英语试题及答案-湖南卷.doc,2014年全国高考英语试题及答案-湖南卷.doc,.doc,142336,2015-07-20T02:42:40+00:00,2cfc10810f59f30e137ab347326043f2109f5f079373a2ed5064ee0d56aa11dd,ok,False,paper_only_candidate,full_paper_candidate,path/name indicates a complete examination paper or mock exam
/Users/shidianjin/Documents/高考英语/2014年高考真题----英语/2014年全国高考英语试题及答案-福建卷.doc,2014年高考真题----英语/2014年全国高考英语试题及答案-福建卷.doc,2014年全国高考英语试题及答案-福建卷.doc,.doc,132608,2015-07-20T02:42:42+00:00,3b60eb0bdd2e2cf6c8155ed326895bef1e827680865e939d07b72c12d0fbad05,ok,False,paper_only_candidate,full_paper_candidate,path/name indicates a complete examination paper or mock exam
/Users/shidianjin/Documents/高考英语/2014年高考真题----英语/2014年全国高考英语试题及答案-辽宁卷.doc,2014年高考真题----英语/2014年全国高考英语试题及答案-辽宁卷.doc,2014年全国高考英语试题及答案-辽宁卷.doc,.doc,70656,2015-07-20T02:42:44+00:00,65eb16088438a1acda9ed83ea22f32db4901bd7ad7770e9a0e09265a64dbbf1a,ok,False,paper_only_candidate,full_paper_candidate,path/name indicates a complete examination paper or mock exam
/Users/shidianjin/Documents/高考英语/2014年高考真题----英语/2014年全国高考英语试题及答案-重庆卷.doc,2014年高考真题----英语/2014年全国高考英语试题及答案-重庆卷.doc,2014年全国高考英语试题及答案-重庆卷.doc,.doc,68096,2015-07-20T02:42:44+00:00,5df46380d5acb3cab2e3cfbf3eb457d72da7b3eedb0f1647e290382ed37b28af,ok,False,paper_only_candidate,full_paper_candidate,path/name indicates a complete examination paper or mock exam
/Users/shidianjin/Documents/高考英语/2014年高考真题----英语/2014年全国高考英语试题及答案-陕西卷.doc,2014年高考真题----英语/2014年全国高考英语试题及答案-陕西卷.doc,2014年全国高考英语试题及答案-陕西卷.doc,.doc,144896,2015-07-20T02:42:46+00:00,cecd49226fe42922e1a895d22d96f0cd2c49b1a7c5c7dd52f39fa9444c071ee0,ok,False,paper_only_candidate,full_paper_candidate,path/name indicates a complete examination paper or mock exam
/Users/shidianjin/Documents/高考英语/2015·高考英语真题/2015年高考英语试卷（上海）（秋考）听力音频.mp3,2015·高考英语真题/2015年高考英语试卷（上海）（秋考）听力音频.mp3,2015年高考英语试卷（上海）（秋考）听力音频.mp3,.mp3,24067287,2026-08-26T07:39:29.616048+00:00,ee1e963df5a42f933f4e6f71107c97bd0c3c2b26b03fe26d35bac7d985e26828,ok,False,paper_only_candidate,"full_paper_candidate,media_source",path/name indicates a complete examination paper or mock exam; audio/video source asset; establish mapping only
/Users/shidianjin/Documents/高考英语/2015·高考英语真题/2015年高考英语试卷（上海）（秋考）（空白卷）.doc,2015·高考英语真题/2015年高考英语试卷（上海）（秋考）（空白卷）.doc,2015年高考英语试卷（上海）（秋考）（空白卷）.doc,.doc,285696,2026-08-26T07:27:09.070752+00:00,7748432405690b6902c0768d6127ead33c61fa7bf7da2661d8868303915a11d2,ok,False,paper_only_candidate,full_paper_candidate,path/name indicates a complete examination paper or mock exam
/Users/shidianjin/Documents/高考英语/2015·高考英语真题/2015年高考英语试卷（上海）（秋考）（解析卷）.doc,2015·高考英语真题/2015年高考英语试卷（上海）（秋考）（解析卷）.doc,2015年高考英语试卷（上海）（秋考）（解析卷）.doc,.doc,2102784,2026-08-26T07:30:28.565675+00:00,0ea3e7910004202fd3dc740b0374106d444af7e0333ba3ae59b76f10cc1da7c1,ok,False,paper_only_candidate,full_paper_candidate,path/name indicates a complete examination paper or mock exam
/Users/shidianjin/Documents/高考英语/2015·高考英语真题/2015年高考英语试卷（北京）听力音频.mp3,2015·高考英语真题/2015年高考英语试卷（北京）听力音频.mp3,2015年高考英语试卷（北京）听力音频.mp3,.mp3,11460350,2026-08-26T07:36:53.530345+00:00,427a00188b5a95c0078a5a3dcdf69798601519b723caac813ae2c2fddcf0da9c,ok,False,paper_only_candidate,"full_paper_candidate,media_source",path/name indicates a complete examination paper or mock exam; audio/video source asset; establish mapping only
/Users/shidianjin/Documents/高考英语/2015·高考英语真题/2015年高考英语试卷（北京）（空白卷）.doc,2015·高考英语真题/2015年高考英语试卷（北京）（空白卷）.doc,2015年高考英语试卷（北京）（空白卷）.doc,.doc,292864,2026-08-26T07:24:51.563058+00:00,e727f9c4f95328a96e5b1f28034c5a276a8387cb8f1b69967209bb34de9723df,ok,False,paper_only_candidate,full_paper_candidate,path/name indicates a complete examination paper or mock exam
/Users/shidianjin/Documents/高考英语/2015·高考英语真题/2015年高考英语试卷（北京）（解析卷）.doc,2015·高考英语真题/2015年高考英语试卷（北京）（解析卷）.doc,2015年高考英语试卷（北京）（解析卷）.doc,.doc,324608,2026-08-26T07:24:28.566565+00:00,13abee51867ff1db4a23eaf6336c1fd9b20340d7c99f2bcecc3a3d85b926005e,ok,False,paper_only_candidate,full_paper_candidate,path/name indicates a complete examination paper or mock exam
/Users/shidianjin/Documents/高考英语/2015·高考英语真题/2015年高考英语试卷（四川）（空白卷）.doc,2015·高考英语真题/2015年高考英语试卷（四川）（空白卷）.doc,2015年高考英语试卷（四川）（空白卷）.doc,.doc,146432,2026-08-26T07:26:59.787794+00:00,665ab992b7cd9fa4dd4acd02e66cd4c800992ede5fba81e27a76cd6868d817c0,ok,False,paper_only_candidate,full_paper_candidate,path/name indicates a complete examination paper or mock exam
/Users/shidianjin/Documents/高考英语/2015·高考英语真题/2015年高考英语试卷（四川）（解析卷）.doc,2015·高考英语真题/2015年高考英语试卷（四川）（解析卷）.doc,2015年高考英语试卷（四川）（解析卷）.doc,.doc,235008,2026-08-26T07:27:08.200559+00:00,dbc50411597b8fea2556ba694d4c72d297f9bc384fa4f7f892d70fb1dbbe2dd8,ok,False,paper_only_candidate,full_paper_candidate,path/name indicates a complete examination paper or mock exam
/Users/shidianjin/Documents/高考英语/2015·高考英语真题/2015年高考英语试卷（天津）（空白卷）.doc,2015·高考英语真题/2015年高考英语试卷（天津）（空白卷）.doc,2015年高考英语试卷（天津）（空白卷）.doc,.doc,70144,2026-08-26T07:27:13.213784+00:00,7b17987c15b5d811a83731966825a081a44f9348c2005b3a574d90ecf522f05e,ok,False,paper_only_candidate,full_paper_candidate,path/name indicates a complete examination paper or mock exam
/Users/shidianjin/Documents/高考英语/2015·高考英语真题/2015年高考英语试卷（天津）（解析卷）.doc,2015·高考英语真题/2015年高考英语试卷（天津）（解析卷）.doc,2015年高考英语试卷（天津）（解析卷）.doc,.doc,106496,2026-08-26T07:27:11.594085+00:00,5eb363bb54e1679f0cbd20d1839acacd710bd1f1975b70acf600a62c77047308,ok,False,paper_only_candidate,full_paper_candidate,path/name indicates a complete examination paper or mock exam
/Users/shidianjin/Documents/高考英语/2015·高考英语真题/2015年高考英语试卷（安徽）听力音频.mp3,2015·高考英语真题/2015年高考英语试卷（安徽）听力音频.mp3,2015年高考英语试卷（安徽）听力音频.mp3,.mp3,9015713,2026-08-26T07:35:58.043554+00:00,0ba48ea96a607785df4a7790f6accd681006915c59ac2ace5984586c4af86c80,ok,False,paper_only_candidate,"full_paper_candidate,media_source",path/name indicates a complete examination paper or mock exam; audio/video source asset; establish mapping only
/Users/shidianjin/Documents/高考英语/2015·高考英语真题/2015年高考英语试卷（安徽）（空白卷）.docx,2015·高考英语真题/2015年高考英语试卷（安徽）（空白卷）.docx,2015年高考英语试卷（安徽）（空白卷）.docx,.docx,51490,2026-08-26T07:24:05.635546+00:00,df99fc19fb6001a28053145162f0e9a7a3e5f99c5095b8433c5314b660bf619f,ok,False,paper_only_candidate,full_paper_candidate,path/name indicates a complete examination paper or mock exam
/Users/shidianjin/Documents/高考英语/2015·高考英语真题/2015年高考英语试卷（安徽）（解析卷）.docx,2015·高考英语真题/2015年高考英语试卷（安徽）（解析卷）.docx,2015年高考英语试卷（安徽）（解析卷）.docx,.docx,556844,2026-08-26T07:24:04.143544+00:00,c39153e09efe4185440d8d26ace2af6bf246a9170045e7f9b8fbe4d2afab68b4,ok,False,paper_only_candidate,full_paper_candidate,path/name indicates a complete examination paper or mock exam
/Users/shidianjin/Documents/高考英语/2015·高考英语真题/2015年高考英语试卷（广东）（空白卷）.docx,2015·高考英语真题/2015年高考英语试卷（广东）（空白卷）.docx,2015年高考英语试卷（广东）（空白卷）.docx,.docx,289548,2026-08-26T07:25:46.739304+00:00,a35dab00c4dc201f8eb645f93dbe607e51cbf080beddc1e245880aa3ef99c946,ok,False,paper_only_candidate,full_paper_candidate,path/name indicates a complete examination paper or mock exam
/Users/shidianjin/Documents/高考英语/2015·高考英语真题/2015年高考英语试卷（广东）（解析卷）.doc,2015·高考英语真题/2015年高考英语试卷（广东）（解析卷）.doc,2015年高考英语试卷（广东）（解析卷）.doc,.doc,1683456,2026-08-26T07:25:41.293928+00:00,425005b74b416a30aad39f44aada9cca37ba31c0a31ae2dabc56173c8fa4ecf0,ok,False,paper_only_candidate,full_paper_candidate,path/name indicates a complete examination paper or mock exam
/Users/shidianjin/Documents/高考英语/2015·高考英语真题/2015年高考英语试卷（新课标Ⅰ卷）听力音频.mp3,2015·高考英语真题/2015年高考英语试卷（新课标Ⅰ卷）听力音频.mp3,2015年高考英语试卷（新课标Ⅰ卷）听力音频.mp3,.mp3,18069760,2026-08-26T07:40:00.844990+00:00,e2c9ce09864d510e204b01ccb7b0d8ea535c4b1b27cad2877d19f1b0d0e84ac4,ok,False,paper_only_candidate,"full_paper_candidate,media_source",path/name indicates a complete examination paper or mock exam; audio/video source asset; establish mapping only
/Users/shidianjin/Documents/高考英语/2015·高考英语真题/2015年高考英语试卷（新课标Ⅰ卷）（空白卷）.doc,2015·高考英语真题/2015年高考英语试卷（新课标Ⅰ卷）（空白卷）.doc,2015年高考英语试卷（新课标Ⅰ卷）（空白卷）.doc,.doc,63488,2026-08-26T07:27:20.497551+00:00,a7192ebafbaf079eb5bb28c3f27a862e243ae679297939dde331e0d3289dfcb2,ok,False,paper_only_candidate,full_paper_candidate,path/name indicates a complete examination paper or mock exam
/Users/shidianjin/Documents/高考英语/2015·高考英语真题/2015年高考英语试卷（新课标Ⅰ卷）（解析卷）.doc,2015·高考英语真题/2015年高考英语试卷（新课标Ⅰ卷）（解析卷）.doc,2015年高考英语试卷（新课标Ⅰ卷）（解析卷）.doc,.doc,95744,2026-08-26T07:27:13.016256+00:00,a4028e4ab40a253be19e728a2bff074cd0fadecf088847a967e63a147c0e5f31,ok,False,paper_only_candidate,full_paper_candidate,path/name indicates a complete examination paper or mock exam
/Users/shidianjin/Documents/高考英语/2015·高考英语真题/2015年高考英语试卷（新课标Ⅱ卷）（空白卷）.doc,2015·高考英语真题/2015年高考英语试卷（新课标Ⅱ卷）（空白卷）.doc,2015年高考英语试卷（新课标Ⅱ卷）（空白卷）.doc,.doc,91648,2026-08-26T07:27:36.527056+00:00,06f98419a571211712d7e6b6b657e3a8692cb08c2f16d12c10b9a0b23070748f,ok,False,paper_only_candidate,full_paper_candidate,path/name indicates a complete examination paper or mock exam
/Users/shidianjin/Documents/高考英语/2015·高考英语真题/2015年高考英语试卷（新课标Ⅱ卷）（解析卷）.doc,2015·高考英语真题/2015年高考英语试卷（新课标Ⅱ卷）（解析卷）.doc,2015年高考英语试卷（新课标Ⅱ卷）（解析卷）.doc,.doc,133632,2026-08-26T07:27:36.634717+00:00,94afd70b5074e1ecd12a67e28b8e4b643193182abf964c6fedbd428bba17542c,ok,False,paper_only_candidate,full_paper_candidate,path/name indicates a complete examination paper or mock exam
/Users/shidianjin/Documents/高考英语/2015·高考英语真题/2015年高考英语试卷（江苏）听力音频.mp3,2015·高考英语真题/2015年高考英语试卷（江苏）听力音频.mp3,2015年高考英语试卷（江苏）听力音频.mp3,.mp3,9015784,2026-08-26T07:38:50.536086+00:00,db9fc140ad4621fa2b46ecac960500744944fee4f762559bc01155d204d28764,ok,False,paper_only_candidate,"full_paper_candidate,media_source",path/name indicates a complete examination paper or mock exam; audio/video source asset; establish mapping only
/Users/shidianjin/Documents/高考英语/2015·高考英语真题/2015年高考英语试卷（江苏）（空白卷）   .doc,2015·高考英语真题/2015年高考英语试卷（江苏）（空白卷）   .doc,2015年高考英语试卷（江苏）（空白卷）   .doc,.doc,84992,2026-08-26T07:26:45.344470+00:00,033a8f4e900c649d5333acee2225e78c6f7a29a913b84c7a6b515c42f06efd3d,ok,False,paper_only_candidate,full_paper_candidate,path/name indicates a complete examination paper or mock exam
/Users/shidianjin/Documents/高考英语/2015·高考英语真题/2015年高考英语试卷（江苏）（解析卷）   .doc,2015·高考英语真题/2015年高考英语试卷（江苏）（解析卷）   .doc,2015年高考英语试卷（江苏）（解析卷）   .doc,.doc,395264,2026-08-26T07:27:20.121578+00:00,bbb86b01ae0ca72d0a9dc5c0fdbb913ba82b0c4f25beb9b5a58a6d4ea392e42c,ok,False,paper_only_candidate,full_paper_candidate,path/name indicates a complete examination paper or mock exam
/Users/shidianjin/Documents/高考英语/2015·高考英语真题/2015年高考英语试卷（浙江）（空白卷）.doc,2015·高考英语真题/2015年高考英语试卷（浙江）（空白卷）.doc,2015年高考英语试卷（浙江）（空白卷）.doc,.doc,229888,2026-08-26T07:27:38.541361+00:00,856fc1f5077dc78315ca78eb62f574f23de46913185317320f2f5eb4326d5ee7,ok,False,paper_only_candidate,full_paper_candidate,path/name indicates a complete examination paper or mock exam
/Users/shidianjin/Documents/高考英语/2015·高考英语真题/2015年高考英语试卷（浙江）（解析卷）.doc,2015·高考英语真题/2015年高考英语试卷（浙江）（解析卷）.doc,2015年高考英语试卷（浙江）（解析卷）.doc,.doc,701440,2026-08-26T07:27:50.425717+00:00,9c54a57982598fda6d884d30e79ba9e9713c8304b584403a0bf88ede8b57af8c,ok,False,paper_only_candidate,full_paper_candidate,path/name indicates a complete examination paper or mock exam
/Users/shidianjin/Documents/高考英语/2015·高考英语真题/2015年高考英语试卷（湖北）听力音频.mp3,2015·高考英语真题/2015年高考英语试卷（湖北）听力音频.mp3,2015年高考英语试卷（湖北）听力音频.mp3,.mp3,11843842,2026-08-26T07:37:44.184875+00:00,944e0391fade3c7347e06e96314791d036e2e81c0fcee279483a6f02227abd6e,ok,False,paper_only_candidate,"full_paper_candidate,media_source",path/name indicates a complete examination paper or mock exam; audio/video source asset; establish mapping only
/Users/shidianjin/Documents/高考英语/2015·高考英语真题/2015年高考英语试卷（湖北）（空白卷）.docx,2015·高考英语真题/2015年高考英语试卷（湖北）（空白卷）.docx,2015年高考英语试卷（湖北）（空白卷）.docx,.docx,43244,2026-08-26T07:25:44.389884+00:00,7f8c7825a4239c2f7faf1e8344e634fb22f8a8d52cc67782b65b11f4bbc597a3,ok,False,paper_only_candidate,full_paper_candidate,path/name indicates a complete examination paper or mock exam
/Users/shidianjin/Documents/高考英语/2015·高考英语真题/2015年高考英语试卷（湖北）（解析卷）.docx,2015·高考英语真题/2015年高考英语试卷（湖北）（解析卷）.docx,2015年高考英语试卷（湖北）（解析卷）.docx,.docx,1396965,2026-08-26T07:26:09.352885+00:00,b070573490c54f95a70d10aa61264ec04a4251bfc50483b1c8ec1f669faa8a8c,ok,False,paper_only_candidate,full_paper_candidate,path/name indicates a complete examination paper or mock exam
/Users/shidianjin/Documents/高考英语/2015·高考英语真题/2015年高考英语试卷（湖南）听力音频.mp3,2015·高考英语真题/2015年高考英语试卷（湖南）听力音频.mp3,2015年高考英语试卷（湖南）听力音频.mp3,.mp3,11761054,2026-08-26T07:38:15.045903+00:00,538b7a4ed0e52abfbc0709c612d7ba46637536577bfdb26cfdb77ed6382b366b,ok,False,paper_only_candidate,"full_paper_candidate,media_source",path/name indicates a complete examination paper or mock exam; audio/video source asset; establish mapping only
/Users/shidianjin/Documents/高考英语/2015·高考英语真题/2015年高考英语试卷（湖南）（空白卷）.doc,2015·高考英语真题/2015年高考英语试卷（湖南）（空白卷）.doc,2015年高考英语试卷（湖南）（空白卷）.doc,.doc,363008,2026-08-26T07:25:52.534270+00:00,4bc5376767f8dcf96cea76f16baefffe37423cdc0eeb78aac97746449c65b197,ok,False,paper_only_candidate,full_paper_candidate,path/name indicates a complete examination paper or mock exam
/Users/shidianjin/Documents/高考英语/2015·高考英语真题/2015年高考英语试卷（湖南）（解析卷）.doc,2015·高考英语真题/2015年高考英语试卷（湖南）（解析卷）.doc,2015年高考英语试卷（湖南）（解析卷）.doc,.doc,2031104,2026-08-26T07:29:03.271177+00:00,bf5326ebb08472652ea6613990928198e72f1f5b085137591755d71c8f0f1f8b,ok,False,paper_only_candidate,full_paper_candidate,path/name indicates a complete examination paper or mock exam
/Users/shidianjin/Documents/高考英语/2015·高考英语真题/2015年高考英语试卷（福建）（空白卷）.doc,2015·高考英语真题/2015年高考英语试卷（福建）（空白卷）.doc,2015年高考英语试卷（福建）（空白卷）.doc,.doc,330752,2026-08-26T07:25:51.202923+00:00,9e61d2bab57288ef7d91283a9fe60346d80b016b65a8fb53a3d4f385464cb5a4,ok,False,paper_only_candidate,full_paper_candidate,path/name indicates a complete examination paper or mock exam
/Users/shidianjin/Documents/高考英语/2015·高考英语真题/2015年高考英语试卷（福建）（解析卷）.doc,2015·高考英语真题/2015年高考英语试卷（福建）（解析卷）.doc,2015年高考英语试卷（福建）（解析卷）.doc,.doc,1894912,2026-08-26T07:25:54.985501+00:00,67a58de39c8145bd50f732a2d36c1f1cfd1dbdb0ce4230754be5f3cab1effd95,ok,False,paper_only_candidate,full_paper_candidate,path/name indicates a complete examination paper or mock exam
/Users/shidianjin/Documents/高考英语/2015·高考英语真题/2015年高考英语试卷（重庆）（空白卷）.docx,2015·高考英语真题/2015年高考英语试卷（重庆）（空白卷）.docx,2015年高考英语试卷（重庆）（空白卷）.docx,.docx,52280,2026-08-26T07:27:43.715315+00:00,cbeec81809285d2bf5753465704d4e04ba8f3832336cedf5523cc03b38ae841e,ok,False,paper_only_candidate,full_paper_candidate,path/name indicates a complete examination paper or mock exam
/Users/shidianjin/Documents/高考英语/2015·高考英语真题/2015年高考英语试卷（重庆）（解析卷）.docx,2015·高考英语真题/2015年高考英语试卷（重庆）（解析卷）.docx,2015年高考英语试卷（重庆）（解析卷）.docx,.docx,1265844,2026-08-26T07:28:02.080764+00:00,cb895322bd9152bfafff166e4c9677fd2ce533a492796c41e08e395d46553470,ok,False,paper_only_candidate,full_paper_candidate,path/name indicates a complete examination paper or mock exam
/Users/shidianjin/Documents/高考英语/2015·高考英语真题/2015年高考英语试卷（陕西）（空白卷）.doc,2015·高考英语真题/2015年高考英语试卷（陕西）（空白卷）.doc,2015年高考英语试卷（陕西）（空白卷）.doc,.doc,79872,2026-08-26T07:27:16.615443+00:00,45e0f700850f83dd6d4213748ab39bed1b9d0291e9c7dec747169f804141d552,ok,False,paper_only_candidate,full_paper_candidate,path/name indicates a complete examination paper or mock exam
/Users/shidianjin/Documents/高考英语/2015·高考英语真题/2015年高考英语试卷（陕西）（解析卷）.doc,2015·高考英语真题/2015年高考英语试卷（陕西）（解析卷）.doc,2015年高考英语试卷（陕西）（解析卷）.doc,.doc,589824,2026-08-26T07:27:15.859251+00:00,2d434dcd74bc3e926aafdae5a1d8d9bf69f39e0db70a930a80cf26bfea9f2d2d,ok,False,paper_only_candidate,full_paper_candidate,path/name indicates a complete examination paper or mock exam
/Users/shidianjin/Documents/高考英语/2015年高考真题----英语/2015年全国高考英语试题及答案-上海卷.doc,2015年高考真题----英语/2015年全国高考英语试题及答案-上海卷.doc,2015年全国高考英语试题及答案-上海卷.doc,.doc,3180032,2015-07-20T02:43:18+00:00,2c0782bc6135b4e360e5dc68a9a5cb75c20e7cb40ff798fccb5d39e309078bce,ok,False,paper_only_candidate,full_paper_candidate,path/name indicates a complete examination paper or mock exam
/Users/shidianjin/Documents/高考英语/2015年高考真题----英语/2015年全国高考英语试题及答案-北京卷.doc,2015年高考真题----英语/2015年全国高考英语试题及答案-北京卷.doc,2015年全国高考英语试题及答案-北京卷.doc,.doc,418816,2015-07-20T02:43:20+00:00,862005a0144ba5d1a8c71430593d4326a3521fe1611e2c013360b569d8f8d553,ok,False,paper_only_candidate,full_paper_candidate,path/name indicates a complete examination paper or mock exam
/Users/shidianjin/Documents/高考英语/2015年高考真题----英语/2015年全国高考英语试题及答案-四川卷.doc,2015年高考真题----英语/2015年全国高考英语试题及答案-四川卷.doc,2015年全国高考英语试题及答案-四川卷.doc,.doc,340992,2015-07-20T02:43:20+00:00,2243ffa55a72289ccc9df521f28f54a72e2d53532c4fcd511bcfc0678fab81a3,ok,False,paper_only_candidate,full_paper_candidate,path/name indicates a complete examination paper or mock exam
/Users/shidianjin/Documents/高考英语/2015年高考真题----英语/2015年全国高考英语试题及答案-天津卷.doc,2015年高考真题----英语/2015年全国高考英语试题及答案-天津卷.doc,2015年全国高考英语试题及答案-天津卷.doc,.doc,135168,2015-07-20T02:43:22+00:00,46ec3f32bb6987327b67dca29e027c1158c103d430b247b14f133911cb510947,ok,False,paper_only_candidate,full_paper_candidate,path/name indicates a complete examination paper or mock exam
/Users/shidianjin/Documents/高考英语/2015年高考真题----英语/2015年全国高考英语试题及答案-安徽卷.doc,2015年高考真题----英语/2015年全国高考英语试题及答案-安徽卷.doc,2015年全国高考英语试题及答案-安徽卷.doc,.doc,130560,2015-07-20T02:43:24+00:00,aab30a3df5832770b21c1e69e19fa9667309432016077d730761ae0bf8e8dbf0,ok,False,paper_only_candidate,full_paper_candidate,path/name indicates a complete examination paper or mock exam
/Users/shidianjin/Documents/高考英语/2015年高考真题----英语/2015年全国高考英语试题及答案-广东卷.doc,2015年高考真题----英语/2015年全国高考英语试题及答案-广东卷.doc,2015年全国高考英语试题及答案-广东卷.doc,.doc,74240,2015-07-20T02:43:26+00:00,a2ee28a1f40efeb1b7456a4617171ed8e2b447e8a13374a57d7914f114a7befe,ok,False,paper_only_candidate,full_paper_candidate,path/name indicates a complete examination paper or mock exam
/Users/shidianjin/Documents/高考英语/2015年高考真题----英语/2015年全国高考英语试题及答案-新课标1.doc,2015年高考真题----英语/2015年全国高考英语试题及答案-新课标1.doc,2015年全国高考英语试题及答案-新课标1.doc,.doc,145408,2015-07-20T02:43:28+00:00,ad99339ae7b70027ac9b0a82dcda2b2ed7b0cc1025eab343a6a43ac42cada24b,ok,False,paper_only_candidate,full_paper_candidate,path/name indicates a complete examination paper or mock exam
/Users/shidianjin/Documents/高考英语/2015年高考真题----英语/2015年全国高考英语试题及答案-新课标2.doc,2015年高考真题----英语/2015年全国高考英语试题及答案-新课标2.doc,2015年全国高考英语试题及答案-新课标2.doc,.doc,306688,2015-07-20T02:43:30+00:00,21fe9be8d39d6f87bc0969b3cce8353023ea0c9f98b6451432286e6f174efc35,ok,False,paper_only_candidate,full_paper_candidate,path/name indicates a complete examination paper or mock exam
/Users/shidianjin/Documents/高考英语/2015年高考真题----英语/2015年全国高考英语试题及答案-江苏卷.doc,2015年高考真题----英语/2015年全国高考英语试题及答案-江苏卷.doc,2015年全国高考英语试题及答案-江苏卷.doc,.doc,388608,2015-07-20T02:43:32+00:00,6b7fcbcc2afe9160da8017b82529c492701326ceac77b36c5426eca01ff7f35c,ok,False,paper_only_candidate,full_paper_candidate,path/name indicates a complete examination paper or mock exam
/Users/shidianjin/Documents/高考英语/2015年高考真题----英语/2015年全国高考英语试题及答案-浙江卷.doc,2015年高考真题----英语/2015年全国高考英语试题及答案-浙江卷.doc,2015年全国高考英语试题及答案-浙江卷.doc,.doc,277504,2015-07-20T02:43:34+00:00,1c3cfc3021ad821b9e9f071e2d216fe5a72e986bab3654e6563d8ef8cdf9488e,ok,False,paper_only_candidate,full_paper_candidate,path/name indicates a complete examination paper or mock exam
/Users/shidianjin/Documents/高考英语/2015年高考真题----英语/2015年全国高考英语试题及答案-湖北卷.doc,2015年高考真题----英语/2015年全国高考英语试题及答案-湖北卷.doc,2015年全国高考英语试题及答案-湖北卷.doc,.doc,86016,2015-07-20T02:43:36+00:00,0ac4fd7fa3c69b7f2e11bd9e1cf41374230f5ffbc3faa935b8734943fb378a71,ok,False,paper_only_candidate,full_paper_candidate,path/name indicates a complete examination paper or mock exam
/Users/shidianjin/Documents/高考英语/2015年高考真题----英语/2015年全国高考英语试题及答案-湖南卷.doc,2015年高考真题----英语/2015年全国高考英语试题及答案-湖南卷.doc,2015年全国高考英语试题及答案-湖南卷.doc,.doc,248320,2015-07-20T02:43:38+00:00,aee0e718c24e067a8ce25a8a30e7933fc51f8cdcdb253a6e12edef1940758887,ok,False,paper_only_candidate,full_paper_candidate,path/name indicates a complete examination paper or mock exam
/Users/shidianjin/Documents/高考英语/2015年高考真题----英语/2015年全国高考英语试题及答案-福建卷.doc,2015年高考真题----英语/2015年全国高考英语试题及答案-福建卷.doc,2015年全国高考英语试题及答案-福建卷.doc,.doc,1744896,2015-07-20T02:43:40+00:00,1e8db27c0031c153f00f94bea09e4d9541d9b64467c37bbf68ab7f319add88f8,ok,False,paper_only_candidate,full_paper_candidate,path/name indicates a complete examination paper or mock exam
/Users/shidianjin/Documents/高考英语/2015年高考真题----英语/2015年全国高考英语试题及答案-重庆卷.doc,2015年高考真题----英语/2015年全国高考英语试题及答案-重庆卷.doc,2015年全国高考英语试题及答案-重庆卷.doc,.doc,157696,2015-07-20T02:43:42+00:00,a98c884200a78a8085a2d3588e7bfa2d4019c36b48b1f57083c3fe2ef7bfa7b7,ok,False,paper_only_candidate,full_paper_candidate,path/name indicates a complete examination paper or mock exam
/Users/shidianjin/Documents/高考英语/2015年高考真题----英语/2015年全国高考英语试题及答案-陕西卷.doc,2015年高考真题----英语/2015年全国高考英语试题及答案-陕西卷.doc,2015年全国高考英语试题及答案-陕西卷.doc,.doc,111616,2015-07-20T02:43:42+00:00,76a26d3e39d3b8c68f39684ff6659cbbf5878257723fab4aa7da8333c76c1e1b,ok,False,paper_only_candidate,full_paper_candidate,path/name indicates a complete examination paper or mock exam
/Users/shidianjin/Documents/高考英语/2016·高考英语真题/2016年高考英语试卷（上海）（秋考）听力音频.mp3,2016·高考英语真题/2016年高考英语试卷（上海）（秋考）听力音频.mp3,2016年高考英语试卷（上海）（秋考）听力音频.mp3,.mp3,23743645,2026-08-26T07:42:17.754228+00:00,b7091b86f0af948d24abe48324784d7aa4bcb620b897d83d0df7946d1ef333c0,ok,False,paper_only_candidate,"full_paper_candidate,media_source",path/name indicates a complete examination paper or mock exam; audio/video source asset; establish mapping only
/Users/shidianjin/Documents/高考英语/2016·高考英语真题/2016年高考英语试卷（上海）（秋考）（空白卷）.doc,2016·高考英语真题/2016年高考英语试卷（上海）（秋考）（空白卷）.doc,2016年高考英语试卷（上海）（秋考）（空白卷）.doc,.doc,466944,2026-08-26T07:30:49.916508+00:00,8bfc7d6a06090fd96e3d9f3a13a3bbf04db045a908d9cbfe2033aa4dd34bdd13,ok,False,paper_only_candidate,full_paper_candidate,path/name indicates a complete examination paper or mock exam
/Users/shidianjin/Documents/高考英语/2016·高考英语真题/2016年高考英语试卷（上海）（秋考）（解析卷）.doc,2016·高考英语真题/2016年高考英语试卷（上海）（秋考）（解析卷）.doc,2016年高考英语试卷（上海）（秋考）（解析卷）.doc,.doc,829440,2026-08-26T07:30:25.249774+00:00,8cbf7262d66b1957d9059c7f204b4fdd503c41a2a8e6eab1c6f801c51d2d0242,ok,False,paper_only_candidate,full_paper_candidate,path/name indicates a complete examination paper or mock exam
/Users/shidianjin/Documents/高考英语/2016·高考英语真题/2016年高考英语试卷（北京）听力音频.mp3,2016·高考英语真题/2016年高考英语试卷（北京）听力音频.mp3,2016年高考英语试卷（北京）听力音频.mp3,.mp3,11378774,2026-08-26T07:40:57.067333+00:00,8f17a3960b6206b8b18211a8067bf2a0fda10b59d6dd4f36147607acebfecee5,ok,False,paper_only_candidate,"full_paper_candidate,media_source",path/name indicates a complete examination paper or mock exam; audio/video source asset; establish mapping only
/Users/shidianjin/Documents/高考英语/2016·高考英语真题/2016年高考英语试卷（北京）（空白卷）.doc,2016·高考英语真题/2016年高考英语试卷（北京）（空白卷）.doc,2016年高考英语试卷（北京）（空白卷）.doc,.doc,317440,2026-08-26T07:28:26.892010+00:00,4c697aa107745f38adfdacc3771bdc2a067055be3d53fbd9282ea211c1cd76e6,ok,False,paper_only_candidate,full_paper_candidate,path/name indicates a complete examination paper or mock exam
/Users/shidianjin/Documents/高考英语/2016·高考英语真题/2016年高考英语试卷（北京）（解析卷）.doc,2016·高考英语真题/2016年高考英语试卷（北京）（解析卷）.doc,2016年高考英语试卷（北京）（解析卷）.doc,.doc,363008,2026-08-26T07:28:09.595175+00:00,fa73a7bbb19d35c7a67910c1285fe9215ca5e6c226f8a56cdce82093fa037906,ok,False,paper_only_candidate,full_paper_candidate,path/name indicates a complete examination paper or mock exam
/Users/shidianjin/Documents/高考英语/2016·高考英语真题/2016年高考英语试卷（四川）听力音频.mp3,2016·高考英语真题/2016年高考英语试卷（四川）听力音频.mp3,2016年高考英语试卷（四川）听力音频.mp3,.mp3,11092425,2026-08-26T07:41:45.366587+00:00,e541a661f5ccfbaab82e01563f42ca154012a005c082976f3f770afae83c0a5f,ok,False,paper_only_candidate,"full_paper_candidate,media_source",path/name indicates a complete examination paper or mock exam; audio/video source asset; establish mapping only
/Users/shidianjin/Documents/高考英语/2016·高考英语真题/2016年高考英语试卷（四川）（空白卷）.docx,2016·高考英语真题/2016年高考英语试卷（四川）（空白卷）.docx,2016年高考英语试卷（四川）（空白卷）.docx,.docx,26785,2026-08-26T07:29:22.416314+00:00,ceff441d2e7e85e326bac95f01d9b18b683165ac0216bdb4606eb46e38c436d6,ok,False,paper_only_candidate,full_paper_candidate,path/name indicates a complete examination paper or mock exam
/Users/shidianjin/Documents/高考英语/2016·高考英语真题/2016年高考英语试卷（四川）（解析卷）.docx,2016·高考英语真题/2016年高考英语试卷（四川）（解析卷）.docx,2016年高考英语试卷（四川）（解析卷）.docx,.docx,49593,2026-08-26T07:29:22.580776+00:00,e4ef11a5826078d41c1bc551598f2a893713ffb85963c09a2f542eab281811c2,ok,False,paper_only_candidate,full_paper_candidate,path/name indicates a complete examination paper or mock exam
/Users/shidianjin/Documents/高考英语/2016·高考英语真题/2016年高考英语试卷（天津）（空白卷）.doc,2016·高考英语真题/2016年高考英语试卷（天津）（空白卷）.doc,2016年高考英语试卷（天津）（空白卷）.doc,.doc,76288,2026-08-26T07:30:29.291270+00:00,d984cbab9a5a3fa01fcaa5b8b085f217594d37136828fce84a1b0a43f228dcca,ok,False,paper_only_candidate,full_paper_candidate,path/name indicates a complete examination paper or mock exam
/Users/shidianjin/Documents/高考英语/2016·高考英语真题/2016年高考英语试卷（天津）（解析卷）.doc,2016·高考英语真题/2016年高考英语试卷（天津）（解析卷）.doc,2016年高考英语试卷（天津）（解析卷）.doc,.doc,116224,2026-08-26T07:30:27.785072+00:00,ead165f040c483c8c91c847d463fe19b86bc4ff1e93896c28a34689b0d7a86c1,ok,False,paper_only_candidate,full_paper_candidate,path/name indicates a complete examination paper or mock exam
/Users/shidianjin/Documents/高考英语/2016·高考英语真题/2016年高考英语试卷（新课标Ⅰ卷）（空白卷）.doc,2016·高考英语真题/2016年高考英语试卷（新课标Ⅰ卷）（空白卷）.doc,2016年高考英语试卷（新课标Ⅰ卷）（空白卷）.doc,.doc,70656,2026-08-26T07:30:36.934625+00:00,b94a9fe995f23ab3dc34e8e8523488d494ee2e3cdb11fa3a19c32c1fb562edd5,ok,False,paper_only_candidate,full_paper_candidate,path/name indicates a complete examination paper or mock exam
/Users/shidianjin/Documents/高考英语/2016·高考英语真题/2016年高考英语试卷（新课标Ⅰ卷）（解析卷）.doc,2016·高考英语真题/2016年高考英语试卷（新课标Ⅰ卷）（解析卷）.doc,2016年高考英语试卷（新课标Ⅰ卷）（解析卷）.doc,.doc,113664,2026-08-26T07:30:30.350341+00:00,4ace0e8cfc78a32135ca06db574612f3a9af55bd70c84744671044251841b2c0,ok,False,paper_only_candidate,full_paper_candidate,path/name indicates a complete examination paper or mock exam
/Users/shidianjin/Documents/高考英语/2016·高考英语真题/2016年高考英语试卷（新课标Ⅱ卷）听力音频.mp3,2016·高考英语真题/2016年高考英语试卷（新课标Ⅱ卷）听力音频.mp3,2016年高考英语试卷（新课标Ⅱ卷）听力音频.mp3,.mp3,5341334,2026-08-26T07:30:50.863854+00:00,c184d8c0d165fec750d442b8fc5b0269a8f4be89695c3b22331422e42773aebb,ok,False,paper_only_candidate,"full_paper_candidate,media_source",path/name indicates a complete examination paper or mock exam; audio/video source asset; establish mapping only
/Users/shidianjin/Documents/高考英语/2016·高考英语真题/2016年高考英语试卷（新课标Ⅱ卷）（空白卷）.doc,2016·高考英语真题/2016年高考英语试卷（新课标Ⅱ卷）（空白卷）.doc,2016年高考英语试卷（新课标Ⅱ卷）（空白卷）.doc,.doc,55808,2026-08-26T07:30:38.065941+00:00,108b9d30abdffe8e5d78b2f987534891dd8a636462ae380e0278411c38a07dd1,ok,False,paper_only_candidate,full_paper_candidate,path/name indicates a complete examination paper or mock exam
/Users/shidianjin/Documents/高考英语/2016·高考英语真题/2016年高考英语试卷（新课标Ⅱ卷）（解析卷）.doc,2016·高考英语真题/2016年高考英语试卷（新课标Ⅱ卷）（解析卷）.doc,2016年高考英语试卷（新课标Ⅱ卷）（解析卷）.doc,.doc,104448,2026-08-26T07:30:42.574598+00:00,e24d073db63109bdd0954a5493b0ce83d129d61ebd0162e25f9177647d707c9f,ok,False,paper_only_candidate,full_paper_candidate,path/name indicates a complete examination paper or mock exam
/Users/shidianjin/Documents/高考英语/2016·高考英语真题/2016年高考英语试卷（新课标Ⅲ卷）（空白卷）.doc,2016·高考英语真题/2016年高考英语试卷（新课标Ⅲ卷）（空白卷）.doc,2016年高考英语试卷（新课标Ⅲ卷）（空白卷）.doc,.doc,55296,2026-08-26T07:30:42.801094+00:00,1f371d8ef05db6ea8d1073a47e9be13b0e42c824e90bb1c10023977dd22c84d3,ok,False,paper_only_candidate,full_paper_candidate,path/name indicates a complete examination paper or mock exam
/Users/shidianjin/Documents/高考英语/2016·高考英语真题/2016年高考英语试卷（新课标Ⅲ卷）（解析卷）.doc,2016·高考英语真题/2016年高考英语试卷（新课标Ⅲ卷）（解析卷）.doc,2016年高考英语试卷（新课标Ⅲ卷）（解析卷）.doc,.doc,105984,2026-08-26T07:30:43.404806+00:00,58c20741a88b1ad066f589a49fd8c1469f3e2bb18cbdbeb6cd3873647ec15b0d,ok,False,paper_only_candidate,full_paper_candidate,path/name indicates a complete examination paper or mock exam
/Users/shidianjin/Documents/高考英语/2016·高考英语真题/2016年高考英语试卷（江苏）听力音频.mp3,2016·高考英语真题/2016年高考英语试卷（江苏）听力音频.mp3,2016年高考英语试卷（江苏）听力音频.mp3,.mp3,11092613,2026-08-26T07:40:58.715728+00:00,52595f2026ee6d6d9dfcfc744936ae1f545939d0583939eb789f1d40029499e9,ok,False,paper_only_candidate,"full_paper_candidate,media_source",path/name indicates a complete examination paper or mock exam; audio/video source asset; establish mapping only
/Users/shidianjin/Documents/高考英语/2016·高考英语真题/2016年高考英语试卷（江苏）（空白卷）   .doc,2016·高考英语真题/2016年高考英语试卷（江苏）（空白卷）   .doc,2016年高考英语试卷（江苏）（空白卷）   .doc,.doc,109056,2026-08-26T07:28:52.692044+00:00,0a5bb0ed0395f531aa2b9da51f6e792a7939998c541d0f2408f7651004cae15b,ok,False,paper_only_candidate,full_paper_candidate,path/name indicates a complete examination paper or mock exam
/Users/shidianjin/Documents/高考英语/2016·高考英语真题/2016年高考英语试卷（江苏）（解析卷）   .doc,2016·高考英语真题/2016年高考英语试卷（江苏）（解析卷）   .doc,2016年高考英语试卷（江苏）（解析卷）   .doc,.doc,141824,2026-08-26T07:28:43.529793+00:00,244a83957f0f07fcaeddebc9bb8f93e50ee92307c6f62fa8a6edc28b61406305,ok,False,paper_only_candidate,full_paper_candidate,path/name indicates a complete examination paper or mock exam
/Users/shidianjin/Documents/高考英语/2016·高考英语真题/2016年高考英语试卷（浙江）（10月）（空白卷）.doc,2016·高考英语真题/2016年高考英语试卷（浙江）（10月）（空白卷）.doc,2016年高考英语试卷（浙江）（10月）（空白卷）.doc,.doc,51200,2026-08-26T07:30:51.566063+00:00,b1b3f13aa5777d79d901d8cd420fe0d6043e85d195dd794f8ca5d8c7982822cc,ok,False,paper_only_candidate,full_paper_candidate,path/name indicates a complete examination paper or mock exam
/Users/shidianjin/Documents/高考英语/2016·高考英语真题/2016年高考英语试卷（浙江）（10月）（解析卷）.doc,2016·高考英语真题/2016年高考英语试卷（浙江）（10月）（解析卷）.doc,2016年高考英语试卷（浙江）（10月）（解析卷）.doc,.doc,87552,2026-08-26T07:30:50.205487+00:00,ac0486d80db2fcdf2d879afe0a45b694884e2a8afab87314f84e893f1eabf82e,ok,False,paper_only_candidate,full_paper_candidate,path/name indicates a complete examination paper or mock exam
/Users/shidianjin/Documents/高考英语/2016·高考英语真题/2016年高考英语试卷（浙江）（6月）听力音频.mp3,2016·高考英语真题/2016年高考英语试卷（浙江）（6月）听力音频.mp3,2016年高考英语试卷（浙江）（6月）听力音频.mp3,.mp3,18904840,2026-08-26T07:44:06.541160+00:00,1d1435a210611ce62889f065e1944af5dbdaab4ad70370355005fc69c3bc2b32,ok,False,paper_only_candidate,"full_paper_candidate,media_source",path/name indicates a complete examination paper or mock exam; audio/video source asset; establish mapping only
/Users/shidianjin/Documents/高考英语/2016·高考英语真题/2016年高考英语试卷（浙江）（6月）（空白卷）.docx,2016·高考英语真题/2016年高考英语试卷（浙江）（6月）（空白卷）.docx,2016年高考英语试卷（浙江）（6月）（空白卷）.docx,.docx,343216,2026-08-26T07:30:49.348240+00:00,782a35b56901ded89cce4e1697b3d56caf638e7086534a38b8733329d036b4f1,ok,False,paper_only_candidate,full_paper_candidate,path/name indicates a complete examination paper or mock exam
/Users/shidianjin/Documents/高考英语/2016·高考英语真题/2016年高考英语试卷（浙江）（6月）（解析卷）.docx,2016·高考英语真题/2016年高考英语试卷（浙江）（6月）（解析卷）.docx,2016年高考英语试卷（浙江）（6月）（解析卷）.docx,.docx,666806,2026-08-26T07:30:55.078188+00:00,0cef0f1da3d0784ab29049d7d26bef5b808b3d4f23f5e0bac8c3bd4af7531d8f,ok,False,paper_only_candidate,full_paper_candidate,path/name indicates a complete examination paper or mock exam
/Users/shidianjin/Documents/高考英语/2017·高考英语真题/2017年高考英语试卷（上海）（春考）听力音频.mp3,2017·高考英语真题/2017年高考英语试卷（上海）（春考）听力音频.mp3,2017年高考英语试卷（上海）（春考）听力音频.mp3,.mp3,12752792,2026-08-26T07:50:15.090097+00:00,aac1f7d2126bab152ab1bd3e9c78fcad00eb73e672e48218ea1a9ad7d101480a,ok,False,paper_only_candidate,"full_paper_candidate,media_source",path/name indicates a complete examination paper or mock exam; audio/video source asset; establish mapping only
/Users/shidianjin/Documents/高考英语/2017·高考英语真题/2017年高考英语试卷（上海）（春考）（空白卷）.docx,2017·高考英语真题/2017年高考英语试卷（上海）（春考）（空白卷）.docx,2017年高考英语试卷（上海）（春考）（空白卷）.docx,.docx,256904,2026-08-26T07:32:03.672241+00:00,2175c68009c7c5e436e74a24980366e77d1e77065006730245f8263f82d5854b,ok,False,paper_only_candidate,full_paper_candidate,path/name indicates a complete examination paper or mock exam
/Users/shidianjin/Documents/高考英语/2017·高考英语真题/2017年高考英语试卷（上海）（春考）（解析卷）.docx,2017·高考英语真题/2017年高考英语试卷（上海）（春考）（解析卷）.docx,2017年高考英语试卷（上海）（春考）（解析卷）.docx,.docx,47456,2026-08-26T07:31:57.385383+00:00,db7457c90fd392a8ff0c41626b4d469aa581a6cabfc99d8b60afa0510ae64ec1,ok,False,paper_only_candidate,full_paper_candidate,path/name indicates a complete examination paper or mock exam
/Users/shidianjin/Documents/高考英语/2017·高考英语真题/2017年高考英语试卷（上海）（秋考）听力音频.mp3,2017·高考英语真题/2017年高考英语试卷（上海）（秋考）听力音频.mp3,2017年高考英语试卷（上海）（秋考）听力音频.mp3,.mp3,23245798,2026-08-26T07:50:56.810879+00:00,f82e981121525c06cf9c1f3bf8f6188b6a5ba79ee69df8cdf66001b839eaa3f4,ok,False,paper_only_candidate,"full_paper_candidate,media_source",path/name indicates a complete examination paper or mock exam; audio/video source asset; establish mapping only
/Users/shidianjin/Documents/高考英语/2017·高考英语真题/2017年高考英语试卷（上海）（秋考）（空白卷）.doc,2017·高考英语真题/2017年高考英语试卷（上海）（秋考）（空白卷）.doc,2017年高考英语试卷（上海）（秋考）（空白卷）.doc,.doc,92672,2026-08-26T07:32:42.672660+00:00,aafe5ac422a2ac359ff19752b7de5fa87011e825338a44f02aca2652e7587053,ok,False,paper_only_candidate,full_paper_candidate,path/name indicates a complete examination paper or mock exam
/Users/shidianjin/Documents/高考英语/2017·高考英语真题/2017年高考英语试卷（上海）（秋考）（答案卷）.doc,2017·高考英语真题/2017年高考英语试卷（上海）（秋考）（答案卷）.doc,2017年高考英语试卷（上海）（秋考）（答案卷）.doc,.doc,34816,2026-08-26T07:32:31.560515+00:00,a1258d9569696890da3b3b64a62b5348c5df7b9da1e648a728fd7f555dcb6a6c,ok,False,paper_only_candidate,full_paper_candidate,path/name indicates a complete examination paper or mock exam
/Users/shidianjin/Documents/高考英语/2017·高考英语真题/2017年高考英语试卷（北京）听力音频.mp3,2017·高考英语真题/2017年高考英语试卷（北京）听力音频.mp3,2017年高考英语试卷（北京）听力音频.mp3,.mp3,11147261,2026-08-26T07:43:48.378073+00:00,fbd84b952661c34cff1cf4129c7ebc58e508b2b2430599e9887c7ac80ae0fafe,ok,False,paper_only_candidate,"full_paper_candidate,media_source",path/name indicates a complete examination paper or mock exam; audio/video source asset; establish mapping only
/Users/shidianjin/Documents/高考英语/2017·高考英语真题/2017年高考英语试卷（北京）（空白卷）.doc,2017·高考英语真题/2017年高考英语试卷（北京）（空白卷）.doc,2017年高考英语试卷（北京）（空白卷）.doc,.doc,184832,2026-08-26T07:31:43.604480+00:00,1bc612c3d4922a357af543211b23350db4e1f1475444b5eacc8f6859b138ce9f,ok,False,paper_only_candidate,full_paper_candidate,path/name indicates a complete examination paper or mock exam
/Users/shidianjin/Documents/高考英语/2017·高考英语真题/2017年高考英语试卷（北京）（解析卷）.doc,2017·高考英语真题/2017年高考英语试卷（北京）（解析卷）.doc,2017年高考英语试卷（北京）（解析卷）.doc,.doc,231424,2026-08-26T07:31:42.654945+00:00,73eb302aee445bfc7e6c057f5ba1f64c4d3aadde4592d0ebafc58009f78359b0,ok,False,paper_only_candidate,full_paper_candidate,path/name indicates a complete examination paper or mock exam
/Users/shidianjin/Documents/高考英语/2017·高考英语真题/2017年高考英语试卷（天津）（空白卷）.doc,2017·高考英语真题/2017年高考英语试卷（天津）（空白卷）.doc,2017年高考英语试卷（天津）（空白卷）.doc,.doc,71680,2026-08-26T07:32:35.243749+00:00,4e7a49a66743dbcec111770d89492b3d91a091fff90807e01425c89860dac3c1,ok,False,paper_only_candidate,full_paper_candidate,path/name indicates a complete examination paper or mock exam
/Users/shidianjin/Documents/高考英语/2017·高考英语真题/2017年高考英语试卷（天津）（解析卷）.doc,2017·高考英语真题/2017年高考英语试卷（天津）（解析卷）.doc,2017年高考英语试卷（天津）（解析卷）.doc,.doc,114176,2026-08-26T07:32:34.204927+00:00,cea8b0cef803bfb3cd4bc9f20241bdf8ae078fa0e17fabc9557ee0f32dcf9c15,ok,False,paper_only_candidate,full_paper_candidate,path/name indicates a complete examination paper or mock exam
/Users/shidianjin/Documents/高考英语/2017·高考英语真题/2017年高考英语试卷（新课标Ⅰ卷）（空白卷）.doc,2017·高考英语真题/2017年高考英语试卷（新课标Ⅰ卷）（空白卷）.doc,2017年高考英语试卷（新课标Ⅰ卷）（空白卷）.doc,.doc,71680,2026-08-26T07:32:53.014404+00:00,3f291f9e73af2ba1812e503a3cb7ca538f15d2b87ecf35c139d8bdbce19bd8fe,ok,False,paper_only_candidate,full_paper_candidate,path/name indicates a complete examination paper or mock exam
/Users/shidianjin/Documents/高考英语/2017·高考英语真题/2017年高考英语试卷（新课标Ⅰ卷）（解析卷）.doc,2017·高考英语真题/2017年高考英语试卷（新课标Ⅰ卷）（解析卷）.doc,2017年高考英语试卷（新课标Ⅰ卷）（解析卷）.doc,.doc,110080,2026-08-26T07:32:46.557166+00:00,69afcec8827f2d021774b59bcdc9ed6513c0f5c114e294a4732b5f3a6a2c4cfe,ok,False,paper_only_candidate,full_paper_candidate,path/name indicates a complete examination paper or mock exam
/Users/shidianjin/Documents/高考英语/2017·高考英语真题/2017年高考英语试卷（新课标Ⅱ卷）听力音频.mp3,2017·高考英语真题/2017年高考英语试卷（新课标Ⅱ卷）听力音频.mp3,2017年高考英语试卷（新课标Ⅱ卷）听力音频.mp3,.mp3,5490248,2026-08-26T07:34:33.991684+00:00,29d8a01fb32951238aad4a9c7a8790a0dc8b92a6a5db7386b4c0442cee36304d,ok,False,paper_only_candidate,"full_paper_candidate,media_source",path/name indicates a complete examination paper or mock exam; audio/video source asset; establish mapping only
/Users/shidianjin/Documents/高考英语/2017·高考英语真题/2017年高考英语试卷（新课标Ⅱ卷）（空白卷）.doc,2017·高考英语真题/2017年高考英语试卷（新课标Ⅱ卷）（空白卷）.doc,2017年高考英语试卷（新课标Ⅱ卷）（空白卷）.doc,.doc,69632,2026-08-26T07:33:12.586228+00:00,f0a381017ff565683586f2bb7e516b3f3043ae2ab3098b3230b0f653f070a0a5,ok,False,paper_only_candidate,full_paper_candidate,path/name indicates a complete examination paper or mock exam
/Users/shidianjin/Documents/高考英语/2017·高考英语真题/2017年高考英语试卷（新课标Ⅱ卷）（解析卷）.doc,2017·高考英语真题/2017年高考英语试卷（新课标Ⅱ卷）（解析卷）.doc,2017年高考英语试卷（新课标Ⅱ卷）（解析卷）.doc,.doc,121856,2026-08-26T07:33:08.327347+00:00,e9970015b43d4abecb55ce4ec88df233cacfaceb172ffa25ed867779693c9c68,ok,False,paper_only_candidate,full_paper_candidate,path/name indicates a complete examination paper or mock exam
/Users/shidianjin/Documents/高考英语/2017·高考英语真题/2017年高考英语试卷（新课标Ⅲ卷）（空白卷）.doc,2017·高考英语真题/2017年高考英语试卷（新课标Ⅲ卷）（空白卷）.doc,2017年高考英语试卷（新课标Ⅲ卷）（空白卷）.doc,.doc,71168,2026-08-26T07:33:20.561186+00:00,5d9a1bb4bdfd3d1e2baa0e7927e77881be4b824b92e066647d695753953195ab,ok,False,paper_only_candidate,full_paper_candidate,path/name indicates a complete examination paper or mock exam
/Users/shidianjin/Documents/高考英语/2017·高考英语真题/2017年高考英语试卷（新课标Ⅲ卷）（解析卷）.doc,2017·高考英语真题/2017年高考英语试卷（新课标Ⅲ卷）（解析卷）.doc,2017年高考英语试卷（新课标Ⅲ卷）（解析卷）.doc,.doc,123904,2026-08-26T07:33:26.801474+00:00,bf44e8a5cd6e38a8a5cb40733a8604dceb8412c407835fdfece7b8328afe4457,ok,False,paper_only_candidate,full_paper_candidate,path/name indicates a complete examination paper or mock exam
/Users/shidianjin/Documents/高考英语/2017·高考英语真题/2017年高考英语试卷（江苏）听力音频.mp3,2017·高考英语真题/2017年高考英语试卷（江苏）听力音频.mp3,2017年高考英语试卷（江苏）听力音频.mp3,.mp3,29479949,2026-08-26T07:45:37.565276+00:00,329350c264596a3a05cfb025c412371bfbe4b6d4116ea443a2d233235d8462e7,ok,False,paper_only_candidate,"full_paper_candidate,media_source",path/name indicates a complete examination paper or mock exam; audio/video source asset; establish mapping only
/Users/shidianjin/Documents/高考英语/2017·高考英语真题/2017年高考英语试卷（江苏）（空白卷）   .doc,2017·高考英语真题/2017年高考英语试卷（江苏）（空白卷）   .doc,2017年高考英语试卷（江苏）（空白卷）   .doc,.doc,1152000,2026-08-26T07:34:04.160192+00:00,d279f12ddf24f000aed684dbf1be21bd2a7a1bf34100d81f926d173082f7d9bf,ok,False,paper_only_candidate,full_paper_candidate,path/name indicates a complete examination paper or mock exam
/Users/shidianjin/Documents/高考英语/2017·高考英语真题/2017年高考英语试卷（江苏）（解析卷）   .doc,2017·高考英语真题/2017年高考英语试卷（江苏）（解析卷）   .doc,2017年高考英语试卷（江苏）（解析卷）   .doc,.doc,329728,2026-08-26T07:31:49.468346+00:00,c3bbb885aa04f2d59784f6c7c7ac7e58723f2614f02f2820f38bd6118a37a59f,ok,False,paper_only_candidate,full_paper_candidate,path/name indicates a complete examination paper or mock exam
/Users/shidianjin/Documents/高考英语/2017·高考英语真题/2017年高考英语试卷（浙江）（11月）听力音频.mp3,2017·高考英语真题/2017年高考英语试卷（浙江）（11月）听力音频.mp3,2017年高考英语试卷（浙江）（11月）听力音频.mp3,.mp3,17428190,2026-08-26T07:50:23.685371+00:00,583db154db8703ae6b42925aa367070712a82869dfd19f3f893208b6107c0716,ok,False,paper_only_candidate,"full_paper_candidate,media_source",path/name indicates a complete examination paper or mock exam; audio/video source asset; establish mapping only
/Users/shidianjin/Documents/高考英语/2017·高考英语真题/2017年高考英语试卷（浙江）（11月）（空白卷）.doc,2017·高考英语真题/2017年高考英语试卷（浙江）（11月）（空白卷）.doc,2017年高考英语试卷（浙江）（11月）（空白卷）.doc,.doc,58368,2026-08-26T07:34:05.365693+00:00,fdaa93d18e64494cdd39aeaf5426789234239a01c7f3e0f4609f81d627da940f,ok,False,paper_only_candidate,full_paper_candidate,path/name indicates a complete examination paper or mock exam
/Users/shidianjin/Documents/高考英语/2017·高考英语真题/2017年高考英语试卷（浙江）（11月）（解析卷）.doc,2017·高考英语真题/2017年高考英语试卷（浙江）（11月）（解析卷）.doc,2017年高考英语试卷（浙江）（11月）（解析卷）.doc,.doc,94720,2026-08-26T07:33:45.400198+00:00,11aa3a75a1aad6e4a9eaf450141d744be96894f2966b09b974907b36188709d5,ok,False,paper_only_candidate,full_paper_candidate,path/name indicates a complete examination paper or mock exam
/Users/shidianjin/Documents/高考英语/2017·高考英语真题/2017年高考英语试卷（浙江）（6月）听力音频.mp3,2017·高考英语真题/2017年高考英语试卷（浙江）（6月）听力音频.mp3,2017年高考英语试卷（浙江）（6月）听力音频.mp3,.mp3,19783390,2026-08-26T07:49:02.149473+00:00,bfd4f3a2c96b033e93832dfb0fc5422340d1474e29fba455799a8e62e788c2e8,ok,False,paper_only_candidate,"full_paper_candidate,media_source",path/name indicates a complete examination paper or mock exam; audio/video source asset; establish mapping only
/Users/shidianjin/Documents/高考英语/2017·高考英语真题/2017年高考英语试卷（浙江）（6月）（空白卷）.docx,2017·高考英语真题/2017年高考英语试卷（浙江）（6月）（空白卷）.docx,2017年高考英语试卷（浙江）（6月）（空白卷）.docx,.docx,26120,2026-08-26T07:33:35.107511+00:00,a2379a1d91cd8d8d307b745fc59207c3569d91dba56ef5c46bcca06b8fb3f240,ok,False,paper_only_candidate,full_paper_candidate,path/name indicates a complete examination paper or mock exam
/Users/shidianjin/Documents/高考英语/2017·高考英语真题/2017年高考英语试卷（浙江）（6月）（解析卷）.docx,2017·高考英语真题/2017年高考英语试卷（浙江）（6月）（解析卷）.docx,2017年高考英语试卷（浙江）（6月）（解析卷）.docx,.docx,585773,2026-08-26T07:33:43.694041+00:00,44e433b79245653a803355341a73505f8d000635d9e69c4112d4a2030026f25c,ok,False,paper_only_candidate,full_paper_candidate,path/name indicates a complete examination paper or mock exam
/Users/shidianjin/Documents/高考英语/2017年高考真题----英语/英语 全国卷Ⅰ@高考直通车.pdf,2017年高考真题----英语/英语 全国卷Ⅰ@高考直通车.pdf,英语 全国卷Ⅰ@高考直通车.pdf,.pdf,1377317,2026-03-11T13:43:14.977834+00:00,7a046f84c0fe7a4278bc137ddbcf48e892322b975d7f4a8d52cb3afff372f1ff,ok,False,paper_only_candidate,full_paper_candidate,path/name indicates a complete examination paper or mock exam
/Users/shidianjin/Documents/高考英语/2017年高考真题----英语/英语 全国卷Ⅱ@高考直通车.pdf,2017年高考真题----英语/英语 全国卷Ⅱ@高考直通车.pdf,英语 全国卷Ⅱ@高考直通车.pdf,.pdf,1581273,2026-03-11T13:43:17.744684+00:00,04640bc11851827378ca02938d5a279a683d7e9f60b222c69c60db9001b932bd,ok,False,paper_only_candidate,full_paper_candidate,path/name indicates a complete examination paper or mock exam
/Users/shidianjin/Documents/高考英语/2017年高考真题----英语/英语 全国卷Ⅲ@高考直通车.pdf,2017年高考真题----英语/英语 全国卷Ⅲ@高考直通车.pdf,英语 全国卷Ⅲ@高考直通车.pdf,.pdf,1543104,2026-03-11T13:43:19.704216+00:00,7b034fab5bd8379b39f0d11b22eb1072291d94a045fe056dda3dc6151ead72e3,ok,False,paper_only_candidate,full_paper_candidate,path/name indicates a complete examination paper or mock exam
/Users/shidianjin/Documents/高考英语/2017年高考真题----英语/英语 北京卷@高考直通车.pdf,2017年高考真题----英语/英语 北京卷@高考直通车.pdf,英语 北京卷@高考直通车.pdf,.pdf,2158386,2026-03-11T13:43:11.641532+00:00,bd27ad8c63d1d13a0ec00d2b3e6b56b90c65fb8ce0fa875c7bec6cd6c4dd5a39,ok,False,paper_only_candidate,full_paper_candidate,path/name indicates a complete examination paper or mock exam
/Users/shidianjin/Documents/高考英语/2017年高考真题----英语/英语 天津卷@高考直通车.pdf,2017年高考真题----英语/英语 天津卷@高考直通车.pdf,英语 天津卷@高考直通车.pdf,.pdf,1882239,2026-03-11T13:43:20.746996+00:00,3e662e1919870b1a30edaec5acc30b89aeb7ea8cde9e0ae9ef06f138819488fa,ok,False,paper_only_candidate,full_paper_candidate,path/name indicates a complete examination paper or mock exam
/Users/shidianjin/Documents/高考英语/2017年高考真题----英语/英语 江苏卷@高考直通车.pdf,2017年高考真题----英语/英语 江苏卷@高考直通车.pdf,英语 江苏卷@高考直通车.pdf,.pdf,2238493,2026-03-11T13:43:15.369579+00:00,afbd67d2bafeb5836381f222c3d465576882e810ec4811094f65113c48d60006,ok,False,paper_only_candidate,full_paper_candidate,path/name indicates a complete examination paper or mock exam
/Users/shidianjin/Documents/高考英语/2017年高考真题----英语/英语 浙江卷@高考直通车.pdf,2017年高考真题----英语/英语 浙江卷@高考直通车.pdf,英语 浙江卷@高考直通车.pdf,.pdf,1525679,2026-03-11T13:43:22.909734+00:00,9b7325945c632099dfcb462ff738b717e97a5b7ab91ac51de24499a1090f863a,ok,False,paper_only_candidate,full_paper_candidate,path/name indicates a complete examination paper or mock exam
/Users/shidianjin/Documents/高考英语/2018·高考英语真题/2018年高考英语试卷（上海）（春考）听力音频.mp3,2018·高考英语真题/2018年高考英语试卷（上海）（春考）听力音频.mp3,2018年高考英语试卷（上海）（春考）听力音频.mp3,.mp3,3815803,2026-08-26T07:34:44.789385+00:00,40799369a8a7bd89ba45f2705a505c522feda6881a13b279839eb4a163a4840a,ok,False,paper_only_candidate,"full_paper_candidate,media_source",path/name indicates a complete examination paper or mock exam; audio/video source asset; establish mapping only
/Users/shidianjin/Documents/高考英语/2018·高考英语真题/2018年高考英语试卷（上海）（春考）（空白卷）.doc,2018·高考英语真题/2018年高考英语试卷（上海）（春考）（空白卷）.doc,2018年高考英语试卷（上海）（春考）（空白卷）.doc,.doc,313856,2026-08-26T07:35:18.641486+00:00,ae8a709c7ff003508c5d1a4b98ac6f12ff78a862013b3ac0d87c18c0b80a73cb,ok,False,paper_only_candidate,full_paper_candidate,path/name indicates a complete examination paper or mock exam
/Users/shidianjin/Documents/高考英语/2018·高考英语真题/2018年高考英语试卷（上海）（春考）（解析卷）.doc,2018·高考英语真题/2018年高考英语试卷（上海）（春考）（解析卷）.doc,2018年高考英语试卷（上海）（春考）（解析卷）.doc,.doc,42496,2026-08-26T07:34:40.844852+00:00,c1f077cc8cef295ba110fbe14ab706a4272973be33c0829d9b12fd47a3332fd4,ok,False,paper_only_candidate,full_paper_candidate,path/name indicates a complete examination paper or mock exam
/Users/shidianjin/Documents/高考英语/2018·高考英语真题/2018年高考英语试卷（上海）（秋考）听力音频.mp3,2018·高考英语真题/2018年高考英语试卷（上海）（秋考）听力音频.mp3,2018年高考英语试卷（上海）（秋考）听力音频.mp3,.mp3,23571298,2026-08-26T07:52:55.689822+00:00,9a4f119b077b8334dab2a2d9baf29b6ab017a3a75c7392bdfe69ba42c2a8743e,ok,False,paper_only_candidate,"full_paper_candidate,media_source",path/name indicates a complete examination paper or mock exam; audio/video source asset; establish mapping only
/Users/shidianjin/Documents/高考英语/2018·高考英语真题/2018年高考英语试卷（上海）（秋考）（空白卷）.doc,2018·高考英语真题/2018年高考英语试卷（上海）（秋考）（空白卷）.doc,2018年高考英语试卷（上海）（秋考）（空白卷）.doc,.doc,966144,2026-08-26T07:36:41.957581+00:00,eefd8f4d6438616d9b32390186d31802e5caf67b78bcc728bd16f605ca3195fb,ok,False,paper_only_candidate,full_paper_candidate,path/name indicates a complete examination paper or mock exam
/Users/shidianjin/Documents/高考英语/2018·高考英语真题/2018年高考英语试卷（上海）（秋考）（答案卷）.doc,2018·高考英语真题/2018年高考英语试卷（上海）（秋考）（答案卷）.doc,2018年高考英语试卷（上海）（秋考）（答案卷）.doc,.doc,34816,2026-08-26T07:35:07.333357+00:00,ea8959cd5f3ee2a6bf3e86a39e9656fc7c5b6c7b706d89cdfb8b0dc126b44932,ok,False,paper_only_candidate,full_paper_candidate,path/name indicates a complete examination paper or mock exam
/Users/shidianjin/Documents/高考英语/2018·高考英语真题/2018年高考英语试卷（北京）（机考 无听力）（空白卷）.doc,2018·高考英语真题/2018年高考英语试卷（北京）（机考 无听力）（空白卷）.doc,2018年高考英语试卷（北京）（机考 无听力）（空白卷）.doc,.doc,568320,2026-08-26T07:34:39.575352+00:00,7e0b805c8da541aa273d2a5258f60f96d522cee450eacf540a8e96164fff5807,ok,False,paper_only_candidate,full_paper_candidate,path/name indicates a complete examination paper or mock exam
/Users/shidianjin/Documents/高考英语/2018·高考英语真题/2018年高考英语试卷（北京）（机考 无听力）（解析卷）.doc,2018·高考英语真题/2018年高考英语试卷（北京）（机考 无听力）（解析卷）.doc,2018年高考英语试卷（北京）（机考 无听力）（解析卷）.doc,.doc,615424,2026-08-26T07:34:17.625731+00:00,a14d2b2ebc57a435dc2b103d076567cb101ff9d1d5d1d960f9d922424cedc965,ok,False,paper_only_candidate,full_paper_candidate,path/name indicates a complete examination paper or mock exam
/Users/shidianjin/Documents/高考英语/2018·高考英语真题/2018年高考英语试卷（天津）（空白卷）.doc,2018·高考英语真题/2018年高考英语试卷（天津）（空白卷）.doc,2018年高考英语试卷（天津）（空白卷）.doc,.doc,77824,2026-08-26T07:35:11.683743+00:00,7cb6846fd54d9f0c69d4094687574acd3f4c21df5cbe1abce5217cfdd2396177,ok,False,paper_only_candidate,full_paper_candidate,path/name indicates a complete examination paper or mock exam
/Users/shidianjin/Documents/高考英语/2018·高考英语真题/2018年高考英语试卷（天津）（解析卷）.doc,2018·高考英语真题/2018年高考英语试卷（天津）（解析卷）.doc,2018年高考英语试卷（天津）（解析卷）.doc,.doc,122880,2026-08-26T07:35:10.543086+00:00,e53af09dd13fd824d9360566ea3aa3c9f839b14b89833c9d713af47e2a424dda,ok,False,paper_only_candidate,full_paper_candidate,path/name indicates a complete examination paper or mock exam
/Users/shidianjin/Documents/高考英语/2018·高考英语真题/2018年高考英语试卷（新课标Ⅰ卷）听力音频.mp3,2018·高考英语真题/2018年高考英语试卷（新课标Ⅰ卷）听力音频.mp3,2018年高考英语试卷（新课标Ⅰ卷）听力音频.mp3,.mp3,11467615,2026-08-26T07:52:18.667338+00:00,cffbab8aee7aa60d84bd27762671d27dd597eed45c8ba05f96c1ab5add7e7aad,ok,False,paper_only_candidate,"full_paper_candidate,media_source",path/name indicates a complete examination paper or mock exam; audio/video source asset; establish mapping only
/Users/shidianjin/Documents/高考英语/2018·高考英语真题/2018年高考英语试卷（新课标Ⅰ卷）（空白卷）.doc,2018·高考英语真题/2018年高考英语试卷（新课标Ⅰ卷）（空白卷）.doc,2018年高考英语试卷（新课标Ⅰ卷）（空白卷）.doc,.doc,59392,2026-08-26T07:35:46.114333+00:00,068cff5216b5598c925a2c70f5cc7fd1784e77e3cc433055be75033a726df978,ok,False,paper_only_candidate,full_paper_candidate,path/name indicates a complete examination paper or mock exam
/Users/shidianjin/Documents/高考英语/2018·高考英语真题/2018年高考英语试卷（新课标Ⅰ卷）（解析卷）.doc,2018·高考英语真题/2018年高考英语试卷（新课标Ⅰ卷）（解析卷）.doc,2018年高考英语试卷（新课标Ⅰ卷）（解析卷）.doc,.doc,100352,2026-08-26T07:35:43.660899+00:00,b8439a0853ed719776712600e18b9b3a0545d2d6569cbf5727e45564ef4937b9,ok,False,paper_only_candidate,full_paper_candidate,path/name indicates a complete examination paper or mock exam
/Users/shidianjin/Documents/高考英语/2018·高考英语真题/2018年高考英语试卷（新课标Ⅱ卷）听力音频.mp3,2018·高考英语真题/2018年高考英语试卷（新课标Ⅱ卷）听力音频.mp3,2018年高考英语试卷（新课标Ⅱ卷）听力音频.mp3,.mp3,11035438,2026-08-26T07:53:19.139082+00:00,f15fee0fef874c97f1cb926493637c8ccf98ef3ddf5a6f65a5b4accd0beb76ae,ok,False,paper_only_candidate,"full_paper_candidate,media_source",path/name indicates a complete examination paper or mock exam; audio/video source asset; establish mapping only
/Users/shidianjin/Documents/高考英语/2018·高考英语真题/2018年高考英语试卷（新课标Ⅱ卷）（空白卷）.doc,2018·高考英语真题/2018年高考英语试卷（新课标Ⅱ卷）（空白卷）.doc,2018年高考英语试卷（新课标Ⅱ卷）（空白卷）.doc,.doc,59904,2026-08-26T07:36:13.730802+00:00,9b26687baafaf9f556e1b5a51587d0a86d2d91e01bd5ee4114cd5f98104123e7,ok,False,paper_only_candidate,full_paper_candidate,path/name indicates a complete examination paper or mock exam
/Users/shidianjin/Documents/高考英语/2018·高考英语真题/2018年高考英语试卷（新课标Ⅱ卷）（解析卷）.doc,2018·高考英语真题/2018年高考英语试卷（新课标Ⅱ卷）（解析卷）.doc,2018年高考英语试卷（新课标Ⅱ卷）（解析卷）.doc,.doc,98816,2026-08-26T07:36:16.983043+00:00,795b42de17894f0a4dc358b46275faa9c19bea4d8564446913849c1e130b33e8,ok,False,paper_only_candidate,full_paper_candidate,path/name indicates a complete examination paper or mock exam
/Users/shidianjin/Documents/高考英语/2018·高考英语真题/2018年高考英语试卷（新课标Ⅲ卷）（空白卷）.doc,2018·高考英语真题/2018年高考英语试卷（新课标Ⅲ卷）（空白卷）.doc,2018年高考英语试卷（新课标Ⅲ卷）（空白卷）.doc,.doc,64000,2026-08-26T07:36:21.102405+00:00,60f4574e05043da196435a2a1f8d72d833f91a1e18bdfe41e1487bdfe0d053bf,ok,False,paper_only_candidate,full_paper_candidate,path/name indicates a complete examination paper or mock exam
/Users/shidianjin/Documents/高考英语/2018·高考英语真题/2018年高考英语试卷（新课标Ⅲ卷）（解析卷）.doc,2018·高考英语真题/2018年高考英语试卷（新课标Ⅲ卷）（解析卷）.doc,2018年高考英语试卷（新课标Ⅲ卷）（解析卷）.doc,.doc,108544,2026-08-26T07:36:16.319424+00:00,bef3439338c5aa4e029c5fc26bbfcfa938e5efe114516eba18eae5c604478c70,ok,False,paper_only_candidate,full_paper_candidate,path/name indicates a complete examination paper or mock exam
/Users/shidianjin/Documents/高考英语/2018·高考英语真题/2018年高考英语试卷（江苏）听力音频.mp3,2018·高考英语真题/2018年高考英语试卷（江苏）听力音频.mp3,2018年高考英语试卷（江苏）听力音频.mp3,.mp3,11463576,2026-08-26T07:51:15.503730+00:00,7f0ac2a1e9d58d8face82e4e2d072aa58864538289312a826151471c2cffaa0f,ok,False,paper_only_candidate,"full_paper_candidate,media_source",path/name indicates a complete examination paper or mock exam; audio/video source asset; establish mapping only
/Users/shidianjin/Documents/高考英语/2018·高考英语真题/2018年高考英语试卷（江苏）（空白卷）   .doc,2018·高考英语真题/2018年高考英语试卷（江苏）（空白卷）   .doc,2018年高考英语试卷（江苏）（空白卷）   .doc,.doc,1549824,2026-08-26T07:37:13.924999+00:00,6740f74d18d9f11599d23716a90ea8d1b870a68a757dc9bf4129ce7a8be1a953,ok,False,paper_only_candidate,full_paper_candidate,path/name indicates a complete examination paper or mock exam
/Users/shidianjin/Documents/高考英语/2018·高考英语真题/2018年高考英语试卷（江苏）（解析卷）   .doc,2018·高考英语真题/2018年高考英语试卷（江苏）（解析卷）   .doc,2018年高考英语试卷（江苏）（解析卷）   .doc,.doc,1880576,2026-08-26T07:34:42.020364+00:00,7626d00b8136cabe54f72318163d912863fd9342ef58b43145809a50cc946977,ok,False,paper_only_candidate,full_paper_candidate,path/name indicates a complete examination paper or mock exam
/Users/shidianjin/Documents/高考英语/2018·高考英语真题/2018年高考英语试卷（浙江）（11月）听力音频.mp3,2018·高考英语真题/2018年高考英语试卷（浙江）（11月）听力音频.mp3,2018年高考英语试卷（浙江）（11月）听力音频.mp3,.mp3,22279024,2026-08-26T07:56:17.778863+00:00,528e1e8e4cdceab1c01a6ecd061933a715b60df8be6c25e60103e09960641f6a,ok,False,paper_only_candidate,"full_paper_candidate,media_source",path/name indicates a complete examination paper or mock exam; audio/video source asset; establish mapping only
/Users/shidianjin/Documents/高考英语/2018·高考英语真题/2018年高考英语试卷（浙江）（11月）（空白卷）.docx,2018·高考英语真题/2018年高考英语试卷（浙江）（11月）（空白卷）.docx,2018年高考英语试卷（浙江）（11月）（空白卷）.docx,.docx,28044,2026-08-26T07:36:55.951211+00:00,f871245366c09bfafc886577301d40d83703017e6bd382c51a122d46de0ec39d,ok,False,paper_only_candidate,full_paper_candidate,path/name indicates a complete examination paper or mock exam
/Users/shidianjin/Documents/高考英语/2018·高考英语真题/2018年高考英语试卷（浙江）（11月）（解析卷）.docx,2018·高考英语真题/2018年高考英语试卷（浙江）（11月）（解析卷）.docx,2018年高考英语试卷（浙江）（11月）（解析卷）.docx,.docx,43107,2026-08-26T07:36:56.699477+00:00,a76c8e5d728f564ea92026b6743be7e72b5c7ef457b51fe0ea8fee7c320b10f1,ok,False,paper_only_candidate,full_paper_candidate,path/name indicates a complete examination paper or mock exam
/Users/shidianjin/Documents/高考英语/2018·高考英语真题/2018年高考英语试卷（浙江）（6月）听力音频.mp3,2018·高考英语真题/2018年高考英语试卷（浙江）（6月）听力音频.mp3,2018年高考英语试卷（浙江）（6月）听力音频.mp3,.mp3,18746015,2026-08-26T07:54:27.142185+00:00,dccd0f3cd356039557e473ebe1524911b56a677ff85244b80e3fd6fe6c7ab4e4,ok,False,paper_only_candidate,"full_paper_candidate,media_source",path/name indicates a complete examination paper or mock exam; audio/video source asset; establish mapping only
/Users/shidianjin/Documents/高考英语/2018·高考英语真题/2018年高考英语试卷（浙江）（6月）（空白卷）.docx,2018·高考英语真题/2018年高考英语试卷（浙江）（6月）（空白卷）.docx,2018年高考英语试卷（浙江）（6月）（空白卷）.docx,.docx,28399,2026-08-26T07:36:54.768319+00:00,03f3449ba7a50f66f63ad3b0b62c776bc73e55afe51462a2b96f446f003234c8,ok,False,paper_only_candidate,full_paper_candidate,path/name indicates a complete examination paper or mock exam
/Users/shidianjin/Documents/高考英语/2018·高考英语真题/2018年高考英语试卷（浙江）（6月）（解析卷）.docx,2018·高考英语真题/2018年高考英语试卷（浙江）（6月）（解析卷）.docx,2018年高考英语试卷（浙江）（6月）（解析卷）.docx,.docx,41599,2026-08-26T07:36:18.110522+00:00,f59d7294ae98b1e1ebcaa42aa1de2a0b7677a575026f913ea4c5cc03389543c9,ok,False,paper_only_candidate,full_paper_candidate,path/name indicates a complete examination paper or mock exam
/Users/shidianjin/Documents/高考英语/2019·高考英语真题/2019年高考英语试卷（上海）（春考）听力音频.mp3,2019·高考英语真题/2019年高考英语试卷（上海）（春考）听力音频.mp3,2019年高考英语试卷（上海）（春考）听力音频.mp3,.mp3,2983583,2026-08-26T07:39:40.266299+00:00,965f63905fc4f1b49709b7500a250a300eb6c9d86f4e0fdab311e601bcb856bc,ok,False,paper_only_candidate,"full_paper_candidate,media_source",path/name indicates a complete examination paper or mock exam; audio/video source asset; establish mapping only
/Users/shidianjin/Documents/高考英语/2019·高考英语真题/2019年高考英语试卷（上海）（春考）（空白卷）.doc,2019·高考英语真题/2019年高考英语试卷（上海）（春考）（空白卷）.doc,2019年高考英语试卷（上海）（春考）（空白卷）.doc,.doc,73728,2026-08-26T07:37:48.394549+00:00,9745f8c6a7247f942f490592138d46e27aa7d6196281176fd728fd6b5c23d245,ok,False,paper_only_candidate,full_paper_candidate,path/name indicates a complete examination paper or mock exam
/Users/shidianjin/Documents/高考英语/2019·高考英语真题/2019年高考英语试卷（上海）（春考）（解析卷）.doc,2019·高考英语真题/2019年高考英语试卷（上海）（春考）（解析卷）.doc,2019年高考英语试卷（上海）（春考）（解析卷）.doc,.doc,112128,2026-08-26T07:37:44.927654+00:00,36d5c8a22ace694a62d2314705038de8e47ffbfbd550d15cfce95a44a34ff707,ok,False,paper_only_candidate,full_paper_candidate,path/name indicates a complete examination paper or mock exam
/Users/shidianjin/Documents/高考英语/2019·高考英语真题/2019年高考英语试卷（上海）（秋考）听力音频.mp3,2019·高考英语真题/2019年高考英语试卷（上海）（秋考）听力音频.mp3,2019年高考英语试卷（上海）（秋考）听力音频.mp3,.mp3,23394391,2026-08-26T08:02:34.174682+00:00,7f20820765bf4daece6fae13eb3f16b3f649b29a1eecb683bc0129398b5084af,ok,False,paper_only_candidate,"full_paper_candidate,media_source",path/name indicates a complete examination paper or mock exam; audio/video source asset; establish mapping only
/Users/shidianjin/Documents/高考英语/2019·高考英语真题/2019年高考英语试卷（上海）（秋考）（空白卷）.doc,2019·高考英语真题/2019年高考英语试卷（上海）（秋考）（空白卷）.doc,2019年高考英语试卷（上海）（秋考）（空白卷）.doc,.doc,97792,2026-08-26T07:38:17.755820+00:00,e46bec8d796782ac551da1e604d87f855419976ba37828fe0e0f135da820f1e6,ok,False,paper_only_candidate,full_paper_candidate,path/name indicates a complete examination paper or mock exam
/Users/shidianjin/Documents/高考英语/2019·高考英语真题/2019年高考英语试卷（上海）（秋考）（答案卷）.doc,2019·高考英语真题/2019年高考英语试卷（上海）（秋考）（答案卷）.doc,2019年高考英语试卷（上海）（秋考）（答案卷）.doc,.doc,33280,2026-08-26T07:38:16.278095+00:00,97a94a3c75076b8d01533f33b55bedef7acd0c655e01f366242a9ba2287a76ab,ok,False,paper_only_candidate,full_paper_candidate,path/name indicates a complete examination paper or mock exam
/Users/shidianjin/Documents/高考英语/2019·高考英语真题/2019年高考英语试卷（北京）（机考 无听力）（空白卷）.doc,2019·高考英语真题/2019年高考英语试卷（北京）（机考 无听力）（空白卷）.doc,2019年高考英语试卷（北京）（机考 无听力）（空白卷）.doc,.doc,430080,2026-08-26T07:37:05.135907+00:00,7cb99ae64020f9a753a53234e70c9f3e14b7b8c78dc000ca63fc9ab331110d9b,ok,False,paper_only_candidate,full_paper_candidate,path/name indicates a complete examination paper or mock exam
/Users/shidianjin/Documents/高考英语/2019·高考英语真题/2019年高考英语试卷（北京）（机考 无听力）（解析卷）.doc,2019·高考英语真题/2019年高考英语试卷（北京）（机考 无听力）（解析卷）.doc,2019年高考英语试卷（北京）（机考 无听力）（解析卷）.doc,.doc,460800,2026-08-26T07:37:41.058900+00:00,52d70282372f7f45c9111facea4b36b623f2ad6fd952c8ba1fbff58cf3309802,ok,False,paper_only_candidate,full_paper_candidate,path/name indicates a complete examination paper or mock exam
/Users/shidianjin/Documents/高考英语/2019·高考英语真题/2019年高考英语试卷（天津）（空白卷）.doc,2019·高考英语真题/2019年高考英语试卷（天津）（空白卷）.doc,2019年高考英语试卷（天津）（空白卷）.doc,.doc,77824,2026-08-26T07:38:21.067780+00:00,105d719e7649fae637cbcc495df3f51ce24256e3e8d5adf9ad920b05b272689d,ok,False,paper_only_candidate,full_paper_candidate,path/name indicates a complete examination paper or mock exam
/Users/shidianjin/Documents/高考英语/2019·高考英语真题/2019年高考英语试卷（天津）（解析卷）.doc,2019·高考英语真题/2019年高考英语试卷（天津）（解析卷）.doc,2019年高考英语试卷（天津）（解析卷）.doc,.doc,126464,2026-08-26T07:38:20.246623+00:00,b9078852c447de458219a04556559654e49ad335474db35a52f1e5474e546f50,ok,False,paper_only_candidate,full_paper_candidate,path/name indicates a complete examination paper or mock exam
/Users/shidianjin/Documents/高考英语/2019·高考英语真题/2019年高考英语试卷（新课标Ⅰ卷）听力音频.mp3,2019·高考英语真题/2019年高考英语试卷（新课标Ⅰ卷）听力音频.mp3,2019年高考英语试卷（新课标Ⅰ卷）听力音频.mp3,.mp3,11785130,2026-08-26T07:56:52.683323+00:00,b5f24ed9d390e0689514c7b22e471efa220688c8e0a11a1b4584a545ddb0ecee,ok,False,paper_only_candidate,"full_paper_candidate,media_source",path/name indicates a complete examination paper or mock exam; audio/video source asset; establish mapping only
/Users/shidianjin/Documents/高考英语/2019·高考英语真题/2019年高考英语试卷（新课标Ⅰ卷）（空白卷）.doc,2019·高考英语真题/2019年高考英语试卷（新课标Ⅰ卷）（空白卷）.doc,2019年高考英语试卷（新课标Ⅰ卷）（空白卷）.doc,.doc,60416,2026-08-26T07:38:22.725389+00:00,c9d83ee270719cfaf3fd5396c1659ea6317b88eb5a9acb3558c4de3247c87560,ok,False,paper_only_candidate,full_paper_candidate,path/name indicates a complete examination paper or mock exam
/Users/shidianjin/Documents/高考英语/2019·高考英语真题/2019年高考英语试卷（新课标Ⅰ卷）（解析卷）.doc,2019·高考英语真题/2019年高考英语试卷（新课标Ⅰ卷）（解析卷）.doc,2019年高考英语试卷（新课标Ⅰ卷）（解析卷）.doc,.doc,112128,2026-08-26T07:38:21.918674+00:00,b17a6decd7757148cdeb5e9879e2db0fd64cac94aae133592ce362fa1cdafb33,ok,False,paper_only_candidate,full_paper_candidate,path/name indicates a complete examination paper or mock exam
/Users/shidianjin/Documents/高考英语/2019·高考英语真题/2019年高考英语试卷（新课标Ⅱ卷）听力音频.mp3,2019·高考英语真题/2019年高考英语试卷（新课标Ⅱ卷）听力音频.mp3,2019年高考英语试卷（新课标Ⅱ卷）听力音频.mp3,.mp3,11760998,2026-08-26T07:58:04.602425+00:00,ae76f4906cc0eee94b81d33a4f71430a89eed982273346c7914a2dd65fc3cc19,ok,False,paper_only_candidate,"full_paper_candidate,media_source",path/name indicates a complete examination paper or mock exam; audio/video source asset; establish mapping only
/Users/shidianjin/Documents/高考英语/2019·高考英语真题/2019年高考英语试卷（新课标Ⅱ卷）（空白卷）.doc,2019·高考英语真题/2019年高考英语试卷（新课标Ⅱ卷）（空白卷）.doc,2019年高考英语试卷（新课标Ⅱ卷）（空白卷）.doc,.doc,60416,2026-08-26T07:39:37.250391+00:00,efe1388e7aabd8f554f1fced8a7803417123cbeaf72323d1b6e66f29a73d7041,ok,False,paper_only_candidate,full_paper_candidate,path/name indicates a complete examination paper or mock exam
/Users/shidianjin/Documents/高考英语/2019·高考英语真题/2019年高考英语试卷（新课标Ⅱ卷）（解析卷）.doc,2019·高考英语真题/2019年高考英语试卷（新课标Ⅱ卷）（解析卷）.doc,2019年高考英语试卷（新课标Ⅱ卷）（解析卷）.doc,.doc,102400,2026-08-26T07:38:22.579195+00:00,4da4623669465c6120fce7692549ed2cda6bdf5b5be4ae15747ec08de327636b,ok,False,paper_only_candidate,full_paper_candidate,path/name indicates a complete examination paper or mock exam
/Users/shidianjin/Documents/高考英语/2019·高考英语真题/2019年高考英语试卷（新课标Ⅲ卷）（空白卷）.doc,2019·高考英语真题/2019年高考英语试卷（新课标Ⅲ卷）（空白卷）.doc,2019年高考英语试卷（新课标Ⅲ卷）（空白卷）.doc,.doc,59392,2026-08-26T07:39:50.906609+00:00,6b4c187e94153fce936ca3de40d5695cde6dfc7414ee497686d1cf22e59b9c88,ok,False,paper_only_candidate,full_paper_candidate,path/name indicates a complete examination paper or mock exam
/Users/shidianjin/Documents/高考英语/2019·高考英语真题/2019年高考英语试卷（新课标Ⅲ卷）（解析卷）.doc,2019·高考英语真题/2019年高考英语试卷（新课标Ⅲ卷）（解析卷）.doc,2019年高考英语试卷（新课标Ⅲ卷）（解析卷）.doc,.doc,104448,2026-08-26T07:39:47.677327+00:00,0f7b9e68911d0568f7769cf8ecdb4a463b78d3d89d045838f31c619f0f14c780,ok,False,paper_only_candidate,full_paper_candidate,path/name indicates a complete examination paper or mock exam
/Users/shidianjin/Documents/高考英语/2019·高考英语真题/2019年高考英语试卷（江苏）听力音频.mp3,2019·高考英语真题/2019年高考英语试卷（江苏）听力音频.mp3,2019年高考英语试卷（江苏）听力音频.mp3,.mp3,21447158,2026-08-26T07:56:43.122342+00:00,144b3db4e7e73326a926b6cffd0ea005264343ecd420e7558dba9ba08cfe5668,ok,False,paper_only_candidate,"full_paper_candidate,media_source",path/name indicates a complete examination paper or mock exam; audio/video source asset; establish mapping only
/Users/shidianjin/Documents/高考英语/2019·高考英语真题/2019年高考英语试卷（江苏）（空白卷）   .doc,2019·高考英语真题/2019年高考英语试卷（江苏）（空白卷）   .doc,2019年高考英语试卷（江苏）（空白卷）   .doc,.doc,459264,2026-08-26T07:37:50.044651+00:00,5a7a79b36e3d6c908b5a68df957657f7a50080758f363c639957b0d9813722d0,ok,False,paper_only_candidate,full_paper_candidate,path/name indicates a complete examination paper or mock exam
/Users/shidianjin/Documents/高考英语/2019·高考英语真题/2019年高考英语试卷（江苏）（解析卷）   .doc,2019·高考英语真题/2019年高考英语试卷（江苏）（解析卷）   .doc,2019年高考英语试卷（江苏）（解析卷）   .doc,.doc,498176,2026-08-26T07:37:14.750096+00:00,bd85cd14ee4e1a124d758f839efed3f0fa88dd1d5c8b235517f0444f4de966bb,ok,False,paper_only_candidate,full_paper_candidate,path/name indicates a complete examination paper or mock exam
/Users/shidianjin/Documents/高考英语/2019·高考英语真题/2019年高考英语试卷（浙江）（6月）听力音频.mp3,2019·高考英语真题/2019年高考英语试卷（浙江）（6月）听力音频.mp3,2019年高考英语试卷（浙江）（6月）听力音频.mp3,.mp3,22507648,2026-08-26T08:00:06.018916+00:00,4c8aded6b2a7b39ad2f0c4ab7d8b48e83274715aa4cbe4a840b87fcd5bc4d9da,ok,False,paper_only_candidate,"full_paper_candidate,media_source",path/name indicates a complete examination paper or mock exam; audio/video source asset; establish mapping only
/Users/shidianjin/Documents/高考英语/2019·高考英语真题/2019年高考英语试卷（浙江）（6月）（空白卷）.doc,2019·高考英语真题/2019年高考英语试卷（浙江）（6月）（空白卷）.doc,2019年高考英语试卷（浙江）（6月）（空白卷）.doc,.doc,65536,2026-08-26T07:40:25.691919+00:00,e1920cc987f319c118661a2b36fdd844bff5ede41ff62f584ff5b5fc8b69186f,ok,False,paper_only_candidate,full_paper_candidate,path/name indicates a complete examination paper or mock exam
/Users/shidianjin/Documents/高考英语/2019·高考英语真题/2019年高考英语试卷（浙江）（6月）（解析卷）.doc,2019·高考英语真题/2019年高考英语试卷（浙江）（6月）（解析卷）.doc,2019年高考英语试卷（浙江）（6月）（解析卷）.doc,.doc,105472,2026-08-26T07:39:53.454801+00:00,87dd1d3806304d80b1e30690cd1bf4d75de824c53f0ebc634b36747106782238,ok,False,paper_only_candidate,full_paper_candidate,path/name indicates a complete examination paper or mock exam
/Users/shidianjin/Documents/高考英语/2019年/1.mp3,2019年/1.mp3,1.mp3,.mp3,175759,2022-04-07T01:18:42+00:00,6c7ce0e3318bcadc3ca2e89a08c163a6e4f4e57453097505ed345b0a9edb5237,ok,False,review_required,media_source,audio/video source asset; establish mapping only
/Users/shidianjin/Documents/高考英语/2019年/10.mp3,2019年/10.mp3,10.mp3,.mp3,1165068,2022-04-07T01:18:42+00:00,81a3854c4073a2a7871ec88680fda0a68c2ab52676b9e5277d9ad712baf02aee,ok,False,review_required,media_source,audio/video source asset; establish mapping only
/Users/shidianjin/Documents/高考英语/2019年/2.mp3,2019年/2.mp3,2.mp3,.mp3,200000,2022-04-07T01:18:42+00:00,19fe932d76c66a8d0a10981b1c20f362b33804f66eb8eda735ebb0d281d1cadd,ok,False,review_required,media_source,audio/video source asset; establish mapping only
/Users/shidianjin/Documents/高考英语/2019年/2019年全国统一高考英语试卷（新课标Ⅰ）（原卷版）.doc,2019年/2019年全国统一高考英语试卷（新课标Ⅰ）（原卷版）.doc,2019年全国统一高考英语试卷（新课标Ⅰ）（原卷版）.doc,.doc,96256,2025-07-06T04:03:48.719970+00:00,548fd5eda2e1458337b40f83f7fdfffcb404fac98168cf83b5907096291e5253,ok,False,paper_only_candidate,full_paper_candidate,path/name indicates a complete examination paper or mock exam
/Users/shidianjin/Documents/高考英语/2019年/2019年全国统一高考英语试卷（新课标Ⅰ）（解析版）.doc,2019年/2019年全国统一高考英语试卷（新课标Ⅰ）（解析版）.doc,2019年全国统一高考英语试卷（新课标Ⅰ）（解析版）.doc,.doc,214016,2022-04-07T01:18:42+00:00,aaa933ab5530bfc470e5bc242a858d8b4886e84142083e464ded07b21abecd80,ok,False,paper_only_candidate,full_paper_candidate,path/name indicates a complete examination paper or mock exam
/Users/shidianjin/Documents/高考英语/2019年/3.mp3,2019年/3.mp3,3.mp3,.mp3,183700,2022-04-07T01:18:42+00:00,95875c3afeab1109f2e46208c59a752ac4dd1e225c4d215f7844dfb3e058ed73,ok,False,review_required,media_source,audio/video source asset; establish mapping only
/Users/shidianjin/Documents/高考英语/2019年/4.mp3,2019年/4.mp3,4.mp3,.mp3,186417,2022-04-07T01:18:42+00:00,c3ea4fd64512201a1d8a4c85357137b9f0403044a712b7a7fdac4a40cf85f0b0,ok,False,review_required,media_source,audio/video source asset; establish mapping only
/Users/shidianjin/Documents/高考英语/2019年/5.mp3,2019年/5.mp3,5.mp3,.mp3,155906,2022-04-07T01:18:42+00:00,ac66004c26b47dd4fc760960d6bf50f92201201f502d4a57871649f3993964c4,ok,False,review_required,media_source,audio/video source asset; establish mapping only
/Users/shidianjin/Documents/高考英语/2019年/6.mp3,2019年/6.mp3,6.mp3,.mp3,599151,2022-04-07T01:18:42+00:00,42e156cae79cb7928a8c273f47aca608e498377593a0ab264e485f097e2916f0,ok,False,review_required,media_source,audio/video source asset; establish mapping only
/Users/shidianjin/Documents/高考英语/2019年/7.mp3,2019年/7.mp3,7.mp3,.mp3,1014812,2022-04-07T01:18:42+00:00,28705c9995f84db05d0170b329937b5466cc1cff14b3e4178c674e6a8fb2d415,ok,False,review_required,media_source,audio/video source asset; establish mapping only
/Users/shidianjin/Documents/高考英语/2019年/8.mp3,2019年/8.mp3,8.mp3,.mp3,1365898,2022-04-07T01:18:42+00:00,935908798af1d97302aaf1add710254a04c7fd03b7baddcca6d0af82b1456460,ok,False,review_required,media_source,audio/video source asset; establish mapping only
/Users/shidianjin/Documents/高考英语/2019年/9.mp3,2019年/9.mp3,9.mp3,.mp3,1435697,2022-04-07T01:18:42+00:00,0167a238849e12ef75bd1523863a409a09c625affad3181ff07c714d11981fda,ok,False,review_required,media_source,audio/video source asset; establish mapping only
/Users/shidianjin/Documents/高考英语/2020·高考英语真题/2020年高考英语试卷（上海）（春考）听力音频.mp3,2020·高考英语真题/2020年高考英语试卷（上海）（春考）听力音频.mp3,2020年高考英语试卷（上海）（春考）听力音频.mp3,.mp3,3885264,2026-08-26T07:42:07.919166+00:00,4625d61f0c2c9eefae04cf8fba28f4e319e2a8f6f13e3561cd715c62c1ad78e6,ok,False,paper_only_candidate,"full_paper_candidate,media_source",path/name indicates a complete examination paper or mock exam; audio/video source asset; establish mapping only
/Users/shidianjin/Documents/高考英语/2020·高考英语真题/2020年高考英语试卷（上海）（春考）（空白卷）.doc,2020·高考英语真题/2020年高考英语试卷（上海）（春考）（空白卷）.doc,2020年高考英语试卷（上海）（春考）（空白卷）.doc,.doc,222208,2026-08-26T07:41:18.730933+00:00,92c90e78df6458f8220f59e5d9b9ab7191254f8723045cceaf3af98dbb41b5ed,ok,False,paper_only_candidate,full_paper_candidate,path/name indicates a complete examination paper or mock exam
/Users/shidianjin/Documents/高考英语/2020·高考英语真题/2020年高考英语试卷（上海）（春考）（解析卷）.doc,2020·高考英语真题/2020年高考英语试卷（上海）（春考）（解析卷）.doc,2020年高考英语试卷（上海）（春考）（解析卷）.doc,.doc,249344,2026-08-26T07:41:01.483089+00:00,eda0bb4b14b86754682bd7490c5b4b63b5795cf6bd2d2baf8ada3076b11cfc2d,ok,False,paper_only_candidate,full_paper_candidate,path/name indicates a complete examination paper or mock exam
/Users/shidianjin/Documents/高考英语/2020·高考英语真题/2020年高考英语试卷（上海）（秋考）听力音频.mp3,2020·高考英语真题/2020年高考英语试卷（上海）（秋考）听力音频.mp3,2020年高考英语试卷（上海）（秋考）听力音频.mp3,.mp3,7710381,2026-08-26T07:53:31.633199+00:00,c9c3b2cf51729f803e3caf71384bd454412dc9d2a64958291926646cce56ac81,ok,False,paper_only_candidate,"full_paper_candidate,media_source",path/name indicates a complete examination paper or mock exam; audio/video source asset; establish mapping only
/Users/shidianjin/Documents/高考英语/2020·高考英语真题/2020年高考英语试卷（上海）（秋考）（空白卷）.docx,2020·高考英语真题/2020年高考英语试卷（上海）（秋考）（空白卷）.docx,2020年高考英语试卷（上海）（秋考）（空白卷）.docx,.docx,28165,2026-08-26T07:41:00.718693+00:00,4c1bd8d2203e2312ae68e5660e2e76c4007a954e3bf8b94c06c32920d9d16664,ok,False,paper_only_candidate,full_paper_candidate,path/name indicates a complete examination paper or mock exam
/Users/shidianjin/Documents/高考英语/2020·高考英语真题/2020年高考英语试卷（上海）（秋考）（解析卷）.docx,2020·高考英语真题/2020年高考英语试卷（上海）（秋考）（解析卷）.docx,2020年高考英语试卷（上海）（秋考）（解析卷）.docx,.docx,62842,2026-08-26T07:40:59.847623+00:00,eedbbf91a8ad10794c0fd8db06efb76f2ffd78165b9cf1e413b1a675c01eb84d,ok,False,paper_only_candidate,full_paper_candidate,path/name indicates a complete examination paper or mock exam
/Users/shidianjin/Documents/高考英语/2020·高考英语真题/2020年高考英语试卷（北京）（机考 无听力）（空白卷）.doc,2020·高考英语真题/2020年高考英语试卷（北京）（机考 无听力）（空白卷）.doc,2020年高考英语试卷（北京）（机考 无听力）（空白卷）.doc,.doc,167936,2026-08-26T07:40:29.079211+00:00,fd34ad6b5ac17f78152c86f3419064a004f82be3d08ab035afd3a3887045be7c,ok,False,paper_only_candidate,full_paper_candidate,path/name indicates a complete examination paper or mock exam
/Users/shidianjin/Documents/高考英语/2020·高考英语真题/2020年高考英语试卷（北京）（机考 无听力）（解析卷）.doc,2020·高考英语真题/2020年高考英语试卷（北京）（机考 无听力）（解析卷）.doc,2020年高考英语试卷（北京）（机考 无听力）（解析卷）.doc,.doc,400896,2026-08-26T07:40:32.154319+00:00,0f189accaa6f24a09137a824c2b2b0bd9e1cd6d9a1d378e8f6dbbff740986a8e,ok,False,paper_only_candidate,full_paper_candidate,path/name indicates a complete examination paper or mock exam
/Users/shidianjin/Documents/高考英语/2020·高考英语真题/2020年高考英语试卷（天津）（第一次）（空白卷）.docx,2020·高考英语真题/2020年高考英语试卷（天津）（第一次）（空白卷）.docx,2020年高考英语试卷（天津）（第一次）（空白卷）.docx,.docx,36910,2026-08-26T07:41:04.877017+00:00,ea066b1923955661c1ad5c415e342937f15b7b9dba3e08c950210712ace236df,ok,False,paper_only_candidate,full_paper_candidate,path/name indicates a complete examination paper or mock exam
/Users/shidianjin/Documents/高考英语/2020·高考英语真题/2020年高考英语试卷（天津）（第一次）（答案版）.docx,2020·高考英语真题/2020年高考英语试卷（天津）（第一次）（答案版）.docx,2020年高考英语试卷（天津）（第一次）（答案版）.docx,.docx,38597,2026-08-26T07:41:04.437078+00:00,aebbd24745ca4c3374379be128dd96c0e96d4225d7cc6c409719aeb0bb412c5a,ok,False,paper_only_candidate,full_paper_candidate,path/name indicates a complete examination paper or mock exam
/Users/shidianjin/Documents/高考英语/2020·高考英语真题/2020年高考英语试卷（天津）（第二次）（空白卷）.doc,2020·高考英语真题/2020年高考英语试卷（天津）（第二次）（空白卷）.doc,2020年高考英语试卷（天津）（第二次）（空白卷）.doc,.doc,102912,2026-08-26T07:41:03.267776+00:00,0ba1ef3018741ad44deb4a96d287f2aa8effe379aa6b8d5b9bb8c2b8bb0a4958,ok,False,paper_only_candidate,full_paper_candidate,path/name indicates a complete examination paper or mock exam
/Users/shidianjin/Documents/高考英语/2020·高考英语真题/2020年高考英语试卷（天津）（第二次）（解析版）.doc,2020·高考英语真题/2020年高考英语试卷（天津）（第二次）（解析版）.doc,2020年高考英语试卷（天津）（第二次）（解析版）.doc,.doc,115200,2026-08-26T07:41:03.153398+00:00,fb765e43ca14d8d341363a4f11f797b068485dade3d14f68b816c4327d3ef7ff,ok,False,paper_only_candidate,full_paper_candidate,path/name indicates a complete examination paper or mock exam
/Users/shidianjin/Documents/高考英语/2020·高考英语真题/2020年高考英语试卷（新课标Ⅰ卷）（版本一）听力音频.mp3,2020·高考英语真题/2020年高考英语试卷（新课标Ⅰ卷）（版本一）听力音频.mp3,2020年高考英语试卷（新课标Ⅰ卷）（版本一）听力音频.mp3,.mp3,11398627,2026-08-26T08:04:35.439559+00:00,826fb4e9bf244c213a64f93a86d39b660f2b34ed81eeecdf79b393d1c2adc4ec,ok,False,paper_only_candidate,"full_paper_candidate,media_source",path/name indicates a complete examination paper or mock exam; audio/video source asset; establish mapping only
/Users/shidianjin/Documents/高考英语/2020·高考英语真题/2020年高考英语试卷（新课标Ⅰ卷）（空白卷）.doc,2020·高考英语真题/2020年高考英语试卷（新课标Ⅰ卷）（空白卷）.doc,2020年高考英语试卷（新课标Ⅰ卷）（空白卷）.doc,.doc,74752,2026-08-26T07:42:10.843945+00:00,c6ae13d7ac8826bdb107b9c89b325ae42cdf611829abb758577949c360349149,ok,False,paper_only_candidate,full_paper_candidate,path/name indicates a complete examination paper or mock exam
/Users/shidianjin/Documents/高考英语/2020·高考英语真题/2020年高考英语试卷（新课标Ⅰ卷）（解析卷）.doc,2020·高考英语真题/2020年高考英语试卷（新课标Ⅰ卷）（解析卷）.doc,2020年高考英语试卷（新课标Ⅰ卷）（解析卷）.doc,.doc,385536,2026-08-26T07:42:26.921211+00:00,fb36abf8518557163fcb1a55353b9529cb341fcef547f2f3f2a7e88e78b3eaaa,ok,False,paper_only_candidate,full_paper_candidate,path/name indicates a complete examination paper or mock exam
/Users/shidianjin/Documents/高考英语/2020·高考英语真题/2020年高考英语试卷（新课标Ⅱ卷）听力音频.mp3,2020·高考英语真题/2020年高考英语试卷（新课标Ⅱ卷）听力音频.mp3,2020年高考英语试卷（新课标Ⅱ卷）听力音频.mp3,.mp3,10220609,2026-08-26T08:05:08.776428+00:00,818fd5a7b6292a25aecb1a83194c66a99092f80cec7c84b5ae67296087b0bece,ok,False,paper_only_candidate,"full_paper_candidate,media_source",path/name indicates a complete examination paper or mock exam; audio/video source asset; establish mapping only
/Users/shidianjin/Documents/高考英语/2020·高考英语真题/2020年高考英语试卷（新课标Ⅱ卷）（空白卷）.doc,2020·高考英语真题/2020年高考英语试卷（新课标Ⅱ卷）（空白卷）.doc,2020年高考英语试卷（新课标Ⅱ卷）（空白卷）.doc,.doc,61952,2026-08-26T07:42:43.955728+00:00,c16b25c39732778aef58314d80b07ed706651b5415b0285111bf81825ade9aa2,ok,False,paper_only_candidate,full_paper_candidate,path/name indicates a complete examination paper or mock exam
/Users/shidianjin/Documents/高考英语/2020·高考英语真题/2020年高考英语试卷（新课标Ⅱ卷）（解析卷）.doc,2020·高考英语真题/2020年高考英语试卷（新课标Ⅱ卷）（解析卷）.doc,2020年高考英语试卷（新课标Ⅱ卷）（解析卷）.doc,.doc,102400,2026-08-26T07:42:29.680699+00:00,2987476a4116c8d5ae5486988c2afb75f54e74893a1a106a8281aac4dc4943ca,ok,False,paper_only_candidate,full_paper_candidate,path/name indicates a complete examination paper or mock exam
/Users/shidianjin/Documents/高考英语/2020·高考英语真题/2020年高考英语试卷（新课标Ⅲ卷）（空白卷）.doc,2020·高考英语真题/2020年高考英语试卷（新课标Ⅲ卷）（空白卷）.doc,2020年高考英语试卷（新课标Ⅲ卷）（空白卷）.doc,.doc,59392,2026-08-26T07:44:50.188573+00:00,62e4bf99d6a98a0f0eb5dde57709c4fa14e8b8bd0df22f67bb4ffe84e68d880e,ok,False,paper_only_candidate,full_paper_candidate,path/name indicates a complete examination paper or mock exam
/Users/shidianjin/Documents/高考英语/2020·高考英语真题/2020年高考英语试卷（新课标Ⅲ卷）（解析卷）.doc,2020·高考英语真题/2020年高考英语试卷（新课标Ⅲ卷）（解析卷）.doc,2020年高考英语试卷（新课标Ⅲ卷）（解析卷）.doc,.doc,368128,2026-08-26T07:44:47.818283+00:00,cd15981a1d5514bb51840f2c09671749338267a6480d12715d7c8b8909128543,ok,False,paper_only_candidate,full_paper_candidate,path/name indicates a complete examination paper or mock exam
/Users/shidianjin/Documents/高考英语/2020·高考英语真题/2020年高考英语试卷（新高考Ⅰ卷）（山东第1次）听力音频.mp3,2020·高考英语真题/2020年高考英语试卷（新高考Ⅰ卷）（山东第1次）听力音频.mp3,2020年高考英语试卷（新高考Ⅰ卷）（山东第1次）听力音频.mp3,.mp3,5285138,2026-08-26T07:42:46.905489+00:00,dd4210a156ae41f4695237c37bae39810d89079e1f092c5ff9f4272dea02bdda,ok,False,paper_only_candidate,"full_paper_candidate,media_source",path/name indicates a complete examination paper or mock exam; audio/video source asset; establish mapping only
/Users/shidianjin/Documents/高考英语/2020·高考英语真题/2020年高考英语试卷（新高考Ⅰ卷）（山东第2次）听力音频.mp3,2020·高考英语真题/2020年高考英语试卷（新高考Ⅰ卷）（山东第2次）听力音频.mp3,2020年高考英语试卷（新高考Ⅰ卷）（山东第2次）听力音频.mp3,.mp3,10746985,2026-08-26T08:02:36.230927+00:00,ba7b00d6a8a69b1b7c64241e5815383531992ad16d971aa542d273b7d069e214,ok,False,paper_only_candidate,"full_paper_candidate,media_source",path/name indicates a complete examination paper or mock exam; audio/video source asset; establish mapping only
/Users/shidianjin/Documents/高考英语/2020·高考英语真题/2020年高考英语试卷（新高考Ⅰ卷）（山东）（听力试题及答案）.doc,2020·高考英语真题/2020年高考英语试卷（新高考Ⅰ卷）（山东）（听力试题及答案）.doc,2020年高考英语试卷（新高考Ⅰ卷）（山东）（听力试题及答案）.doc,.doc,55296,2026-08-26T07:41:49.173270+00:00,101ddbac37767a67bcb4fca6709d57b5bfa4d1d0666ed58caa66869bd8c1f042,ok,False,paper_only_candidate,full_paper_candidate,path/name indicates a complete examination paper or mock exam
/Users/shidianjin/Documents/高考英语/2020·高考英语真题/2020年高考英语试卷（新高考Ⅰ卷）（山东）（空白卷）.doc,2020·高考英语真题/2020年高考英语试卷（新高考Ⅰ卷）（山东）（空白卷）.doc,2020年高考英语试卷（新高考Ⅰ卷）（山东）（空白卷）.doc,.doc,56320,2026-08-26T07:41:48.620377+00:00,ea20dbc5df79afdf41abe970b803b0158cf2ff18c751324ca66d9a11f82e5f77,ok,False,paper_only_candidate,full_paper_candidate,path/name indicates a complete examination paper or mock exam
/Users/shidianjin/Documents/高考英语/2020·高考英语真题/2020年高考英语试卷（新高考Ⅰ卷）（山东）（解析卷） .doc,2020·高考英语真题/2020年高考英语试卷（新高考Ⅰ卷）（山东）（解析卷） .doc,2020年高考英语试卷（新高考Ⅰ卷）（山东）（解析卷） .doc,.doc,89088,2026-08-26T07:41:46.277485+00:00,54bf0263bb584dcb4f585167535fb2108c28be1df5b950275e74fd27b68ed4fe,ok,False,paper_only_candidate,full_paper_candidate,path/name indicates a complete examination paper or mock exam
/Users/shidianjin/Documents/高考英语/2020·高考英语真题/2020年高考英语试卷（新高考Ⅱ卷）（海南）听力音频.mp3,2020·高考英语真题/2020年高考英语试卷（新高考Ⅱ卷）（海南）听力音频.mp3,2020年高考英语试卷（新高考Ⅱ卷）（海南）听力音频.mp3,.mp3,9752912,2026-08-26T08:03:13.869319+00:00,5f512ee81af10227edbf658357cb811a7e2d9381f1bab703c6c4b2007388b575,ok,False,paper_only_candidate,"full_paper_candidate,media_source",path/name indicates a complete examination paper or mock exam; audio/video source asset; establish mapping only
/Users/shidianjin/Documents/高考英语/2020·高考英语真题/2020年高考英语试卷（新高考Ⅱ卷）（海南）（空白卷）.docx,2020·高考英语真题/2020年高考英语试卷（新高考Ⅱ卷）（海南）（空白卷）.docx,2020年高考英语试卷（新高考Ⅱ卷）（海南）（空白卷）.docx,.docx,43849,2026-08-26T07:42:09.433197+00:00,224dfcc59af91974110988f2d4e7e1cf027b96626be6dfca6aeb5cb8dd89d699,ok,False,paper_only_candidate,full_paper_candidate,path/name indicates a complete examination paper or mock exam
/Users/shidianjin/Documents/高考英语/2020·高考英语真题/2020年高考英语试卷（新高考Ⅱ卷）（海南）（解析卷）.doc,2020·高考英语真题/2020年高考英语试卷（新高考Ⅱ卷）（海南）（解析卷）.doc,2020年高考英语试卷（新高考Ⅱ卷）（海南）（解析卷）.doc,.doc,160256,2026-08-26T07:42:11.360894+00:00,923992833c09a0ddbe56cd3332921ed9d6f77bf4aaa3fa5732c925317e16ad73,ok,False,paper_only_candidate,full_paper_candidate,path/name indicates a complete examination paper or mock exam
/Users/shidianjin/Documents/高考英语/2020·高考英语真题/2020年高考英语试卷（江苏）听力音频.mp3,2020·高考英语真题/2020年高考英语试卷（江苏）听力音频.mp3,2020年高考英语试卷（江苏）听力音频.mp3,.mp3,20441162,2026-08-26T08:02:25.937441+00:00,720b440cdc34b1a4f5d77e2ad860fab8aa752350c83ef2495e09aaf51ff524bc,ok,False,paper_only_candidate,"full_paper_candidate,media_source",path/name indicates a complete examination paper or mock exam; audio/video source asset; establish mapping only
/Users/shidianjin/Documents/高考英语/2020·高考英语真题/2020年高考英语试卷（江苏）（空白卷）   .doc,2020·高考英语真题/2020年高考英语试卷（江苏）（空白卷）   .doc,2020年高考英语试卷（江苏）（空白卷）   .doc,.doc,75776,2026-08-26T07:40:52.320160+00:00,0eb84865b1e4f7628c733e74a2edba54de49ac9c08ff2f35fc00aa9f0005ad30,ok,False,paper_only_candidate,full_paper_candidate,path/name indicates a complete examination paper or mock exam
/Users/shidianjin/Documents/高考英语/2020·高考英语真题/2020年高考英语试卷（江苏）（解析卷）   .doc,2020·高考英语真题/2020年高考英语试卷（江苏）（解析卷）   .doc,2020年高考英语试卷（江苏）（解析卷）   .doc,.doc,123392,2026-08-26T07:40:50.529174+00:00,84a308e6dc89a81a0cc0bc9f3aca60e99b553f30b8dd1d447d428a8283570fa3,ok,False,paper_only_candidate,full_paper_candidate,path/name indicates a complete examination paper or mock exam
/Users/shidianjin/Documents/高考英语/2020·高考英语真题/2020年高考英语试卷（浙江）（1月）听力音频.mp3,2020·高考英语真题/2020年高考英语试卷（浙江）（1月）听力音频.mp3,2020年高考英语试卷（浙江）（1月）听力音频.mp3,.mp3,21229529,2026-08-26T08:07:09.957743+00:00,5cfc2d694ece9be3be1d6be270ad18f4ce8a60a77f876f19c80078f37430e8a7,ok,False,paper_only_candidate,"full_paper_candidate,media_source",path/name indicates a complete examination paper or mock exam; audio/video source asset; establish mapping only
/Users/shidianjin/Documents/高考英语/2020·高考英语真题/2020年高考英语试卷（浙江）（1月）（空白卷）.docx,2020·高考英语真题/2020年高考英语试卷（浙江）（1月）（空白卷）.docx,2020年高考英语试卷（浙江）（1月）（空白卷）.docx,.docx,28017,2026-08-26T07:47:00.226271+00:00,1eff5911a734d4d8ea75ad3ba06162f0adc9a7975ec21aa4f5aa06e7b03d2f42,ok,False,paper_only_candidate,full_paper_candidate,path/name indicates a complete examination paper or mock exam
/Users/shidianjin/Documents/高考英语/2020·高考英语真题/2020年高考英语试卷（浙江）（1月）（解析卷）.docx,2020·高考英语真题/2020年高考英语试卷（浙江）（1月）（解析卷）.docx,2020年高考英语试卷（浙江）（1月）（解析卷）.docx,.docx,40636,2026-08-26T07:46:59.674038+00:00,4a31da9725f8973fe4151f029d3cc1f6668d78627cbaedf2ba55d45974fa286a,ok,False,paper_only_candidate,full_paper_candidate,path/name indicates a complete examination paper or mock exam
/Users/shidianjin/Documents/高考英语/2020·高考英语真题/2020年高考英语试卷（浙江）（7月）听力音频.mp3,2020·高考英语真题/2020年高考英语试卷（浙江）（7月）听力音频.mp3,2020年高考英语试卷（浙江）（7月）听力音频.mp3,.mp3,9752286,2026-08-26T08:06:30.378963+00:00,13391a70356e2624956b223a464a693920d92d423f7f8b736f1d9d25dd21b28b,ok,False,paper_only_candidate,"full_paper_candidate,media_source",path/name indicates a complete examination paper or mock exam; audio/video source asset; establish mapping only
/Users/shidianjin/Documents/高考英语/2020·高考英语真题/2020年高考英语试卷（浙江）（7月）（空白卷）.doc,2020·高考英语真题/2020年高考英语试卷（浙江）（7月）（空白卷）.doc,2020年高考英语试卷（浙江）（7月）（空白卷）.doc,.doc,55808,2026-08-26T07:47:01.219484+00:00,f2ee0bb945394d641724a66feda68bbae69e1c2614cdb0c15d5e04a70a8f49f9,ok,False,paper_only_candidate,full_paper_candidate,path/name indicates a complete examination paper or mock exam
/Users/shidianjin/Documents/高考英语/2020·高考英语真题/2020年高考英语试卷（浙江）（7月）（解析卷）.doc,2020·高考英语真题/2020年高考英语试卷（浙江）（7月）（解析卷）.doc,2020年高考英语试卷（浙江）（7月）（解析卷）.doc,.doc,100864,2026-08-26T07:47:00.974207+00:00,ede53b8c9cd306729a0c3f1d70bb77a8a0152c672fa75d4c7c2c1116976266cf,ok,False,paper_only_candidate,full_paper_candidate,path/name indicates a complete examination paper or mock exam
/Users/shidianjin/Documents/高考英语/2020年/2020年广东高考英语听说考试真题 Test C/2020年广东高考英语听说考试真题 Test C.docx,2020年/2020年广东高考英语听说考试真题 Test C/2020年广东高考英语听说考试真题 Test C.docx,2020年广东高考英语听说考试真题 Test C.docx,.docx,16378,2025-07-06T04:10:21.178854+00:00,4115aa1f1507c7f363e486090126e0b57d89ee6384cdd4753d41f586572f9981,ok,False,paper_only_candidate,full_paper_candidate,path/name indicates a complete examination paper or mock exam
/Users/shidianjin/Documents/高考英语/2020年/2020年广东高考英语听说考试真题 Test C/2020年广东高考英语听说考试真题 Test C.mp3,2020年/2020年广东高考英语听说考试真题 Test C/2020年广东高考英语听说考试真题 Test C.mp3,2020年广东高考英语听说考试真题 Test C.mp3,.mp3,10831149,2020-09-14T11:06:08+00:00,744704ba57ffc6ba8fc985ee16892ffdd7d1b3d1694e57280528314f0ba85ca2,ok,False,paper_only_candidate,"full_paper_candidate,media_source",path/name indicates a complete examination paper or mock exam; audio/video source asset; establish mapping only
/Users/shidianjin/Documents/高考英语/2020年/2020年广东高考英语听说考试真题 Test D/2020年广东高考英语听说考试真题 Test D.docx,2020年/2020年广东高考英语听说考试真题 Test D/2020年广东高考英语听说考试真题 Test D.docx,2020年广东高考英语听说考试真题 Test D.docx,.docx,13998,2020-09-14T11:27:18+00:00,bfece437bdc25abb9c39bd1233e77efcafc8c0ba64e96ce241c082ad21cf3165,ok,False,paper_only_candidate,full_paper_candidate,path/name indicates a complete examination paper or mock exam
/Users/shidianjin/Documents/高考英语/2020年/2020年广东高考英语听说考试真题 Test D/2020年广东高考英语听说考试真题 Test D.mp3,2020年/2020年广东高考英语听说考试真题 Test D/2020年广东高考英语听说考试真题 Test D.mp3,2020年广东高考英语听说考试真题 Test D.mp3,.mp3,10862061,2020-09-14T11:12:20+00:00,dce0c53127888eae616014894f83643c973dcad7257cdd6284533709635fa329,ok,False,paper_only_candidate,"full_paper_candidate,media_source",path/name indicates a complete examination paper or mock exam; audio/video source asset; establish mapping only
/Users/shidianjin/Documents/高考英语/2020年/2020年高考全国1英语高考真题-全国高考真题解析/2020年全国统一高考英语试卷（新课标Ⅰ）听力A版（解析版）.doc,2020年/2020年高考全国1英语高考真题-全国高考真题解析/2020年全国统一高考英语试卷（新课标Ⅰ）听力A版（解析版）.doc,2020年全国统一高考英语试卷（新课标Ⅰ）听力A版（解析版）.doc,.doc,684544,2021-10-25T02:10:48+00:00,8b00420703a0b9b9e707583f0722882c434991aa52198dfe77aee81070b124cb,ok,False,paper_only_candidate,full_paper_candidate,path/name indicates a complete examination paper or mock exam
/Users/shidianjin/Documents/高考英语/2020年/2020年高考全国1英语高考真题-全国高考真题解析/2020年（新课标Ⅰ）听力A版（原卷版）.doc,2020年/2020年高考全国1英语高考真题-全国高考真题解析/2020年（新课标Ⅰ）听力A版（原卷版）.doc,2020年（新课标Ⅰ）听力A版（原卷版）.doc,.doc,105472,2025-07-06T04:07:34.531675+00:00,7490a207b24ffce7438a56214ddc202a78d182fb7a6a02095ad5509c898fea21,ok,False,paper_only_candidate,full_paper_candidate,path/name indicates a complete examination paper or mock exam
/Users/shidianjin/Documents/高考英语/2021·高考英语真题/2021年高考英语试卷（上海）（春考）听力音频.mp3,2021·高考英语真题/2021年高考英语试卷（上海）（春考）听力音频.mp3,2021年高考英语试卷（上海）（春考）听力音频.mp3,.mp3,7631352,2026-08-26T07:52:25.852588+00:00,fd6b352bb304fc790276faba1b5385622719518155e1fdfad9ac212c036a6a71,ok,False,paper_only_candidate,"full_paper_candidate,media_source",path/name indicates a complete examination paper or mock exam; audio/video source asset; establish mapping only
/Users/shidianjin/Documents/高考英语/2021·高考英语真题/2021年高考英语试卷（上海）（春考）（空白卷）.docx,2021·高考英语真题/2021年高考英语试卷（上海）（春考）（空白卷）.docx,2021年高考英语试卷（上海）（春考）（空白卷）.docx,.docx,29226,2026-08-26T07:50:14.894293+00:00,f292975cc9e1b162c9f4cb482e044c079c967656f237a5391c5664b2af189943,ok,False,paper_only_candidate,full_paper_candidate,path/name indicates a complete examination paper or mock exam
/Users/shidianjin/Documents/高考英语/2021·高考英语真题/2021年高考英语试卷（上海）（春考）（解析卷）.docx,2021·高考英语真题/2021年高考英语试卷（上海）（春考）（解析卷）.docx,2021年高考英语试卷（上海）（春考）（解析卷）.docx,.docx,48680,2026-08-26T07:49:57.830905+00:00,97dea11eaff3f20b30522c11bec6055f9afc525d571e27ba5eced0e0847b2669,ok,False,paper_only_candidate,full_paper_candidate,path/name indicates a complete examination paper or mock exam
/Users/shidianjin/Documents/高考英语/2021·高考英语真题/2021年高考英语试卷（上海）（秋考）听力音频.mp3,2021·高考英语真题/2021年高考英语试卷（上海）（秋考）听力音频.mp3,2021年高考英语试卷（上海）（秋考）听力音频.mp3,.mp3,7639711,2026-08-26T07:50:44.248693+00:00,536be9148e32df6029059521d8854769fb12dd08ae364f445f128dd082924b4d,ok,False,paper_only_candidate,"full_paper_candidate,media_source",path/name indicates a complete examination paper or mock exam; audio/video source asset; establish mapping only
/Users/shidianjin/Documents/高考英语/2021·高考英语真题/2021年高考英语试卷（上海）（秋考）（空白卷）.docx,2021·高考英语真题/2021年高考英语试卷（上海）（秋考）（空白卷）.docx,2021年高考英语试卷（上海）（秋考）（空白卷）.docx,.docx,92018,2026-08-26T07:50:16.187235+00:00,dc28a5c21d64b206debac5b5cf275101933ae8e417028796855383553035cfa3,ok,False,paper_only_candidate,full_paper_candidate,path/name indicates a complete examination paper or mock exam
/Users/shidianjin/Documents/高考英语/2021·高考英语真题/2021年高考英语试卷（上海）（秋考）（解析卷）.docx,2021·高考英语真题/2021年高考英语试卷（上海）（秋考）（解析卷）.docx,2021年高考英语试卷（上海）（秋考）（解析卷）.docx,.docx,111986,2026-08-26T07:50:17.323188+00:00,098b0afb3295809fadcbca940979fc3d2b066ab7a8c8d89881845d6939f0a6e0,ok,False,paper_only_candidate,full_paper_candidate,path/name indicates a complete examination paper or mock exam
/Users/shidianjin/Documents/高考英语/2021·高考英语真题/2021年高考英语试卷（全国乙卷）（新课标Ⅰ）（空白卷）.doc,2021·高考英语真题/2021年高考英语试卷（全国乙卷）（新课标Ⅰ）（空白卷）.doc,2021年高考英语试卷（全国乙卷）（新课标Ⅰ）（空白卷）.doc,.doc,72704,2026-08-26T07:49:56.175713+00:00,34982bbf658b740b2757fe2da0cabc7f74aadc52e96b257c357e0960121b001e,ok,False,paper_only_candidate,full_paper_candidate,path/name indicates a complete examination paper or mock exam
/Users/shidianjin/Documents/高考英语/2021·高考英语真题/2021年高考英语试卷（全国乙卷）（新课标Ⅰ）（解析卷）.docx,2021·高考英语真题/2021年高考英语试卷（全国乙卷）（新课标Ⅰ）（解析卷）.docx,2021年高考英语试卷（全国乙卷）（新课标Ⅰ）（解析卷）.docx,.docx,58866,2026-08-26T07:49:55.763777+00:00,a3225c69bba3d69112dc69e5d8720d127d10c94da2748c39a5748c44cb7cb9b6,ok,False,paper_only_candidate,full_paper_candidate,path/name indicates a complete examination paper or mock exam
/Users/shidianjin/Documents/高考英语/2021·高考英语真题/2021年高考英语试卷（全国甲卷）听力音频.mp3,2021·高考英语真题/2021年高考英语试卷（全国甲卷）听力音频.mp3,2021年高考英语试卷（全国甲卷）听力音频.mp3,.mp3,9600163,2026-08-26T08:06:56.036167+00:00,ab2ccb18f33a1ba9fc9ac591bdf4fc1a8752137c5008e54da0f93ac57f40466a,ok,False,paper_only_candidate,"full_paper_candidate,media_source",path/name indicates a complete examination paper or mock exam; audio/video source asset; establish mapping only
/Users/shidianjin/Documents/高考英语/2021·高考英语真题/2021年高考英语试卷（全国甲卷）（空白卷）.doc,2021·高考英语真题/2021年高考英语试卷（全国甲卷）（空白卷）.doc,2021年高考英语试卷（全国甲卷）（空白卷）.doc,.doc,65024,2026-08-26T07:49:18.506716+00:00,0cf48f32993d4684902b7c4a09c6007b119b0e1282084c4b926926bcc57afdf5,ok,False,paper_only_candidate,full_paper_candidate,path/name indicates a complete examination paper or mock exam
/Users/shidianjin/Documents/高考英语/2021·高考英语真题/2021年高考英语试卷（全国甲卷）（解析卷）.doc,2021·高考英语真题/2021年高考英语试卷（全国甲卷）（解析卷）.doc,2021年高考英语试卷（全国甲卷）（解析卷）.doc,.doc,117760,2026-08-26T07:49:17.019253+00:00,292fa14583b59d976de70db34a66035a231898b5d342ac082a1c9d22bc146366,ok,False,paper_only_candidate,full_paper_candidate,path/name indicates a complete examination paper or mock exam
/Users/shidianjin/Documents/高考英语/2021·高考英语真题/2021年高考英语试卷（北京）（机考 无听力）（空白卷）.doc,2021·高考英语真题/2021年高考英语试卷（北京）（机考 无听力）（空白卷）.doc,2021年高考英语试卷（北京）（机考 无听力）（空白卷）.doc,.doc,1905664,2026-08-26T07:47:43.668921+00:00,fbd18ed24fd2b1a7f3a2e6c082091e35335323a3aef583d6335ec4fdf7d82b0b,ok,False,paper_only_candidate,full_paper_candidate,path/name indicates a complete examination paper or mock exam
/Users/shidianjin/Documents/高考英语/2021·高考英语真题/2021年高考英语试卷（北京）（机考 无听力）（解析卷）.doc,2021·高考英语真题/2021年高考英语试卷（北京）（机考 无听力）（解析卷）.doc,2021年高考英语试卷（北京）（机考 无听力）（解析卷）.doc,.doc,3521536,2026-08-26T07:47:35.732652+00:00,5beea5fdf72f71facd8e3837ce08d47d6c0db5bf4d8764a45f77aa481767fc64,ok,False,paper_only_candidate,full_paper_candidate,path/name indicates a complete examination paper or mock exam
/Users/shidianjin/Documents/高考英语/2021·高考英语真题/2021年高考英语试卷（天津）（第一次）（空白卷）.docx,2021·高考英语真题/2021年高考英语试卷（天津）（第一次）（空白卷）.docx,2021年高考英语试卷（天津）（第一次）（空白卷）.docx,.docx,30082,2026-08-26T07:50:19.479209+00:00,64b9c158cffd8e8555c43cd5973811b40796d2dd843c0a2b2e09319866da2c96,ok,False,paper_only_candidate,full_paper_candidate,path/name indicates a complete examination paper or mock exam
/Users/shidianjin/Documents/高考英语/2021·高考英语真题/2021年高考英语试卷（天津）（第一次）（解析卷）.docx,2021·高考英语真题/2021年高考英语试卷（天津）（第一次）（解析卷）.docx,2021年高考英语试卷（天津）（第一次）（解析卷）.docx,.docx,62725,2026-08-26T07:50:19.214268+00:00,df4f000bd88d4af2946ffdf059bbfe0a515e612bb965dfc88760d3be08801d4b,ok,False,paper_only_candidate,full_paper_candidate,path/name indicates a complete examination paper or mock exam
/Users/shidianjin/Documents/高考英语/2021·高考英语真题/2021年高考英语试卷（天津）（第二次）（空白卷）.docx,2021·高考英语真题/2021年高考英语试卷（天津）（第二次）（空白卷）.docx,2021年高考英语试卷（天津）（第二次）（空白卷）.docx,.docx,36098,2026-08-26T07:50:18.629914+00:00,8fa4cc6fad05cce53fb85eb07274e422e14c8ea2963b5827a326190da61172d5,ok,False,paper_only_candidate,full_paper_candidate,path/name indicates a complete examination paper or mock exam
/Users/shidianjin/Documents/高考英语/2021·高考英语真题/2021年高考英语试卷（天津）（第二次）（解析卷）.docx,2021·高考英语真题/2021年高考英语试卷（天津）（第二次）（解析卷）.docx,2021年高考英语试卷（天津）（第二次）（解析卷）.docx,.docx,61648,2026-08-26T07:50:17.619832+00:00,512f83dae2bbe99f134618db131bccf975e065d14df1b061898a66460eff1e30,ok,False,paper_only_candidate,full_paper_candidate,path/name indicates a complete examination paper or mock exam
/Users/shidianjin/Documents/高考英语/2021·高考英语真题/2021年高考英语试卷（新高考Ⅰ卷）听力音频.mp3,2021·高考英语真题/2021年高考英语试卷（新高考Ⅰ卷）听力音频.mp3,2021年高考英语试卷（新高考Ⅰ卷）听力音频.mp3,.mp3,9595774,2026-08-26T08:07:50.933479+00:00,922415dfd4ec175dff93bc072e33a2877d2a29cb53a19a29a459566c67c8196c,ok,False,paper_only_candidate,"full_paper_candidate,media_source",path/name indicates a complete examination paper or mock exam; audio/video source asset; establish mapping only
/Users/shidianjin/Documents/高考英语/2021·高考英语真题/2021年高考英语试卷（新高考Ⅰ卷）（空白卷）.doc,2021·高考英语真题/2021年高考英语试卷（新高考Ⅰ卷）（空白卷）.doc,2021年高考英语试卷（新高考Ⅰ卷）（空白卷）.doc,.doc,64000,2026-08-26T07:50:58.083739+00:00,614337721895ddec285be490c309c31ec2f9dc1bec2c727ae63350c710882568,ok,False,paper_only_candidate,full_paper_candidate,path/name indicates a complete examination paper or mock exam
/Users/shidianjin/Documents/高考英语/2021·高考英语真题/2021年高考英语试卷（新高考Ⅰ卷）（解析卷）.doc,2021·高考英语真题/2021年高考英语试卷（新高考Ⅰ卷）（解析卷）.doc,2021年高考英语试卷（新高考Ⅰ卷）（解析卷）.doc,.doc,109056,2026-08-26T07:50:56.811675+00:00,e66c34aa62fd7dda93ebd3032cdcb5841145f2adba02feebf6211f74aba05b77,ok,False,paper_only_candidate,full_paper_candidate,path/name indicates a complete examination paper or mock exam
/Users/shidianjin/Documents/高考英语/2021·高考英语真题/2021年高考英语试卷（新高考Ⅱ卷）听力音频.mp3,2021·高考英语真题/2021年高考英语试卷（新高考Ⅱ卷）听力音频.mp3,2021年高考英语试卷（新高考Ⅱ卷）听力音频.mp3,.mp3,22372101,2026-08-26T08:08:18.431708+00:00,7cf9fc30bf597bda1ea2045b9175f98ba0051d1f50d6fe3edc4587eb1a668709,ok,False,paper_only_candidate,"full_paper_candidate,media_source",path/name indicates a complete examination paper or mock exam; audio/video source asset; establish mapping only
/Users/shidianjin/Documents/高考英语/2021·高考英语真题/2021年高考英语试卷（新高考Ⅱ卷）（空白卷）.doc,2021·高考英语真题/2021年高考英语试卷（新高考Ⅱ卷）（空白卷）.doc,2021年高考英语试卷（新高考Ⅱ卷）（空白卷）.doc,.doc,58368,2026-08-26T07:51:01.686834+00:00,3cb49c109da74251e4cf8c8f787729ff725f6664947e9902db7f35ed0c4dcc86,ok,False,paper_only_candidate,full_paper_candidate,path/name indicates a complete examination paper or mock exam
/Users/shidianjin/Documents/高考英语/2021·高考英语真题/2021年高考英语试卷（新高考Ⅱ卷）（解析卷）.doc,2021·高考英语真题/2021年高考英语试卷（新高考Ⅱ卷）（解析卷）.doc,2021年高考英语试卷（新高考Ⅱ卷）（解析卷）.doc,.doc,118272,2026-08-26T07:51:05.613888+00:00,8e26283f33537da5d5ffe19afc664367495f3fd7c5c832592cb232551f853838,ok,False,paper_only_candidate,full_paper_candidate,path/name indicates a complete examination paper or mock exam
/Users/shidianjin/Documents/高考英语/2021·高考英语真题/2021年高考英语试卷（浙江）（1月）听力音频.mp3,2021·高考英语真题/2021年高考英语试卷（浙江）（1月）听力音频.mp3,2021年高考英语试卷（浙江）（1月）听力音频.mp3,.mp3,23063116,2026-08-26T08:09:30.910049+00:00,bc0fc7bc384e7acec52429e9d102998776d015c54ac8a7488caee72b63a2e0e9,ok,False,paper_only_candidate,"full_paper_candidate,media_source",path/name indicates a complete examination paper or mock exam; audio/video source asset; establish mapping only
/Users/shidianjin/Documents/高考英语/2021·高考英语真题/2021年高考英语试卷（浙江）（1月）（空白卷）.docx,2021·高考英语真题/2021年高考英语试卷（浙江）（1月）（空白卷）.docx,2021年高考英语试卷（浙江）（1月）（空白卷）.docx,.docx,27221,2026-08-26T07:51:02.701825+00:00,fac71cda8d1f7cee51c42f94a9e1b4df95c9bc3fb5cf905054f7c7f1f8b3fcff,ok,False,paper_only_candidate,full_paper_candidate,path/name indicates a complete examination paper or mock exam
/Users/shidianjin/Documents/高考英语/2021·高考英语真题/2021年高考英语试卷（浙江）（1月）（解析卷）.doc,2021·高考英语真题/2021年高考英语试卷（浙江）（1月）（解析卷）.doc,2021年高考英语试卷（浙江）（1月）（解析卷）.doc,.doc,110592,2026-08-26T07:51:02.228365+00:00,48b3b734105572e679ff7f1133906e3799a9101520dd9955f39a02f3e45423b3,ok,False,paper_only_candidate,full_paper_candidate,path/name indicates a complete examination paper or mock exam
/Users/shidianjin/Documents/高考英语/2021·高考英语真题/2021年高考英语试卷（浙江）（6月）听力音频.mp3,2021·高考英语真题/2021年高考英语试卷（浙江）（6月）听力音频.mp3,2021年高考英语试卷（浙江）（6月）听力音频.mp3,.mp3,8223405,2026-08-26T07:52:36.443152+00:00,64247796763caaecc3353cada4df07481e45bee10ede758ec496a13c50ca557e,ok,False,paper_only_candidate,"full_paper_candidate,media_source",path/name indicates a complete examination paper or mock exam; audio/video source asset; establish mapping only
/Users/shidianjin/Documents/高考英语/2021·高考英语真题/2021年高考英语试卷（浙江）（6月）（空白卷）.doc,2021·高考英语真题/2021年高考英语试卷（浙江）（6月）（空白卷）.doc,2021年高考英语试卷（浙江）（6月）（空白卷）.doc,.doc,59904,2026-08-26T07:52:06.507414+00:00,d48ef7af1b3a7dbb6e6c82b00be13211cf812af363757efb30b4fbba1699d0ac,ok,False,paper_only_candidate,full_paper_candidate,path/name indicates a complete examination paper or mock exam
/Users/shidianjin/Documents/高考英语/2021·高考英语真题/2021年高考英语试卷（浙江）（6月）（解析卷）.doc,2021·高考英语真题/2021年高考英语试卷（浙江）（6月）（解析卷）.doc,2021年高考英语试卷（浙江）（6月）（解析卷）.doc,.doc,108544,2026-08-26T07:52:04.974922+00:00,34c785686092d10185a70f9cf5a3b80e3d9e6ceff0c519cc335121de9bba7ab1,ok,False,paper_only_candidate,full_paper_candidate,path/name indicates a complete examination paper or mock exam
/Users/shidianjin/Documents/高考英语/2022·高考英语真题/2022年高考英语试卷（上海）（春考）听力音频.mp3,2022·高考英语真题/2022年高考英语试卷（上海）（春考）听力音频.mp3,2022年高考英语试卷（上海）（春考）听力音频.mp3,.mp3,7413178,2026-08-26T08:03:27.796425+00:00,ae020776fd2a72d0f3df96317e12d0d8bef318cb192cb7eb807360972a2a88a1,ok,False,paper_only_candidate,"full_paper_candidate,media_source",path/name indicates a complete examination paper or mock exam; audio/video source asset; establish mapping only
/Users/shidianjin/Documents/高考英语/2022·高考英语真题/2022年高考英语试卷（上海）（春考）（空白卷） .doc,2022·高考英语真题/2022年高考英语试卷（上海）（春考）（空白卷） .doc,2022年高考英语试卷（上海）（春考）（空白卷） .doc,.doc,89088,2026-08-26T07:52:38.037975+00:00,cbf8a867987b4986cc7118aa4d729ffdb40e5c17ad818daddfd48917a5cdbed7,ok,False,paper_only_candidate,full_paper_candidate,path/name indicates a complete examination paper or mock exam
/Users/shidianjin/Documents/高考英语/2022·高考英语真题/2022年高考英语试卷（上海）（春考）（答案卷）.doc,2022·高考英语真题/2022年高考英语试卷（上海）（春考）（答案卷）.doc,2022年高考英语试卷（上海）（春考）（答案卷）.doc,.doc,115712,2026-08-26T07:52:30.150528+00:00,9aa8691bc7cf8f23b8a1951e74e09215613cc7c72b9ddf24b55eb41dd3ce3509,ok,False,paper_only_candidate,full_paper_candidate,path/name indicates a complete examination paper or mock exam
/Users/shidianjin/Documents/高考英语/2022·高考英语真题/2022年高考英语试卷（上海）（秋考）听力音频.mp3,2022·高考英语真题/2022年高考英语试卷（上海）（秋考）听力音频.mp3,2022年高考英语试卷（上海）（秋考）听力音频.mp3,.mp3,7812775,2026-08-26T07:55:02.753304+00:00,9206b6394c68d1fc2669b1b03ec449591012800fedcbd00c5c8644a30ec952cf,ok,False,paper_only_candidate,"full_paper_candidate,media_source",path/name indicates a complete examination paper or mock exam; audio/video source asset; establish mapping only
/Users/shidianjin/Documents/高考英语/2022·高考英语真题/2022年高考英语试卷（上海）（秋考）（空白卷）.docx,2022·高考英语真题/2022年高考英语试卷（上海）（秋考）（空白卷）.docx,2022年高考英语试卷（上海）（秋考）（空白卷）.docx,.docx,57543,2026-08-26T07:52:40.856174+00:00,b6b6b0f97ce0e3218cb46d7b34cbddce741080b60af52af8a921d9a219b3869d,ok,False,paper_only_candidate,full_paper_candidate,path/name indicates a complete examination paper or mock exam
/Users/shidianjin/Documents/高考英语/2022·高考英语真题/2022年高考英语试卷（上海）（秋考）（解析卷）.docx,2022·高考英语真题/2022年高考英语试卷（上海）（秋考）（解析卷）.docx,2022年高考英语试卷（上海）（秋考）（解析卷）.docx,.docx,79034,2026-08-26T07:52:39.525978+00:00,e29d1f227c26f1a5b60449134ccdbfd98850a4984947213c701355e720c89d9d,ok,False,paper_only_candidate,full_paper_candidate,path/name indicates a complete examination paper or mock exam
/Users/shidianjin/Documents/高考英语/2022·高考英语真题/2022年高考英语试卷（全国乙卷）听力音频.mp3,2022·高考英语真题/2022年高考英语试卷（全国乙卷）听力音频.mp3,2022年高考英语试卷（全国乙卷）听力音频.mp3,.mp3,12228694,2026-08-26T08:14:43.835070+00:00,e8347b9cd129daeb3d011ffb8e720dda86c0bfbbe1cd3f1887b4f789de336a6d,ok,False,paper_only_candidate,"full_paper_candidate,media_source",path/name indicates a complete examination paper or mock exam; audio/video source asset; establish mapping only
/Users/shidianjin/Documents/高考英语/2022·高考英语真题/2022年高考英语试卷（全国乙卷）（空白卷）.docx,2022·高考英语真题/2022年高考英语试卷（全国乙卷）（空白卷）.docx,2022年高考英语试卷（全国乙卷）（空白卷）.docx,.docx,167523,2026-08-26T07:52:22.719908+00:00,7de36f73aca00d10c6afc75daa0a6d5847d7e922342b4eb8fd71210f8f55c4d2,ok,False,paper_only_candidate,full_paper_candidate,path/name indicates a complete examination paper or mock exam
/Users/shidianjin/Documents/高考英语/2022·高考英语真题/2022年高考英语试卷（全国乙卷）（解析卷）.docx,2022·高考英语真题/2022年高考英语试卷（全国乙卷）（解析卷）.docx,2022年高考英语试卷（全国乙卷）（解析卷）.docx,.docx,185036,2026-08-26T07:52:29.314775+00:00,73ccc75c64aa338fa079fdc364b5002e85aaf123cd009f0d802408d3934e6b78,ok,False,paper_only_candidate,full_paper_candidate,path/name indicates a complete examination paper or mock exam
/Users/shidianjin/Documents/高考英语/2022·高考英语真题/2022年高考英语试卷（全国甲卷）听力音频.mp3,2022·高考英语真题/2022年高考英语试卷（全国甲卷）听力音频.mp3,2022年高考英语试卷（全国甲卷）听力音频.mp3,.mp3,4751659,2026-08-26T07:59:53.175582+00:00,a47db0cf553ac044de3512b69406ced00153a13c6072cd2e8b99821af3d98c10,ok,False,paper_only_candidate,"full_paper_candidate,media_source",path/name indicates a complete examination paper or mock exam; audio/video source asset; establish mapping only
/Users/shidianjin/Documents/高考英语/2022·高考英语真题/2022年高考英语试卷（全国甲卷）（空白卷）.docx,2022·高考英语真题/2022年高考英语试卷（全国甲卷）（空白卷）.docx,2022年高考英语试卷（全国甲卷）（空白卷）.docx,.docx,30060,2026-08-26T07:52:19.068684+00:00,ccc4f4477866dbc56292d3b701a2b03eb011e967e4200a041c2ee946b0e27836,ok,False,paper_only_candidate,full_paper_candidate,path/name indicates a complete examination paper or mock exam
/Users/shidianjin/Documents/高考英语/2022·高考英语真题/2022年高考英语试卷（全国甲卷）（解析卷）.docx,2022·高考英语真题/2022年高考英语试卷（全国甲卷）（解析卷）.docx,2022年高考英语试卷（全国甲卷）（解析卷）.docx,.docx,50638,2026-08-26T07:52:18.283809+00:00,b5a69b072525475358ae240f243a902f1be040d5015b69571b04df7cfbb717c5,ok,False,paper_only_candidate,full_paper_candidate,path/name indicates a complete examination paper or mock exam
/Users/shidianjin/Documents/高考英语/2022·高考英语真题/2022年高考英语试卷（北京）（机考 无听力）（空白卷）.docx,2022·高考英语真题/2022年高考英语试卷（北京）（机考 无听力）（空白卷）.docx,2022年高考英语试卷（北京）（机考 无听力）（空白卷）.docx,.docx,30815,2026-08-26T07:52:08.411913+00:00,dadfaa2462a988734a8e6e5cf9398405ba30f2631d898bc640689f87a016bd3f,ok,False,paper_only_candidate,full_paper_candidate,path/name indicates a complete examination paper or mock exam
/Users/shidianjin/Documents/高考英语/2022·高考英语真题/2022年高考英语试卷（北京）（机考 无听力）（解析卷）.docx,2022·高考英语真题/2022年高考英语试卷（北京）（机考 无听力）（解析卷）.docx,2022年高考英语试卷（北京）（机考 无听力）（解析卷）.docx,.docx,46924,2026-08-26T07:52:07.588790+00:00,257e53fec3a53058f8f12824cfa215035761e37e991f9b11d7c70d87b12e3f5e,ok,False,paper_only_candidate,full_paper_candidate,path/name indicates a complete examination paper or mock exam
/Users/shidianjin/Documents/高考英语/2022·高考英语真题/2022年高考英语试卷（天津）（第一次）（空白卷）.docx,2022·高考英语真题/2022年高考英语试卷（天津）（第一次）（空白卷）.docx,2022年高考英语试卷（天津）（第一次）（空白卷）.docx,.docx,155493,2026-08-26T07:52:42.957411+00:00,26e6fc7ef4e95130ae45d9ca25c97f009367308919144ca93e5d0a785ab102c5,ok,False,paper_only_candidate,full_paper_candidate,path/name indicates a complete examination paper or mock exam
/Users/shidianjin/Documents/高考英语/2022·高考英语真题/2022年高考英语试卷（天津）（第一次）（答案版）.docx,2022·高考英语真题/2022年高考英语试卷（天津）（第一次）（答案版）.docx,2022年高考英语试卷（天津）（第一次）（答案版）.docx,.docx,157880,2026-08-26T07:52:45.076421+00:00,c88819c9f6168a36779fecfd67dd505c1ea3ec9ce3bf96b7c90e56795fd48a02,ok,False,paper_only_candidate,full_paper_candidate,path/name indicates a complete examination paper or mock exam
/Users/shidianjin/Documents/高考英语/2022·高考英语真题/2022年高考英语试卷（天津）（第二次）（空白卷）.docx,2022·高考英语真题/2022年高考英语试卷（天津）（第二次）（空白卷）.docx,2022年高考英语试卷（天津）（第二次）（空白卷）.docx,.docx,29190,2026-08-26T07:52:41.682131+00:00,09c2b91bd2a71b86779f3aa82dbe002c898ac88648960a1be6243c5f3dc7ab0d,ok,False,paper_only_candidate,full_paper_candidate,path/name indicates a complete examination paper or mock exam
/Users/shidianjin/Documents/高考英语/2022·高考英语真题/2022年高考英语试卷（天津）（第二次）（解析卷）.docx,2022·高考英语真题/2022年高考英语试卷（天津）（第二次）（解析卷）.docx,2022年高考英语试卷（天津）（第二次）（解析卷）.docx,.docx,46915,2026-08-26T07:52:40.895689+00:00,51fb2c8cf9ce78fe0257df626cee541e57211a19db26a1b8db748153d74cb79f,ok,False,paper_only_candidate,full_paper_candidate,path/name indicates a complete examination paper or mock exam
/Users/shidianjin/Documents/高考英语/2022·高考英语真题/2022年高考英语试卷（新高考Ⅰ卷）听力音频.mp3,2022·高考英语真题/2022年高考英语试卷（新高考Ⅰ卷）听力音频.mp3,2022年高考英语试卷（新高考Ⅰ卷）听力音频.mp3,.mp3,33423511,2026-08-26T08:11:33.412148+00:00,365b10539631bcdef5f83a4b197c9273636aea809833ea85eb90fa93eb4674e9,ok,False,paper_only_candidate,"full_paper_candidate,media_source",path/name indicates a complete examination paper or mock exam; audio/video source asset; establish mapping only
/Users/shidianjin/Documents/高考英语/2022·高考英语真题/2022年高考英语试卷（新高考Ⅰ卷）（空白卷）.docx,2022·高考英语真题/2022年高考英语试卷（新高考Ⅰ卷）（空白卷）.docx,2022年高考英语试卷（新高考Ⅰ卷）（空白卷）.docx,.docx,42919,2026-08-26T07:52:47.344208+00:00,8176ba71cbbdd655658beef6f483de3dd441f19d06f44d19308ce19322e8734e,ok,False,paper_only_candidate,full_paper_candidate,path/name indicates a complete examination paper or mock exam
/Users/shidianjin/Documents/高考英语/2022·高考英语真题/2022年高考英语试卷（新高考Ⅰ卷）（解析卷）.docx,2022·高考英语真题/2022年高考英语试卷（新高考Ⅰ卷）（解析卷）.docx,2022年高考英语试卷（新高考Ⅰ卷）（解析卷）.docx,.docx,62385,2026-08-26T07:52:46.176515+00:00,44448cae3f72a2b8ed4a14476f9d2fe91af9fab663b1d2fba0735aaea6a59872,ok,False,paper_only_candidate,full_paper_candidate,path/name indicates a complete examination paper or mock exam
/Users/shidianjin/Documents/高考英语/2022·高考英语真题/2022年高考英语试卷（新高考Ⅱ卷）听力音频.mp3,2022·高考英语真题/2022年高考英语试卷（新高考Ⅱ卷）听力音频.mp3,2022年高考英语试卷（新高考Ⅱ卷）听力音频.mp3,.mp3,11139075,2026-08-26T08:10:06.304551+00:00,428b7b28552508e728b439bff3b88af6480acdeb4756f8c3aeb8b258f9dd2eb9,ok,False,paper_only_candidate,"full_paper_candidate,media_source",path/name indicates a complete examination paper or mock exam; audio/video source asset; establish mapping only
/Users/shidianjin/Documents/高考英语/2022·高考英语真题/2022年高考英语试卷（新高考Ⅱ卷）（空白卷）.docx,2022·高考英语真题/2022年高考英语试卷（新高考Ⅱ卷）（空白卷）.docx,2022年高考英语试卷（新高考Ⅱ卷）（空白卷）.docx,.docx,43227,2026-08-26T07:53:42.209336+00:00,86cecddc0cb47ae1d5e2a8ff41afde9b50f5faf3632cb153a5afbbd17387281f,ok,False,paper_only_candidate,full_paper_candidate,path/name indicates a complete examination paper or mock exam
/Users/shidianjin/Documents/高考英语/2022·高考英语真题/2022年高考英语试卷（新高考Ⅱ卷）（解析卷）.docx,2022·高考英语真题/2022年高考英语试卷（新高考Ⅱ卷）（解析卷）.docx,2022年高考英语试卷（新高考Ⅱ卷）（解析卷）.docx,.docx,61806,2026-08-26T07:53:42.035725+00:00,8adcf3618918568442bb9c73f9f4f01582a09ca2f89e0b11592d5379466096c6,ok,False,paper_only_candidate,full_paper_candidate,path/name indicates a complete examination paper or mock exam
/Users/shidianjin/Documents/高考英语/2022·高考英语真题/2022年高考英语试卷（浙江）（1月）听力音频.mp3,2022·高考英语真题/2022年高考英语试卷（浙江）（1月）听力音频.mp3,2022年高考英语试卷（浙江）（1月）听力音频.mp3,.mp3,30806517,2026-08-26T08:16:36.501856+00:00,148ecb1acb3885a23eda0d83edbf4945d7120bc0fcc6e4dfe4cc5d8e5f393e9f,ok,False,paper_only_candidate,"full_paper_candidate,media_source",path/name indicates a complete examination paper or mock exam; audio/video source asset; establish mapping only
/Users/shidianjin/Documents/高考英语/2022·高考英语真题/2022年高考英语试卷（浙江）（1月）（空白卷）.docx,2022·高考英语真题/2022年高考英语试卷（浙江）（1月）（空白卷）.docx,2022年高考英语试卷（浙江）（1月）（空白卷）.docx,.docx,31319,2026-08-26T07:53:43.343525+00:00,aa5e5db9ee51d158a2d9258bbeea2d34078b1b024a99718660189ed2e45dd887,ok,False,paper_only_candidate,full_paper_candidate,path/name indicates a complete examination paper or mock exam
/Users/shidianjin/Documents/高考英语/2022·高考英语真题/2022年高考英语试卷（浙江）（1月）（解析卷）.docx,2022·高考英语真题/2022年高考英语试卷（浙江）（1月）（解析卷）.docx,2022年高考英语试卷（浙江）（1月）（解析卷）.docx,.docx,56023,2026-08-26T07:53:43.966626+00:00,55819fa15bda40a73ab869d4104c496ba73879a98f85851e0b8967005f900413,ok,False,paper_only_candidate,full_paper_candidate,path/name indicates a complete examination paper or mock exam
/Users/shidianjin/Documents/高考英语/2022·高考英语真题/2022年高考英语试卷（浙江）（7月）听力音频.mp3,2022·高考英语真题/2022年高考英语试卷（浙江）（7月）听力音频.mp3,2022年高考英语试卷（浙江）（7月）听力音频.mp3,.mp3,11139911,2026-08-26T08:12:54.903852+00:00,5ecef5e5771148406121dc0ad9f6684c676e0537856dcbe767f90364ba322b29,ok,False,paper_only_candidate,"full_paper_candidate,media_source",path/name indicates a complete examination paper or mock exam; audio/video source asset; establish mapping only
/Users/shidianjin/Documents/高考英语/2022·高考英语真题/2022年高考英语试卷（浙江）（7月）（空白卷）.docx,2022·高考英语真题/2022年高考英语试卷（浙江）（7月）（空白卷）.docx,2022年高考英语试卷（浙江）（7月）（空白卷）.docx,.docx,29667,2026-08-26T07:53:44.187326+00:00,ab43c3bceb53fba33d487d0091e7037cb67a44427eab6bec88c3c9d224b2dc99,ok,False,paper_only_candidate,full_paper_candidate,path/name indicates a complete examination paper or mock exam
/Users/shidianjin/Documents/高考英语/2022·高考英语真题/2022年高考英语试卷（浙江）（7月）（解析卷）.docx,2022·高考英语真题/2022年高考英语试卷（浙江）（7月）（解析卷）.docx,2022年高考英语试卷（浙江）（7月）（解析卷）.docx,.docx,41810,2026-08-26T07:53:44.406784+00:00,967fb4c9fc7817319653e4b0fa373a8303636cc304c66f91c72daef62bf9676d,ok,False,paper_only_candidate,full_paper_candidate,path/name indicates a complete examination paper or mock exam
/Users/shidianjin/Documents/高考英语/2022年/2022年新高考1卷 ABCD篇+七五 -词汇精讲+长难句分析+全篇译文（原卷版）- 2022年高考英语真题深度解析.docx,2022年/2022年新高考1卷 ABCD篇+七五 -词汇精讲+长难句分析+全篇译文（原卷版）- 2022年高考英语真题深度解析.docx,2022年新高考1卷 ABCD篇+七五 -词汇精讲+长难句分析+全篇译文（原卷版）- 2022年高考英语真题深度解析.docx,.docx,194342,2022-06-24T03:10:44+00:00,9a4c321dec3665af5f91d1c86c3bd7f00bf3144cbca9862c1f1314ab5c89ec74,ok,False,paper_only_candidate,"full_paper_candidate,knowledge_candidate",path/name indicates a complete examination paper or mock exam; path/name suggests explanatory knowledge material
/Users/shidianjin/Documents/高考英语/2022年/2022年新高考1卷 ABCD篇+七五 -词汇精讲+长难句分析+全篇译文（解析版）- 2022年高考英语真题深度解析.docx,2022年/2022年新高考1卷 ABCD篇+七五 -词汇精讲+长难句分析+全篇译文（解析版）- 2022年高考英语真题深度解析.docx,2022年新高考1卷 ABCD篇+七五 -词汇精讲+长难句分析+全篇译文（解析版）- 2022年高考英语真题深度解析.docx,.docx,244707,2022-06-24T03:10:44+00:00,9064c40c9d51ef70786c2f23e6d2d2c77fff527c95448686eb6884d722aca895,ok,False,paper_only_candidate,"full_paper_candidate,knowledge_candidate",path/name indicates a complete examination paper or mock exam; path/name suggests explanatory knowledge material
/Users/shidianjin/Documents/高考英语/2022年/2022年高考考前押题密卷（广东卷）（A4考试版）.docx,2022年/2022年高考考前押题密卷（广东卷）（A4考试版）.docx,2022年高考考前押题密卷（广东卷）（A4考试版）.docx,.docx,230917,2022-06-03T09:44:23.808336+00:00,b11b5106203c297e9ba9525ebe8678fbd49f4d94f7027568825585afdb2c19c4,ok,False,review_required,,no reliable filename classification signal
/Users/shidianjin/Documents/高考英语/2022年/广东省广州市实验、华附、深中、广雅四校联考2020-2021学年高二下学期期末英语试题（解析版）.docx,2022年/广东省广州市实验、华附、深中、广雅四校联考2020-2021学年高二下学期期末英语试题（解析版）.docx,广东省广州市实验、华附、深中、广雅四校联考2020-2021学年高二下学期期末英语试题（解析版）.docx,.docx,634638,2022-04-08T02:12:27.303598+00:00,5299e82de4fe9474abae09104c34bbfec7f63ef97d54d2c1d39548fbb56bca21,ok,False,review_required,,no reliable filename classification signal
/Users/shidianjin/Documents/高考英语/2023·高考英语真题/2023年高考英语试卷（上海）（春考）听力音频.mp3,2023·高考英语真题/2023年高考英语试卷（上海）（春考）听力音频.mp3,2023年高考英语试卷（上海）（春考）听力音频.mp3,.mp3,7707002,2026-08-26T08:03:22.759126+00:00,3da666d69b855d7b96ddeab8b78dc70f3408d7e5cb03ad83398e6a6660d7251d,ok,False,paper_only_candidate,"full_paper_candidate,media_source",path/name indicates a complete examination paper or mock exam; audio/video source asset; establish mapping only
/Users/shidianjin/Documents/高考英语/2023·高考英语真题/2023年高考英语试卷（上海）（春考）（空白卷）.docx,2023·高考英语真题/2023年高考英语试卷（上海）（春考）（空白卷）.docx,2023年高考英语试卷（上海）（春考）（空白卷）.docx,.docx,85714,2026-08-26T07:56:54.731031+00:00,e28d5e550a052fe14bb90f575f20051efcf81715f1716aeb0f2084772a3a870e,ok,False,paper_only_candidate,full_paper_candidate,path/name indicates a complete examination paper or mock exam
/Users/shidianjin/Documents/高考英语/2023·高考英语真题/2023年高考英语试卷（上海）（春考）（解析卷）.docx,2023·高考英语真题/2023年高考英语试卷（上海）（春考）（解析卷）.docx,2023年高考英语试卷（上海）（春考）（解析卷）.docx,.docx,125471,2026-08-26T07:56:47.525028+00:00,7760f8098e6d8a14e241fb6476cd765efe05dd40c589aacbaa6784aaf88d7198,ok,False,paper_only_candidate,full_paper_candidate,path/name indicates a complete examination paper or mock exam
/Users/shidianjin/Documents/高考英语/2023·高考英语真题/2023年高考英语试卷（上海）（秋考）听力音频.mp3,2023·高考英语真题/2023年高考英语试卷（上海）（秋考）听力音频.mp3,2023年高考英语试卷（上海）（秋考）听力音频.mp3,.mp3,7736677,2026-08-26T08:08:19.279227+00:00,d7edaf40cb3e54ca58f8555226453febce3604449bd00c659340b4b998fdb89b,ok,False,paper_only_candidate,"full_paper_candidate,media_source",path/name indicates a complete examination paper or mock exam; audio/video source asset; establish mapping only
/Users/shidianjin/Documents/高考英语/2023·高考英语真题/2023年高考英语试卷（上海）（秋考）（空白卷）.docx,2023·高考英语真题/2023年高考英语试卷（上海）（秋考）（空白卷）.docx,2023年高考英语试卷（上海）（秋考）（空白卷）.docx,.docx,36370,2026-08-26T07:56:57.065311+00:00,a1e4cbf71bd8b27e73264e4831679d79b0db820674f3126b7e6b0315b9ff613c,ok,False,paper_only_candidate,full_paper_candidate,path/name indicates a complete examination paper or mock exam
/Users/shidianjin/Documents/高考英语/2023·高考英语真题/2023年高考英语试卷（上海）（秋考）（解析卷）.docx,2023·高考英语真题/2023年高考英语试卷（上海）（秋考）（解析卷）.docx,2023年高考英语试卷（上海）（秋考）（解析卷）.docx,.docx,81586,2026-08-26T07:56:55.991564+00:00,f2eb2b4d14dddfc10024d04822eaa802f95300298d4aa46b728dde540d8e93c3,ok,False,paper_only_candidate,full_paper_candidate,path/name indicates a complete examination paper or mock exam
/Users/shidianjin/Documents/高考英语/2023·高考英语真题/2023年高考英语试卷（全国乙卷）听力音频.mp3,2023·高考英语真题/2023年高考英语试卷（全国乙卷）听力音频.mp3,2023年高考英语试卷（全国乙卷）听力音频.mp3,.mp3,11776879,2026-08-26T08:16:01.182093+00:00,c50f6358321653d1f9ea5286cb9018e9e828e2643dc9cd821731cb89dbb24b48,ok,False,paper_only_candidate,"full_paper_candidate,media_source",path/name indicates a complete examination paper or mock exam; audio/video source asset; establish mapping only
/Users/shidianjin/Documents/高考英语/2023·高考英语真题/2023年高考英语试卷（全国乙卷）（空白卷）.docx,2023·高考英语真题/2023年高考英语试卷（全国乙卷）（空白卷）.docx,2023年高考英语试卷（全国乙卷）（空白卷）.docx,.docx,29854,2026-08-26T07:56:45.701270+00:00,bbbee82d4bff9f756912388fefd30277a44551871b950db492ab27cd1e894a57,ok,False,paper_only_candidate,full_paper_candidate,path/name indicates a complete examination paper or mock exam
/Users/shidianjin/Documents/高考英语/2023·高考英语真题/2023年高考英语试卷（全国乙卷）（解析卷）.docx,2023·高考英语真题/2023年高考英语试卷（全国乙卷）（解析卷）.docx,2023年高考英语试卷（全国乙卷）（解析卷）.docx,.docx,50042,2026-08-26T07:56:44.871956+00:00,94229c9a6be8b5bd8e6349dc028efcb0b315a95507390d1161d43ec76eb40b28,ok,False,paper_only_candidate,full_paper_candidate,path/name indicates a complete examination paper or mock exam
/Users/shidianjin/Documents/高考英语/2023·高考英语真题/2023年高考英语试卷（全国甲卷）（空白卷）.docx,2023·高考英语真题/2023年高考英语试卷（全国甲卷）（空白卷）.docx,2023年高考英语试卷（全国甲卷）（空白卷）.docx,.docx,29467,2026-08-26T07:55:32.692904+00:00,610e9af1d8b9d9a5014d817d4f07125cf6767a8de867149b69d5cfd62383c5aa,ok,False,paper_only_candidate,full_paper_candidate,path/name indicates a complete examination paper or mock exam
/Users/shidianjin/Documents/高考英语/2023·高考英语真题/2023年高考英语试卷（全国甲卷）（解析卷）.docx,2023·高考英语真题/2023年高考英语试卷（全国甲卷）（解析卷）.docx,2023年高考英语试卷（全国甲卷）（解析卷）.docx,.docx,48747,2026-08-26T07:53:45.473569+00:00,c4cf449302b65500eae0664904d9b92b4fd7f12abba9e23a36a555127da5d651,ok,False,paper_only_candidate,full_paper_candidate,path/name indicates a complete examination paper or mock exam
/Users/shidianjin/Documents/高考英语/2023·高考英语真题/2023年高考英语试卷（北京）（机考 无听力）（空白卷）.docx,2023·高考英语真题/2023年高考英语试卷（北京）（机考 无听力）（空白卷）.docx,2023年高考英语试卷（北京）（机考 无听力）（空白卷）.docx,.docx,29812,2026-08-26T07:53:44.912933+00:00,3735b29d02f77a51f436b7c6c6bf3259df05c047f3b5323cc3280dedd895599f,ok,False,paper_only_candidate,full_paper_candidate,path/name indicates a complete examination paper or mock exam
/Users/shidianjin/Documents/高考英语/2023·高考英语真题/2023年高考英语试卷（北京）（机考 无听力）（解析卷）.docx,2023·高考英语真题/2023年高考英语试卷（北京）（机考 无听力）（解析卷）.docx,2023年高考英语试卷（北京）（机考 无听力）（解析卷）.docx,.docx,46734,2026-08-26T07:53:44.772614+00:00,ffec7cf3f7554e876b2bef264ba88582748cd10866f7ef9ca4a4fcbcc73116e7,ok,False,paper_only_candidate,full_paper_candidate,path/name indicates a complete examination paper or mock exam
/Users/shidianjin/Documents/高考英语/2023·高考英语真题/2023年高考英语试卷（天津）（第一次）（空白卷）.docx,2023·高考英语真题/2023年高考英语试卷（天津）（第一次）（空白卷）.docx,2023年高考英语试卷（天津）（第一次）（空白卷）.docx,.docx,35895,2026-08-26T07:56:59.597961+00:00,f287e4ff7838d1bae812ec1758b08ad78fde3e0765f84eb11d151184a4a4f98e,ok,False,paper_only_candidate,full_paper_candidate,path/name indicates a complete examination paper or mock exam
/Users/shidianjin/Documents/高考英语/2023·高考英语真题/2023年高考英语试卷（天津）（第一次）（答案卷）.docx,2023·高考英语真题/2023年高考英语试卷（天津）（第一次）（答案卷）.docx,2023年高考英语试卷（天津）（第一次）（答案卷）.docx,.docx,39455,2026-08-26T07:57:00.738344+00:00,b0505e23ae2fef891b8d6ab753c57a374de568dfbddcf919a762d99147c9343f,ok,False,paper_only_candidate,full_paper_candidate,path/name indicates a complete examination paper or mock exam
/Users/shidianjin/Documents/高考英语/2023·高考英语真题/2023年高考英语试卷（天津）（第二次）（空白卷）.docx,2023·高考英语真题/2023年高考英语试卷（天津）（第二次）（空白卷）.docx,2023年高考英语试卷（天津）（第二次）（空白卷）.docx,.docx,36257,2026-08-26T07:56:59.438528+00:00,db2a2be6fae676f607f772d8ece4cd26918e16e1a6e149a057f18c21c4747150,ok,False,paper_only_candidate,full_paper_candidate,path/name indicates a complete examination paper or mock exam
/Users/shidianjin/Documents/高考英语/2023·高考英语真题/2023年高考英语试卷（天津）（第二次）（答案卷）.docx,2023·高考英语真题/2023年高考英语试卷（天津）（第二次）（答案卷）.docx,2023年高考英语试卷（天津）（第二次）（答案卷）.docx,.docx,39846,2026-08-26T07:56:58.168207+00:00,0a75485c7765ee91aed931e3268c6b89c5e89ce9aa52bdbdf5b2839a3fe40881,ok,False,paper_only_candidate,full_paper_candidate,path/name indicates a complete examination paper or mock exam
/Users/shidianjin/Documents/高考英语/2023·高考英语真题/2023年高考英语试卷（新高考Ⅰ卷）听力音频.mp3,2023·高考英语真题/2023年高考英语试卷（新高考Ⅰ卷）听力音频.mp3,2023年高考英语试卷（新高考Ⅰ卷）听力音频.mp3,.mp3,11973111,2026-08-26T08:16:37.880645+00:00,e31526265dcd8db2c1463f1a970cf42cd9debf91379719b85576414b6ef7c9de,ok,False,paper_only_candidate,"full_paper_candidate,media_source",path/name indicates a complete examination paper or mock exam; audio/video source asset; establish mapping only
/Users/shidianjin/Documents/高考英语/2023·高考英语真题/2023年高考英语试卷（新高考Ⅰ卷）（空白卷）.docx,2023·高考英语真题/2023年高考英语试卷（新高考Ⅰ卷）（空白卷）.docx,2023年高考英语试卷（新高考Ⅰ卷）（空白卷）.docx,.docx,30917,2026-08-26T07:58:05.850262+00:00,66aee4e932ad83cf1ef04214f194df308373c8b3b5e69fc785e5b055121901ab,ok,False,paper_only_candidate,full_paper_candidate,path/name indicates a complete examination paper or mock exam
/Users/shidianjin/Documents/高考英语/2023·高考英语真题/2023年高考英语试卷（新高考Ⅰ卷）（解析卷）.docx,2023·高考英语真题/2023年高考英语试卷（新高考Ⅰ卷）（解析卷）.docx,2023年高考英语试卷（新高考Ⅰ卷）（解析卷）.docx,.docx,49681,2026-08-26T07:57:02.236500+00:00,c93a9e7b38c301e62d6bab7ede4db6dbfa4d9284ef85f43a50f90d9df3f8cea2,ok,False,paper_only_candidate,full_paper_candidate,path/name indicates a complete examination paper or mock exam
/Users/shidianjin/Documents/高考英语/2023·高考英语真题/2023年高考英语试卷（新高考Ⅱ卷）（空白卷）.docx,2023·高考英语真题/2023年高考英语试卷（新高考Ⅱ卷）（空白卷）.docx,2023年高考英语试卷（新高考Ⅱ卷）（空白卷）.docx,.docx,32367,2026-08-26T07:59:42.885444+00:00,cb848729d8ad6b154179bedbe1146455ed4dd46334877191bf6856d5b4c23ddd,ok,False,paper_only_candidate,full_paper_candidate,path/name indicates a complete examination paper or mock exam
/Users/shidianjin/Documents/高考英语/2023·高考英语真题/2023年高考英语试卷（新高考Ⅱ卷）（解析卷）.docx,2023·高考英语真题/2023年高考英语试卷（新高考Ⅱ卷）（解析卷）.docx,2023年高考英语试卷（新高考Ⅱ卷）（解析卷）.docx,.docx,50147,2026-08-26T07:59:26.409397+00:00,ccc908f40956c0d69d77d14bc40144c743351b1cd51327bd48aa94730c10e03a,ok,False,paper_only_candidate,full_paper_candidate,path/name indicates a complete examination paper or mock exam
/Users/shidianjin/Documents/高考英语/2023·高考英语真题/2023年高考英语试卷（浙江）（1月）听力音频.mp3,2023·高考英语真题/2023年高考英语试卷（浙江）（1月）听力音频.mp3,2023年高考英语试卷（浙江）（1月）听力音频.mp3,.mp3,23814441,2026-08-26T08:22:50.171943+00:00,6b259d7ff2a2c6106a585f70b5bc25e56283e8ed3436c45006fd5db8aeb8396b,ok,False,paper_only_candidate,"full_paper_candidate,media_source",path/name indicates a complete examination paper or mock exam; audio/video source asset; establish mapping only
/Users/shidianjin/Documents/高考英语/2023·高考英语真题/2023年高考英语试卷（浙江）（1月）（空白卷）.docx,2023·高考英语真题/2023年高考英语试卷（浙江）（1月）（空白卷）.docx,2023年高考英语试卷（浙江）（1月）（空白卷）.docx,.docx,34085,2026-08-26T08:00:07.309558+00:00,be2da126ca5aa2b7f298f88c7025180e9791e34abc03c93550f25aa3c942009a,ok,False,paper_only_candidate,full_paper_candidate,path/name indicates a complete examination paper or mock exam
/Users/shidianjin/Documents/高考英语/2023·高考英语真题/2023年高考英语试卷（浙江）（1月）（解析卷）.docx,2023·高考英语真题/2023年高考英语试卷（浙江）（1月）（解析卷）.docx,2023年高考英语试卷（浙江）（1月）（解析卷）.docx,.docx,54939,2026-08-26T07:59:44.014303+00:00,8b5b211d13706c8a16b39a1e2f65be0bcfdb6b6c507e827014fd665f63b0adef,ok,False,paper_only_candidate,full_paper_candidate,path/name indicates a complete examination paper or mock exam
/Users/shidianjin/Documents/高考英语/2024·高考英语真题/2024年高考英语试卷（全国甲卷）听力音频.mp3,2024·高考英语真题/2024年高考英语试卷（全国甲卷）听力音频.mp3,2024年高考英语试卷（全国甲卷）听力音频.mp3,.mp3,10911077,2026-08-26T08:23:26.160908+00:00,c04098edcaa54dc8cb4f4da6ea17379902d3d234d590084289aa952f1cfcd736,ok,False,paper_only_candidate,"full_paper_candidate,media_source",path/name indicates a complete examination paper or mock exam; audio/video source asset; establish mapping only
/Users/shidianjin/Documents/高考英语/2024·高考英语真题/2024年高考英语试卷（全国甲卷）（空白卷）.docx,2024·高考英语真题/2024年高考英语试卷（全国甲卷）（空白卷）.docx,2024年高考英语试卷（全国甲卷）（空白卷）.docx,.docx,350577,2026-08-26T08:00:42.715802+00:00,ae5bf699930b6eba31561bef487903ecbd1e082b2b5e430f50df640623bf9e20,ok,False,paper_only_candidate,full_paper_candidate,path/name indicates a complete examination paper or mock exam
/Users/shidianjin/Documents/高考英语/2024·高考英语真题/2024年高考英语试卷（全国甲卷）（解析卷）.docx,2024·高考英语真题/2024年高考英语试卷（全国甲卷）（解析卷）.docx,2024年高考英语试卷（全国甲卷）（解析卷）.docx,.docx,378797,2026-08-26T08:00:45.477204+00:00,eaf467d6a8f1fa4f148ff381625fd5332c7d836e785873f966ea6e07cf346cc2,ok,False,paper_only_candidate,full_paper_candidate,path/name indicates a complete examination paper or mock exam
/Users/shidianjin/Documents/高考英语/2024·高考英语真题/2024年高考英语试卷（北京）（机考 无听力）（空白卷）.docx,2024·高考英语真题/2024年高考英语试卷（北京）（机考 无听力）（空白卷）.docx,2024年高考英语试卷（北京）（机考 无听力）（空白卷）.docx,.docx,39979,2026-08-26T08:00:08.076474+00:00,93de342d2a3bea5761c470a4607cf89ea5420775b3c9ba06738c2cb1f5892e79,ok,False,paper_only_candidate,full_paper_candidate,path/name indicates a complete examination paper or mock exam
/Users/shidianjin/Documents/高考英语/2024·高考英语真题/2024年高考英语试卷（北京）（机考 无听力）（解析卷）.docx,2024·高考英语真题/2024年高考英语试卷（北京）（机考 无听力）（解析卷）.docx,2024年高考英语试卷（北京）（机考 无听力）（解析卷）.docx,.docx,54481,2026-08-26T08:00:06.989650+00:00,97dd64dff5031f9d8ca78097d94ef9f65a100b0f17a39ad1a870732b0a5eb36f,ok,False,paper_only_candidate,full_paper_candidate,path/name indicates a complete examination paper or mock exam
/Users/shidianjin/Documents/高考英语/2024·高考英语真题/2024年高考英语试卷（天津）（第一次）（空白卷）.docx,2024·高考英语真题/2024年高考英语试卷（天津）（第一次）（空白卷）.docx,2024年高考英语试卷（天津）（第一次）（空白卷）.docx,.docx,53753,2026-08-26T08:00:48.925957+00:00,73e185ea45ce747d2027ced437bc9b8dd4daf95878632f7f847ba36c581836c6,ok,False,paper_only_candidate,full_paper_candidate,path/name indicates a complete examination paper or mock exam
/Users/shidianjin/Documents/高考英语/2024·高考英语真题/2024年高考英语试卷（天津）（第一次）（解析卷）.docx,2024·高考英语真题/2024年高考英语试卷（天津）（第一次）（解析卷）.docx,2024年高考英语试卷（天津）（第一次）（解析卷）.docx,.docx,80999,2026-08-26T08:00:47.515389+00:00,27a290d25555c648e6e933c0ce5b02027a26e9f769db0fd87140a9c9b14eb3e0,ok,False,paper_only_candidate,full_paper_candidate,path/name indicates a complete examination paper or mock exam
/Users/shidianjin/Documents/高考英语/2024·高考英语真题/2024年高考英语试卷（新高考Ⅰ卷）听力音频.mp3,2024·高考英语真题/2024年高考英语试卷（新高考Ⅰ卷）听力音频.mp3,2024年高考英语试卷（新高考Ⅰ卷）听力音频.mp3,.mp3,11295139,2026-08-26T08:18:29.164646+00:00,90c521996ea165f1de0d5e2cff4cb4e64051f4af48ca6eebc8c0c69b6285b3ad,ok,False,paper_only_candidate,"full_paper_candidate,media_source",path/name indicates a complete examination paper or mock exam; audio/video source asset; establish mapping only
/Users/shidianjin/Documents/高考英语/2024·高考英语真题/2024年高考英语试卷（新高考Ⅰ卷）（空白卷）.docx,2024·高考英语真题/2024年高考英语试卷（新高考Ⅰ卷）（空白卷）.docx,2024年高考英语试卷（新高考Ⅰ卷）（空白卷）.docx,.docx,48359,2026-08-26T08:01:58.614617+00:00,6c49347bb4f296d3a983f3526d9a3936dfe8f2c692964f349002b1cda9283cdd,ok,False,paper_only_candidate,full_paper_candidate,path/name indicates a complete examination paper or mock exam
/Users/shidianjin/Documents/高考英语/2024·高考英语真题/2024年高考英语试卷（新高考Ⅰ卷）（解析卷）.docx,2024·高考英语真题/2024年高考英语试卷（新高考Ⅰ卷）（解析卷）.docx,2024年高考英语试卷（新高考Ⅰ卷）（解析卷）.docx,.docx,68430,2026-08-26T08:01:54.248073+00:00,07beee22252dd85d5f2fac63d6ae03f72067bdd18d555d38f5a3484860b90d15,ok,False,paper_only_candidate,full_paper_candidate,path/name indicates a complete examination paper or mock exam
/Users/shidianjin/Documents/高考英语/2024·高考英语真题/2024年高考英语试卷（新高考Ⅱ卷）听力音频.mp3,2024·高考英语真题/2024年高考英语试卷（新高考Ⅱ卷）听力音频.mp3,2024年高考英语试卷（新高考Ⅱ卷）听力音频.mp3,.mp3,11288704,2026-08-26T08:19:50.673895+00:00,95c1d2572d6a55d68f63570c79c90654d9d7dc585c0e358651b403387904c566,ok,False,paper_only_candidate,"full_paper_candidate,media_source",path/name indicates a complete examination paper or mock exam; audio/video source asset; establish mapping only
/Users/shidianjin/Documents/高考英语/2024·高考英语真题/2024年高考英语试卷（新高考Ⅱ卷）（空白卷）.docx,2024·高考英语真题/2024年高考英语试卷（新高考Ⅱ卷）（空白卷）.docx,2024年高考英语试卷（新高考Ⅱ卷）（空白卷）.docx,.docx,43280,2026-08-26T08:02:28.291160+00:00,518408561edabd84d2c44f14f1793050df04e6508e77e3eca5895b460d5c2df7,ok,False,paper_only_candidate,full_paper_candidate,path/name indicates a complete examination paper or mock exam
/Users/shidianjin/Documents/高考英语/2024·高考英语真题/2024年高考英语试卷（新高考Ⅱ卷）（解析卷）.docx,2024·高考英语真题/2024年高考英语试卷（新高考Ⅱ卷）（解析卷）.docx,2024年高考英语试卷（新高考Ⅱ卷）（解析卷）.docx,.docx,62703,2026-08-26T08:02:27.747115+00:00,ecd87a563592245d2b854537fe8fd39ff35aa23b86dbe39b1598da30b25b5179,ok,False,paper_only_candidate,full_paper_candidate,path/name indicates a complete examination paper or mock exam
/Users/shidianjin/Documents/高考英语/2024·高考英语真题/2024年高考英语试卷（浙江）（1月）听力音频.mp3,2024·高考英语真题/2024年高考英语试卷（浙江）（1月）听力音频.mp3,2024年高考英语试卷（浙江）（1月）听力音频.mp3,.mp3,11505415,2026-08-26T08:27:26.935113+00:00,384e72b0cd719649da3ff6c563a9f4ba1783da5db36b0fd53286aeebe509af60,ok,False,paper_only_candidate,"full_paper_candidate,media_source",path/name indicates a complete examination paper or mock exam; audio/video source asset; establish mapping only
/Users/shidianjin/Documents/高考英语/2024·高考英语真题/2024年高考英语试卷（浙江）（1月）（空白卷）.docx,2024·高考英语真题/2024年高考英语试卷（浙江）（1月）（空白卷）.docx,2024年高考英语试卷（浙江）（1月）（空白卷）.docx,.docx,55540,2026-08-26T08:02:29.825931+00:00,ba7da65af0eeb96341da234bcfb420c5c5734bef67a518cd82e37d4132a9a738,ok,False,paper_only_candidate,full_paper_candidate,path/name indicates a complete examination paper or mock exam
/Users/shidianjin/Documents/高考英语/2024·高考英语真题/2024年高考英语试卷（浙江）（1月）（解析卷）.docx,2024·高考英语真题/2024年高考英语试卷（浙江）（1月）（解析卷）.docx,2024年高考英语试卷（浙江）（1月）（解析卷）.docx,.docx,69325,2026-08-26T08:02:28.394263+00:00,bb3fb00e8526788fabe8de2fc33cd722849bfc0f6eb3acd346927b905a015a5b,ok,False,paper_only_candidate,full_paper_candidate,path/name indicates a complete examination paper or mock exam
/Users/shidianjin/Documents/高考英语/2025·高考英语真题/2025年高考英语试卷（北京）（空白卷）.docx,2025·高考英语真题/2025年高考英语试卷（北京）（空白卷）.docx,2025年高考英语试卷（北京）（空白卷）.docx,.docx,2877717,2026-08-26T08:03:26.410704+00:00,751a77f9c1c4b0f81dac962f5b5f5c605e3b6be96a7166b94e7fb5eb5d91ab1e,ok,False,paper_only_candidate,full_paper_candidate,path/name indicates a complete examination paper or mock exam
/Users/shidianjin/Documents/高考英语/2025·高考英语真题/2025年高考英语试卷（北京）（解析卷）.docx,2025·高考英语真题/2025年高考英语试卷（北京）（解析卷）.docx,2025年高考英语试卷（北京）（解析卷）.docx,.docx,4436710,2026-08-26T08:03:53.981768+00:00,aa2285eaeb8de31b52ebade9b5120260ea0ac326c1df35586509fc3ab50d9753,ok,False,paper_only_candidate,full_paper_candidate,path/name indicates a complete examination paper or mock exam
/Users/shidianjin/Documents/高考英语/2025·高考英语真题/2025年高考英语试卷（新高考Ⅰ卷）听力音频.mp3,2025·高考英语真题/2025年高考英语试卷（新高考Ⅰ卷）听力音频.mp3,2025年高考英语试卷（新高考Ⅰ卷）听力音频.mp3,.mp3,4516919,2026-08-26T08:04:04.306850+00:00,ca8babd0ff5fe8e7ad75d381fd969df03b18766db95d9d3a6cde627dad62625c,ok,False,paper_only_candidate,"full_paper_candidate,media_source",path/name indicates a complete examination paper or mock exam; audio/video source asset; establish mapping only
/Users/shidianjin/Documents/高考英语/2025·高考英语真题/2025年高考英语试卷（新高考Ⅰ卷）（空白卷）.docx,2025·高考英语真题/2025年高考英语试卷（新高考Ⅰ卷）（空白卷）.docx,2025年高考英语试卷（新高考Ⅰ卷）（空白卷）.docx,.docx,153462,2026-08-26T08:03:21.431645+00:00,56b5d3f12f7b16f1736e351685f42d536576de3b6d576928fea668034ff1ca4d,ok,False,paper_only_candidate,full_paper_candidate,path/name indicates a complete examination paper or mock exam
/Users/shidianjin/Documents/高考英语/2025·高考英语真题/2025年高考英语试卷（新高考Ⅰ卷）（解析卷）.docx,2025·高考英语真题/2025年高考英语试卷（新高考Ⅰ卷）（解析卷）.docx,2025年高考英语试卷（新高考Ⅰ卷）（解析卷）.docx,.docx,172907,2026-08-26T08:02:43.424171+00:00,02bac684d3f069856a24bc41ff979925c58fc3002045ca546290b4f75d86fb55,ok,False,paper_only_candidate,full_paper_candidate,path/name indicates a complete examination paper or mock exam
/Users/shidianjin/Documents/高考英语/2025·高考英语真题/2025年高考英语试卷（新高考Ⅱ卷）听力音频.mp3,2025·高考英语真题/2025年高考英语试卷（新高考Ⅱ卷）听力音频.mp3,2025年高考英语试卷（新高考Ⅱ卷）听力音频.mp3,.mp3,4618096,2026-08-26T08:06:21.944135+00:00,e1f36f48aebe09fd89d4ba39f1336c826f1b93b156d4c4f94cc27c9f5412f937,ok,False,paper_only_candidate,"full_paper_candidate,media_source",path/name indicates a complete examination paper or mock exam; audio/video source asset; establish mapping only
/Users/shidianjin/Documents/高考英语/2025·高考英语真题/2025年高考英语试卷（新高考Ⅱ卷）（空白卷）.docx,2025·高考英语真题/2025年高考英语试卷（新高考Ⅱ卷）（空白卷）.docx,2025年高考英语试卷（新高考Ⅱ卷）（空白卷）.docx,.docx,43514,2026-08-26T08:03:28.600108+00:00,853adc6dca7ae4564c341b2c19e1c599b257652a6f0e00827ac6b29370a7f29c,ok,False,paper_only_candidate,full_paper_candidate,path/name indicates a complete examination paper or mock exam
/Users/shidianjin/Documents/高考英语/2025·高考英语真题/2025年高考英语试卷（新高考Ⅱ卷）（解析卷）.docx,2025·高考英语真题/2025年高考英语试卷（新高考Ⅱ卷）（解析卷）.docx,2025年高考英语试卷（新高考Ⅱ卷）（解析卷）.docx,.docx,77626,2026-08-26T08:03:26.225125+00:00,978e535be403deecdb0ae06c1a974a43f4fe069ad81f0c567c3ee4287f601231,ok,False,paper_only_candidate,full_paper_candidate,path/name indicates a complete examination paper or mock exam
/Users/shidianjin/Documents/高考英语/2025·高考英语真题/2025年高考英语试卷（浙江）（1月）听力音频.mp3,2025·高考英语真题/2025年高考英语试卷（浙江）（1月）听力音频.mp3,2025年高考英语试卷（浙江）（1月）听力音频.mp3,.mp3,47539513,2026-08-26T08:24:47.369571+00:00,4bce2f9b1416c895d1bbbb3b11e80edd910f97d26e566693513a27aeda639cdd,ok,False,paper_only_candidate,"full_paper_candidate,media_source",path/name indicates a complete examination paper or mock exam; audio/video source asset; establish mapping only
/Users/shidianjin/Documents/高考英语/2025·高考英语真题/2025年高考英语试卷（浙江）（1月）（空白卷）.docx,2025·高考英语真题/2025年高考英语试卷（浙江）（1月）（空白卷）.docx,2025年高考英语试卷（浙江）（1月）（空白卷）.docx,.docx,44358,2026-08-26T08:03:49.266286+00:00,9cfd4e0512f7d763b6b9d32e613bac85fd4c69a8e67eccd2a89ecd194741c9ff,ok,False,paper_only_candidate,full_paper_candidate,path/name indicates a complete examination paper or mock exam
/Users/shidianjin/Documents/高考英语/2025·高考英语真题/2025年高考英语试卷（浙江）（1月）（解析卷）.docx,2025·高考英语真题/2025年高考英语试卷（浙江）（1月）（解析卷）.docx,2025年高考英语试卷（浙江）（1月）（解析卷）.docx,.docx,64422,2026-08-26T08:03:49.162710+00:00,1046b26e63ef4f9da2123b31730a5086788e322962733f7eb7c05102de169212,ok,False,paper_only_candidate,full_paper_candidate,path/name indicates a complete examination paper or mock exam
/Users/shidianjin/Documents/高考英语/全国卷·英语（2008-2025）/2021年高考英语试卷（全国乙卷）（新课标Ⅰ）（解析卷）.docx,全国卷·英语（2008-2025）/2021年高考英语试卷（全国乙卷）（新课标Ⅰ）（解析卷）.docx,2021年高考英语试卷（全国乙卷）（新课标Ⅰ）（解析卷）.docx,.docx,58866,2026-08-26T08:24:56.238267+00:00,aca034d34ceb609499b046570a1b119f125589d3ab87b9ac6b26f4656647c25f,ok,False,paper_only_candidate,full_paper_candidate,path/name indicates a complete examination paper or mock exam
/Users/shidianjin/Documents/高考英语/全国卷·英语（2008-2025）/2022年高考英语试卷（全国乙卷）（空白卷）.docx,全国卷·英语（2008-2025）/2022年高考英语试卷（全国乙卷）（空白卷）.docx,2022年高考英语试卷（全国乙卷）（空白卷）.docx,.docx,167523,2026-08-26T08:26:38.098706+00:00,a347650443ff6fd36eb22dc27494dca416dbbde8a0a2f166ebc149534ef761dc,ok,False,paper_only_candidate,full_paper_candidate,path/name indicates a complete examination paper or mock exam
/Users/shidianjin/Documents/高考英语/全国卷·英语（2008-2025）/2022年高考英语试卷（全国乙卷）（解析卷）.docx,全国卷·英语（2008-2025）/2022年高考英语试卷（全国乙卷）（解析卷）.docx,2022年高考英语试卷（全国乙卷）（解析卷）.docx,.docx,185036,2026-08-26T08:26:35.695256+00:00,b9626da7e624edc7c388d55154047ebe1388bb1fb31bf59a77b22fc8a29fee71,ok,False,paper_only_candidate,full_paper_candidate,path/name indicates a complete examination paper or mock exam
/Users/shidianjin/Documents/高考英语/全国卷·英语（2008-2025）/2022年高考英语试卷（全国甲卷）（空白卷）.docx,全国卷·英语（2008-2025）/2022年高考英语试卷（全国甲卷）（空白卷）.docx,2022年高考英语试卷（全国甲卷）（空白卷）.docx,.docx,30060,2026-08-26T08:26:12.170101+00:00,15da7552b67e65f02d561dcd89c546d75623b113d0157037193f9036ebaa2372,ok,False,paper_only_candidate,full_paper_candidate,path/name indicates a complete examination paper or mock exam
/Users/shidianjin/Documents/高考英语/全国卷·英语（2008-2025）/2022年高考英语试卷（全国甲卷）（解析卷）.docx,全国卷·英语（2008-2025）/2022年高考英语试卷（全国甲卷）（解析卷）.docx,2022年高考英语试卷（全国甲卷）（解析卷）.docx,.docx,50638,2026-08-26T08:26:11.935934+00:00,80804395c1b234a6ad0be4e036999f1d833e0f03366e2a56acfe229ea13da0a2,ok,False,paper_only_candidate,full_paper_candidate,path/name indicates a complete examination paper or mock exam
/Users/shidianjin/Documents/高考英语/全国卷·英语（2008-2025）/2022年高考英语试卷（新高考Ⅰ卷）（空白卷）.docx,全国卷·英语（2008-2025）/2022年高考英语试卷（新高考Ⅰ卷）（空白卷）.docx,2022年高考英语试卷（新高考Ⅰ卷）（空白卷）.docx,.docx,42919,2026-08-26T08:27:19.207197+00:00,ded9c12b56493f6f5411d7b700237ea12fc2bd04c011d07a8f7a1e0a4a1fe0f9,ok,False,paper_only_candidate,full_paper_candidate,path/name indicates a complete examination paper or mock exam
/Users/shidianjin/Documents/高考英语/全国卷·英语（2008-2025）/2022年高考英语试卷（新高考Ⅰ卷）（解析卷）.docx,全国卷·英语（2008-2025）/2022年高考英语试卷（新高考Ⅰ卷）（解析卷）.docx,2022年高考英语试卷（新高考Ⅰ卷）（解析卷）.docx,.docx,62385,2026-08-26T08:27:18.185849+00:00,61c3c115a24db373936005be5600dbc86c11bab1ca21e7525451808cb3dbab2f,ok,False,paper_only_candidate,full_paper_candidate,path/name indicates a complete examination paper or mock exam
/Users/shidianjin/Documents/高考英语/全国卷·英语（2008-2025）/2022年高考英语试卷（新高考Ⅱ卷）（空白卷）.docx,全国卷·英语（2008-2025）/2022年高考英语试卷（新高考Ⅱ卷）（空白卷）.docx,2022年高考英语试卷（新高考Ⅱ卷）（空白卷）.docx,.docx,43227,2026-08-26T08:28:07.291049+00:00,7703b87763722a364b00ce61114ff30292421c342eee482c4b7b2ddf5fa71fd5,ok,False,paper_only_candidate,full_paper_candidate,path/name indicates a complete examination paper or mock exam
/Users/shidianjin/Documents/高考英语/全国卷·英语（2008-2025）/2022年高考英语试卷（新高考Ⅱ卷）（解析卷）.docx,全国卷·英语（2008-2025）/2022年高考英语试卷（新高考Ⅱ卷）（解析卷）.docx,2022年高考英语试卷（新高考Ⅱ卷）（解析卷）.docx,.docx,61806,2026-08-26T08:28:06.134295+00:00,9f5322d39bfcdfabffc71c8a9081be5b74dfbfa4e6c603de340b2f4c6f157c94,ok,False,paper_only_candidate,full_paper_candidate,path/name indicates a complete examination paper or mock exam
/Users/shidianjin/Documents/高考英语/全国卷·英语（2008-2025）/2023年高考英语试卷（全国乙卷）（空白卷）.docx,全国卷·英语（2008-2025）/2023年高考英语试卷（全国乙卷）（空白卷）.docx,2023年高考英语试卷（全国乙卷）（空白卷）.docx,.docx,29854,2026-08-26T08:29:11.888226+00:00,30e26d3144765db1d8d68722f9d4e7a53b7b3c7711f7051b708bc49d84f7d99f,ok,False,paper_only_candidate,full_paper_candidate,path/name indicates a complete examination paper or mock exam
/Users/shidianjin/Documents/高考英语/全国卷·英语（2008-2025）/2023年高考英语试卷（全国乙卷）（解析卷）.docx,全国卷·英语（2008-2025）/2023年高考英语试卷（全国乙卷）（解析卷）.docx,2023年高考英语试卷（全国乙卷）（解析卷）.docx,.docx,50042,2026-08-26T08:29:11.491045+00:00,c037376cd10efc2d5ca711331dcf9be2a2ecd53bb89beab298ee0249dce169b9,ok,False,paper_only_candidate,full_paper_candidate,path/name indicates a complete examination paper or mock exam
/Users/shidianjin/Documents/高考英语/全国卷·英语（2008-2025）/2023年高考英语试卷（全国甲卷）（空白卷）.docx,全国卷·英语（2008-2025）/2023年高考英语试卷（全国甲卷）（空白卷）.docx,2023年高考英语试卷（全国甲卷）（空白卷）.docx,.docx,29467,2026-08-26T08:28:34.639923+00:00,cb25927b9f01f88f5d9c87fd8c36b2ede6575c0c7fbde3a2c722c2beeb23ae2f,ok,False,paper_only_candidate,full_paper_candidate,path/name indicates a complete examination paper or mock exam
/Users/shidianjin/Documents/高考英语/全国卷·英语（2008-2025）/2023年高考英语试卷（全国甲卷）（解析卷）.docx,全国卷·英语（2008-2025）/2023年高考英语试卷（全国甲卷）（解析卷）.docx,2023年高考英语试卷（全国甲卷）（解析卷）.docx,.docx,48747,2026-08-26T08:28:33.864946+00:00,3bb2083707cb14c32587b85e07c142596ba66671e03fe14c0e883f423d76a766,ok,False,paper_only_candidate,full_paper_candidate,path/name indicates a complete examination paper or mock exam
/Users/shidianjin/Documents/高考英语/全国卷·英语（2008-2025）/2023年高考英语试卷（新高考Ⅰ卷）（空白卷）.docx,全国卷·英语（2008-2025）/2023年高考英语试卷（新高考Ⅰ卷）（空白卷）.docx,2023年高考英语试卷（新高考Ⅰ卷）（空白卷）.docx,.docx,30917,2026-08-26T08:30:32.013862+00:00,4f67f2303a5ddd0e4a33d3dd35c65099c3c2da57eacf99ed294d2f386aa5473d,ok,False,paper_only_candidate,full_paper_candidate,path/name indicates a complete examination paper or mock exam
/Users/shidianjin/Documents/高考英语/全国卷·英语（2008-2025）/2023年高考英语试卷（新高考Ⅰ卷）（解析卷）.docx,全国卷·英语（2008-2025）/2023年高考英语试卷（新高考Ⅰ卷）（解析卷）.docx,2023年高考英语试卷（新高考Ⅰ卷）（解析卷）.docx,.docx,49681,2026-08-26T08:30:31.644247+00:00,c93e45a0e13774889fa6d46480b64acff7ab919b275338ece975656d4280c4d5,ok,False,paper_only_candidate,full_paper_candidate,path/name indicates a complete examination paper or mock exam
/Users/shidianjin/Documents/高考英语/全国卷·英语（2008-2025）/2023年高考英语试卷（新高考Ⅱ卷）（空白卷）.docx,全国卷·英语（2008-2025）/2023年高考英语试卷（新高考Ⅱ卷）（空白卷）.docx,2023年高考英语试卷（新高考Ⅱ卷）（空白卷）.docx,.docx,32367,2026-08-26T08:30:32.952563+00:00,12b4857fa932a4702a7c8d13f529f1b56dbe58b60d99bec9bd1f4ae8ae402a88,ok,False,paper_only_candidate,full_paper_candidate,path/name indicates a complete examination paper or mock exam
/Users/shidianjin/Documents/高考英语/全国卷·英语（2008-2025）/2023年高考英语试卷（新高考Ⅱ卷）（解析卷）.docx,全国卷·英语（2008-2025）/2023年高考英语试卷（新高考Ⅱ卷）（解析卷）.docx,2023年高考英语试卷（新高考Ⅱ卷）（解析卷）.docx,.docx,50147,2026-08-26T08:30:33.072119+00:00,bda6bdcacfa85dc38594115488baf38cf1f95c0e471dc870709563c12d957d33,ok,False,paper_only_candidate,full_paper_candidate,path/name indicates a complete examination paper or mock exam
/Users/shidianjin/Documents/高考英语/新高考版高考总复习英语5·3A版/专题一谓语动词的时态/专题PDF/专题PDF/专题电子书/专题一　谓语动词的时态.pdf,新高考版高考总复习英语5·3A版/专题一谓语动词的时态/专题PDF/专题PDF/专题电子书/专题一　谓语动词的时态.pdf,专题一　谓语动词的时态.pdf,.pdf,1204412,2026-03-11T13:45:22.067317+00:00,34d3190f8368b45afb67f026ae964abe64c3a3f3a0687696f86473089e059343,ok,False,knowledge_only_candidate,knowledge_candidate,path/name suggests explanatory knowledge material
/Users/shidianjin/Documents/高考英语/新高考版高考总复习英语5·3A版/专题一谓语动词的时态/讲解部分PPT/讲解部分PPT—课标导航、考点清单/讲解PPT/讲解部分PPT—课标导航、考点清单.pptx,新高考版高考总复习英语5·3A版/专题一谓语动词的时态/讲解部分PPT/讲解部分PPT—课标导航、考点清单/讲解PPT/讲解部分PPT—课标导航、考点清单.pptx,讲解部分PPT—课标导航、考点清单.pptx,.pptx,737554,2026-03-11T13:45:19.991572+00:00,a9fcce68cd7a246b219440142e1bbc67338b29fb81e02e409cc5bf9d0758825d,ok,False,knowledge_only_candidate,knowledge_candidate,path/name suggests explanatory knowledge material
/Users/shidianjin/Documents/高考英语/新高考版高考总复习英语5·3A版/专题一谓语动词的时态/试题部分WORD/试题部分WORD—5年高考、3年模拟/试题WORD/试题部分WORD—5年高考、3年模拟.docx,新高考版高考总复习英语5·3A版/专题一谓语动词的时态/试题部分WORD/试题部分WORD—5年高考、3年模拟/试题WORD/试题部分WORD—5年高考、3年模拟.docx,试题部分WORD—5年高考、3年模拟.docx,.docx,38315,2026-03-11T13:45:18.618057+00:00,b19db4c30cd9e52f19d2de80242bad731ba59602b3b65f48eb8bfd0758231dbc,ok,False,paper_only_candidate,"full_paper_candidate,knowledge_candidate",path/name indicates a complete examination paper or mock exam; path/name suggests explanatory knowledge material
/Users/shidianjin/Documents/高考英语/新高考版高考总复习英语5·3A版/专题一谓语动词的时态/试题部分WORD/试题部分WORD—考点集训/试题WORD/试题部分WORD—考点集训.docx,新高考版高考总复习英语5·3A版/专题一谓语动词的时态/试题部分WORD/试题部分WORD—考点集训/试题WORD/试题部分WORD—考点集训.docx,试题部分WORD—考点集训.docx,.docx,26642,2026-03-11T13:45:19.642825+00:00,35c8a59bf1e9cf9ff01e7c6799172a08a67adbc612669812858f4679f9ac36a3,ok,False,type_practice_only_candidate,knowledge_candidate,path/name suggests explanatory knowledge material
/Users/shidianjin/Documents/高考英语/新高考版高考总复习英语5·3A版/专题七名词、冠词和数词/专题PDF/专题PDF/专题电子书/专题七　名词、冠词和数词.pdf,新高考版高考总复习英语5·3A版/专题七名词、冠词和数词/专题PDF/专题PDF/专题电子书/专题七　名词、冠词和数词.pdf,专题七　名词、冠词和数词.pdf,.pdf,1091416,2026-03-11T13:44:30.379617+00:00,de875c802864f8dfefb184a87645601a8d5b747d0a44fdf244a594db8d5acaa4,ok,False,knowledge_only_candidate,knowledge_candidate,path/name suggests explanatory knowledge material
/Users/shidianjin/Documents/高考英语/新高考版高考总复习英语5·3A版/专题七名词、冠词和数词/讲解部分PPT/讲解部分PPT—课标导航、考点清单/讲解PPT/讲解部分PPT—课标导航、考点清单.pptx,新高考版高考总复习英语5·3A版/专题七名词、冠词和数词/讲解部分PPT/讲解部分PPT—课标导航、考点清单/讲解PPT/讲解部分PPT—课标导航、考点清单.pptx,讲解部分PPT—课标导航、考点清单.pptx,.pptx,537847,2026-03-11T13:44:25.940623+00:00,e792288d3e48c2576a87a3737a8574f901c5d12e11fb59d80fea843758cf4c32,ok,False,knowledge_only_candidate,knowledge_candidate,path/name suggests explanatory knowledge material
/Users/shidianjin/Documents/高考英语/新高考版高考总复习英语5·3A版/专题七名词、冠词和数词/试题部分WORD/试题部分WORD—5年高考、3年模拟/试题WORD/试题部分word—5年高考、3年模拟.docx,新高考版高考总复习英语5·3A版/专题七名词、冠词和数词/试题部分WORD/试题部分WORD—5年高考、3年模拟/试题WORD/试题部分word—5年高考、3年模拟.docx,试题部分word—5年高考、3年模拟.docx,.docx,41595,2026-03-11T13:44:27.259795+00:00,33cb21d927cbc7188627cc098a7430adf33f5281e8c38f9eaa1079a22d74e468,ok,False,paper_only_candidate,"full_paper_candidate,knowledge_candidate",path/name indicates a complete examination paper or mock exam; path/name suggests explanatory knowledge material
/Users/shidianjin/Documents/高考英语/新高考版高考总复习英语5·3A版/专题七名词、冠词和数词/试题部分WORD/试题部分WORD—考点集训/试题WORD/试题部分word—考点集训.docx,新高考版高考总复习英语5·3A版/专题七名词、冠词和数词/试题部分WORD/试题部分WORD—考点集训/试题WORD/试题部分word—考点集训.docx,试题部分word—考点集训.docx,.docx,26498,2026-03-11T13:44:27.770079+00:00,be2299c24854504f541ce1550cdf3260c35688855341f86f7036f5312d53d152,ok,False,type_practice_only_candidate,knowledge_candidate,path/name suggests explanatory knowledge material
/Users/shidianjin/Documents/高考英语/新高考版高考总复习英语5·3A版/专题三主谓一致/专题PDF/专题PDF/专题电子书/专题三　主谓一致.pdf,新高考版高考总复习英语5·3A版/专题三主谓一致/专题PDF/专题PDF/专题电子书/专题三　主谓一致.pdf,专题三　主谓一致.pdf,.pdf,925669,2026-03-11T13:44:34.678607+00:00,09e5d306a83b8befa98b22d4b10f1191ef38c8ccdfa36732c75770e57be8ce4b,ok,False,knowledge_only_candidate,knowledge_candidate,path/name suggests explanatory knowledge material
/Users/shidianjin/Documents/高考英语/新高考版高考总复习英语5·3A版/专题三主谓一致/讲解部分PPT/讲解部分PPT—课标导航、考点清单/讲解PPT/讲解部分PPT—课标导航、考点清单.pptx,新高考版高考总复习英语5·3A版/专题三主谓一致/讲解部分PPT/讲解部分PPT—课标导航、考点清单/讲解PPT/讲解部分PPT—课标导航、考点清单.pptx,讲解部分PPT—课标导航、考点清单.pptx,.pptx,548992,2026-03-11T13:44:30.839842+00:00,5639a492e5633ca8f39ac00cb2da66e0d559501c83cdc03ad8fb1901d5c36eed,ok,False,knowledge_only_candidate,knowledge_candidate,path/name suggests explanatory knowledge material
/Users/shidianjin/Documents/高考英语/新高考版高考总复习英语5·3A版/专题三主谓一致/试题部分WORD/试题部分WORD—5年高考、3年模拟/试题WORD/试题部分WORD—5年高考、3年模拟.docx,新高考版高考总复习英语5·3A版/专题三主谓一致/试题部分WORD/试题部分WORD—5年高考、3年模拟/试题WORD/试题部分WORD—5年高考、3年模拟.docx,试题部分WORD—5年高考、3年模拟.docx,.docx,34648,2026-03-11T13:44:31.749077+00:00,5892f975292a6d2529ccc4c6dc1a7b24c5c6f43fad1506309d8b2dddf1381838,ok,False,paper_only_candidate,"full_paper_candidate,knowledge_candidate",path/name indicates a complete examination paper or mock exam; path/name suggests explanatory knowledge material
/Users/shidianjin/Documents/高考英语/新高考版高考总复习英语5·3A版/专题三主谓一致/试题部分WORD/试题部分WORD—考点集训/试题WORD/试题部分WORD—考点集训.docx,新高考版高考总复习英语5·3A版/专题三主谓一致/试题部分WORD/试题部分WORD—考点集训/试题WORD/试题部分WORD—考点集训.docx,试题部分WORD—考点集训.docx,.docx,26634,2026-03-11T13:44:32.256027+00:00,d05a0490f0ef7213afe440d55972ff0537c8088b89e8d3c76c78d37b5e2fbd5f,ok,False,type_practice_only_candidate,knowledge_candidate,path/name suggests explanatory knowledge material
/Users/shidianjin/Documents/高考英语/新高考版高考总复习英语5·3A版/专题九介词和代词/专题PDF/专题PDF/专题电子书/专题九　介词和代词.pdf,新高考版高考总复习英语5·3A版/专题九介词和代词/专题PDF/专题PDF/专题电子书/专题九　介词和代词.pdf,专题九　介词和代词.pdf,.pdf,1341907,2026-03-11T13:44:21.114083+00:00,7f4e58c2cfe22961d033aca7f6a9b5b4b7925241e24aaa7f3140df87b1266586,ok,False,knowledge_only_candidate,knowledge_candidate,path/name suggests explanatory knowledge material
/Users/shidianjin/Documents/高考英语/新高考版高考总复习英语5·3A版/专题九介词和代词/讲解部分PPT/讲解部分PPT—课标导航、考点清单/讲解PPT/讲解部分PPT—课标导航、考点清单.pptx,新高考版高考总复习英语5·3A版/专题九介词和代词/讲解部分PPT/讲解部分PPT—课标导航、考点清单/讲解PPT/讲解部分PPT—课标导航、考点清单.pptx,讲解部分PPT—课标导航、考点清单.pptx,.pptx,2493371,2026-03-11T13:44:17.420138+00:00,2ed39520abb460ece116197de0431fcaaa8b104899f5c0ec046ea4c711b260bc,ok,False,knowledge_only_candidate,knowledge_candidate,path/name suggests explanatory knowledge material
/Users/shidianjin/Documents/高考英语/新高考版高考总复习英语5·3A版/专题九介词和代词/试题部分WORD/试题部分WORD—5年高考、3年模拟/试题WORD/试题部分word—5年高考、3年模拟.docx,新高考版高考总复习英语5·3A版/专题九介词和代词/试题部分WORD/试题部分WORD—5年高考、3年模拟/试题WORD/试题部分word—5年高考、3年模拟.docx,试题部分word—5年高考、3年模拟.docx,.docx,44276,2026-03-11T13:44:18.437080+00:00,f0a59e579629de7a9b707e697571f85370b12834434ae2d10f353166d8bf9394,ok,False,paper_only_candidate,"full_paper_candidate,knowledge_candidate",path/name indicates a complete examination paper or mock exam; path/name suggests explanatory knowledge material
/Users/shidianjin/Documents/高考英语/新高考版高考总复习英语5·3A版/专题九介词和代词/试题部分WORD/试题部分WORD—考点集训/试题WORD/试题部分word—考点集训.docx,新高考版高考总复习英语5·3A版/专题九介词和代词/试题部分WORD/试题部分WORD—考点集训/试题WORD/试题部分word—考点集训.docx,试题部分word—考点集训.docx,.docx,26212,2026-03-11T13:44:18.745716+00:00,a99e5fccc2a1dfe67e8ddb9865ce8065dda09ba8d99a00aa04afb0784c1b81ef,ok,False,type_practice_only_candidate,knowledge_candidate,path/name suggests explanatory knowledge material
/Users/shidianjin/Documents/高考英语/新高考版高考总复习英语5·3A版/专题二十一应用文写作/专题PDF/专题PDF/专题电子书/专题二十一 应用文写作.pdf,新高考版高考总复习英语5·3A版/专题二十一应用文写作/专题PDF/专题PDF/专题电子书/专题二十一 应用文写作.pdf,专题二十一 应用文写作.pdf,.pdf,7817985,2026-03-11T13:44:16.771233+00:00,265d5eba322715e27d06b75b37317995cf025bf8c7ebfa1a3731a169511689a4,ok,False,review_required,"knowledge_candidate,type_practice_candidate",path/name suggests explanatory knowledge material; path/name suggests topic or question-type practice
/Users/shidianjin/Documents/高考英语/新高考版高考总复习英语5·3A版/专题二十一应用文写作/专题资料包/专题资料包/专题资料包/专题资料包.docx,新高考版高考总复习英语5·3A版/专题二十一应用文写作/专题资料包/专题资料包/专题资料包/专题资料包.docx,专题资料包.docx,.docx,45494,2026-03-11T13:44:14.454671+00:00,0f528d92b8bc04da8a1e7decbf7493ba5a5841b936e4e5878d46acfc24450b35,ok,False,type_practice_only_candidate,"knowledge_candidate,type_practice_candidate",path/name suggests explanatory knowledge material; path/name suggests topic or question-type practice
/Users/shidianjin/Documents/高考英语/新高考版高考总复习英语5·3A版/专题二十一应用文写作/讲解部分PPT/讲解部分PPT—方法技巧/讲解PPT/讲解部分PPT—方法技巧.pptx,新高考版高考总复习英语5·3A版/专题二十一应用文写作/讲解部分PPT/讲解部分PPT—方法技巧/讲解PPT/讲解部分PPT—方法技巧.pptx,讲解部分PPT—方法技巧.pptx,.pptx,348057,2026-03-11T13:44:10.186057+00:00,a5ebdc2cf5ed7aa964bb9205022fe6c822cda9dcf4ccc7485ed6b090db51a2c1,ok,False,review_required,"knowledge_candidate,type_practice_candidate",path/name suggests explanatory knowledge material; path/name suggests topic or question-type practice
/Users/shidianjin/Documents/高考英语/新高考版高考总复习英语5·3A版/专题二十一应用文写作/讲解部分PPT/讲解部分PPT—考点清单/讲解PPT/讲解部分PPT—考点清单.pptx,新高考版高考总复习英语5·3A版/专题二十一应用文写作/讲解部分PPT/讲解部分PPT—考点清单/讲解PPT/讲解部分PPT—考点清单.pptx,讲解部分PPT—考点清单.pptx,.pptx,334684,2026-03-11T13:44:11.879721+00:00,f90f44c99a80389acc04698b9524309160590c16d49737533016184e04298044,ok,False,review_required,"knowledge_candidate,type_practice_candidate",path/name suggests explanatory knowledge material; path/name suggests topic or question-type practice
/Users/shidianjin/Documents/高考英语/新高考版高考总复习英语5·3A版/专题二十一应用文写作/试题部分WORD/试题部分WORD—5年高考、3年模拟/试题WORD/试题部分WORD—5年高考、3年模拟.docx,新高考版高考总复习英语5·3A版/专题二十一应用文写作/试题部分WORD/试题部分WORD—5年高考、3年模拟/试题WORD/试题部分WORD—5年高考、3年模拟.docx,试题部分WORD—5年高考、3年模拟.docx,.docx,886892,2026-03-11T13:44:13.419017+00:00,d29f01cc78e33573481cbde8d513144008c1616e5cd9109fd9a1f1fe20749950,ok,False,paper_only_candidate,"full_paper_candidate,knowledge_candidate,type_practice_candidate",path/name indicates a complete examination paper or mock exam; path/name suggests explanatory knowledge material; path/name suggests topic or question-type practice
/Users/shidianjin/Documents/高考英语/新高考版高考总复习英语5·3A版/专题二十一应用文写作/试题部分WORD/试题部分WORD—考点集训/试题WORD/试题部分WORD—考点集训.docx,新高考版高考总复习英语5·3A版/专题二十一应用文写作/试题部分WORD/试题部分WORD—考点集训/试题WORD/试题部分WORD—考点集训.docx,试题部分WORD—考点集训.docx,.docx,44692,2026-03-11T13:44:12.991073+00:00,b85d44865b7ec881847b2b5748fd3410b4e923694ca22b962af9ec2e51c3d118,ok,False,type_practice_only_candidate,"knowledge_candidate,type_practice_candidate",path/name suggests explanatory knowledge material; path/name suggests topic or question-type practice
/Users/shidianjin/Documents/高考英语/新高考版高考总复习英语5·3A版/专题二十三概要写作/专题PDF/专题PDF/专题电子书/专题二十三 概要写作.pdf,新高考版高考总复习英语5·3A版/专题二十三概要写作/专题PDF/专题PDF/专题电子书/专题二十三 概要写作.pdf,专题二十三 概要写作.pdf,.pdf,4131412,2026-03-11T13:44:07.620809+00:00,ebca5597ae79f404383fdf2502e3b53e47187bbb38d6a4446579082f4eb94428,ok,False,review_required,"knowledge_candidate,type_practice_candidate",path/name suggests explanatory knowledge material; path/name suggests topic or question-type practice
/Users/shidianjin/Documents/高考英语/新高考版高考总复习英语5·3A版/专题二十三概要写作/专题资料包/专题资料包/专题资料包/专题资料包.docx,新高考版高考总复习英语5·3A版/专题二十三概要写作/专题资料包/专题资料包/专题资料包/专题资料包.docx,专题资料包.docx,.docx,52096,2026-03-11T13:44:05.903320+00:00,487c3b8751ddefe6e10e78ea978ed0f32b91d5dc35712f698909b1b7b9a5ee8b,ok,False,type_practice_only_candidate,"knowledge_candidate,type_practice_candidate",path/name suggests explanatory knowledge material; path/name suggests topic or question-type practice
/Users/shidianjin/Documents/高考英语/新高考版高考总复习英语5·3A版/专题二十三概要写作/讲解部分PPT/讲解部分PPT—方法技巧/讲解PPT/讲解部分PPT—方法技巧.pptx,新高考版高考总复习英语5·3A版/专题二十三概要写作/讲解部分PPT/讲解部分PPT—方法技巧/讲解PPT/讲解部分PPT—方法技巧.pptx,讲解部分PPT—方法技巧.pptx,.pptx,241190,2026-03-11T13:44:02.241255+00:00,7b93ab0d332058ef063583db98268f88ae896721cc5a430d1974ccd69ea3bcbd,ok,False,review_required,"knowledge_candidate,type_practice_candidate",path/name suggests explanatory knowledge material; path/name suggests topic or question-type practice
/Users/shidianjin/Documents/高考英语/新高考版高考总复习英语5·3A版/专题二十三概要写作/讲解部分PPT/讲解部分PPT—考点清单/讲解PPT/讲解部分PPT—考点清单.pptx,新高考版高考总复习英语5·3A版/专题二十三概要写作/讲解部分PPT/讲解部分PPT—考点清单/讲解PPT/讲解部分PPT—考点清单.pptx,讲解部分PPT—考点清单.pptx,.pptx,189626,2026-03-11T13:44:03.601403+00:00,6c4cecd5931f42348300b02b133d9928113ccc39149a908b8bb44b319429185c,ok,False,review_required,"knowledge_candidate,type_practice_candidate",path/name suggests explanatory knowledge material; path/name suggests topic or question-type practice
/Users/shidianjin/Documents/高考英语/新高考版高考总复习英语5·3A版/专题二十三概要写作/试题部分WORD/试题部分WORD—5年高考、3年模拟/试题WORD/试题部分WORD—5年高考、3年模拟.docx,新高考版高考总复习英语5·3A版/专题二十三概要写作/试题部分WORD/试题部分WORD—5年高考、3年模拟/试题WORD/试题部分WORD—5年高考、3年模拟.docx,试题部分WORD—5年高考、3年模拟.docx,.docx,36143,2026-03-11T13:44:03.806606+00:00,018721bf51fd1cf7f4f2d141e87c58ff11b92aae866abbcabc0dc87c265772f2,ok,False,paper_only_candidate,"full_paper_candidate,knowledge_candidate,type_practice_candidate",path/name indicates a complete examination paper or mock exam; path/name suggests explanatory knowledge material; path/name suggests topic or question-type practice
/Users/shidianjin/Documents/高考英语/新高考版高考总复习英语5·3A版/专题二十三概要写作/试题部分WORD/试题部分WORD—考情探究/试题WORD/试题部分WORD—考情探究.docx,新高考版高考总复习英语5·3A版/专题二十三概要写作/试题部分WORD/试题部分WORD—考情探究/试题WORD/试题部分WORD—考情探究.docx,试题部分WORD—考情探究.docx,.docx,57583,2026-03-11T13:44:04.546039+00:00,47ad61683a29a4334a36e1b74ac3708ac3ec5c5f6453b63bc9ca5fe25d39e21e,ok,False,type_practice_only_candidate,"knowledge_candidate,type_practice_candidate",path/name suggests explanatory knowledge material; path/name suggests topic or question-type practice
/Users/shidianjin/Documents/高考英语/新高考版高考总复习英语5·3A版/专题二十二读后续写/专题PDF/专题PDF/专题电子书/专题二十二 读后续写.pdf,新高考版高考总复习英语5·3A版/专题二十二读后续写/专题PDF/专题PDF/专题电子书/专题二十二 读后续写.pdf,专题二十二 读后续写.pdf,.pdf,7682660,2026-03-11T13:44:02.928350+00:00,a605eb635c285e5fcd552d92c100391a3dfb7682a068aa2fb73e59bb1045a837,ok,False,knowledge_only_candidate,knowledge_candidate,path/name suggests explanatory knowledge material
/Users/shidianjin/Documents/高考英语/新高考版高考总复习英语5·3A版/专题二十二读后续写/专题资料包/专题资料包/专题资料包/专题资料包.docx,新高考版高考总复习英语5·3A版/专题二十二读后续写/专题资料包/专题资料包/专题资料包/专题资料包.docx,专题资料包.docx,.docx,74598,2026-03-11T13:44:00.331916+00:00,3a0c0d3f788b71cd9b0d421a56877f076284e709b69c1fb7f896e7a0aa7a4363,ok,False,type_practice_only_candidate,knowledge_candidate,path/name suggests explanatory knowledge material
/Users/shidianjin/Documents/高考英语/新高考版高考总复习英语5·3A版/专题二十二读后续写/讲解部分PPT/讲解部分PPT—考点清单/讲解PPT/讲解部分PPT—考点清单.pptx,新高考版高考总复习英语5·3A版/专题二十二读后续写/讲解部分PPT/讲解部分PPT—考点清单/讲解PPT/讲解部分PPT—考点清单.pptx,讲解部分PPT—考点清单.pptx,.pptx,1237896,2026-03-11T13:43:57.607043+00:00,0d82c5649f7cdd2c4071feda8b2d6da489864afcb4f02c2369d8266d8f5f6766,ok,False,knowledge_only_candidate,knowledge_candidate,path/name suggests explanatory knowledge material
/Users/shidianjin/Documents/高考英语/新高考版高考总复习英语5·3A版/专题二十二读后续写/试题部分WORD/试题部分WORD—5年高考、3年模拟/试题WORD/试题部分WORD—5年高考、3年模拟.docx,新高考版高考总复习英语5·3A版/专题二十二读后续写/试题部分WORD/试题部分WORD—5年高考、3年模拟/试题WORD/试题部分WORD—5年高考、3年模拟.docx,试题部分WORD—5年高考、3年模拟.docx,.docx,88428,2026-03-11T13:43:58.937651+00:00,c93b1e791a1297e3a747f991488847dfeee942e8916c8c6d0862b7b33e064b9d,ok,False,paper_only_candidate,"full_paper_candidate,knowledge_candidate",path/name indicates a complete examination paper or mock exam; path/name suggests explanatory knowledge material
/Users/shidianjin/Documents/高考英语/新高考版高考总复习英语5·3A版/专题二十二读后续写/试题部分WORD/试题部分WORD—考点集训/试题WORD/试题部分WORD—考点集训.docx,新高考版高考总复习英语5·3A版/专题二十二读后续写/试题部分WORD/试题部分WORD—考点集训/试题WORD/试题部分WORD—考点集训.docx,试题部分WORD—考点集训.docx,.docx,59423,2026-03-11T13:43:59.414545+00:00,c0a2438d1f60812d7af4eede6e478c5eae28a37410d2d17fdf598f39d6e68415,ok,False,type_practice_only_candidate,knowledge_candidate,path/name suggests explanatory knowledge material
/Users/shidianjin/Documents/高考英语/新高考版高考总复习英语5·3A版/专题二十写作基础/专题PDF/专题PDF/专题电子书/专题二十 写作基础.pdf,新高考版高考总复习英语5·3A版/专题二十写作基础/专题PDF/专题PDF/专题电子书/专题二十 写作基础.pdf,专题二十 写作基础.pdf,.pdf,1198284,2026-03-11T13:44:10.530566+00:00,1ef54f6c67fae12c40d1f741bf6f42803236cbab55d467458dc120b019d8a5f9,ok,False,review_required,"knowledge_candidate,type_practice_candidate",path/name suggests explanatory knowledge material; path/name suggests topic or question-type practice
/Users/shidianjin/Documents/高考英语/新高考版高考总复习英语5·3A版/专题二十写作基础/讲解部分PPT/讲解部分PPT—考点清单/讲解PPT/讲解部分PPT—考点清单.pptx,新高考版高考总复习英语5·3A版/专题二十写作基础/讲解部分PPT/讲解部分PPT—考点清单/讲解PPT/讲解部分PPT—考点清单.pptx,讲解部分PPT—考点清单.pptx,.pptx,463264,2026-03-11T13:44:07.373170+00:00,dce313a00323eb4f85ccc6c08c5b877872c8a49dfe59ba1ee847db329c8d299d,ok,False,review_required,"knowledge_candidate,type_practice_candidate",path/name suggests explanatory knowledge material; path/name suggests topic or question-type practice
/Users/shidianjin/Documents/高考英语/新高考版高考总复习英语5·3A版/专题二十写作基础/试题部分WORD/试题部分WORD—考点集训/试题WORD/试题部分WORD—考点集训.docx,新高考版高考总复习英语5·3A版/专题二十写作基础/试题部分WORD/试题部分WORD—考点集训/试题WORD/试题部分WORD—考点集训.docx,试题部分WORD—考点集训.docx,.docx,52627,2026-03-11T13:44:08.496797+00:00,48b284b8c4ba3980a579246252878c5239a341b31bb287bd706280156a683535,ok,False,type_practice_only_candidate,"knowledge_candidate,type_practice_candidate",path/name suggests explanatory knowledge material; path/name suggests topic or question-type practice
/Users/shidianjin/Documents/高考英语/新高考版高考总复习英语5·3A版/专题二被动语态/专题PDF/专题PDF/专题电子书/专题二　被动语态.pdf,新高考版高考总复习英语5·3A版/专题二被动语态/专题PDF/专题PDF/专题电子书/专题二　被动语态.pdf,专题二　被动语态.pdf,.pdf,889526,2026-03-11T13:43:56.621406+00:00,c251f059a9fee4f92be61d3e469214fabc739bc11ebf30fffcd1418d8bcf6216,ok,False,knowledge_only_candidate,knowledge_candidate,path/name suggests explanatory knowledge material
/Users/shidianjin/Documents/高考英语/新高考版高考总复习英语5·3A版/专题二被动语态/讲解部分PPT/讲解部分PPT—课标导航、考点清单/讲解PPT/讲解部分PPT—课标导航、考点清单.pptx,新高考版高考总复习英语5·3A版/专题二被动语态/讲解部分PPT/讲解部分PPT—课标导航、考点清单/讲解PPT/讲解部分PPT—课标导航、考点清单.pptx,讲解部分PPT—课标导航、考点清单.pptx,.pptx,394282,2026-03-11T13:43:53.060126+00:00,eaf40625094f339c8bb0a6b957f7524cd8dc2b4a4eca8284eb845bd3ea35478e,ok,False,knowledge_only_candidate,knowledge_candidate,path/name suggests explanatory knowledge material
/Users/shidianjin/Documents/高考英语/新高考版高考总复习英语5·3A版/专题二被动语态/试题部分WORD/试题部分WORD—5年高考、3年模拟/试题WORD/试题部分WORD—5年高考、3年模拟.docx,新高考版高考总复习英语5·3A版/专题二被动语态/试题部分WORD/试题部分WORD—5年高考、3年模拟/试题WORD/试题部分WORD—5年高考、3年模拟.docx,试题部分WORD—5年高考、3年模拟.docx,.docx,33886,2026-03-11T13:43:54.099046+00:00,84e62041b4dcfcad13142b77c7a2b8c86e485020ac18f3355f6a06d8653f2ac3,ok,False,paper_only_candidate,"full_paper_candidate,knowledge_candidate",path/name indicates a complete examination paper or mock exam; path/name suggests explanatory knowledge material
/Users/shidianjin/Documents/高考英语/新高考版高考总复习英语5·3A版/专题二被动语态/试题部分WORD/试题部分WORD—考点集训/试题WORD/试题部分WORD—考点集训.docx,新高考版高考总复习英语5·3A版/专题二被动语态/试题部分WORD/试题部分WORD—考点集训/试题WORD/试题部分WORD—考点集训.docx,试题部分WORD—考点集训.docx,.docx,24662,2026-03-11T13:43:54.506481+00:00,fe14882f2c53e7f744d01eef0d47fe036a8771b38fde31f109a005b2faea53b6,ok,False,type_practice_only_candidate,knowledge_candidate,path/name suggests explanatory knowledge material
/Users/shidianjin/Documents/高考英语/新高考版高考总复习英语5·3A版/专题五并列复合句/专题PDF/专题PDF/专题电子书/专题五　并列复合句.pdf,新高考版高考总复习英语5·3A版/专题五并列复合句/专题PDF/专题PDF/专题电子书/专题五　并列复合句.pdf,专题五　并列复合句.pdf,.pdf,863478,2026-03-11T13:45:18.699083+00:00,0a609cd4080eb37c07792d8c56dc4f3df48058a5c39966d70aaebe5c23847eb9,ok,False,knowledge_only_candidate,knowledge_candidate,path/name suggests explanatory knowledge material
/Users/shidianjin/Documents/高考英语/新高考版高考总复习英语5·3A版/专题五并列复合句/讲解部分PPT/讲解部分PPT—课标导航、考点清单/讲解PPT/讲解部分PPT—课标导航、考点清单.pptx,新高考版高考总复习英语5·3A版/专题五并列复合句/讲解部分PPT/讲解部分PPT—课标导航、考点清单/讲解PPT/讲解部分PPT—课标导航、考点清单.pptx,讲解部分PPT—课标导航、考点清单.pptx,.pptx,369468,2026-03-11T13:45:15.967644+00:00,eb9402aac91d99da6cdcfe02348a9c0496afe4db8486954561870405be1da5c6,ok,False,knowledge_only_candidate,knowledge_candidate,path/name suggests explanatory knowledge material
/Users/shidianjin/Documents/高考英语/新高考版高考总复习英语5·3A版/专题五并列复合句/试题部分WORD/试题部分WORD—5年高考、3年模拟/试题WORD/试题部分word—5年高考、3年模拟.docx,新高考版高考总复习英语5·3A版/专题五并列复合句/试题部分WORD/试题部分WORD—5年高考、3年模拟/试题WORD/试题部分word—5年高考、3年模拟.docx,试题部分word—5年高考、3年模拟.docx,.docx,33677,2026-03-11T13:45:16.055148+00:00,6032295895be9b521df3abeaed925175fb0733ed0087f5dab8493faba8d30585,ok,False,paper_only_candidate,"full_paper_candidate,knowledge_candidate",path/name indicates a complete examination paper or mock exam; path/name suggests explanatory knowledge material
/Users/shidianjin/Documents/高考英语/新高考版高考总复习英语5·3A版/专题五并列复合句/试题部分WORD/试题部分WORD—考点集训/试题WORD/试题部分word—考点集训.docx,新高考版高考总复习英语5·3A版/专题五并列复合句/试题部分WORD/试题部分WORD—考点集训/试题WORD/试题部分word—考点集训.docx,试题部分word—考点集训.docx,.docx,25480,2026-03-11T13:45:16.727915+00:00,a08163fc1aa8e06f216b29bae2c8a62eb61131bd3079d72d0567590f8d0aad32,ok,False,type_practice_only_candidate,knowledge_candidate,path/name suggests explanatory knowledge material
/Users/shidianjin/Documents/高考英语/新高考版高考总复习英语5·3A版/专题八形容词和副词/专题PDF/专题PDF/专题电子书/专题八　形容词和副词.pdf,新高考版高考总复习英语5·3A版/专题八形容词和副词/专题PDF/专题PDF/专题电子书/专题八　形容词和副词.pdf,专题八　形容词和副词.pdf,.pdf,1082079,2026-03-11T13:43:53.078246+00:00,33b07396ef706ed89fb1edcca7aa1c2184dcb21d1fcc85cab493c573eca5a401,ok,False,knowledge_only_candidate,knowledge_candidate,path/name suggests explanatory knowledge material
/Users/shidianjin/Documents/高考英语/新高考版高考总复习英语5·3A版/专题八形容词和副词/讲解部分PPT/讲解部分PPT—课标导航、考点清单/讲解PPT/讲解部分PPT—课标导航、考点清单.pptx,新高考版高考总复习英语5·3A版/专题八形容词和副词/讲解部分PPT/讲解部分PPT—课标导航、考点清单/讲解PPT/讲解部分PPT—课标导航、考点清单.pptx,讲解部分PPT—课标导航、考点清单.pptx,.pptx,634747,2026-03-11T13:43:49.044030+00:00,6534a24d512ff6e69783566e08a927536856505dd29b1b229e8d3a130b161460,ok,False,knowledge_only_candidate,knowledge_candidate,path/name suggests explanatory knowledge material
/Users/shidianjin/Documents/高考英语/新高考版高考总复习英语5·3A版/专题八形容词和副词/试题部分WORD/试题部分WORD—5年高考、3年模拟/试题WORD/试题部分word—5年高考、3年模拟.docx,新高考版高考总复习英语5·3A版/专题八形容词和副词/试题部分WORD/试题部分WORD—5年高考、3年模拟/试题WORD/试题部分word—5年高考、3年模拟.docx,试题部分word—5年高考、3年模拟.docx,.docx,43874,2026-03-11T13:43:50.598854+00:00,e5413cd6547b50710bad880ed2c8f6bc9756b2dc1f5ddeb61271355e47e982e2,ok,False,paper_only_candidate,"full_paper_candidate,knowledge_candidate",path/name indicates a complete examination paper or mock exam; path/name suggests explanatory knowledge material
/Users/shidianjin/Documents/高考英语/新高考版高考总复习英语5·3A版/专题八形容词和副词/试题部分WORD/试题部分WORD—考点集训/试题WORD/试题部分word—考点集训.docx,新高考版高考总复习英语5·3A版/专题八形容词和副词/试题部分WORD/试题部分WORD—考点集训/试题WORD/试题部分word—考点集训.docx,试题部分word—考点集训.docx,.docx,27320,2026-03-11T13:43:50.895252+00:00,ba773afd7bd5340c702cbac6485d2dd608de0a9d4479f4899f11b5cb326d4cb5,ok,False,type_practice_only_candidate,knowledge_candidate,path/name suggests explanatory knowledge material
/Users/shidianjin/Documents/高考英语/新高考版高考总复习英语5·3A版/专题六主从复合句/专题PDF/专题PDF/专题电子书/专题六　主从复合句.pdf,新高考版高考总复习英语5·3A版/专题六主从复合句/专题PDF/专题PDF/专题电子书/专题六　主从复合句.pdf,专题六　主从复合句.pdf,.pdf,1431905,2026-03-11T13:44:25.486767+00:00,11055647c5b799e1fdf8eeb97dbe6b4c179ce55af55e815648bbf9bb5ed52214,ok,False,knowledge_only_candidate,knowledge_candidate,path/name suggests explanatory knowledge material
/Users/shidianjin/Documents/高考英语/新高考版高考总复习英语5·3A版/专题六主从复合句/讲解部分PPT/讲解部分PPT—课标导航、考点清单/讲解PPT/讲解部分PPT—课标导航、考点清单.pptx,新高考版高考总复习英语5·3A版/专题六主从复合句/讲解部分PPT/讲解部分PPT—课标导航、考点清单/讲解PPT/讲解部分PPT—课标导航、考点清单.pptx,讲解部分PPT—课标导航、考点清单.pptx,.pptx,875410,2026-03-11T13:44:21.737002+00:00,64d95a922c3338b96280cb088d7e1c2990cf88d1673af02a100fbc79834ca921,ok,False,knowledge_only_candidate,knowledge_candidate,path/name suggests explanatory knowledge material
/Users/shidianjin/Documents/高考英语/新高考版高考总复习英语5·3A版/专题六主从复合句/试题部分WORD/试题部分WORD—5年高考、3年模拟/试题WORD/试题部分word—5年高考、3年模拟.docx,新高考版高考总复习英语5·3A版/专题六主从复合句/试题部分WORD/试题部分WORD—5年高考、3年模拟/试题WORD/试题部分word—5年高考、3年模拟.docx,试题部分word—5年高考、3年模拟.docx,.docx,59976,2026-03-11T13:44:22.821249+00:00,520b48d2dbe3e6242dde26fa648185c64ca279baa48d740914d4b252d749cff6,ok,False,paper_only_candidate,"full_paper_candidate,knowledge_candidate",path/name indicates a complete examination paper or mock exam; path/name suggests explanatory knowledge material
/Users/shidianjin/Documents/高考英语/新高考版高考总复习英语5·3A版/专题六主从复合句/试题部分WORD/试题部分WORD—考点集训/试题WORD/试题部分word—考点集训.docx,新高考版高考总复习英语5·3A版/专题六主从复合句/试题部分WORD/试题部分WORD—考点集训/试题WORD/试题部分word—考点集训.docx,试题部分word—考点集训.docx,.docx,34961,2026-03-11T13:44:23.386197+00:00,4f94485f24584cce4da9f39178e2f8db0012c264b976cef9a20ce49dae338666,ok,False,type_practice_only_candidate,knowledge_candidate,path/name suggests explanatory knowledge material
/Users/shidianjin/Documents/高考英语/新高考版高考总复习英语5·3A版/专题十一特殊句式/专题PDF/专题PDF/专题电子书/专题十一　特殊句式.pdf,新高考版高考总复习英语5·3A版/专题十一特殊句式/专题PDF/专题PDF/专题电子书/专题十一　特殊句式.pdf,专题十一　特殊句式.pdf,.pdf,810803,2026-03-11T13:45:12.702679+00:00,f64255ddecc1c5a83019123741ce2d276117390315a3dcb0492da9a72c0edc31,ok,False,knowledge_only_candidate,knowledge_candidate,path/name suggests explanatory knowledge material
/Users/shidianjin/Documents/高考英语/新高考版高考总复习英语5·3A版/专题十一特殊句式/讲解部分PPT/讲解部分PPT—课标导航、考点清单/讲解PPT/讲解部分PPT—课标导航、考点清单.pptx,新高考版高考总复习英语5·3A版/专题十一特殊句式/讲解部分PPT/讲解部分PPT—课标导航、考点清单/讲解PPT/讲解部分PPT—课标导航、考点清单.pptx,讲解部分PPT—课标导航、考点清单.pptx,.pptx,561942,2026-03-11T13:45:10.905487+00:00,94b8a5c9b3aaedd503ac74326cc63dc1e6df6894109a7432c521037436e3cd39,ok,False,knowledge_only_candidate,knowledge_candidate,path/name suggests explanatory knowledge material
/Users/shidianjin/Documents/高考英语/新高考版高考总复习英语5·3A版/专题十一特殊句式/试题部分WORD/试题部分WORD—考点集训/试题WORD/试题部分word—考点集训.docx,新高考版高考总复习英语5·3A版/专题十一特殊句式/试题部分WORD/试题部分WORD—考点集训/试题WORD/试题部分word—考点集训.docx,试题部分word—考点集训.docx,.docx,27652,2026-03-11T13:45:10.764407+00:00,69ea343bda8df6ce81a921dc84b251d1f85243a10b95571892bd9dc704acf6ab,ok,False,type_practice_only_candidate,knowledge_candidate,path/name suggests explanatory knowledge material
/Users/shidianjin/Documents/高考英语/新高考版高考总复习英语5·3A版/专题十七阅读补全（七选五）/专题PDF/专题PDF/专题电子书/专题十七 阅读补全（七选五）.pdf,新高考版高考总复习英语5·3A版/专题十七阅读补全（七选五）/专题PDF/专题PDF/专题电子书/专题十七 阅读补全（七选五）.pdf,专题十七 阅读补全（七选五）.pdf,.pdf,6854192,2026-03-11T13:44:58.050519+00:00,4c02c76e9cbfaf14cb5e1bd8562eadac123c1a8dbdef3bf955e450ad8ec5b62d,ok,False,review_required,"knowledge_candidate,type_practice_candidate",path/name suggests explanatory knowledge material; path/name suggests topic or question-type practice
/Users/shidianjin/Documents/高考英语/新高考版高考总复习英语5·3A版/专题十七阅读补全（七选五）/专题资料包/专题资料包/专题资料包/专题资料包.docx,新高考版高考总复习英语5·3A版/专题十七阅读补全（七选五）/专题资料包/专题资料包/专题资料包/专题资料包.docx,专题资料包.docx,.docx,100693,2026-03-11T13:44:56.418355+00:00,a36003d8b8cd4d8347bfb3aef5b036741381cfab67f769ea3717fa6628ab22ee,ok,False,type_practice_only_candidate,"knowledge_candidate,type_practice_candidate",path/name suggests explanatory knowledge material; path/name suggests topic or question-type practice
/Users/shidianjin/Documents/高考英语/新高考版高考总复习英语5·3A版/专题十七阅读补全（七选五）/讲解部分PPT/讲解部分PPT—方法技巧/讲解PPT/讲解部分PPT—方法技巧.pptx,新高考版高考总复习英语5·3A版/专题十七阅读补全（七选五）/讲解部分PPT/讲解部分PPT—方法技巧/讲解PPT/讲解部分PPT—方法技巧.pptx,讲解部分PPT—方法技巧.pptx,.pptx,856950,2026-03-11T13:44:53.958427+00:00,0d4d373ad5ee36c1ed29fca6e5d420ea07a3e603bdcf9881180f70b6a4f26795,ok,False,review_required,"knowledge_candidate,type_practice_candidate",path/name suggests explanatory knowledge material; path/name suggests topic or question-type practice
/Users/shidianjin/Documents/高考英语/新高考版高考总复习英语5·3A版/专题十七阅读补全（七选五）/试题部分WORD/试题部分WORD—5年高考、3年模拟/试题WORD/试题部分WORD—5年高考、3年模拟.docx,新高考版高考总复习英语5·3A版/专题十七阅读补全（七选五）/试题部分WORD/试题部分WORD—5年高考、3年模拟/试题WORD/试题部分WORD—5年高考、3年模拟.docx,试题部分WORD—5年高考、3年模拟.docx,.docx,198122,2026-03-11T13:44:55.383754+00:00,c11559e92a76411ace82404bf31e85a3d76562e57bdb2dcd4709ba5b83161bc9,ok,False,paper_only_candidate,"full_paper_candidate,knowledge_candidate,type_practice_candidate",path/name indicates a complete examination paper or mock exam; path/name suggests explanatory knowledge material; path/name suggests topic or question-type practice
/Users/shidianjin/Documents/高考英语/新高考版高考总复习英语5·3A版/专题十七阅读补全（七选五）/试题部分WORD/试题部分WORD—方法集训/试题WORD/试题部分WORD—方法集训.docx,新高考版高考总复习英语5·3A版/专题十七阅读补全（七选五）/试题部分WORD/试题部分WORD—方法集训/试题WORD/试题部分WORD—方法集训.docx,试题部分WORD—方法集训.docx,.docx,60776,2026-03-11T13:44:55.851692+00:00,c6c7b7310dff629d75d74e6ec14d14a1f9ef28def35e9eea18ac48e79fe4a8e9,ok,False,type_practice_only_candidate,"knowledge_candidate,type_practice_candidate",path/name suggests explanatory knowledge material; path/name suggests topic or question-type practice
/Users/shidianjin/Documents/高考英语/新高考版高考总复习英语5·3A版/专题十三细节理解/专题PDF/专题PDF/专题电子书/专题十三 细节理解.pdf,新高考版高考总复习英语5·3A版/专题十三细节理解/专题PDF/专题PDF/专题电子书/专题十三 细节理解.pdf,专题十三 细节理解.pdf,.pdf,11383368,2026-03-11T13:45:05.139486+00:00,3a8bc88e646521c5a3a54dd1a7b6f0316995b246fd771290ab8ab7b2f97f4ff3,ok,False,knowledge_only_candidate,knowledge_candidate,path/name suggests explanatory knowledge material
/Users/shidianjin/Documents/高考英语/新高考版高考总复习英语5·3A版/专题十三细节理解/专题资料包/专题资料包/专题资料包/专题资料包.docx,新高考版高考总复习英语5·3A版/专题十三细节理解/专题资料包/专题资料包/专题资料包/专题资料包.docx,专题资料包.docx,.docx,79164,2026-03-11T13:45:02.827437+00:00,6205e806d14fc16dce94205a9ea2cfbdf598a857dd545f65623ae3fd20f9b433,ok,False,type_practice_only_candidate,knowledge_candidate,path/name suggests explanatory knowledge material
/Users/shidianjin/Documents/高考英语/新高考版高考总复习英语5·3A版/专题十三细节理解/讲解部分PPT/讲解部分PPT—方法技巧/讲解PPT/讲解部分PPT—方法技巧.pptx,新高考版高考总复习英语5·3A版/专题十三细节理解/讲解部分PPT/讲解部分PPT—方法技巧/讲解PPT/讲解部分PPT—方法技巧.pptx,讲解部分PPT—方法技巧.pptx,.pptx,1003256,2026-03-11T13:45:01.007125+00:00,7dbe61b9b5d401282cc8e176db72550a3e23d41ac449d29191c2b9db52d4ae7a,ok,False,knowledge_only_candidate,knowledge_candidate,path/name suggests explanatory knowledge material
/Users/shidianjin/Documents/高考英语/新高考版高考总复习英语5·3A版/专题十三细节理解/试题部分WORD/试题部分WORD—5年高考、3年模拟/试题WORD/试题部分WORD—5年高考、3年模拟.docx,新高考版高考总复习英语5·3A版/专题十三细节理解/试题部分WORD/试题部分WORD—5年高考、3年模拟/试题WORD/试题部分WORD—5年高考、3年模拟.docx,试题部分WORD—5年高考、3年模拟.docx,.docx,1646796,2026-03-11T13:45:01.628118+00:00,8a7d06e069d34c8674f145264c398ad64c57c07f339268cf5da9a67271195074,ok,False,paper_only_candidate,"full_paper_candidate,knowledge_candidate",path/name indicates a complete examination paper or mock exam; path/name suggests explanatory knowledge material
/Users/shidianjin/Documents/高考英语/新高考版高考总复习英语5·3A版/专题十三细节理解/试题部分WORD/试题部分WORD—方法集训/试题WORD/试题部分WORD—方法集训.docx,新高考版高考总复习英语5·3A版/专题十三细节理解/试题部分WORD/试题部分WORD—方法集训/试题WORD/试题部分WORD—方法集训.docx,试题部分WORD—方法集训.docx,.docx,56048,2026-03-11T13:45:02.603981+00:00,edbd399de462bfff863082ffa510d9e93ca5002b97e8ce331c21f5c831ea9d92,ok,False,type_practice_only_candidate,knowledge_candidate,path/name suggests explanatory knowledge material
/Users/shidianjin/Documents/高考英语/新高考版高考总复习英语5·3A版/专题十九语法填空/专题PDF/专题PDF/专题电子书/专题十九 语法填空.pdf,新高考版高考总复习英语5·3A版/专题十九语法填空/专题PDF/专题PDF/专题电子书/专题十九 语法填空.pdf,专题十九 语法填空.pdf,.pdf,8796306,2026-03-11T13:44:48.487674+00:00,022f9578b82e02eaf8b34ab67e6d423ac9cf38a6ec1a452aabf4e367a32aa198,ok,False,review_required,"knowledge_candidate,type_practice_candidate",path/name suggests explanatory knowledge material; path/name suggests topic or question-type practice
/Users/shidianjin/Documents/高考英语/新高考版高考总复习英语5·3A版/专题十九语法填空/专题资料包/专题资料包/专题资料包/专题资料包.docx,新高考版高考总复习英语5·3A版/专题十九语法填空/专题资料包/专题资料包/专题资料包/专题资料包.docx,专题资料包.docx,.docx,94030,2026-03-11T13:44:46.257562+00:00,71cae9d974545d5e36a772a59929822a888adedd9c326d3076aa4ebd2cddbde0,ok,False,type_practice_only_candidate,"knowledge_candidate,type_practice_candidate",path/name suggests explanatory knowledge material; path/name suggests topic or question-type practice
/Users/shidianjin/Documents/高考英语/新高考版高考总复习英语5·3A版/专题十九语法填空/讲解部分PPT/讲解部分PPT—方法技巧/讲解PPT/讲解部分PPT—方法技巧.pptx,新高考版高考总复习英语5·3A版/专题十九语法填空/讲解部分PPT/讲解部分PPT—方法技巧/讲解PPT/讲解部分PPT—方法技巧.pptx,讲解部分PPT—方法技巧.pptx,.pptx,926525,2026-03-11T13:44:42.853820+00:00,1293016083b43e5570f9eb9f61a4d74e02fece4fa0860087c6ac7eb0513d2033,ok,False,review_required,"knowledge_candidate,type_practice_candidate",path/name suggests explanatory knowledge material; path/name suggests topic or question-type practice
/Users/shidianjin/Documents/高考英语/新高考版高考总复习英语5·3A版/专题十九语法填空/讲解部分PPT/讲解部分PPT—考点清单/讲解PPT/讲解部分PPT—考点清单.pptx,新高考版高考总复习英语5·3A版/专题十九语法填空/讲解部分PPT/讲解部分PPT—考点清单/讲解PPT/讲解部分PPT—考点清单.pptx,讲解部分PPT—考点清单.pptx,.pptx,209566,2026-03-11T13:44:44.109380+00:00,3a227fc4ec9c8cc9b19c47f9255e5c17ab18d8b224e903ddefbb606675add7c4,ok,False,review_required,"knowledge_candidate,type_practice_candidate",path/name suggests explanatory knowledge material; path/name suggests topic or question-type practice
/Users/shidianjin/Documents/高考英语/新高考版高考总复习英语5·3A版/专题十九语法填空/试题部分WORD/试题部分WORD—5年高考、3年模拟/试题WORD/试题部分WORD—5年高考、3年模拟.docx,新高考版高考总复习英语5·3A版/专题十九语法填空/试题部分WORD/试题部分WORD—5年高考、3年模拟/试题WORD/试题部分WORD—5年高考、3年模拟.docx,试题部分WORD—5年高考、3年模拟.docx,.docx,120535,2026-03-11T13:44:44.875734+00:00,f776d234aab373c6bcced07c2f803da467698784862388dcfff64705804fd17d,ok,False,paper_only_candidate,"full_paper_candidate,knowledge_candidate,type_practice_candidate",path/name indicates a complete examination paper or mock exam; path/name suggests explanatory knowledge material; path/name suggests topic or question-type practice
/Users/shidianjin/Documents/高考英语/新高考版高考总复习英语5·3A版/专题十九语法填空/试题部分WORD/试题部分WORD—考点集训、方法集训/试题WORD/试题部分WORD—考点集训、方法集训.docx,新高考版高考总复习英语5·3A版/专题十九语法填空/试题部分WORD/试题部分WORD—考点集训、方法集训/试题WORD/试题部分WORD—考点集训、方法集训.docx,试题部分WORD—考点集训、方法集训.docx,.docx,54939,2026-03-11T13:44:45.399956+00:00,f3c6f42bb641ae06184f1d85d4702ac947a4cb8266f5cd019f937d5be6716461,ok,False,type_practice_only_candidate,"knowledge_candidate,type_practice_candidate",path/name suggests explanatory knowledge material; path/name suggests topic or question-type practice
/Users/shidianjin/Documents/高考英语/新高考版高考总复习英语5·3A版/专题十二构词法/专题PDF/专题PDF/专题电子书/专题十二　构词法.pdf,新高考版高考总复习英语5·3A版/专题十二构词法/专题PDF/专题PDF/专题电子书/专题十二　构词法.pdf,专题十二　构词法.pdf,.pdf,751922,2026-03-11T13:44:42.080401+00:00,da21e129f973610ffb8925f5ce8268d0858d78a6bc0b7e4aaf95c221a8e0e1b1,ok,False,knowledge_only_candidate,knowledge_candidate,path/name suggests explanatory knowledge material
/Users/shidianjin/Documents/高考英语/新高考版高考总复习英语5·3A版/专题十二构词法/讲解部分PPT/讲解部分PPT—课标导航、考点清单/讲解PPT/讲解部分PPT—课标导航、考点清单.pptx,新高考版高考总复习英语5·3A版/专题十二构词法/讲解部分PPT/讲解部分PPT—课标导航、考点清单/讲解PPT/讲解部分PPT—课标导航、考点清单.pptx,讲解部分PPT—课标导航、考点清单.pptx,.pptx,389341,2026-03-11T13:44:39.227093+00:00,6dae7ba634b8ca600c2d873a1978f01c35eb77a16d923b2381554c6163b29c14,ok,False,knowledge_only_candidate,knowledge_candidate,path/name suggests explanatory knowledge material
/Users/shidianjin/Documents/高考英语/新高考版高考总复习英语5·3A版/专题十二构词法/试题部分WORD/试题部分WORD—考点集训/试题WORD/试题部分word—考点集训.docx,新高考版高考总复习英语5·3A版/专题十二构词法/试题部分WORD/试题部分WORD—考点集训/试题WORD/试题部分word—考点集训.docx,试题部分word—考点集训.docx,.docx,26965,2026-03-11T13:44:39.740955+00:00,539c49df93a47c00a80f60765657c0781180df22677b0402c963857dac734eda,ok,False,type_practice_only_candidate,knowledge_candidate,path/name suggests explanatory knowledge material
/Users/shidianjin/Documents/高考英语/新高考版高考总复习英语5·3A版/专题十五推理判断/专题PDF/专题PDF/专题电子书/专题十五 推理判断.pdf,新高考版高考总复习英语5·3A版/专题十五推理判断/专题PDF/专题PDF/专题电子书/专题十五 推理判断.pdf,专题十五 推理判断.pdf,.pdf,6786913,2026-03-11T13:45:11.311241+00:00,b80d79d295fd1721bec3515d7ee8a3bb1dfed66606862c03047669f0c59d4ed8,ok,False,knowledge_only_candidate,knowledge_candidate,path/name suggests explanatory knowledge material
/Users/shidianjin/Documents/高考英语/新高考版高考总复习英语5·3A版/专题十五推理判断/专题资料包/专题资料包/专题资料包/专题资料包.docx,新高考版高考总复习英语5·3A版/专题十五推理判断/专题资料包/专题资料包/专题资料包/专题资料包.docx,专题资料包.docx,.docx,167429,2026-03-11T13:45:09.494404+00:00,790de23c889451e4dfd6af4d247990d6d051a7e50ac0ceb56edc77e96cec65b6,ok,False,type_practice_only_candidate,knowledge_candidate,path/name suggests explanatory knowledge material
/Users/shidianjin/Documents/高考英语/新高考版高考总复习英语5·3A版/专题十五推理判断/讲解部分PPT/讲解部分PPT—方法技巧/讲解PPT/讲解部分PPT—方法技巧.pptx,新高考版高考总复习英语5·3A版/专题十五推理判断/讲解部分PPT/讲解部分PPT—方法技巧/讲解PPT/讲解部分PPT—方法技巧.pptx,讲解部分PPT—方法技巧.pptx,.pptx,1000192,2026-03-11T13:45:07.836879+00:00,06453d439eb8729de63783022174c0b5041abb7b7cc0a011ce0c5b848daf24f3,ok,False,knowledge_only_candidate,knowledge_candidate,path/name suggests explanatory knowledge material
/Users/shidianjin/Documents/高考英语/新高考版高考总复习英语5·3A版/专题十五推理判断/试题部分WORD/试题部分WORD—5年高考、3年模拟/试题WORD/试题部分WORD—5年高考、3年模拟.docx,新高考版高考总复习英语5·3A版/专题十五推理判断/试题部分WORD/试题部分WORD—5年高考、3年模拟/试题WORD/试题部分WORD—5年高考、3年模拟.docx,试题部分WORD—5年高考、3年模拟.docx,.docx,554920,2026-03-11T13:45:08.667800+00:00,41ad7d8b53dd873ac6a6faf7f00c5def71949290cd23aeefc6c001a66e0c142f,ok,False,paper_only_candidate,"full_paper_candidate,knowledge_candidate",path/name indicates a complete examination paper or mock exam; path/name suggests explanatory knowledge material
/Users/shidianjin/Documents/高考英语/新高考版高考总复习英语5·3A版/专题十五推理判断/试题部分WORD/试题部分WORD—方法集训/试题WORD/试题部分WORD—方法集训.docx,新高考版高考总复习英语5·3A版/专题十五推理判断/试题部分WORD/试题部分WORD—方法集训/试题WORD/试题部分WORD—方法集训.docx,试题部分WORD—方法集训.docx,.docx,23983,2026-03-11T13:45:08.284814+00:00,cf09b202d80f86db26985cb769f0155e1c3a03cacac9ef5b779aece238a108af,ok,False,type_practice_only_candidate,knowledge_candidate,path/name suggests explanatory knowledge material
/Users/shidianjin/Documents/高考英语/新高考版高考总复习英语5·3A版/专题十八完形填空/专题PDF/专题PDF/专题电子书/专题十八 完形填空.pdf,新高考版高考总复习英语5·3A版/专题十八完形填空/专题PDF/专题PDF/专题电子书/专题十八 完形填空.pdf,专题十八 完形填空.pdf,.pdf,7347302,2026-03-11T13:44:39.594951+00:00,a4429b0187c064c709214db4658dff0e1a2ae1a6d21406c10777b13ecc28a7f7,ok,False,review_required,"knowledge_candidate,type_practice_candidate",path/name suggests explanatory knowledge material; path/name suggests topic or question-type practice
/Users/shidianjin/Documents/高考英语/新高考版高考总复习英语5·3A版/专题十八完形填空/专题资料包/专题资料包/专题资料包/专题资料包.docx,新高考版高考总复习英语5·3A版/专题十八完形填空/专题资料包/专题资料包/专题资料包/专题资料包.docx,专题资料包.docx,.docx,95728,2026-03-11T13:44:37.277813+00:00,c89b7251d5a736afe88bfa06434aa51694d8ab7d7f005aa4c143d3961e626742,ok,False,type_practice_only_candidate,"knowledge_candidate,type_practice_candidate",path/name suggests explanatory knowledge material; path/name suggests topic or question-type practice
/Users/shidianjin/Documents/高考英语/新高考版高考总复习英语5·3A版/专题十八完形填空/讲解部分PPT/讲解部分PPT—方法技巧/讲解PPT/讲解部分PPT—方法技巧.pptx,新高考版高考总复习英语5·3A版/专题十八完形填空/讲解部分PPT/讲解部分PPT—方法技巧/讲解PPT/讲解部分PPT—方法技巧.pptx,讲解部分PPT—方法技巧.pptx,.pptx,558726,2026-03-11T13:44:34.831073+00:00,924d7e06e5bf8a07b36ca7a85da5397eb23ef41e0dd200f36e1c536dd772c0fe,ok,False,review_required,"knowledge_candidate,type_practice_candidate",path/name suggests explanatory knowledge material; path/name suggests topic or question-type practice
/Users/shidianjin/Documents/高考英语/新高考版高考总复习英语5·3A版/专题十八完形填空/试题部分WORD/试题部分WORD—5年高考、3年模拟/试题WORD/试题部分WORD—5年高考、3年模拟.docx,新高考版高考总复习英语5·3A版/专题十八完形填空/试题部分WORD/试题部分WORD—5年高考、3年模拟/试题WORD/试题部分WORD—5年高考、3年模拟.docx,试题部分WORD—5年高考、3年模拟.docx,.docx,421479,2026-03-11T13:44:35.957031+00:00,5e84e615b28bfd443b4c2b9da177eb8af0d7a169c82528e084a85e849a749893,ok,False,paper_only_candidate,"full_paper_candidate,knowledge_candidate,type_practice_candidate",path/name indicates a complete examination paper or mock exam; path/name suggests explanatory knowledge material; path/name suggests topic or question-type practice
/Users/shidianjin/Documents/高考英语/新高考版高考总复习英语5·3A版/专题十八完形填空/试题部分WORD/试题部分WORD—方法集训/试题WORD/试题部分WORD—方法集训.docx,新高考版高考总复习英语5·3A版/专题十八完形填空/试题部分WORD/试题部分WORD—方法集训/试题WORD/试题部分WORD—方法集训.docx,试题部分WORD—方法集训.docx,.docx,55840,2026-03-11T13:44:36.363253+00:00,2df4ee10fd4cda95e394606edffe3ff390d2bfb392b9ab59b4e55c5a13640730,ok,False,type_practice_only_candidate,"knowledge_candidate,type_practice_candidate",path/name suggests explanatory knowledge material; path/name suggests topic or question-type practice
/Users/shidianjin/Documents/高考英语/新高考版高考总复习英语5·3A版/专题十六猜测词义/专题PDF/专题PDF/专题电子书/专题十六 猜测词义.pdf,新高考版高考总复习英语5·3A版/专题十六猜测词义/专题PDF/专题PDF/专题电子书/专题十六 猜测词义.pdf,专题十六 猜测词义.pdf,.pdf,4649562,2026-03-11T13:44:53.444450+00:00,f180e1c8b09dfd8ee3508ab6e75c8a83b3e521f32c918c237fe1928156b45fcb,ok,False,knowledge_only_candidate,knowledge_candidate,path/name suggests explanatory knowledge material
/Users/shidianjin/Documents/高考英语/新高考版高考总复习英语5·3A版/专题十六猜测词义/专题资料包/专题资料包/专题资料包/专题资料包.docx,新高考版高考总复习英语5·3A版/专题十六猜测词义/专题资料包/专题资料包/专题资料包/专题资料包.docx,专题资料包.docx,.docx,70588,2026-03-11T13:44:51.659339+00:00,b3f5c381f0e6f1dacbf6ec6f857b8753a367c975fb64b4f39da9278dca84ffd2,ok,False,type_practice_only_candidate,knowledge_candidate,path/name suggests explanatory knowledge material
/Users/shidianjin/Documents/高考英语/新高考版高考总复习英语5·3A版/专题十六猜测词义/讲解部分PPT/讲解部分PPT—方法技巧/讲解PPT/讲解部分PPT—方法技巧.pptx,新高考版高考总复习英语5·3A版/专题十六猜测词义/讲解部分PPT/讲解部分PPT—方法技巧/讲解PPT/讲解部分PPT—方法技巧.pptx,讲解部分PPT—方法技巧.pptx,.pptx,458244,2026-03-11T13:44:48.537974+00:00,529ebf0eec598b8ab43a13a9c19aa0f2fd6de1629475b94895481cd7c40a9b22,ok,False,knowledge_only_candidate,knowledge_candidate,path/name suggests explanatory knowledge material
/Users/shidianjin/Documents/高考英语/新高考版高考总复习英语5·3A版/专题十六猜测词义/试题部分WORD/试题部分WORD—5年高考、3年模拟/试题WORD/试题部分WORD—5年高考、3年模拟.docx,新高考版高考总复习英语5·3A版/专题十六猜测词义/试题部分WORD/试题部分WORD—5年高考、3年模拟/试题WORD/试题部分WORD—5年高考、3年模拟.docx,试题部分WORD—5年高考、3年模拟.docx,.docx,315870,2026-03-11T13:44:50.436154+00:00,4afa2ccc7660dfac76fc9ad3f8c20f7f259864ffeaaadac94fe55cb7ded308f2,ok,False,paper_only_candidate,"full_paper_candidate,knowledge_candidate",path/name indicates a complete examination paper or mock exam; path/name suggests explanatory knowledge material
/Users/shidianjin/Documents/高考英语/新高考版高考总复习英语5·3A版/专题十六猜测词义/试题部分WORD/试题部分WORD—方法集训/试题WORD/试题部分WORD—方法集训.docx,新高考版高考总复习英语5·3A版/专题十六猜测词义/试题部分WORD/试题部分WORD—方法集训/试题WORD/试题部分WORD—方法集训.docx,试题部分WORD—方法集训.docx,.docx,24990,2026-03-11T13:44:50.254619+00:00,96b5f8d802afd59b7b81e2d2d630dce2ef8df8ccc3d9bd0edc4210accbd58c71,ok,False,type_practice_only_candidate,knowledge_candidate,path/name suggests explanatory knowledge material
/Users/shidianjin/Documents/高考英语/新高考版高考总复习英语5·3A版/专题十四主旨要义/专题PDF/专题PDF/专题电子书/专题十四 主旨要义.pdf,新高考版高考总复习英语5·3A版/专题十四主旨要义/专题PDF/专题PDF/专题电子书/专题十四 主旨要义.pdf,专题十四 主旨要义.pdf,.pdf,6012674,2026-03-11T13:45:08.362884+00:00,4386781a577fd6d50af1db36a818dce6a885b4ab703dd16020f62479cc8015be,ok,False,knowledge_only_candidate,knowledge_candidate,path/name suggests explanatory knowledge material
/Users/shidianjin/Documents/高考英语/新高考版高考总复习英语5·3A版/专题十四主旨要义/专题资料包/专题资料包/专题资料包/专题资料包.docx,新高考版高考总复习英语5·3A版/专题十四主旨要义/专题资料包/专题资料包/专题资料包/专题资料包.docx,专题资料包.docx,.docx,150058,2026-03-11T13:45:06.575273+00:00,235fd0e098a675806ea9dd3f33ce94f42441b68cb5aba18b752b8120eae8a6d4,ok,False,type_practice_only_candidate,knowledge_candidate,path/name suggests explanatory knowledge material
/Users/shidianjin/Documents/高考英语/新高考版高考总复习英语5·3A版/专题十四主旨要义/讲解部分PPT/讲解部分PPT—方法技巧/讲解PPT/讲解部分PPT—方法技巧.pptx,新高考版高考总复习英语5·3A版/专题十四主旨要义/讲解部分PPT/讲解部分PPT—方法技巧/讲解PPT/讲解部分PPT—方法技巧.pptx,讲解部分PPT—方法技巧.pptx,.pptx,384261,2026-03-11T13:45:04.754236+00:00,5abca8715fac60b560ac272dd5a27799c2d6696a50aa2546e8d053a32275baea,ok,False,knowledge_only_candidate,knowledge_candidate,path/name suggests explanatory knowledge material
/Users/shidianjin/Documents/高考英语/新高考版高考总复习英语5·3A版/专题十四主旨要义/试题部分WORD/试题部分WORD—5年高考、3年模拟/试题WORD/试题部分WORD—5年高考、3年模拟.docx,新高考版高考总复习英语5·3A版/专题十四主旨要义/试题部分WORD/试题部分WORD—5年高考、3年模拟/试题WORD/试题部分WORD—5年高考、3年模拟.docx,试题部分WORD—5年高考、3年模拟.docx,.docx,377098,2026-03-11T13:45:05.091975+00:00,f85ed9915446dce36bd25b55510efd0a979f5a3c658e142665ade088da2789f7,ok,False,paper_only_candidate,"full_paper_candidate,knowledge_candidate",path/name indicates a complete examination paper or mock exam; path/name suggests explanatory knowledge material
/Users/shidianjin/Documents/高考英语/新高考版高考总复习英语5·3A版/专题十四主旨要义/试题部分WORD/试题部分WORD—方法集训/试题WORD/试题部分WORD—方法集训.docx,新高考版高考总复习英语5·3A版/专题十四主旨要义/试题部分WORD/试题部分WORD—方法集训/试题WORD/试题部分WORD—方法集训.docx,试题部分WORD—方法集训.docx,.docx,28266,2026-03-11T13:45:05.116943+00:00,169ef46a873d1873e7fab0d8e2c80b66796343c1065572c412993303491b7452,ok,False,type_practice_only_candidate,knowledge_candidate,path/name suggests explanatory knowledge material
/Users/shidianjin/Documents/高考英语/新高考版高考总复习英语5·3A版/专题十情态动词和虚拟语气/专题PDF/专题PDF/专题电子书/专题十　情态动词和虚拟语气.pdf,新高考版高考总复习英语5·3A版/专题十情态动词和虚拟语气/专题PDF/专题PDF/专题电子书/专题十　情态动词和虚拟语气.pdf,专题十　情态动词和虚拟语气.pdf,.pdf,859636,2026-03-11T13:45:00.480385+00:00,c4b318bca259a9b65c442e1572f7448749d42ddd94388502b74591c2bc0fd09d,ok,False,knowledge_only_candidate,knowledge_candidate,path/name suggests explanatory knowledge material
/Users/shidianjin/Documents/高考英语/新高考版高考总复习英语5·3A版/专题十情态动词和虚拟语气/讲解部分PPT/讲解部分PPT—课标导航、考点清单/讲解PPT/讲解部分PPT—课标导航、考点清单.pptx,新高考版高考总复习英语5·3A版/专题十情态动词和虚拟语气/讲解部分PPT/讲解部分PPT—课标导航、考点清单/讲解PPT/讲解部分PPT—课标导航、考点清单.pptx,讲解部分PPT—课标导航、考点清单.pptx,.pptx,659001,2026-03-11T13:44:58.499844+00:00,32c79df4dc0cd458a53f5da56b0c6cd1f333d960a3e2edfa24d5ffb963097b11,ok,False,knowledge_only_candidate,knowledge_candidate,path/name suggests explanatory knowledge material
/Users/shidianjin/Documents/高考英语/新高考版高考总复习英语5·3A版/专题十情态动词和虚拟语气/试题部分WORD/试题部分WORD—考点集训/试题WORD/试题部分word—考点集训.docx,新高考版高考总复习英语5·3A版/专题十情态动词和虚拟语气/试题部分WORD/试题部分WORD—考点集训/试题WORD/试题部分word—考点集训.docx,试题部分word—考点集训.docx,.docx,27355,2026-03-11T13:44:57.616151+00:00,5656fe3f5fdf63980ee51217a5a2ecea1d5e48562c41d54bafaa13b41c899e32,ok,False,type_practice_only_candidate,knowledge_candidate,path/name suggests explanatory knowledge material
/Users/shidianjin/Documents/高考英语/新高考版高考总复习英语5·3A版/专题四非谓语动词/专题PDF/专题PDF/专题电子书/专题四　非谓语动词.pdf,新高考版高考总复习英语5·3A版/专题四非谓语动词/专题PDF/专题PDF/专题电子书/专题四　非谓语动词.pdf,专题四　非谓语动词.pdf,.pdf,1281853,2026-03-11T13:45:15.858937+00:00,7bb2ddbe98292aef23ee27800f8435f2f323b24e63a56ec005fe780f4941c84a,ok,False,knowledge_only_candidate,knowledge_candidate,path/name suggests explanatory knowledge material
/Users/shidianjin/Documents/高考英语/新高考版高考总复习英语5·3A版/专题四非谓语动词/讲解部分PPT/讲解部分PPT—课标导航、考点清单/讲解PPT/讲解部分PPT—课标导航、考点清单.pptx,新高考版高考总复习英语5·3A版/专题四非谓语动词/讲解部分PPT/讲解部分PPT—课标导航、考点清单/讲解PPT/讲解部分PPT—课标导航、考点清单.pptx,讲解部分PPT—课标导航、考点清单.pptx,.pptx,959007,2026-03-11T13:45:13.651173+00:00,7b3fdd07b384cf2b8a87a9f20c778aecffa7f7ab552878b3a2eeb23ed1c7b19f,ok,False,knowledge_only_candidate,knowledge_candidate,path/name suggests explanatory knowledge material
/Users/shidianjin/Documents/高考英语/新高考版高考总复习英语5·3A版/专题四非谓语动词/试题部分WORD/试题部分WORD—5年高考、3年模拟/试题WORD/试题部分WORD—5年高考、3年模拟.docx,新高考版高考总复习英语5·3A版/专题四非谓语动词/试题部分WORD/试题部分WORD—5年高考、3年模拟/试题WORD/试题部分WORD—5年高考、3年模拟.docx,试题部分WORD—5年高考、3年模拟.docx,.docx,52005,2026-03-11T13:45:12.902509+00:00,9d9dbb1273247cfeeca9470ab0d26da8fd33365b34d2688cf726027250418a1c,ok,False,paper_only_candidate,"full_paper_candidate,knowledge_candidate",path/name indicates a complete examination paper or mock exam; path/name suggests explanatory knowledge material
/Users/shidianjin/Documents/高考英语/新高考版高考总复习英语5·3A版/专题四非谓语动词/试题部分WORD/试题部分WORD—考点集训/试题WORD/试题部分WORD—考点集训.docx,新高考版高考总复习英语5·3A版/专题四非谓语动词/试题部分WORD/试题部分WORD—考点集训/试题WORD/试题部分WORD—考点集训.docx,试题部分WORD—考点集训.docx,.docx,26373,2026-03-11T13:45:14.185630+00:00,4db7dfb2c06d3336dc49aa01f2566c1740db879f223b8436f6c21b4a6eace217,ok,False,type_practice_only_candidate,knowledge_candidate,path/name suggests explanatory knowledge material
/Users/shidianjin/Documents/高考英语/新高考版高考总复习英语5·3A版/仿真卷/专题PDF/专题PDF—仿真卷一/专题电子书/仿真卷一.pdf,新高考版高考总复习英语5·3A版/仿真卷/专题PDF/专题PDF—仿真卷一/专题电子书/仿真卷一.pdf,仿真卷一.pdf,.pdf,1892873,2026-03-11T13:43:41.072208+00:00,9a1de972e35b591075735e1090ab544a84bf2343e6be3fcbab2e3788c62c7548,ok,False,knowledge_only_candidate,knowledge_candidate,path/name suggests explanatory knowledge material
/Users/shidianjin/Documents/高考英语/新高考版高考总复习英语5·3A版/仿真卷/专题PDF/专题PDF—仿真卷三/专题电子书/仿真卷三.pdf,新高考版高考总复习英语5·3A版/仿真卷/专题PDF/专题PDF—仿真卷三/专题电子书/仿真卷三.pdf,仿真卷三.pdf,.pdf,1909181,2026-03-11T13:43:37.937863+00:00,fe895fabb0e10d0f32d5128a766284bf541861f39a6dbb66d911fcab146525c9,ok,False,knowledge_only_candidate,knowledge_candidate,path/name suggests explanatory knowledge material
/Users/shidianjin/Documents/高考英语/新高考版高考总复习英语5·3A版/仿真卷/专题PDF/专题PDF—仿真卷二/专题电子书/仿真卷二.pdf,新高考版高考总复习英语5·3A版/仿真卷/专题PDF/专题PDF—仿真卷二/专题电子书/仿真卷二.pdf,仿真卷二.pdf,.pdf,1892438,2026-03-11T13:43:37.254898+00:00,20d39e796b14ef811c3e9b02b7a503e911b6c5deb056c9ea9de1517c79754695,ok,False,knowledge_only_candidate,knowledge_candidate,path/name suggests explanatory knowledge material
/Users/shidianjin/Documents/高考英语/新高考版高考总复习英语5·3A版/仿真卷/专题PDF/专题PDF—仿真卷四/专题电子书/仿真卷四.pdf,新高考版高考总复习英语5·3A版/仿真卷/专题PDF/专题PDF—仿真卷四/专题电子书/仿真卷四.pdf,仿真卷四.pdf,.pdf,1864301,2026-03-11T13:43:40.742814+00:00,61370fa3c16398bc986db99a4aab17ae63019cda455d23e58fae0586a46ec2a8,ok,False,knowledge_only_candidate,knowledge_candidate,path/name suggests explanatory knowledge material
/Users/shidianjin/Documents/高考英语/新高考版高考总复习英语5·3A版/仿真卷/试题部分WORD/试题部分WORD—仿真卷/试题WORD/试题部分WORD—仿真卷.docx,新高考版高考总复习英语5·3A版/仿真卷/试题部分WORD/试题部分WORD—仿真卷/试题WORD/试题部分WORD—仿真卷.docx,试题部分WORD—仿真卷.docx,.docx,243596,2026-03-11T13:43:34.895368+00:00,5d56cfaf01270b70a8a06e03071846986f84f75b4d042c6fb14f72df92bc21ea,ok,False,type_practice_only_candidate,knowledge_candidate,path/name suggests explanatory knowledge material
/Users/shidianjin/Documents/高考英语/新高考版高考总复习英语5·3A版/组合卷/专题PDF/专题PDF—组合卷一/专题电子书/组合卷一.pdf,新高考版高考总复习英语5·3A版/组合卷/专题PDF/专题PDF—组合卷一/专题电子书/组合卷一.pdf,组合卷一.pdf,.pdf,1759757,2026-03-11T13:45:24.731581+00:00,d8ecfb6e8833dbdcd8d868a2e5f5f2f78f0b9c46ba15bf5b649fad2e2f4557a0,ok,False,knowledge_only_candidate,knowledge_candidate,path/name suggests explanatory knowledge material
/Users/shidianjin/Documents/高考英语/新高考版高考总复习英语5·3A版/组合卷/专题PDF/专题PDF—组合卷三/专题电子书/组合卷三.pdf,新高考版高考总复习英语5·3A版/组合卷/专题PDF/专题PDF—组合卷三/专题电子书/组合卷三.pdf,组合卷三.pdf,.pdf,1796616,2026-03-11T13:45:23.296966+00:00,89dca712b9ef26c2468809dd2dc8b90ad8e46fdcabd2e05ce414ae314d9eb99c,ok,False,knowledge_only_candidate,knowledge_candidate,path/name suggests explanatory knowledge material
/Users/shidianjin/Documents/高考英语/新高考版高考总复习英语5·3A版/组合卷/专题PDF/专题PDF—组合卷二/专题电子书/组合卷二.pdf,新高考版高考总复习英语5·3A版/组合卷/专题PDF/专题PDF—组合卷二/专题电子书/组合卷二.pdf,组合卷二.pdf,.pdf,1834196,2026-03-11T13:45:22.942225+00:00,8375d6acb2f532f189e46112aaead5ca913a9b23da4993a97666d448511c20d0,ok,False,knowledge_only_candidate,knowledge_candidate,path/name suggests explanatory knowledge material
/Users/shidianjin/Documents/高考英语/新高考版高考总复习英语5·3A版/组合卷/试题部分WORD/试题部分WORD—组合卷/试题WORD/试题部分WORD—组合卷.docx,新高考版高考总复习英语5·3A版/组合卷/试题部分WORD/试题部分WORD—组合卷/试题WORD/试题部分WORD—组合卷.docx,试题部分WORD—组合卷.docx,.docx,115371,2026-03-11T13:45:21.093374+00:00,7d222b2e8d08b9ce5acd73f328bd47ec94965e9b22ef6e2718b43bc26a5f15a0,ok,False,type_practice_only_candidate,knowledge_candidate,path/name suggests explanatory knowledge material
/Users/shidianjin/Documents/高考英语/新高考版高考总复习英语5·3A版/附录/专题PDF/专题PDF—附录1/专题电子书/附录一　不规则动词表.pdf,新高考版高考总复习英语5·3A版/附录/专题PDF/专题PDF—附录1/专题电子书/附录一　不规则动词表.pdf,附录一　不规则动词表.pdf,.pdf,595641,2026-03-11T13:43:45.264823+00:00,5ec16b704227785c64c40e2798d2fa6dc1db2bd1b139a7778234175623077314,ok,False,knowledge_only_candidate,knowledge_candidate,path/name suggests explanatory knowledge material
/Users/shidianjin/Documents/高考英语/新高考版高考总复习英语5·3A版/附录/专题PDF/专题PDF—附录2/专题电子书/附录二　听力场景词汇.pdf,新高考版高考总复习英语5·3A版/附录/专题PDF/专题PDF—附录2/专题电子书/附录二　听力场景词汇.pdf,附录二　听力场景词汇.pdf,.pdf,447455,2026-03-11T13:43:46.331774+00:00,7cca1ac51d59dcdb1158324f3eefcbe5889ecbd466539e18920c0881c1580106,ok,False,knowledge_only_candidate,knowledge_candidate,path/name suggests explanatory knowledge material
/Users/shidianjin/Documents/高考英语/新高考版高考总复习英语5·3A版/附录/专题PDF/专题PDF—附录3/专题电子书/附录三　2016~2020年高考高频动词短语语“酷”.pdf,新高考版高考总复习英语5·3A版/附录/专题PDF/专题PDF—附录3/专题电子书/附录三　2016~2020年高考高频动词短语语“酷”.pdf,附录三　2016~2020年高考高频动词短语语“酷”.pdf,.pdf,582920,2026-03-11T13:43:48.525210+00:00,b91cc3a4de7fed5a76247f1e7c509c5246b77f5506767680d40c3bd52fcc6982,ok,False,knowledge_only_candidate,knowledge_candidate,path/name suggests explanatory knowledge material
/Users/shidianjin/Documents/高考英语/新高考版高考总复习英语5·3A版/附录/讲解部分PPT/讲解部分PPT—附录1/讲解PPT/附录一　不规则动词表.pptx,新高考版高考总复习英语5·3A版/附录/讲解部分PPT/讲解部分PPT—附录1/讲解PPT/附录一　不规则动词表.pptx,附录一　不规则动词表.pptx,.pptx,359214,2026-03-11T13:43:42.637004+00:00,ab5fa315734ab2910985f94c8104f85c7018fe4198b21acd4f56b9690648f630,ok,False,knowledge_only_candidate,knowledge_candidate,path/name suggests explanatory knowledge material
/Users/shidianjin/Documents/高考英语/新高考版高考总复习英语5·3A版/附录/讲解部分PPT/讲解部分PPT—附录2/讲解PPT/附录二　听力场景词汇.pptx,新高考版高考总复习英语5·3A版/附录/讲解部分PPT/讲解部分PPT—附录2/讲解PPT/附录二　听力场景词汇.pptx,附录二　听力场景词汇.pptx,.pptx,350034,2026-03-11T13:43:43.459786+00:00,d283317b0b29e1bf5ddef52a2da6688421ad5f3c608d7878f68b5cefcf735414,ok,False,knowledge_only_candidate,knowledge_candidate,path/name suggests explanatory knowledge material
/Users/shidianjin/Documents/高考英语/新高考版高考总复习英语5·3A版/附录/讲解部分PPT/讲解部分PPT—附录3/讲解PPT/附录三　2016~2020年高考高频动词短语语“酷”.pptx,新高考版高考总复习英语5·3A版/附录/讲解部分PPT/讲解部分PPT—附录3/讲解PPT/附录三　2016~2020年高考高频动词短语语“酷”.pptx,附录三　2016~2020年高考高频动词短语语“酷”.pptx,.pptx,469516,2026-03-11T13:43:44.208463+00:00,378c05f7b3a6b17fad82c6b0d2d7fed40a4e030bcc69efea6794dce479f0d6b4,ok,False,knowledge_only_candidate,knowledge_candidate,path/name suggests explanatory knowledge material
/Users/shidianjin/Documents/高考英语/新高考版高考总复习英语5·3B版/专题一名词、代词、冠词/专题一名词、代词、冠词（专题电子书）/专题电子书/专题一　名词、代词、冠词.pdf,新高考版高考总复习英语5·3B版/专题一名词、代词、冠词/专题一名词、代词、冠词（专题电子书）/专题电子书/专题一　名词、代词、冠词.pdf,专题一　名词、代词、冠词.pdf,.pdf,1341293,2026-03-11T13:36:43.948584+00:00,653c6cb8b6c25a9376fd0f34a9ab6e93c21abb6760f988addceaf25548fe7299,ok,False,knowledge_only_candidate,knowledge_candidate,path/name suggests explanatory knowledge material
/Users/shidianjin/Documents/高考英语/新高考版高考总复习英语5·3B版/专题一名词、代词、冠词/专题一名词、代词、冠词（讲解PPT）/讲解PPT/1_专题一　名词、代词、冠词.pptx,新高考版高考总复习英语5·3B版/专题一名词、代词、冠词/专题一名词、代词、冠词（讲解PPT）/讲解PPT/1_专题一　名词、代词、冠词.pptx,1_专题一　名词、代词、冠词.pptx,.pptx,979424,2026-03-11T13:36:39.724495+00:00,9d39ece480c4506da59e8107911fc3a3cf98c8f587b635c7d4c8dfa0a82b13b2,ok,False,knowledge_only_candidate,knowledge_candidate,path/name suggests explanatory knowledge material
/Users/shidianjin/Documents/高考英语/新高考版高考总复习英语5·3B版/专题一名词、代词、冠词/专题一名词、代词、冠词（试题WORD）/试题WORD/专题一　名词、代词和冠词（试题word）_20211128_103902.docx,新高考版高考总复习英语5·3B版/专题一名词、代词、冠词/专题一名词、代词、冠词（试题WORD）/试题WORD/专题一　名词、代词和冠词（试题word）_20211128_103902.docx,专题一　名词、代词和冠词（试题word）_20211128_103902.docx,.docx,38435,2026-03-11T13:36:41.077996+00:00,7067244032eff8b4f2cb0e7e9de4579c932cee730e021b358b86d43479546de1,ok,False,type_practice_only_candidate,knowledge_candidate,path/name suggests explanatory knowledge material
/Users/shidianjin/Documents/高考英语/新高考版高考总复习英语5·3B版/专题七细节理解/专题七细节理解（专题电子书）/专题电子书/专题七　细节理解.pdf,新高考版高考总复习英语5·3B版/专题七细节理解/专题七细节理解（专题电子书）/专题电子书/专题七　细节理解.pdf,专题七　细节理解.pdf,.pdf,2671228,2026-03-11T13:35:08.942161+00:00,10f817abbddf33ec60b8c3eaec391e4a5a7e79138eccfbdfd2ba21c2df9f3d3a,ok,False,knowledge_only_candidate,knowledge_candidate,path/name suggests explanatory knowledge material
/Users/shidianjin/Documents/高考英语/新高考版高考总复习英语5·3B版/专题七细节理解/专题七细节理解（专题资料包）/专题资料包/专题七　细节理解（专题资料包）.docx,新高考版高考总复习英语5·3B版/专题七细节理解/专题七细节理解（专题资料包）/专题资料包/专题七　细节理解（专题资料包）.docx,专题七　细节理解（专题资料包）.docx,.docx,126308,2026-03-11T13:35:11.341999+00:00,35231b3d48e3e6d781b867369e45da7b2cab108e933e3587678e49f320fb1cbe,ok,False,type_practice_only_candidate,knowledge_candidate,path/name suggests explanatory knowledge material
/Users/shidianjin/Documents/高考英语/新高考版高考总复习英语5·3B版/专题七细节理解/专题七细节理解（讲解PPT）/讲解PPT/7_专题七　细节理解.pptx,新高考版高考总复习英语5·3B版/专题七细节理解/专题七细节理解（讲解PPT）/讲解PPT/7_专题七　细节理解.pptx,7_专题七　细节理解.pptx,.pptx,703838,2026-03-11T13:35:03.094039+00:00,95f3eaa64262dcbf8adb2e2880416826bd5b9803efa5a55d1c51a7364c333919,ok,False,knowledge_only_candidate,knowledge_candidate,path/name suggests explanatory knowledge material
/Users/shidianjin/Documents/高考英语/新高考版高考总复习英语5·3B版/专题七细节理解/专题七细节理解（试题WORD）/试题WORD/专题七　细节理解（试题word）.docx,新高考版高考总复习英语5·3B版/专题七细节理解/专题七细节理解（试题WORD）/试题WORD/专题七　细节理解（试题word）.docx,专题七　细节理解（试题word）.docx,.docx,1367611,2026-03-11T13:35:05.968107+00:00,03ba8617e4ce5e2bf95076edef8b1d8b897c86fdd750e8d7dfb8b84e66a131fe,ok,False,type_practice_only_candidate,knowledge_candidate,path/name suggests explanatory knowledge material
/Users/shidianjin/Documents/高考英语/新高考版高考总复习英语5·3B版/专题三形容词、副词和数词/专题三形容词、副词和数词（专题电子书）/专题电子书/专题三　形容词、副词和数词.pdf,新高考版高考总复习英语5·3B版/专题三形容词、副词和数词/专题三形容词、副词和数词（专题电子书）/专题电子书/专题三　形容词、副词和数词.pdf,专题三　形容词、副词和数词.pdf,.pdf,1309051,2026-03-11T13:35:17.896678+00:00,5d2af3172effbf96c96d6806a3600aa74fe4a06ade2dfc5b5a88d424cc29eda1,ok,False,knowledge_only_candidate,knowledge_candidate,path/name suggests explanatory knowledge material
/Users/shidianjin/Documents/高考英语/新高考版高考总复习英语5·3B版/专题三形容词、副词和数词/专题三形容词、副词和数词（讲解PPT）/讲解PPT/3_专题三　形容词、副词和数词考点清单.pptx,新高考版高考总复习英语5·3B版/专题三形容词、副词和数词/专题三形容词、副词和数词（讲解PPT）/讲解PPT/3_专题三　形容词、副词和数词考点清单.pptx,3_专题三　形容词、副词和数词考点清单.pptx,.pptx,914302,2026-03-11T13:35:14.361825+00:00,c5ba88eac7584e8c4623bed90a2e9451208d649b93c370ee607e8457e9bcc4f3,ok,False,knowledge_only_candidate,knowledge_candidate,path/name suggests explanatory knowledge material
/Users/shidianjin/Documents/高考英语/新高考版高考总复习英语5·3B版/专题三形容词、副词和数词/专题三形容词、副词和数词（试题WORD）/试题WORD/专题三　形容词、副词和数词（试题word）.docx,新高考版高考总复习英语5·3B版/专题三形容词、副词和数词/专题三形容词、副词和数词（试题WORD）/试题WORD/专题三　形容词、副词和数词（试题word）.docx,专题三　形容词、副词和数词（试题word）.docx,.docx,37883,2026-03-11T13:35:15.327342+00:00,93fe071a929c66e3074f75352839409a486c749ccc8e22ac1ced69f4f8a0cfb1,ok,False,type_practice_only_candidate,knowledge_candidate,path/name suggests explanatory knowledge material
/Users/shidianjin/Documents/高考英语/新高考版高考总复习英语5·3B版/专题九推理判断/专题九推理判断（专题电子书）/专题电子书/专题九　推理判断.pdf,新高考版高考总复习英语5·3B版/专题九推理判断/专题九推理判断（专题电子书）/专题电子书/专题九　推理判断.pdf,专题九　推理判断.pdf,.pdf,2378042,2026-03-11T13:34:50.963989+00:00,50357dd63b8cf057d447f6be14fa9e2fd70e279d09ee2d0b0fb28560d058817c,ok,False,knowledge_only_candidate,knowledge_candidate,path/name suggests explanatory knowledge material
/Users/shidianjin/Documents/高考英语/新高考版高考总复习英语5·3B版/专题九推理判断/专题九推理判断（专题资料包）/专题资料包/专题九　推理判断（专题资料包）.docx,新高考版高考总复习英语5·3B版/专题九推理判断/专题九推理判断（专题资料包）/专题资料包/专题九　推理判断（专题资料包）.docx,专题九　推理判断（专题资料包）.docx,.docx,129234,2026-03-11T13:34:53.017644+00:00,81011228c8a1562f4fb51c0b941cce10607f6cffcc98990667d1c17c6aacb30d,ok,False,type_practice_only_candidate,knowledge_candidate,path/name suggests explanatory knowledge material
/Users/shidianjin/Documents/高考英语/新高考版高考总复习英语5·3B版/专题九推理判断/专题九推理判断（讲解PPT）/讲解PPT/9_专题九　推理判断.pptx,新高考版高考总复习英语5·3B版/专题九推理判断/专题九推理判断（讲解PPT）/讲解PPT/9_专题九　推理判断.pptx,9_专题九　推理判断.pptx,.pptx,765199,2026-03-11T13:34:44.786284+00:00,32def66535d5778ff53a3cf9fcc7228f21ad7ae34812c9024cb44ea3f64c1d83,ok,False,knowledge_only_candidate,knowledge_candidate,path/name suggests explanatory knowledge material
/Users/shidianjin/Documents/高考英语/新高考版高考总复习英语5·3B版/专题九推理判断/专题九推理判断（试题WORD）/试题WORD/专题九　推理判断（试题word）.docx,新高考版高考总复习英语5·3B版/专题九推理判断/专题九推理判断（试题WORD）/试题WORD/专题九　推理判断（试题word）.docx,专题九　推理判断（试题word）.docx,.docx,503068,2026-03-11T13:34:47.934402+00:00,98f3e60f553b5f05c5f3439c17b647865e80ca2a7094dcdd68aeb3a9fbd3b027,ok,False,type_practice_only_candidate,knowledge_candidate,path/name suggests explanatory knowledge material
/Users/shidianjin/Documents/高考英语/新高考版高考总复习英语5·3B版/专题二介词和介词短语、动词短语/专题二介词和介词短语、动词短语（专题电子书）/专题电子书/专题二　介词和介词短语、动词短语.pdf,新高考版高考总复习英语5·3B版/专题二介词和介词短语、动词短语/专题二介词和介词短语、动词短语（专题电子书）/专题电子书/专题二　介词和介词短语、动词短语.pdf,专题二　介词和介词短语、动词短语.pdf,.pdf,1415592,2026-03-11T13:34:41.913653+00:00,aba1ae29c899d13a7f82ee49c994681a4c4e37e449fb0582ab6415bc7b293bcc,ok,False,knowledge_only_candidate,knowledge_candidate,path/name suggests explanatory knowledge material
/Users/shidianjin/Documents/高考英语/新高考版高考总复习英语5·3B版/专题二介词和介词短语、动词短语/专题二介词和介词短语、动词短语（讲解PPT）/讲解PPT/2_专题二　介词和介词短语、动词短语.pptx,新高考版高考总复习英语5·3B版/专题二介词和介词短语、动词短语/专题二介词和介词短语、动词短语（讲解PPT）/讲解PPT/2_专题二　介词和介词短语、动词短语.pptx,2_专题二　介词和介词短语、动词短语.pptx,.pptx,1748653,2026-03-11T13:34:37.440264+00:00,a690cfcd51329ccd479ab93642479374b69dacf9135f71e4edd5d65935d44abb,ok,False,knowledge_only_candidate,knowledge_candidate,path/name suggests explanatory knowledge material
/Users/shidianjin/Documents/高考英语/新高考版高考总复习英语5·3B版/专题二介词和介词短语、动词短语/专题二介词和介词短语、动词短语（试题WORD）/试题WORD/专题二　介词和介词短语、动词短语（试题word）.docx,新高考版高考总复习英语5·3B版/专题二介词和介词短语、动词短语/专题二介词和介词短语、动词短语（试题WORD）/试题WORD/专题二　介词和介词短语、动词短语（试题word）.docx,专题二　介词和介词短语、动词短语（试题word）.docx,.docx,37716,2026-03-11T13:34:39.179063+00:00,8ac467f4d27e448a00b2550060db24154b9c1ca8a62c5cc7cc99d7d84f9679e8,ok,False,type_practice_only_candidate,knowledge_candidate,path/name suggests explanatory knowledge material
/Users/shidianjin/Documents/高考英语/新高考版高考总复习英语5·3B版/专题五非谓语动词/专题五非谓语动词（专题电子书）/专题电子书/专题五　非谓语动词.pdf,新高考版高考总复习英语5·3B版/专题五非谓语动词/专题五非谓语动词（专题电子书）/专题电子书/专题五　非谓语动词.pdf,专题五　非谓语动词.pdf,.pdf,3694406,2026-03-11T13:36:36.782460+00:00,adf0342715a06db6be855e6383993d0be007c91b705696aa0b652735878fef82,ok,False,knowledge_only_candidate,knowledge_candidate,path/name suggests explanatory knowledge material
/Users/shidianjin/Documents/高考英语/新高考版高考总复习英语5·3B版/专题五非谓语动词/专题五非谓语动词（讲解PPT）/讲解PPT/5_专题五　非谓语动词.pptx,新高考版高考总复习英语5·3B版/专题五非谓语动词/专题五非谓语动词（讲解PPT）/讲解PPT/5_专题五　非谓语动词.pptx,5_专题五　非谓语动词.pptx,.pptx,1141722,2026-03-11T13:36:31.727517+00:00,59f9f0bcc245df642187c1fae20239a13daafac2c91dc7a5f19a96a3127c01fe,ok,False,knowledge_only_candidate,knowledge_candidate,path/name suggests explanatory knowledge material
/Users/shidianjin/Documents/高考英语/新高考版高考总复习英语5·3B版/专题五非谓语动词/专题五非谓语动词（试题WORD）/试题WORD/专题五　非谓语动词（试题word）.docx,新高考版高考总复习英语5·3B版/专题五非谓语动词/专题五非谓语动词（试题WORD）/试题WORD/专题五　非谓语动词（试题word）.docx,专题五　非谓语动词（试题word）.docx,.docx,36683,2026-03-11T13:36:33.381323+00:00,703a9af2bcaa54511a448e3599d8f856d1ea16028cd9d5ecc15237d161d05c02,ok,False,type_practice_only_candidate,knowledge_candidate,path/name suggests explanatory knowledge material
/Users/shidianjin/Documents/高考英语/新高考版高考总复习英语5·3B版/专题八主旨要义/专题八主旨要义（专题电子书）/专题电子书/专题八　主旨要义.pdf,新高考版高考总复习英语5·3B版/专题八主旨要义/专题八主旨要义（专题电子书）/专题电子书/专题八　主旨要义.pdf,专题八　主旨要义.pdf,.pdf,2268431,2026-03-11T13:34:32.921120+00:00,383740b50816a347ce6ad67fa969a3cfd4bb0df90e165840f586f778acdc9fcd,ok,False,knowledge_only_candidate,knowledge_candidate,path/name suggests explanatory knowledge material
/Users/shidianjin/Documents/高考英语/新高考版高考总复习英语5·3B版/专题八主旨要义/专题八主旨要义（专题资料包）/专题资料包/专题八　主旨要义（专题资料包）.docx,新高考版高考总复习英语5·3B版/专题八主旨要义/专题八主旨要义（专题资料包）/专题资料包/专题八　主旨要义（专题资料包）.docx,专题八　主旨要义（专题资料包）.docx,.docx,329438,2026-03-11T13:34:35.358168+00:00,f0c1625c1696c8ccc83ff83af9214832176d4e95d87f8a3236f0fc67454a49da,ok,False,type_practice_only_candidate,knowledge_candidate,path/name suggests explanatory knowledge material
/Users/shidianjin/Documents/高考英语/新高考版高考总复习英语5·3B版/专题八主旨要义/专题八主旨要义（讲解PPT）/讲解PPT/8_专题八　主旨要义.pptx,新高考版高考总复习英语5·3B版/专题八主旨要义/专题八主旨要义（讲解PPT）/讲解PPT/8_专题八　主旨要义.pptx,8_专题八　主旨要义.pptx,.pptx,996530,2026-03-11T13:34:28.307232+00:00,bd89bddf265cb219b7e286a64cb7bb8eea5908cb2bbb29a072ba049716fb2ba1,ok,False,knowledge_only_candidate,knowledge_candidate,path/name suggests explanatory knowledge material
/Users/shidianjin/Documents/高考英语/新高考版高考总复习英语5·3B版/专题八主旨要义/专题八主旨要义（试题WORD）/试题WORD/专题八　主旨要义试题word.docx,新高考版高考总复习英语5·3B版/专题八主旨要义/专题八主旨要义（试题WORD）/试题WORD/专题八　主旨要义试题word.docx,专题八　主旨要义试题word.docx,.docx,259995,2026-03-11T13:34:30.492456+00:00,e944e16ac99c2d0df5a2d5d0f2a8c6fe0d6d56e083dbb32d083bfb20c974e53a,ok,False,type_practice_only_candidate,knowledge_candidate,path/name suggests explanatory knowledge material
/Users/shidianjin/Documents/高考英语/新高考版高考总复习英语5·3B版/专题六并列连词、主从复合句/专题六并列连词、主从复合句（专题电子书）/专题电子书/专题六　并列连词、主从复合句.pdf,新高考版高考总复习英语5·3B版/专题六并列连词、主从复合句/专题六并列连词、主从复合句（专题电子书）/专题电子书/专题六　并列连词、主从复合句.pdf,专题六　并列连词、主从复合句.pdf,.pdf,1592252,2026-03-11T13:34:59.905762+00:00,fe3c1d33063bc58b7349944da7ad870a919c43bf997d06737c56c9e4022f209c,ok,False,knowledge_only_candidate,knowledge_candidate,path/name suggests explanatory knowledge material
/Users/shidianjin/Documents/高考英语/新高考版高考总复习英语5·3B版/专题六并列连词、主从复合句/专题六并列连词、主从复合句（讲解PPT）/讲解PPT/6_专题六　并列连词、主从复合句.pptx,新高考版高考总复习英语5·3B版/专题六并列连词、主从复合句/专题六并列连词、主从复合句（讲解PPT）/讲解PPT/6_专题六　并列连词、主从复合句.pptx,6_专题六　并列连词、主从复合句.pptx,.pptx,1022046,2026-03-11T13:34:55.491359+00:00,873e14bd6ff1f1eb85806d9d92ece1746a032bc720dbd00e286f1ad47ffa98b7,ok,False,knowledge_only_candidate,knowledge_candidate,path/name suggests explanatory knowledge material
/Users/shidianjin/Documents/高考英语/新高考版高考总复习英语5·3B版/专题六并列连词、主从复合句/专题六并列连词、主从复合句（试题WORD）/试题WORD/专题六　并列连词、主从复合句（试题word）.docx,新高考版高考总复习英语5·3B版/专题六并列连词、主从复合句/专题六并列连词、主从复合句（试题WORD）/试题WORD/专题六　并列连词、主从复合句（试题word）.docx,专题六　并列连词、主从复合句（试题word）.docx,.docx,39187,2026-03-11T13:34:57.162242+00:00,51714ce0a3dd0bcc64e2d0e8bd5aa3e4735af6a951386a2d1a8f5835f9c03f5b,ok,False,type_practice_only_candidate,knowledge_candidate,path/name suggests explanatory knowledge material
/Users/shidianjin/Documents/高考英语/新高考版高考总复习英语5·3B版/专题十一阅读补全/专题十一阅读补全（专题电子书）/专题电子书/专题十一　阅读补全.pdf,新高考版高考总复习英语5·3B版/专题十一阅读补全/专题十一阅读补全（专题电子书）/专题电子书/专题十一　阅读补全.pdf,专题十一　阅读补全.pdf,.pdf,1939377,2026-03-11T13:36:19.808254+00:00,38a395e2672ef6abe6a7d93216761018af4a55ccc92d026d2b2669253efd28f8,ok,False,knowledge_only_candidate,knowledge_candidate,path/name suggests explanatory knowledge material
/Users/shidianjin/Documents/高考英语/新高考版高考总复习英语5·3B版/专题十一阅读补全/专题十一阅读补全（专题资料包）/专题资料包/专题十一　阅读补全（专题资料包）.docx,新高考版高考总复习英语5·3B版/专题十一阅读补全/专题十一阅读补全（专题资料包）/专题资料包/专题十一　阅读补全（专题资料包）.docx,专题十一　阅读补全（专题资料包）.docx,.docx,98241,2026-03-11T13:36:21.554412+00:00,1b328b038a5841fb619c8aa8e5a1e40c8fef740fbef3223f1c45f950b2e8a979,ok,False,type_practice_only_candidate,knowledge_candidate,path/name suggests explanatory knowledge material
/Users/shidianjin/Documents/高考英语/新高考版高考总复习英语5·3B版/专题十一阅读补全/专题十一阅读补全（讲解PPT）/讲解PPT/11_专题十一　阅读补全.pptx,新高考版高考总复习英语5·3B版/专题十一阅读补全/专题十一阅读补全（讲解PPT）/讲解PPT/11_专题十一　阅读补全.pptx,11_专题十一　阅读补全.pptx,.pptx,1137808,2026-03-11T13:36:15.261494+00:00,56ff6357c8332767cc279204b6c436497957f7a01ddd219064bb5d4765879b53,ok,False,knowledge_only_candidate,knowledge_candidate,path/name suggests explanatory knowledge material
/Users/shidianjin/Documents/高考英语/新高考版高考总复习英语5·3B版/专题十一阅读补全/专题十一阅读补全（试题WORD）/试题WORD/专题十一　阅读补全（试题word）.docx,新高考版高考总复习英语5·3B版/专题十一阅读补全/专题十一阅读补全（试题WORD）/试题WORD/专题十一　阅读补全（试题word）.docx,专题十一　阅读补全（试题word）.docx,.docx,134169,2026-03-11T13:36:17.116307+00:00,c22fa3868824004f189eaea616ef7e12b49e603c6ca1387769960aec4af90fee,ok,False,type_practice_only_candidate,knowledge_candidate,path/name suggests explanatory knowledge material
/Users/shidianjin/Documents/高考英语/新高考版高考总复习英语5·3B版/专题十三语篇型填空/专题十三语篇型填空（专题电子书）/专题电子书/专题十三　语篇型填空.pdf,新高考版高考总复习英语5·3B版/专题十三语篇型填空/专题十三语篇型填空（专题电子书）/专题电子书/专题十三　语篇型填空.pdf,专题十三　语篇型填空.pdf,.pdf,1848645,2026-03-11T13:35:42.119946+00:00,85297f81fa685198a6c1aada7d69291acbb624e9ab2f49c13138485fb972c04a,ok,False,knowledge_only_candidate,knowledge_candidate,path/name suggests explanatory knowledge material
/Users/shidianjin/Documents/高考英语/新高考版高考总复习英语5·3B版/专题十三语篇型填空/专题十三语篇型填空（专题资料包）/专题资料包/专题十三　语篇型填空（专题资料包）.docx,新高考版高考总复习英语5·3B版/专题十三语篇型填空/专题十三语篇型填空（专题资料包）/专题资料包/专题十三　语篇型填空（专题资料包）.docx,专题十三　语篇型填空（专题资料包）.docx,.docx,103377,2026-03-11T13:35:43.962413+00:00,34171b4fe70009f0635c0a97c606e677f117c7ca2b4f89fb8eacd97f776ee45d,ok,False,type_practice_only_candidate,knowledge_candidate,path/name suggests explanatory knowledge material
/Users/shidianjin/Documents/高考英语/新高考版高考总复习英语5·3B版/专题十三语篇型填空/专题十三语篇型填空（讲解PPT）/讲解PPT/13_专题十三　语篇型填空.pptx,新高考版高考总复习英语5·3B版/专题十三语篇型填空/专题十三语篇型填空（讲解PPT）/讲解PPT/13_专题十三　语篇型填空.pptx,13_专题十三　语篇型填空.pptx,.pptx,1036825,2026-03-11T13:35:37.479344+00:00,cfc95b9c6658ab814570b19194a73c88dc30e5a7bf0cb0335c2339641a711360,ok,False,knowledge_only_candidate,knowledge_candidate,path/name suggests explanatory knowledge material
/Users/shidianjin/Documents/高考英语/新高考版高考总复习英语5·3B版/专题十三语篇型填空/专题十三语篇型填空（试题WORD）/试题WORD/专题十三　语篇型填空（试题word）.docx,新高考版高考总复习英语5·3B版/专题十三语篇型填空/专题十三语篇型填空（试题WORD）/试题WORD/专题十三　语篇型填空（试题word）.docx,专题十三　语篇型填空（试题word）.docx,.docx,100545,2026-03-11T13:35:39.367710+00:00,7e852a7058eb46a59a551a5dac0a1d39458eb8aa1f7c3e98dfeb64961c29da45,ok,False,type_practice_only_candidate,knowledge_candidate,path/name suggests explanatory knowledge material
/Users/shidianjin/Documents/高考英语/新高考版高考总复习英语5·3B版/专题十二完形填空/专题十二完形填空（专题电子书）/专题电子书/专题十二　完形填空.pdf,新高考版高考总复习英语5·3B版/专题十二完形填空/专题十二完形填空（专题电子书）/专题电子书/专题十二　完形填空.pdf,专题十二　完形填空.pdf,.pdf,2349324,2026-03-11T13:35:25.535826+00:00,d988fd32bce9dc92886ea9d9b83762db1e55c8bf088841d82d72bdedd5619a7e,ok,False,review_required,"knowledge_candidate,type_practice_candidate",path/name suggests explanatory knowledge material; path/name suggests topic or question-type practice
/Users/shidianjin/Documents/高考英语/新高考版高考总复习英语5·3B版/专题十二完形填空/专题十二完形填空（专题资料包）/专题资料包/专题十二　完形填空（专题资料包）.docx,新高考版高考总复习英语5·3B版/专题十二完形填空/专题十二完形填空（专题资料包）/专题资料包/专题十二　完形填空（专题资料包）.docx,专题十二　完形填空（专题资料包）.docx,.docx,98038,2026-03-11T13:35:27.537200+00:00,c9747d52f7d9e8141ebd6e1bc2238e5df1a462bd772bf157e4a359b7046c4cef,ok,False,type_practice_only_candidate,"knowledge_candidate,type_practice_candidate",path/name suggests explanatory knowledge material; path/name suggests topic or question-type practice
/Users/shidianjin/Documents/高考英语/新高考版高考总复习英语5·3B版/专题十二完形填空/专题十二完形填空（讲解PPT）/讲解PPT/12_专题十二　完形填空.pptx,新高考版高考总复习英语5·3B版/专题十二完形填空/专题十二完形填空（讲解PPT）/讲解PPT/12_专题十二　完形填空.pptx,12_专题十二　完形填空.pptx,.pptx,734055,2026-03-11T13:35:20.894009+00:00,9dee7a4535f095cb7a39a7f2ab1b2acb1f891c63d1d3fbe06aeaf0ddb4ba9aa6,ok,False,review_required,"knowledge_candidate,type_practice_candidate",path/name suggests explanatory knowledge material; path/name suggests topic or question-type practice
/Users/shidianjin/Documents/高考英语/新高考版高考总复习英语5·3B版/专题十二完形填空/专题十二完形填空（试题WORD）/试题WORD/专题十二　完形填空（试题word）.docx,新高考版高考总复习英语5·3B版/专题十二完形填空/专题十二完形填空（试题WORD）/试题WORD/专题十二　完形填空（试题word）.docx,专题十二　完形填空（试题word）.docx,.docx,387659,2026-03-11T13:35:23.556347+00:00,c798c707ac19b35259b2fce4450986d3625971e9f38c8ea805be63fd7fe79839,ok,False,type_practice_only_candidate,"knowledge_candidate,type_practice_candidate",path/name suggests explanatory knowledge material; path/name suggests topic or question-type practice
/Users/shidianjin/Documents/高考英语/新高考版高考总复习英语5·3B版/专题十五读后续写/专题十五读后续写（专题电子书）/专题电子书/专题十五　读后续写.pdf,新高考版高考总复习英语5·3B版/专题十五读后续写/专题十五读后续写（专题电子书）/专题电子书/专题十五　读后续写.pdf,专题十五　读后续写.pdf,.pdf,1503107,2026-03-11T13:36:10.808425+00:00,0736055b455f7d8ecdee23dc9409bbf6e4eb0dd1e5bda1014c1c227b2968bac6,ok,False,knowledge_only_candidate,knowledge_candidate,path/name suggests explanatory knowledge material
/Users/shidianjin/Documents/高考英语/新高考版高考总复习英语5·3B版/专题十五读后续写/专题十五读后续写（专题资料包）/专题资料包/专题十五　读后续写（专题资料包）.docx,新高考版高考总复习英语5·3B版/专题十五读后续写/专题十五读后续写（专题资料包）/专题资料包/专题十五　读后续写（专题资料包）.docx,专题十五　读后续写（专题资料包）.docx,.docx,63410,2026-03-11T13:36:12.392810+00:00,656067399b0deb36deb07b9e81492f3c962b861a75b64990e9fb151a6effeb6a,ok,False,type_practice_only_candidate,knowledge_candidate,path/name suggests explanatory knowledge material
/Users/shidianjin/Documents/高考英语/新高考版高考总复习英语5·3B版/专题十五读后续写/专题十五读后续写（讲解PPT）/讲解PPT/15_专题十五　读后续写.pptx,新高考版高考总复习英语5·3B版/专题十五读后续写/专题十五读后续写（讲解PPT）/讲解PPT/15_专题十五　读后续写.pptx,15_专题十五　读后续写.pptx,.pptx,1495828,2026-03-11T13:36:06.150272+00:00,abf1daa48fb5ba6b6dd86b083aa2c451e2f316290c1cb5db9a2bb74fa1ef2b1d,ok,False,knowledge_only_candidate,knowledge_candidate,path/name suggests explanatory knowledge material
/Users/shidianjin/Documents/高考英语/新高考版高考总复习英语5·3B版/专题十五读后续写/专题十五读后续写（试题WORD）/试题WORD/专题十五　读后续写（试题word）.docx,新高考版高考总复习英语5·3B版/专题十五读后续写/专题十五读后续写（试题WORD）/试题WORD/专题十五　读后续写（试题word）.docx,专题十五　读后续写（试题word）.docx,.docx,95784,2026-03-11T13:36:08.057992+00:00,ce37bca3061e01df1ed3ab2f9d1676ee683ed57e789d3f7666d1c35ad0073aa9,ok,False,type_practice_only_candidate,knowledge_candidate,path/name suggests explanatory knowledge material
/Users/shidianjin/Documents/高考英语/新高考版高考总复习英语5·3B版/专题十六概要写作/专题十六概要写作（专题电子书）/专题电子书/专题十六　概要写作.pdf,新高考版高考总复习英语5·3B版/专题十六概要写作/专题十六概要写作（专题电子书）/专题电子书/专题十六　概要写作.pdf,专题十六　概要写作.pdf,.pdf,1528719,2026-03-11T13:35:34.606692+00:00,1dade199996f725eb5f71cd1e6271d40d54860e800da1d15d40758e2af38759b,ok,False,review_required,"knowledge_candidate,type_practice_candidate",path/name suggests explanatory knowledge material; path/name suggests topic or question-type practice
/Users/shidianjin/Documents/高考英语/新高考版高考总复习英语5·3B版/专题十六概要写作/专题十六概要写作（讲解PPT）/讲解PPT/16_专题十六　概要写作.pptx,新高考版高考总复习英语5·3B版/专题十六概要写作/专题十六概要写作（讲解PPT）/讲解PPT/16_专题十六　概要写作.pptx,16_专题十六　概要写作.pptx,.pptx,835535,2026-03-11T13:35:30.100965+00:00,43c82cd39ff77ec53c276185ac1ad245effc0f9b8efdd9e5e3f07a5fad9050ba,ok,False,review_required,"knowledge_candidate,type_practice_candidate",path/name suggests explanatory knowledge material; path/name suggests topic or question-type practice
/Users/shidianjin/Documents/高考英语/新高考版高考总复习英语5·3B版/专题十六概要写作/专题十六概要写作（试题WORD）/试题WORD/专题十六　概要写作（试题word）.docx,新高考版高考总复习英语5·3B版/专题十六概要写作/专题十六概要写作（试题WORD）/试题WORD/专题十六　概要写作（试题word）.docx,专题十六　概要写作（试题word）.docx,.docx,45395,2026-03-11T13:35:31.792838+00:00,d7de1b7f399a04a1dd0d7f992fbdb23ed7f18acb26ea28ed7296cb34165a194f,ok,False,type_practice_only_candidate,"knowledge_candidate,type_practice_candidate",path/name suggests explanatory knowledge material; path/name suggests topic or question-type practice
/Users/shidianjin/Documents/高考英语/新高考版高考总复习英语5·3B版/专题十四应用文写作/专题十四应用文写作（专题电子书）/专题电子书/专题十四　应用文写作.pdf,新高考版高考总复习英语5·3B版/专题十四应用文写作/专题十四应用文写作（专题电子书）/专题电子书/专题十四　应用文写作.pdf,专题十四　应用文写作.pdf,.pdf,2940920,2026-03-11T13:35:52.877774+00:00,43e9d6bd04653644dab9488cc805f329029e3f352931891fd41ff4277f5fa008,ok,False,review_required,"knowledge_candidate,type_practice_candidate",path/name suggests explanatory knowledge material; path/name suggests topic or question-type practice
/Users/shidianjin/Documents/高考英语/新高考版高考总复习英语5·3B版/专题十四应用文写作/专题十四应用文写作（专题资料包）/专题资料包/专题十四　应用文写作（专题资料包）.docx,新高考版高考总复习英语5·3B版/专题十四应用文写作/专题十四应用文写作（专题资料包）/专题资料包/专题十四　应用文写作（专题资料包）.docx,专题十四　应用文写作（专题资料包）.docx,.docx,90909,2026-03-11T13:35:55.076609+00:00,e309ef015fa1fa457fcf0ce9c443a5134cff130bc9320fef51dabf0842f32f3b,ok,False,type_practice_only_candidate,"knowledge_candidate,type_practice_candidate",path/name suggests explanatory knowledge material; path/name suggests topic or question-type practice
/Users/shidianjin/Documents/高考英语/新高考版高考总复习英语5·3B版/专题十四应用文写作/专题十四应用文写作（讲解PPT）/讲解PPT/14_专题十四　应用文写作.pptx,新高考版高考总复习英语5·3B版/专题十四应用文写作/专题十四应用文写作（讲解PPT）/讲解PPT/14_专题十四　应用文写作.pptx,14_专题十四　应用文写作.pptx,.pptx,919873,2026-03-11T13:35:46.444629+00:00,ec7263deab49e4bb7310dc6730268e2b33e40e5dcbf3faf392a738c86fd56705,ok,False,review_required,"knowledge_candidate,type_practice_candidate",path/name suggests explanatory knowledge material; path/name suggests topic or question-type practice
/Users/shidianjin/Documents/高考英语/新高考版高考总复习英语5·3B版/专题十四应用文写作/专题十四应用文写作（试题WORD）/试题WORD/专题十四　应用文写作（试题word）.docx,新高考版高考总复习英语5·3B版/专题十四应用文写作/专题十四应用文写作（试题WORD）/试题WORD/专题十四　应用文写作（试题word）.docx,专题十四　应用文写作（试题word）.docx,.docx,803644,2026-03-11T13:35:49.559201+00:00,c5d22e6fbe73398a37b8d81168d3585bb78c86de473214a6f08873efbd0870f8,ok,False,type_practice_only_candidate,"knowledge_candidate,type_practice_candidate",path/name suggests explanatory knowledge material; path/name suggests topic or question-type practice
/Users/shidianjin/Documents/高考英语/新高考版高考总复习英语5·3B版/专题十推测词义/专题十推测词义（专题电子书）/专题电子书/专题十　推测词义.pdf,新高考版高考总复习英语5·3B版/专题十推测词义/专题十推测词义（专题电子书）/专题电子书/专题十　推测词义.pdf,专题十　推测词义.pdf,.pdf,2441343,2026-03-11T13:36:00.191155+00:00,d5a3879bb91ddd981a3bca7fd12a8ece010e08a3b622ef9f273cca8139bbbca7,ok,False,knowledge_only_candidate,knowledge_candidate,path/name suggests explanatory knowledge material
/Users/shidianjin/Documents/高考英语/新高考版高考总复习英语5·3B版/专题十推测词义/专题十推测词义（专题资料包）/专题资料包/专题十　推测词义（专题资料包）.docx,新高考版高考总复习英语5·3B版/专题十推测词义/专题十推测词义（专题资料包）/专题资料包/专题十　推测词义（专题资料包）.docx,专题十　推测词义（专题资料包）.docx,.docx,354547,2026-03-11T13:36:02.948068+00:00,92a82eb39452f1383fc340a87d6350bdd49239ea2b13b7bbd96b74d57e66b350,ok,False,type_practice_only_candidate,knowledge_candidate,path/name suggests explanatory knowledge material
/Users/shidianjin/Documents/高考英语/新高考版高考总复习英语5·3B版/专题十推测词义/专题十推测词义（讲解PPT）/讲解PPT/10_专题十　推测词义.pptx,新高考版高考总复习英语5·3B版/专题十推测词义/专题十推测词义（讲解PPT）/讲解PPT/10_专题十　推测词义.pptx,10_专题十　推测词义.pptx,.pptx,544156,2026-03-11T13:35:56.709634+00:00,9396b14a71d1bc84999aca59529fae1c1b0f3f82f329fa41ab0c417a463c0029,ok,False,knowledge_only_candidate,knowledge_candidate,path/name suggests explanatory knowledge material
/Users/shidianjin/Documents/高考英语/新高考版高考总复习英语5·3B版/专题十推测词义/专题十推测词义（试题WORD）/试题WORD/专题十　推测词义（试题word）.docx,新高考版高考总复习英语5·3B版/专题十推测词义/专题十推测词义（试题WORD）/试题WORD/专题十　推测词义（试题word）.docx,专题十　推测词义（试题word）.docx,.docx,204634,2026-03-11T13:35:57.679043+00:00,a980f519df8302948e419fc44aa283f314836e006b05fad7a98eaf7892f3fd6c,ok,False,type_practice_only_candidate,knowledge_candidate,path/name suggests explanatory knowledge material
/Users/shidianjin/Documents/高考英语/新高考版高考总复习英语5·3B版/专题四谓语动词的时态、被动语态和主谓一致/专题四谓语动词的时态、被动语态和主谓一致（专题电子书）/专题电子书/专题四　谓语动词的时态、被动语态和主谓一致.pdf,新高考版高考总复习英语5·3B版/专题四谓语动词的时态、被动语态和主谓一致/专题四谓语动词的时态、被动语态和主谓一致（专题电子书）/专题电子书/专题四　谓语动词的时态、被动语态和主谓一致.pdf,专题四　谓语动词的时态、被动语态和主谓一致.pdf,.pdf,1350607,2026-03-11T13:36:28.678138+00:00,856021f6479698d1420473a2ee45bf429c6f3d04f9caecc1090036d98c7db89e,ok,False,knowledge_only_candidate,knowledge_candidate,path/name suggests explanatory knowledge material
/Users/shidianjin/Documents/高考英语/新高考版高考总复习英语5·3B版/专题四谓语动词的时态、被动语态和主谓一致/专题四谓语动词的时态、被动语态和主谓一致（讲解PPT）/讲解PPT/4_专题四　谓语动词的时态、被动语态和主谓一致.pptx,新高考版高考总复习英语5·3B版/专题四谓语动词的时态、被动语态和主谓一致/专题四谓语动词的时态、被动语态和主谓一致（讲解PPT）/讲解PPT/4_专题四　谓语动词的时态、被动语态和主谓一致.pptx,4_专题四　谓语动词的时态、被动语态和主谓一致.pptx,.pptx,1204326,2026-03-11T13:36:24.293364+00:00,68e6ed845cd6617db64ab0dec25d95ff40eec52a69b6ae7177fa9e193694e984,ok,False,knowledge_only_candidate,knowledge_candidate,path/name suggests explanatory knowledge material
/Users/shidianjin/Documents/高考英语/新高考版高考总复习英语5·3B版/专题四谓语动词的时态、被动语态和主谓一致/专题四谓语动词的时态、被动语态和主谓一致（试题WORD）/试题WORD/专题四　谓语动词的时态、被动语态和主谓一致（试题word）.docx,新高考版高考总复习英语5·3B版/专题四谓语动词的时态、被动语态和主谓一致/专题四谓语动词的时态、被动语态和主谓一致（试题WORD）/试题WORD/专题四　谓语动词的时态、被动语态和主谓一致（试题word）.docx,专题四　谓语动词的时态、被动语态和主谓一致（试题word）.docx,.docx,38104,2026-03-11T13:36:25.910942+00:00,6657d21b7d9888441af23ca1b99fc2c5817062cbaffd4a5e5b1c8417ac919e49,ok,False,type_practice_only_candidate,knowledge_candidate,path/name suggests explanatory knowledge material
/Users/shidianjin/Documents/高考英语/新高考版高考总复习英语5·3B版/综合检测卷（一）/综合检测卷（一）（专题电子书）/专题电子书/综合检测卷（一）.pdf,新高考版高考总复习英语5·3B版/综合检测卷（一）/综合检测卷（一）（专题电子书）/专题电子书/综合检测卷（一）.pdf,综合检测卷（一）.pdf,.pdf,1091895,2026-03-11T13:36:52.870493+00:00,4e9fa1905b38a08f2e33be95192bf4c94899a90ffed3495e5c05a43727a17d17,ok,False,knowledge_only_candidate,knowledge_candidate,path/name suggests explanatory knowledge material
/Users/shidianjin/Documents/高考英语/新高考版高考总复习英语5·3B版/综合检测卷（一）/综合检测卷（一）（试题WORD）/试题WORD/综合测评卷(一)（试题word).docx,新高考版高考总复习英语5·3B版/综合检测卷（一）/综合检测卷（一）（试题WORD）/试题WORD/综合测评卷(一)（试题word).docx,综合测评卷(一)（试题word).docx,.docx,98821,2026-03-11T13:36:50.234836+00:00,4e3835ec030d2f51c9052376db057a7823ff10e98ab98e67fc7e1b1b1c307795,ok,False,type_practice_only_candidate,knowledge_candidate,path/name suggests explanatory knowledge material
/Users/shidianjin/Documents/高考英语/新高考版高考总复习英语5·3B版/综合检测卷（二）/综合检测卷（二）（专题电子书）/专题电子书/综合检测卷（二）.pdf,新高考版高考总复习英语5·3B版/综合检测卷（二）/综合检测卷（二）（专题电子书）/专题电子书/综合检测卷（二）.pdf,综合检测卷（二）.pdf,.pdf,1338431,2026-03-11T13:36:48.437054+00:00,369f9a736452a520820c5105604abe9fb803934ffd1fa98b74ce7b4acf8a6f2b,ok,False,knowledge_only_candidate,knowledge_candidate,path/name suggests explanatory knowledge material
/Users/shidianjin/Documents/高考英语/新高考版高考总复习英语5·3B版/综合检测卷（二）/综合检测卷（二）（试题WORD）/试题WORD/综合检测卷(二)（试题word）.docx,新高考版高考总复习英语5·3B版/综合检测卷（二）/综合检测卷（二）（试题WORD）/试题WORD/综合检测卷(二)（试题word）.docx,综合检测卷(二)（试题word）.docx,.docx,60325,2026-03-11T13:36:45.642845+00:00,998619a4108bd023b87a180c11dd24db5a1896938e31904274f23f861db8ceac,ok,False,type_practice_only_candidate,knowledge_candidate,path/name suggests explanatory knowledge material
/Users/shidianjin/Documents/高考英语/新高考版高考总复习英语5·3B版/附录一情态动词和虚拟语气、特殊句式/附录一情态动词和虚拟语气、特殊句式（专题电子书）/专题电子书/附录一　情态动词和虚拟语气、特殊句式.pdf,新高考版高考总复习英语5·3B版/附录一情态动词和虚拟语气、特殊句式/附录一情态动词和虚拟语气、特殊句式（专题电子书）/专题电子书/附录一　情态动词和虚拟语气、特殊句式.pdf,附录一　情态动词和虚拟语气、特殊句式.pdf,.pdf,1105861,2026-03-11T13:34:23.992093+00:00,840701131130a01638607bba6421da9920b4cdfa96242f842ebcbbb2c09cd129,ok,False,knowledge_only_candidate,knowledge_candidate,path/name suggests explanatory knowledge material
/Users/shidianjin/Documents/高考英语/新高考版高考总复习英语5·3B版/附录一情态动词和虚拟语气、特殊句式/附录一情态动词和虚拟语气、特殊句式（专题资料包）/专题资料包/附录一　情态动词和虚拟语气、特殊句式（专题资料包）.docx,新高考版高考总复习英语5·3B版/附录一情态动词和虚拟语气、特殊句式/附录一情态动词和虚拟语气、特殊句式（专题资料包）/专题资料包/附录一　情态动词和虚拟语气、特殊句式（专题资料包）.docx,附录一　情态动词和虚拟语气、特殊句式（专题资料包）.docx,.docx,96192,2026-03-11T13:34:25.824489+00:00,69331138b1fbe9e4c71c85648ddfcfc2d1258691b42272f7844c1db0bf9bf4ec,ok,False,type_practice_only_candidate,knowledge_candidate,path/name suggests explanatory knowledge material
/Users/shidianjin/Documents/高考英语/新高考版高考总复习英语5·3B版/附录三常见熟词生义/附录三常见熟词生义（专题电子书）/专题电子书/附录三　常见熟词生义.pdf,新高考版高考总复习英语5·3B版/附录三常见熟词生义/附录三常见熟词生义（专题电子书）/专题电子书/附录三　常见熟词生义.pdf,附录三　常见熟词生义.pdf,.pdf,903473,2026-03-11T13:34:19.349226+00:00,8025b3d644ef24848a6aec0518256c805d5c7435e7fde193ec96770afde7fe3e,ok,False,knowledge_only_candidate,knowledge_candidate,path/name suggests explanatory knowledge material
/Users/shidianjin/Documents/高考英语/新高考版高考总复习英语5·3B版/附录三常见熟词生义/附录三常见熟词生义（专题资料包）/专题资料包/附录三　常见熟词生义（专题资料包）.docx,新高考版高考总复习英语5·3B版/附录三常见熟词生义/附录三常见熟词生义（专题资料包）/专题资料包/附录三　常见熟词生义（专题资料包）.docx,附录三　常见熟词生义（专题资料包）.docx,.docx,64941,2026-03-11T13:34:21.779133+00:00,0ace37e5be122c14dbb29575474c90463e85b0315aaa0c957a0253299c4e9d33,ok,False,type_practice_only_candidate,knowledge_candidate,path/name suggests explanatory knowledge material
/Users/shidianjin/Documents/高考英语/新高考版高考总复习英语5·3B版/附录二不规则动词表/附录二不规则动词表（专题电子书）/专题电子书/附录二　不规则动词表.pdf,新高考版高考总复习英语5·3B版/附录二不规则动词表/附录二不规则动词表（专题电子书）/专题电子书/附录二　不规则动词表.pdf,附录二　不规则动词表.pdf,.pdf,956065,2026-03-11T13:34:15.170596+00:00,f150849b390185d5db2120812752a877f3b6c0a581ef66b13cbed70de0d66e79,ok,False,knowledge_only_candidate,knowledge_candidate,path/name suggests explanatory knowledge material
/Users/shidianjin/Documents/高考英语/新高考版高考总复习英语5·3B版/附录二不规则动词表/附录二不规则动词表（专题资料包）/专题资料包/附录二  不规则动词表（专题资料包） - 副本.docx,新高考版高考总复习英语5·3B版/附录二不规则动词表/附录二不规则动词表（专题资料包）/专题资料包/附录二  不规则动词表（专题资料包） - 副本.docx,附录二  不规则动词表（专题资料包） - 副本.docx,.docx,33638,2026-03-11T13:34:16.577561+00:00,d3c1328087989cacc81e7c635fe2dabb60962ab427dfcb77120626ddb252dc4f,ok,False,type_practice_only_candidate,knowledge_candidate,path/name suggests explanatory knowledge material
/Users/shidianjin/Documents/高考英语/梅州高中课程.docx,梅州高中课程.docx,梅州高中课程.docx,.docx,182735,2025-07-08T08:58:18.681240+00:00,3b9b5ea1fd29a980a186a72e7f6006bd92ef40848adb826143616037330d2a46,ok,False,review_required,,no reliable filename classification signal
/Users/shidianjin/Documents/高考英语/梅州高中课程/PC_pron_chart_vector.zip,梅州高中课程/PC_pron_chart_vector.zip,PC_pron_chart_vector.zip,.zip,963611,2025-03-31T04:12:53.404856+00:00,8eae9033353524868285761a59f62e46bb753fa33f4dc2782ab848e42417d99b,ok,False,review_required,archive_candidate,archive requires manifest inspection before publication
/Users/shidianjin/Documents/高考英语/梅州高中课程/梅州25暑假集训课程后续训练计划.docx,梅州高中课程/梅州25暑假集训课程后续训练计划.docx,梅州25暑假集训课程后续训练计划.docx,.docx,15361,2025-07-21T04:21:07.146967+00:00,5c73783f9d91130b1a7e9dc593eb5e8dbe0c0198ff1dd4a7fc12ff874cbcff7a,ok,False,review_required,,no reliable filename classification signal
/Users/shidianjin/Documents/高考英语/梅州高中课程/梅州暑期集训营测试答案.docx,梅州高中课程/梅州暑期集训营测试答案.docx,梅州暑期集训营测试答案.docx,.docx,15703,2025-07-21T04:12:05.456017+00:00,92728a4997f03255bc1d89bc8e021f14ff58a2bce3d6aa1bc5e86cf40d518d07,ok,False,review_required,,no reliable filename classification signal
/Users/shidianjin/Documents/高考英语/梅州高中课程/演示课1.jpg,梅州高中课程/演示课1.jpg,演示课1.jpg,.jpg,228243,2025-07-08T09:16:13.412603+00:00,c4f9f44dcc8b0a250b6b5b7af8dc9208f1364420f61058be7acbddbd99c3e0b2,ok,False,review_required,,no reliable filename classification signal
/Users/shidianjin/Documents/高考英语/梅州高中课程/高中短语.xlsx,梅州高中课程/高中短语.xlsx,高中短语.xlsx,.xlsx,19718,2025-07-05T08:48:30.744774+00:00,6ce13c4fc0008e898c791e069bb2469bd2c843478bce7b8c3f917d0a30c99341,ok,False,knowledge_only_candidate,knowledge_candidate,path/name suggests explanatory knowledge material
/Users/shidianjin/Documents/高考英语/梅州高中课程/高中短语及例句.pdf,梅州高中课程/高中短语及例句.pdf,高中短语及例句.pdf,.pdf,1002916,2025-08-31T04:59:12.968874+00:00,918e42f52b8977a257fb46a600fbe39282a5c4b09b875471aa1b5648913dbcd0,ok,False,knowledge_only_candidate,knowledge_candidate,path/name suggests explanatory knowledge material
/Users/shidianjin/Documents/高考英语/梅州高中课程/高中词汇.xlsx,梅州高中课程/高中词汇.xlsx,高中词汇.xlsx,.xlsx,473077,2025-07-05T08:42:38.627916+00:00,211e830a906d58f687841b131b601b7de55313fc1c3ae23f3c366184468751f9,ok,False,knowledge_only_candidate,knowledge_candidate,path/name suggests explanatory knowledge material
/Users/shidianjin/Documents/高考英语/梅州高中课程/高中词汇_随机抽取 100 个.xlsx,梅州高中课程/高中词汇_随机抽取 100 个.xlsx,高中词汇_随机抽取 100 个.xlsx,.xlsx,16615,2025-08-08T02:52:06.501647+00:00,e5c206fa855aa86219154066a8672031ebb160611d9c74c30930aaf13d1c71c1,ok,False,knowledge_only_candidate,knowledge_candidate,path/name suggests explanatory knowledge material
/Users/shidianjin/Documents/高考英语/演示课2.pdf,演示课2.pdf,演示课2.pdf,.pdf,145174,2025-07-08T09:11:48+00:00,2e41131a40670acab219f2f63cb9d08b3fff79a588ba031a9cd2b4943950b157,ok,False,review_required,,no reliable filename classification signal
/Users/shidianjin/Documents/高考英语/演示课3.pdf,演示课3.pdf,演示课3.pdf,.pdf,131699,2025-07-08T09:12:01+00:00,65be8111f64620cf6ff515f1c225f63c4140c6119eb4603ee8f5141dda817dc3,ok,False,review_required,,no reliable filename classification signal
/Users/shidianjin/Documents/高考英语/高中短语.pdf,高中短语.pdf,高中短语.pdf,.pdf,455314,2025-07-05T08:43:03.880683+00:00,7da1e7f50104e6150b617c5996fdac768fe414c2b2fef39a5d70225f4b539f56,ok,False,knowledge_only_candidate,knowledge_candidate,path/name suggests explanatory knowledge material
/Users/shidianjin/Documents/高考英语/高中短语.xlsx,高中短语.xlsx,高中短语.xlsx,.xlsx,55965,2025-07-24T09:36:52.866151+00:00,f1f5bdf0aae8acd3d2e9dbe78f33bcfb284eb86ff835e4dbc5fb95ec91c6e514,ok,False,knowledge_only_candidate,knowledge_candidate,path/name suggests explanatory knowledge material
/Users/shidianjin/Documents/高考英语/高中短语及例句.pdf,高中短语及例句.pdf,高中短语及例句.pdf,.pdf,1002991,2025-07-24T09:36:14.771818+00:00,e451227fc36e87b621351513e4abb8bb798bc953c89f24ac4a37ec1780fc9490,ok,False,knowledge_only_candidate,knowledge_candidate,path/name suggests explanatory knowledge material
/Users/shidianjin/Documents/高考英语/高中词汇.pdf,高中词汇.pdf,高中词汇.pdf,.pdf,2214305,2025-07-05T08:42:53.744618+00:00,f21ffb9ead63c9baa0564d86114fead5997ee0b3efc5370efb49e99c76f450ab,ok,False,knowledge_only_candidate,knowledge_candidate,path/name suggests explanatory knowledge material
/Users/shidianjin/Documents/高考英语/高中词汇1-20.docx,高中词汇1-20.docx,高中词汇1-20.docx,.docx,29897,2026-05-21T11:47:47.786545+00:00,7a79ad8f88575b30ea56180c123c89ae7b1adf54911248d41f190b246a4d0a07,ok,False,knowledge_only_candidate,knowledge_candidate,path/name suggests explanatory knowledge material
/Users/shidianjin/Documents/高考英语/高中阶段动词不规则变化表.docx,高中阶段动词不规则变化表.docx,高中阶段动词不规则变化表.docx,.docx,12923,2026-04-03T14:31:36.138281+00:00,f1f7d1653f1abae2d27a2d901ba0b7368a1e02bed5e1c45c1693f08e679c82d2,ok,False,review_required,,no reliable filename classification signal
/Users/shidianjin/Documents/高考英语/高中阶段固定搭配.docx,高中阶段固定搭配.docx,高中阶段固定搭配.docx,.docx,42328,2026-02-28T14:35:13.005533+00:00,b26c182c437b57a17c6d15c7e09fd138cc195748d7b9bedf2ac88d0637b07bfa,ok,False,review_required,,no reliable filename classification signal
/Users/shidianjin/Documents/高考英语/高考专题练习/专题01：阅读理解之广告宣传类-最近三年（2019-2021）高考英语真题分类精编.zip,高考专题练习/专题01：阅读理解之广告宣传类-最近三年（2019-2021）高考英语真题分类精编.zip,专题01：阅读理解之广告宣传类-最近三年（2019-2021）高考英语真题分类精编.zip,.zip,232110,2026-03-11T09:23:12.071975+00:00,3a24738a100223ac797f788613d6a4a0b74880ebea670a7d771231e2ff827fa5,ok,False,review_required,"archive_candidate,mixed_topic_source,type_practice_candidate",path/name suggests topic or question-type practice; archive requires manifest inspection before publication; topic archive may contain complete true/mock paper questions; inspect contents before publication
/Users/shidianjin/Documents/高考英语/高考专题练习/专题02：阅读理解之社会生活类-最近三年（2019-2021）高考英语真题分类精编.zip,高考专题练习/专题02：阅读理解之社会生活类-最近三年（2019-2021）高考英语真题分类精编.zip,专题02：阅读理解之社会生活类-最近三年（2019-2021）高考英语真题分类精编.zip,.zip,154194,2026-03-11T09:23:14.208534+00:00,112583d158e2826fab88b907546484fdcfb7763f5dbc6e7a2e0bae4a827628c1,ok,False,review_required,"archive_candidate,mixed_topic_source,type_practice_candidate",path/name suggests topic or question-type practice; archive requires manifest inspection before publication; topic archive may contain complete true/mock paper questions; inspect contents before publication
/Users/shidianjin/Documents/高考英语/高考专题练习/专题03：阅读理解之科普知识类-最近三年（2019-2021）高考英语真题分类精编.zip,高考专题练习/专题03：阅读理解之科普知识类-最近三年（2019-2021）高考英语真题分类精编.zip,专题03：阅读理解之科普知识类-最近三年（2019-2021）高考英语真题分类精编.zip,.zip,161584,2026-03-11T09:23:15.262265+00:00,9829e0337396235a8470ff38dcbb67cb0efb3deb9a86597cea92ba1f9ba70683,ok,False,review_required,"archive_candidate,mixed_topic_source,type_practice_candidate",path/name suggests topic or question-type practice; archive requires manifest inspection before publication; topic archive may contain complete true/mock paper questions; inspect contents before publication
/Users/shidianjin/Documents/高考英语/高考专题练习/专题04：阅读理解之人物传记类-最近三年（2019-2021）高考英语真题分类精编.zip,高考专题练习/专题04：阅读理解之人物传记类-最近三年（2019-2021）高考英语真题分类精编.zip,专题04：阅读理解之人物传记类-最近三年（2019-2021）高考英语真题分类精编.zip,.zip,152765,2026-03-11T09:23:16.713774+00:00,856cc92ece573cb5988bbf142e9c508be83281b9ee2d60f3f9db4a4bec3c8b6a,ok,False,review_required,"archive_candidate,mixed_topic_source,type_practice_candidate",path/name suggests topic or question-type practice; archive requires manifest inspection before publication; topic archive may contain complete true/mock paper questions; inspect contents before publication
/Users/shidianjin/Documents/高考英语/高考专题练习/专题05：阅读理解之环境保护类-最近三年（2019-2021）高考英语真题分类精编.zip,高考专题练习/专题05：阅读理解之环境保护类-最近三年（2019-2021）高考英语真题分类精编.zip,专题05：阅读理解之环境保护类-最近三年（2019-2021）高考英语真题分类精编.zip,.zip,149609,2026-03-11T09:23:18.212906+00:00,c9aa92801ef3bab042c704dc44be5084acda0553bc5f919114bd468357a5eb4d,ok,False,review_required,"archive_candidate,mixed_topic_source,type_practice_candidate",path/name suggests topic or question-type practice; archive requires manifest inspection before publication; topic archive may contain complete true/mock paper questions; inspect contents before publication
/Users/shidianjin/Documents/高考英语/高考专题练习/专题06：完形填空之记叙文类-最近三年（2019-2021）高考英语真题分类精编(等11份资料) (1).zip,高考专题练习/专题06：完形填空之记叙文类-最近三年（2019-2021）高考英语真题分类精编(等11份资料) (1).zip,专题06：完形填空之记叙文类-最近三年（2019-2021）高考英语真题分类精编(等11份资料) (1).zip,.zip,1789717,2026-03-11T09:23:22.820693+00:00,9e4d0b5a6194c96941ea7aaee8d327d404ab6672669c78215f31f24cdd526dc2,ok,False,review_required,"archive_candidate,mixed_topic_source,type_practice_candidate",path/name suggests topic or question-type practice; archive requires manifest inspection before publication; topic archive may contain complete true/mock paper questions; inspect contents before publication
/Users/shidianjin/Documents/高考英语/高考专题练习/专题06：完形填空之记叙文类-最近三年（2019-2021）高考英语真题分类精编.zip,高考专题练习/专题06：完形填空之记叙文类-最近三年（2019-2021）高考英语真题分类精编.zip,专题06：完形填空之记叙文类-最近三年（2019-2021）高考英语真题分类精编.zip,.zip,232175,2026-03-11T09:23:19.723102+00:00,bd5b38668aff785047719867d83f25454105dfa5d5b3fd8e4da33b24bdfb60ed,ok,False,review_required,"archive_candidate,mixed_topic_source,type_practice_candidate",path/name suggests topic or question-type practice; archive requires manifest inspection before publication; topic archive may contain complete true/mock paper questions; inspect contents before publication
/Users/shidianjin/Documents/高考英语/高考专题练习/专题07：完形填空之夹叙夹议类-最近三年（2019-2021）高考英语真题分类精编.zip,高考专题练习/专题07：完形填空之夹叙夹议类-最近三年（2019-2021）高考英语真题分类精编.zip,专题07：完形填空之夹叙夹议类-最近三年（2019-2021）高考英语真题分类精编.zip,.zip,171688,2026-03-11T09:23:24.425615+00:00,74aee7569c52278a30c4830f2675a0dc588ff6864b2bbd30835b153f48f483da,ok,False,review_required,"archive_candidate,mixed_topic_source,type_practice_candidate",path/name suggests topic or question-type practice; archive requires manifest inspection before publication; topic archive may contain complete true/mock paper questions; inspect contents before publication
/Users/shidianjin/Documents/高考英语/高考专题练习/专题08：阅读填空之七选五类-最近三年（2019-2021）高考英语真题分类精编.zip,高考专题练习/专题08：阅读填空之七选五类-最近三年（2019-2021）高考英语真题分类精编.zip,专题08：阅读填空之七选五类-最近三年（2019-2021）高考英语真题分类精编.zip,.zip,151195,2026-03-11T09:23:25.899343+00:00,d6fe573cbac50c8958b5431de4b7daca84160964abe416845e0b4fed0780b99f,ok,False,review_required,"archive_candidate,mixed_topic_source,type_practice_candidate",path/name suggests topic or question-type practice; archive requires manifest inspection before publication; topic archive may contain complete true/mock paper questions; inspect contents before publication
/Users/shidianjin/Documents/高考英语/高考专题练习/专题09：语法填空-最近三年（2019-2021）高考英语真题分类精编.zip,高考专题练习/专题09：语法填空-最近三年（2019-2021）高考英语真题分类精编.zip,专题09：语法填空-最近三年（2019-2021）高考英语真题分类精编.zip,.zip,139414,2026-03-11T09:23:27.251334+00:00,ace8638c71a952c11c7160df46c1373030f85797acdfdd5e101f4df237bd0694,ok,False,review_required,"archive_candidate,knowledge_candidate,mixed_topic_source,type_practice_candidate",path/name suggests explanatory knowledge material; path/name suggests topic or question-type practice; archive requires manifest inspection before publication; topic archive may contain complete true/mock paper questions; inspect contents before publication
/Users/shidianjin/Documents/高考英语/高考专题练习/专题10：书面表达之提纲作文-最近三年（2019-2021）高考英语真题分类精编.zip,高考专题练习/专题10：书面表达之提纲作文-最近三年（2019-2021）高考英语真题分类精编.zip,专题10：书面表达之提纲作文-最近三年（2019-2021）高考英语真题分类精编.zip,.zip,133313,2026-03-11T09:23:28.836239+00:00,0b8ff34389b735625279811bf595ba61275535a3e9f50b9f8190e5a88a30f8d7,ok,False,review_required,"archive_candidate,mixed_topic_source,type_practice_candidate",path/name suggests topic or question-type practice; archive requires manifest inspection before publication; topic archive may contain complete true/mock paper questions; inspect contents before publication
/Users/shidianjin/Documents/高考英语/高考专题练习/专题11：书面表达之读后续写-最近三年（2019-2021）高考英语真题分类精编.zip,高考专题练习/专题11：书面表达之读后续写-最近三年（2019-2021）高考英语真题分类精编.zip,专题11：书面表达之读后续写-最近三年（2019-2021）高考英语真题分类精编.zip,.zip,115869,2026-03-11T09:23:30.532091+00:00,05d186431f313635462509f5749ca1f7e8dee577f66323363bf23e42201575f7,ok,False,review_required,"archive_candidate,mixed_topic_source,type_practice_candidate",path/name suggests topic or question-type practice; archive requires manifest inspection before publication; topic archive may contain complete true/mock paper questions; inspect contents before publication
/Users/shidianjin/Documents/高考英语/高考内容总/2009-2021广东真题/2009年广东省高考英语A卷真题解析.doc,高考内容总/2009-2021广东真题/2009年广东省高考英语A卷真题解析.doc,2009年广东省高考英语A卷真题解析.doc,.doc,2083328,2021-04-08T17:26:40+00:00,ce173a05668a6611e4e063d8e58ed2e8b190e9e4513f31943e2b7f15360d95df,ok,False,paper_only_candidate,full_paper_candidate,path/name indicates a complete examination paper or mock exam
/Users/shidianjin/Documents/高考英语/高考内容总/2009-2021广东真题/2009年广东省高考英语真题解析 版本一.doc,高考内容总/2009-2021广东真题/2009年广东省高考英语真题解析 版本一.doc,2009年广东省高考英语真题解析 版本一.doc,.doc,842752,2021-04-08T17:26:38+00:00,4289f854147647b3feda002e0d4131ea8159780bbc32335a5dfcfac238bc9bc1,ok,False,paper_only_candidate,full_paper_candidate,path/name indicates a complete examination paper or mock exam
/Users/shidianjin/Documents/高考英语/高考内容总/2009-2021广东真题/2011年广东省高考英语真题解析 版本一.doc,高考内容总/2009-2021广东真题/2011年广东省高考英语真题解析 版本一.doc,2011年广东省高考英语真题解析 版本一.doc,.doc,911360,2021-04-08T17:26:38+00:00,cc8a81b8ca215b841b9783e26cd7d08286480062290e2a3a41a3a76036582000,ok,False,paper_only_candidate,full_paper_candidate,path/name indicates a complete examination paper or mock exam
/Users/shidianjin/Documents/高考英语/高考内容总/2009-2021广东真题/2012年高考广东英语试卷解析（精析word版）-学生版.doc,高考内容总/2009-2021广东真题/2012年高考广东英语试卷解析（精析word版）-学生版.doc,2012年高考广东英语试卷解析（精析word版）-学生版.doc,.doc,968192,2021-11-20T03:13:26+00:00,d76e99ca9d7695f3fbc3c3fa44039dcd5bba256ddecab7cd5f515b619ded0aec,ok,False,paper_only_candidate,full_paper_candidate,path/name indicates a complete examination paper or mock exam
/Users/shidianjin/Documents/高考英语/高考内容总/2009-2021广东真题/2012年高考广东英语试卷解析（精析word版）-教师版.doc,高考内容总/2009-2021广东真题/2012年高考广东英语试卷解析（精析word版）-教师版.doc,2012年高考广东英语试卷解析（精析word版）-教师版.doc,.doc,1068032,2021-11-20T03:13:26+00:00,8b837375289bf9e10bd636d2d0b33ad6dd890b986cf377a10c9caa85ecdad2cb,ok,False,paper_only_candidate,full_paper_candidate,path/name indicates a complete examination paper or mock exam
/Users/shidianjin/Documents/高考英语/高考内容总/2009-2021广东真题/2013年高考广东英语题精解原卷版（精编版）.doc,高考内容总/2009-2021广东真题/2013年高考广东英语题精解原卷版（精编版）.doc,2013年高考广东英语题精解原卷版（精编版）.doc,.doc,1912832,2021-11-20T03:13:26+00:00,991a2dc4307d0cd852b1bc5da3077a298d232837e8447483ba1b391e6e9f993d,ok,False,paper_only_candidate,full_paper_candidate,path/name indicates a complete examination paper or mock exam
/Users/shidianjin/Documents/高考英语/高考内容总/2009-2021广东真题/2013年高考广东英语题精解精析解析版（精编版）.doc,高考内容总/2009-2021广东真题/2013年高考广东英语题精解精析解析版（精编版）.doc,2013年高考广东英语题精解精析解析版（精编版）.doc,.doc,2677248,2021-11-20T03:13:26+00:00,02f567c00ac2e18d54d244637ac55d5807ff2ecc47c9cb6ee28c7267e4d02e32,ok,False,paper_only_candidate,full_paper_candidate,path/name indicates a complete examination paper or mock exam
/Users/shidianjin/Documents/高考英语/高考内容总/2009-2021广东真题/2015年高考广东卷英语试题解析（精编版）（原卷版）.docx,高考内容总/2009-2021广东真题/2015年高考广东卷英语试题解析（精编版）（原卷版）.docx,2015年高考广东卷英语试题解析（精编版）（原卷版）.docx,.docx,939115,2021-11-20T03:13:26+00:00,a5918bb6a4d33deec017ed4a9b67e44fd0528c29b32ff9baa0414ea105ba6940,ok,False,paper_only_candidate,full_paper_candidate,path/name indicates a complete examination paper or mock exam
/Users/shidianjin/Documents/高考英语/高考内容总/2009-2021广东真题/2015年高考广东卷英语试题解析（精编版）（解析版）.doc,高考内容总/2009-2021广东真题/2015年高考广东卷英语试题解析（精编版）（解析版）.doc,2015年高考广东卷英语试题解析（精编版）（解析版）.doc,.doc,2365440,2021-11-20T03:13:26+00:00,00e8c035c43e82817377105c621131e84ff5131c5fc6f570a7ca813728107ed0,ok,False,paper_only_candidate,full_paper_candidate,path/name indicates a complete examination paper or mock exam
/Users/shidianjin/Documents/高考英语/高考内容总/2009-2021广东真题/2016-2020年广东省听说真题汇编.docx,高考内容总/2009-2021广东真题/2016-2020年广东省听说真题汇编.docx,2016-2020年广东省听说真题汇编.docx,.docx,259395,2026-03-11T08:27:14.238288+00:00,d4340c50f6b72ff1b748d36fa948536500a51ec67aad8125b2e0ea013688bdde,ok,False,paper_only_candidate,full_paper_candidate,path/name indicates a complete examination paper or mock exam
/Users/shidianjin/Documents/高考英语/高考内容总/2009-2021广东真题/2016年高考新课标Ⅰ卷英语试题解析（精编版）（原卷版）.doc,高考内容总/2009-2021广东真题/2016年高考新课标Ⅰ卷英语试题解析（精编版）（原卷版）.doc,2016年高考新课标Ⅰ卷英语试题解析（精编版）（原卷版）.doc,.doc,815616,2021-11-20T03:13:26+00:00,9cc4325115e8143464e03eb5c774154b742c8fa559f46fd21a9f8e278dbb3d3f,ok,False,paper_only_candidate,full_paper_candidate,path/name indicates a complete examination paper or mock exam
/Users/shidianjin/Documents/高考英语/高考内容总/2009-2021广东真题/2016年高考新课标Ⅰ卷英语试题解析（精编版）（解析版）.doc,高考内容总/2009-2021广东真题/2016年高考新课标Ⅰ卷英语试题解析（精编版）（解析版）.doc,2016年高考新课标Ⅰ卷英语试题解析（精编版）（解析版）.doc,.doc,1102848,2021-11-20T03:13:26+00:00,29dbf6146e63195f36c691075eb72aecc7bdca83f824e5c8bcbcad8213764507,ok,False,paper_only_candidate,full_paper_candidate,path/name indicates a complete examination paper or mock exam
/Users/shidianjin/Documents/高考英语/高考内容总/2009-2021广东真题/2020年广东高考英语听说考试A.mp3,高考内容总/2009-2021广东真题/2020年广东高考英语听说考试A.mp3,2020年广东高考英语听说考试A.mp3,.mp3,42651549,2021-10-21T07:14:56+00:00,1b3a4513bff98aeb038bc62be4756400a6dccbc39e27a14f1654759d757a46ec,ok,False,paper_only_candidate,"full_paper_candidate,media_source",path/name indicates a complete examination paper or mock exam; audio/video source asset; establish mapping only
/Users/shidianjin/Documents/高考英语/高考内容总/2009-2021广东真题/2020年广东高考英语听说考试A.mp4,高考内容总/2009-2021广东真题/2020年广东高考英语听说考试A.mp4,2020年广东高考英语听说考试A.mp4,.mp4,85667609,2021-10-21T07:15:12+00:00,58beff51e411489c6c97c789e5feb7f8c944cc404d2dbfa5fa37abfbdd35f682,ok,False,paper_only_candidate,"full_paper_candidate,media_source",path/name indicates a complete examination paper or mock exam; audio/video source asset; establish mapping only
/Users/shidianjin/Documents/高考英语/高考内容总/2009-2021广东真题/2020年广东高考英语听说考试B.mp3,高考内容总/2009-2021广东真题/2020年广东高考英语听说考试B.mp3,2020年广东高考英语听说考试B.mp3,.mp3,13316581,2021-10-21T07:15:06+00:00,3f9992657505d54950e475006538acebd7d2b4c8b5a95891078e6a353775faa8,ok,False,paper_only_candidate,"full_paper_candidate,media_source",path/name indicates a complete examination paper or mock exam; audio/video source asset; establish mapping only
/Users/shidianjin/Documents/高考英语/高考内容总/2009-2021广东真题/2020年广东高考英语听说考试B.mp4,高考内容总/2009-2021广东真题/2020年广东高考英语听说考试B.mp4,2020年广东高考英语听说考试B.mp4,.mp4,124676567,2021-10-21T07:15:08+00:00,2837c0fa33af569df37af46f15ea0ab34660983fe244285876be906f8b5181ba,ok,False,paper_only_candidate,"full_paper_candidate,media_source",path/name indicates a complete examination paper or mock exam; audio/video source asset; establish mapping only
/Users/shidianjin/Documents/高考英语/高考内容总/2009-2021广东真题/2020年广东高考英语听说考试C.mp3,高考内容总/2009-2021广东真题/2020年广东高考英语听说考试C.mp3,2020年广东高考英语听说考试C.mp3,.mp3,43068876,2021-10-21T07:15:02+00:00,1a081b4ffafcf341ebc9d04db03c9c713b53d03089814bf1c8ef8a616310d412,ok,False,paper_only_candidate,"full_paper_candidate,media_source",path/name indicates a complete examination paper or mock exam; audio/video source asset; establish mapping only
/Users/shidianjin/Documents/高考英语/高考内容总/2009-2021广东真题/2020年广东高考英语听说考试C.mp4,高考内容总/2009-2021广东真题/2020年广东高考英语听说考试C.mp4,2020年广东高考英语听说考试C.mp4,.mp4,72327559,2021-10-21T07:14:54+00:00,b513b642329728c66a2b3b756b579bd59378af3d59debd6c292d41b8a8b78354,ok,False,paper_only_candidate,"full_paper_candidate,media_source",path/name indicates a complete examination paper or mock exam; audio/video source asset; establish mapping only
/Users/shidianjin/Documents/高考英语/高考内容总/2009-2021广东真题/2020年广东高考英语听说考试D.mp3,高考内容总/2009-2021广东真题/2020年广东高考英语听说考试D.mp3,2020年广东高考英语听说考试D.mp3,.mp3,43147724,2021-10-21T07:14:58+00:00,6da39589b0812b23abed38305e3450ca4892dd7fbcae354dc6d9c3ec2c6b04e3,ok,False,paper_only_candidate,"full_paper_candidate,media_source",path/name indicates a complete examination paper or mock exam; audio/video source asset; establish mapping only
/Users/shidianjin/Documents/高考英语/高考内容总/2009-2021广东真题/2020年广东高考英语听说考试D.mp4,高考内容总/2009-2021广东真题/2020年广东高考英语听说考试D.mp4,2020年广东高考英语听说考试D.mp4,.mp4,73654342,2021-10-21T07:15:04+00:00,a78213ccaf58ea62d6235ed09614fe5ee1cdfd9d3db13082f0cc68bcf4aadd35,ok,False,paper_only_candidate,"full_paper_candidate,media_source",path/name indicates a complete examination paper or mock exam; audio/video source asset; establish mapping only
/Users/shidianjin/Documents/高考英语/高考内容总/2009-2021广东真题/2020年广东高考英语听说考试E.mp3,高考内容总/2009-2021广东真题/2020年广东高考英语听说考试E.mp3,2020年广东高考英语听说考试E.mp3,.mp3,42936031,2021-10-21T07:14:52+00:00,369230167aecba0a73d3548fa8c1d76bce721f64e4d4c6962870df3b9969f718,ok,False,paper_only_candidate,"full_paper_candidate,media_source",path/name indicates a complete examination paper or mock exam; audio/video source asset; establish mapping only
/Users/shidianjin/Documents/高考英语/高考内容总/2009-2021广东真题/2020年广东高考英语听说考试E.mp4,高考内容总/2009-2021广东真题/2020年广东高考英语听说考试E.mp4,2020年广东高考英语听说考试E.mp4,.mp4,70371650,2021-10-21T07:15:00+00:00,02d1aabc60b55ca8b10d641c971bff8a97f3338af421e5cd7949e9c5539d497f,ok,False,paper_only_candidate,"full_paper_candidate,media_source",path/name indicates a complete examination paper or mock exam; audio/video source asset; establish mapping only
/Users/shidianjin/Documents/高考英语/高考内容总/2009-2021广东真题/2020年广东高考英语听说考试真题 Test A— Test E.docx,高考内容总/2009-2021广东真题/2020年广东高考英语听说考试真题 Test A— Test E.docx,2020年广东高考英语听说考试真题 Test A— Test E.docx,.docx,162141,2021-10-21T07:15:06+00:00,151e4f72ed0d01d799b5daac1d68eeb29a2c205ef533312abf1a529724eac85d,ok,False,paper_only_candidate,full_paper_candidate,path/name indicates a complete examination paper or mock exam
/Users/shidianjin/Documents/高考英语/高考内容总/2009-2021广东真题/2020年广东高考英语听说考试真题 Test B.docx,高考内容总/2009-2021广东真题/2020年广东高考英语听说考试真题 Test B.docx,2020年广东高考英语听说考试真题 Test B.docx,.docx,13885,2020-09-11T07:29:24+00:00,4e116ae9f7ac6d4cb1f3ce5b3543dc215c6160e6299bcc2e00efb8d36f30320c,ok,False,paper_only_candidate,full_paper_candidate,path/name indicates a complete examination paper or mock exam
/Users/shidianjin/Documents/高考英语/高考内容总/2009-2021广东真题/2022年高考考前押题密卷（广东卷）（A3考试版）.docx,高考内容总/2009-2021广东真题/2022年高考考前押题密卷（广东卷）（A3考试版）.docx,2022年高考考前押题密卷（广东卷）（A3考试版）.docx,.docx,249668,2022-06-03T08:07:38+00:00,e57919704d932590e1370ee5bf852c79b98bdf807d33fa0fa877262c4e693b9d,ok,False,paper_only_candidate,full_paper_candidate,path/name indicates a complete examination paper or mock exam
/Users/shidianjin/Documents/高考英语/高考内容总/2009-2021广东真题/2022年高考考前押题密卷（广东卷）（A4考试版）.docx,高考内容总/2009-2021广东真题/2022年高考考前押题密卷（广东卷）（A4考试版）.docx,2022年高考考前押题密卷（广东卷）（A4考试版）.docx,.docx,256866,2022-06-03T08:07:38+00:00,ccb52f11a324b35aacfd4d187f3c3bfde7ad44bb7aa912a60450094371153620,ok,False,paper_only_candidate,full_paper_candidate,path/name indicates a complete examination paper or mock exam
/Users/shidianjin/Documents/高考英语/高考内容总/2009-2021广东真题/2022年高考考前押题密卷（广东卷）（全解全析）.docx,高考内容总/2009-2021广东真题/2022年高考考前押题密卷（广东卷）（全解全析）.docx,2022年高考考前押题密卷（广东卷）（全解全析）.docx,.docx,250419,2022-06-03T08:07:38+00:00,3fd52f5ca0513aa81498d2bcded2e4b4433b5e6e691defac1a0651cbd2db2e95,ok,False,paper_only_candidate,full_paper_candidate,path/name indicates a complete examination paper or mock exam
/Users/shidianjin/Documents/高考英语/高考内容总/2009-2021广东真题/2022年高考考前押题密卷（广东卷）（答题卡）.docx,高考内容总/2009-2021广东真题/2022年高考考前押题密卷（广东卷）（答题卡）.docx,2022年高考考前押题密卷（广东卷）（答题卡）.docx,.docx,215571,2022-06-03T08:07:38+00:00,aea6bccd7369d34bbc31d79a2840cda0fe82723f85fbdea9bd83a6c0faf6a9e5,ok,False,paper_only_candidate,full_paper_candidate,path/name indicates a complete examination paper or mock exam
/Users/shidianjin/Documents/高考英语/高考内容总/2021高考作文/2021全国各地高考书面表达题(1).doc,高考内容总/2021高考作文/2021全国各地高考书面表达题(1).doc,2021全国各地高考书面表达题(1).doc,.doc,33280,2026-03-11T08:37:35.275397+00:00,e28b956e3331e74118bec4a2d987b46ee61c4fa70eca01d4ba62cd2c7a8804c1,ok,False,type_practice_only_candidate,type_practice_candidate,path/name suggests topic or question-type practice
/Users/shidianjin/Documents/高考英语/高考内容总/2021高考作文/2021高考英语应用文的最后一讲.docx,高考内容总/2021高考作文/2021高考英语应用文的最后一讲.docx,2021高考英语应用文的最后一讲.docx,.docx,22604,2026-03-11T08:37:34.524034+00:00,da22dbed09fc642ee6139c7aeddab94026c13b0c426c55f5f71139b2e6787585,ok,False,review_required,,no reliable filename classification signal
/Users/shidianjin/Documents/高考英语/高考内容总/2021高考作文/下水文指导：2021年全国卷1的续写：给妈妈做早饭.docx,高考内容总/2021高考作文/下水文指导：2021年全国卷1的续写：给妈妈做早饭.docx,下水文指导：2021年全国卷1的续写：给妈妈做早饭.docx,.docx,22857,2026-03-11T08:37:42.629439+00:00,5a2d562691191a0735a54ff201176ef2bcdcc9995625dd9c773be5c68ee51759,ok,False,paper_only_candidate,full_paper_candidate,path/name indicates a complete examination paper or mock exam
/Users/shidianjin/Documents/高考英语/高考内容总/2021高考作文/全国1卷下水作文.docx,高考内容总/2021高考作文/全国1卷下水作文.docx,全国1卷下水作文.docx,.docx,44985,2026-03-11T08:37:38.895203+00:00,161e6e61c874d61efa58866adbfc9c930a464efb7594ad82eb94d855bb7910b5,ok,False,review_required,,no reliable filename classification signal
/Users/shidianjin/Documents/高考英语/高考内容总/2021高考作文/权威发布  教育部考试中心：2021年高考英语全国卷试题评析.docx,高考内容总/2021高考作文/权威发布  教育部考试中心：2021年高考英语全国卷试题评析.docx,权威发布  教育部考试中心：2021年高考英语全国卷试题评析.docx,.docx,15797,2026-03-11T08:37:40.459286+00:00,74b82260c69e97981c17fc4e4cc5d1b78bd1638567d3f9538409979570132f55,ok,False,paper_only_candidate,full_paper_candidate,path/name indicates a complete examination paper or mock exam
/Users/shidianjin/Documents/高考英语/高考内容总/2021高考作文/说明.jpg,高考内容总/2021高考作文/说明.jpg,说明.jpg,.jpg,126334,2026-03-11T08:37:42.010955+00:00,8fcbe6b3d17e6f9d5825e66f0c04358e21d4932ce7df6d8153e498985a07c478,ok,False,review_required,,no reliable filename classification signal
/Users/shidianjin/Documents/高考英语/高考内容总/2021高考作文/高考英语应用文背诵大全.doc,高考内容总/2021高考作文/高考英语应用文背诵大全.doc,高考英语应用文背诵大全.doc,.doc,189952,2026-03-11T08:37:37.568195+00:00,faec9e633df56021830efac91b6019dffa3264a13013acab427914eab7d430c1,ok,False,review_required,,no reliable filename classification signal
/Users/shidianjin/Documents/高考英语/高考短语/高中英语作文写作常用短语和固定搭配.doc,高考短语/高中英语作文写作常用短语和固定搭配.doc,高中英语作文写作常用短语和固定搭配.doc,.doc,36352,2026-03-11T09:22:25.343806+00:00,a20f74b497504807f827fbd1aee044a6e82b33a20e1de568754f8558a34c5d2c,ok,False,review_required,"knowledge_candidate,type_practice_candidate",path/name suggests explanatory knowledge material; path/name suggests topic or question-type practice
/Users/shidianjin/Documents/高考英语/高考短语/高中英语常用短语和固定搭配整理.doc,高考短语/高中英语常用短语和固定搭配整理.doc,高中英语常用短语和固定搭配整理.doc,.doc,54784,2026-03-11T09:22:22.255655+00:00,f58904ac4c447d659f13248fa823a80a243f64bd5faffaed428c375d226fb832,ok,False,knowledge_only_candidate,knowledge_candidate,path/name suggests explanatory knowledge material
/Users/shidianjin/Documents/高考英语/高考短语/高中英语重点短语和固定搭配整合.doc,高考短语/高中英语重点短语和固定搭配整合.doc,高中英语重点短语和固定搭配整合.doc,.doc,56832,2026-03-11T09:22:23.736310+00:00,2d98caa8274092f0430063d8f35cc120ecd709ba1aa54ab8130cad501590d75d,ok,False,knowledge_only_candidate,knowledge_candidate,path/name suggests explanatory knowledge material
/Users/shidianjin/Documents/高考英语/高考精讲精练/第10讲  冠词  精讲精练 2022届准高三高考英语语法暑假专练.docx,高考精讲精练/第10讲  冠词  精讲精练 2022届准高三高考英语语法暑假专练.docx,第10讲  冠词  精讲精练 2022届准高三高考英语语法暑假专练.docx,.docx,25933,2026-03-11T09:22:40.109440+00:00,531ab771c3846bfbd4c511fb23fc00802a6c0d26fb70b2b8f9049867ee067dd8,ok,False,knowledge_only_candidate,knowledge_candidate,path/name suggests explanatory knowledge material
/Users/shidianjin/Documents/高考英语/高考精讲精练/第11讲 介词和代词讲解 精讲精练 2022届准高三高考英语语法暑假专练.docx,高考精讲精练/第11讲 介词和代词讲解 精讲精练 2022届准高三高考英语语法暑假专练.docx,第11讲 介词和代词讲解 精讲精练 2022届准高三高考英语语法暑假专练.docx,.docx,40797,2026-03-11T09:22:41.728825+00:00,19818c63ca8a88aaa897f7f18bf0d890511c017eda8268d9004522716e062ee0,ok,False,knowledge_only_candidate,knowledge_candidate,path/name suggests explanatory knowledge material
/Users/shidianjin/Documents/高考英语/高考精讲精练/第12讲526条过关短语(打印版)精讲精练2022届准高三高考英语语法暑假专练.docx,高考精讲精练/第12讲526条过关短语(打印版)精讲精练2022届准高三高考英语语法暑假专练.docx,第12讲526条过关短语(打印版)精讲精练2022届准高三高考英语语法暑假专练.docx,.docx,61264,2026-03-11T09:22:43.820287+00:00,2845a729410ba824216bf857635bb0307058a03e5d1eba631c1900f229a05245,ok,False,knowledge_only_candidate,knowledge_candidate,path/name suggests explanatory knowledge material
/Users/shidianjin/Documents/高考英语/高考精讲精练/第13讲  情态动词和虚拟语气  精讲精练2022届准高三高考英语语法暑假专练.docx,高考精讲精练/第13讲  情态动词和虚拟语气  精讲精练2022届准高三高考英语语法暑假专练.docx,第13讲  情态动词和虚拟语气  精讲精练2022届准高三高考英语语法暑假专练.docx,.docx,45280,2026-03-11T09:22:44.771938+00:00,1a3cdf76e99e2e6f1bd6da22b4fecc453b895411be5f685a6fbc159de1c6f339,ok,False,knowledge_only_candidate,knowledge_candidate,path/name suggests explanatory knowledge material
/Users/shidianjin/Documents/高考英语/高考精讲精练/第14讲  不规则动词  精讲精练2022届准高三高考英语语法暑假专练.docx,高考精讲精练/第14讲  不规则动词  精讲精练2022届准高三高考英语语法暑假专练.docx,第14讲  不规则动词  精讲精练2022届准高三高考英语语法暑假专练.docx,.docx,46183,2026-03-11T09:22:46.220778+00:00,04fa55870377442679284c52a2e8c96d6fe31b09c125b85975cdedb32efe07ec,ok,False,knowledge_only_candidate,knowledge_candidate,path/name suggests explanatory knowledge material
/Users/shidianjin/Documents/高考英语/高考精讲精练/第1讲 句子成分与基本句型 精讲精练 2022届准高三高考英语语法暑假专练.doc,高考精讲精练/第1讲 句子成分与基本句型 精讲精练 2022届准高三高考英语语法暑假专练.doc,第1讲 句子成分与基本句型 精讲精练 2022届准高三高考英语语法暑假专练.doc,.doc,96768,2026-03-11T09:22:27.089375+00:00,d351451a09f6ae7a3e31a3eccc3c0c4b88ba66b1639a20ec21603e7763defa42,ok,False,knowledge_only_candidate,knowledge_candidate,path/name suggests explanatory knowledge material
/Users/shidianjin/Documents/高考英语/高考精讲精练/第2讲 构词法 精讲精练 2022届准高三高考英语语法暑假专练.doc,高考精讲精练/第2讲 构词法 精讲精练 2022届准高三高考英语语法暑假专练.doc,第2讲 构词法 精讲精练 2022届准高三高考英语语法暑假专练.doc,.doc,193536,2026-03-11T09:22:28.531723+00:00,bf7033162e61bcfcab729c260edba65a6028f9ca36df58cd86b3ae8fed81020f,ok,False,knowledge_only_candidate,knowledge_candidate,path/name suggests explanatory knowledge material
/Users/shidianjin/Documents/高考英语/高考精讲精练/第3讲 动词时态和语态 精讲精练 2022届准高三高考英语语法暑假专练.doc,高考精讲精练/第3讲 动词时态和语态 精讲精练 2022届准高三高考英语语法暑假专练.doc,第3讲 动词时态和语态 精讲精练 2022届准高三高考英语语法暑假专练.doc,.doc,68608,2026-03-11T09:22:29.873010+00:00,b63284b7d20b6c74e68150d04740ba2a681d1b2c37fe0b2026a8d5dfa82103f8,ok,False,knowledge_only_candidate,knowledge_candidate,path/name suggests explanatory knowledge material
/Users/shidianjin/Documents/高考英语/高考精讲精练/第4讲  非谓语动词 精讲精练 2022届准高三高考英语语法暑假专练.doc,高考精讲精练/第4讲  非谓语动词 精讲精练 2022届准高三高考英语语法暑假专练.doc,第4讲  非谓语动词 精讲精练 2022届准高三高考英语语法暑假专练.doc,.doc,76288,2026-03-11T09:22:31.362791+00:00,7d028466c0bea375b6c698293d3a1db9154fc5ba5a65ed267976ab93bc2d616c,ok,False,knowledge_only_candidate,knowledge_candidate,path/name suggests explanatory knowledge material
/Users/shidianjin/Documents/高考英语/高考精讲精练/第5讲 定语从句 精讲精练 2022届准高三高考英语语法暑假专练.doc,高考精讲精练/第5讲 定语从句 精讲精练 2022届准高三高考英语语法暑假专练.doc,第5讲 定语从句 精讲精练 2022届准高三高考英语语法暑假专练.doc,.doc,79872,2026-03-11T09:22:32.986475+00:00,e225df83cc9e913061f0043bb3c4234a2da660ada2069157585a354f31b04d10,ok,False,knowledge_only_candidate,knowledge_candidate,path/name suggests explanatory knowledge material
/Users/shidianjin/Documents/高考英语/高考精讲精练/第6讲 名词性从句 精讲精练 2022届准高三高考英语语法暑假专练.doc,高考精讲精练/第6讲 名词性从句 精讲精练 2022届准高三高考英语语法暑假专练.doc,第6讲 名词性从句 精讲精练 2022届准高三高考英语语法暑假专练.doc,.doc,83968,2026-03-11T09:22:34.369772+00:00,fa97b9c932f745c6611b2dd786563049e50acc69ca010c966423cfb8746a7281,ok,False,knowledge_only_candidate,knowledge_candidate,path/name suggests explanatory knowledge material
/Users/shidianjin/Documents/高考英语/高考精讲精练/第7讲 并列句和状语从句 精讲精练 2022届准高三高考英语语法暑假专练.doc,高考精讲精练/第7讲 并列句和状语从句 精讲精练 2022届准高三高考英语语法暑假专练.doc,第7讲 并列句和状语从句 精讲精练 2022届准高三高考英语语法暑假专练.doc,.doc,34816,2026-03-11T09:22:35.765104+00:00,15d4a3328545b5332bf47c53324763ac9e7779928ad904f0cfec2957b3aa19bd,ok,False,knowledge_only_candidate,knowledge_candidate,path/name suggests explanatory knowledge material
/Users/shidianjin/Documents/高考英语/高考精讲精练/第8讲 特殊句式 精讲精练 2022届准高三高考英语语法暑假专练.doc,高考精讲精练/第8讲 特殊句式 精讲精练 2022届准高三高考英语语法暑假专练.doc,第8讲 特殊句式 精讲精练 2022届准高三高考英语语法暑假专练.doc,.doc,57856,2026-03-11T09:22:37.306186+00:00,1466be4d4e7538489870c3b9110c2970e884102372921b93d2b05dbc3acc0a03,ok,False,knowledge_only_candidate,knowledge_candidate,path/name suggests explanatory knowledge material
/Users/shidianjin/Documents/高考英语/高考精讲精练/第9讲  名词数词形容词副词讲解 精讲精练 2022届准高三高考英语语法暑假专练.docx,高考精讲精练/第9讲  名词数词形容词副词讲解 精讲精练 2022届准高三高考英语语法暑假专练.docx,第9讲  名词数词形容词副词讲解 精讲精练 2022届准高三高考英语语法暑假专练.docx,.docx,55230,2026-03-11T09:22:38.719304+00:00,22d8425186a59c04ece8d43e221929cb451246683ed307a1118a7759e76a93c0,ok,False,knowledge_only_candidate,knowledge_candidate,path/name suggests explanatory knowledge material
/Users/shidianjin/Documents/高考英语/高考英语_副本/2018年/1.mp3,高考英语_副本/2018年/1.mp3,1.mp3,.mp3,217764,2022-04-07T01:19:12+00:00,9c79cb21c7dd7b480b814ebb427aee25cc7ab8886adf10a60b369b22f3511218,ok,False,review_required,media_source,audio/video source asset; establish mapping only
/Users/shidianjin/Documents/高考英语/高考英语_副本/2018年/10.mp3,高考英语_副本/2018年/10.mp3,10.mp3,.mp3,4973025,2022-04-07T01:19:12+00:00,e6cdaf5f02cd7823a89afa5d100d83ad3909f624f12d47299356747968ed29fc,ok,False,review_required,media_source,audio/video source asset; establish mapping only
/Users/shidianjin/Documents/高考英语/高考英语_副本/2018年/2.mp3,高考英语_副本/2018年/2.mp3,2.mp3,.mp3,221107,2022-04-07T01:19:12+00:00,991b8308fcbd16641f88f72f872eeb6b302334642cb99fd904b6a4821a3bf32b,ok,False,review_required,media_source,audio/video source asset; establish mapping only
/Users/shidianjin/Documents/高考英语/高考英语_副本/2018年/2018年全国普通高等学校招生统一考试英语（新课标I卷）（原卷版）.doc,高考英语_副本/2018年/2018年全国普通高等学校招生统一考试英语（新课标I卷）（原卷版）.doc,2018年全国普通高等学校招生统一考试英语（新课标I卷）（原卷版）.doc,.doc,87040,2025-07-06T04:02:32.731940+00:00,0e813292c1d46343998c735deb2bdefe4d07bebc6c1848449287804524289a97,ok,False,review_required,,no reliable filename classification signal
/Users/shidianjin/Documents/高考英语/高考英语_副本/2018年/2018年全国普通高等学校招生统一考试英语（新课标I卷）（解析版）.doc,高考英语_副本/2018年/2018年全国普通高等学校招生统一考试英语（新课标I卷）（解析版）.doc,2018年全国普通高等学校招生统一考试英语（新课标I卷）（解析版）.doc,.doc,215040,2022-04-07T01:19:12+00:00,be167dce11a8ce3769c428ee862da003d3ae908717ffd948fd016d883a4e2ec7,ok,False,review_required,,no reliable filename classification signal
/Users/shidianjin/Documents/高考英语/高考英语_副本/2018年/3.mp3,高考英语_副本/2018年/3.mp3,3.mp3,.mp3,175759,2022-04-07T01:19:12+00:00,316490ea3141be3ddc2d5ab934f22589a926629faa9ff7295664c66bd919f87c,ok,False,review_required,media_source,audio/video source asset; establish mapping only
/Users/shidianjin/Documents/高考英语/高考英语_副本/2018年/4.mp3,高考英语_副本/2018年/4.mp3,4.mp3,.mp3,270845,2022-04-07T01:19:12+00:00,eb466da4801c39918db14cc85f45cc195197c702a9b873571c58ce4f03928603,ok,False,review_required,media_source,audio/video source asset; establish mapping only
/Users/shidianjin/Documents/高考英语/高考英语_副本/2018年/5.mp3,高考英语_副本/2018年/5.mp3,5.mp3,.mp3,167191,2022-04-07T01:19:12+00:00,1e496ef6d88bfd11aaa1118fbe2e76a47c3439df829b740ecf98dfb2f879f60a,ok,False,review_required,media_source,audio/video source asset; establish mapping only
/Users/shidianjin/Documents/高考英语/高考英语_副本/2018年/6.mp3,高考英语_副本/2018年/6.mp3,6.mp3,.mp3,574956,2022-04-07T01:19:12+00:00,d5ef1dff1151cbaf639cbb0d6c05aff2947a67b3e84457d76d97cbde8bb0ce78,ok,False,review_required,media_source,audio/video source asset; establish mapping only
/Users/shidianjin/Documents/高考英语/高考英语_副本/2018年/7.mp3,高考英语_副本/2018年/7.mp3,7.mp3,.mp3,854153,2022-04-07T01:19:12+00:00,d9aea62517b7f489c2832f4928baca6a346e03ce797904105d2707c1aba9296b,ok,False,review_required,media_source,audio/video source asset; establish mapping only
/Users/shidianjin/Documents/高考英语/高考英语_副本/2018年/8.mp3,高考英语_副本/2018年/8.mp3,8.mp3,.mp3,960736,2022-04-07T01:19:12+00:00,3a48ee34d465f0d0ccceb0b250b5f7b1ba7057f268698ecd28ad269985701bbc,ok,False,review_required,media_source,audio/video source asset; establish mapping only
/Users/shidianjin/Documents/高考英语/高考英语_副本/2018年/9.mp3,高考英语_副本/2018年/9.mp3,9.mp3,.mp3,4084105,2022-04-07T01:19:12+00:00,97a24352b27c7bcb30b677f05172496f4bca1ecd318f5aa288f945b8890b3cf1,ok,False,review_required,media_source,audio/video source asset; establish mapping only
/Users/shidianjin/Documents/高考英语/高考英语_副本/2020年/2020年广东高考英语听说考试真题 Test A/2020年广东高考英语听说考试真题 Test A.docx,高考英语_副本/2020年/2020年广东高考英语听说考试真题 Test A/2020年广东高考英语听说考试真题 Test A.docx,2020年广东高考英语听说考试真题 Test A.docx,.docx,16507,2025-07-06T04:08:01.632716+00:00,700d111d49ff68e78b94c88cc85327f921eaf2e6e91c318c202aed7bc9f35ae0,ok,False,paper_only_candidate,full_paper_candidate,path/name indicates a complete examination paper or mock exam
/Users/shidianjin/Documents/高考英语/高考英语_副本/2020年/2020年广东高考英语听说考试真题 Test B/2020年广东高考英语听说考试真题 Test B.docx,高考英语_副本/2020年/2020年广东高考英语听说考试真题 Test B/2020年广东高考英语听说考试真题 Test B.docx,2020年广东高考英语听说考试真题 Test B.docx,.docx,20072,2025-07-06T04:09:30.408314+00:00,0ee8a0ca409701375be78cc60081903d064643ee264ad88969e6c3e730b73956,ok,False,paper_only_candidate,full_paper_candidate,path/name indicates a complete examination paper or mock exam
/Users/shidianjin/Documents/高考英语/高考英语_副本/2020年/2020年广东高考英语听说考试真题 Test E/2020年广东高考英语听说考试真题 Test E.docx,高考英语_副本/2020年/2020年广东高考英语听说考试真题 Test E/2020年广东高考英语听说考试真题 Test E.docx,2020年广东高考英语听说考试真题 Test E.docx,.docx,13812,2020-09-14T11:27:42+00:00,cd1640c1183f45daae92d4c4409b6a0514e450484d3f0861f1ade10d425cc6d8,ok,False,paper_only_candidate,full_paper_candidate,path/name indicates a complete examination paper or mock exam
/Users/shidianjin/Documents/高考英语/高考英语_副本/2020年/2020年广东高考英语听说考试真题 Test E/2020年广东高考英语听说考试真题 Test E.mp3,高考英语_副本/2020年/2020年广东高考英语听说考试真题 Test E/2020年广东高考英语听说考试真题 Test E.mp3,2020年广东高考英语听说考试真题 Test E.mp3,.mp3,10805805,2020-09-14T11:15:00+00:00,8957b468c7a5bf26a028cb539e251b52ba300f2ab06e5cb1876478b2ac6b415b,ok,False,paper_only_candidate,"full_paper_candidate,media_source",path/name indicates a complete examination paper or mock exam; audio/video source asset; establish mapping only
/Users/shidianjin/Documents/高考英语/高考英语_副本/2020年/2020年高考全国1英语高考真题-全国高考真题解析/附件/1.mp3,高考英语_副本/2020年/2020年高考全国1英语高考真题-全国高考真题解析/附件/1.mp3,1.mp3,.mp3,155660,2021-10-25T02:10:48+00:00,dbbd7ad84edd1938a68728ebbb958dfa4e4600542d78dfb58b26df5e3deff0fe,ok,False,paper_only_candidate,"full_paper_candidate,media_source",path/name indicates a complete examination paper or mock exam; audio/video source asset; establish mapping only
/Users/shidianjin/Documents/高考英语/高考英语_副本/2020年/2020年高考全国1英语高考真题-全国高考真题解析/附件/10.mp3,高考英语_副本/2020年/2020年高考全国1英语高考真题-全国高考真题解析/附件/10.mp3,10.mp3,.mp3,1887265,2021-10-25T02:10:48+00:00,22a9bcdaf81f3e715edea92e131978e10d2e230fbc1a4683fb1b95aa7ed66ff7,ok,False,paper_only_candidate,"full_paper_candidate,media_source",path/name indicates a complete examination paper or mock exam; audio/video source asset; establish mapping only
/Users/shidianjin/Documents/高考英语/高考英语_副本/2020年/2020年高考全国1英语高考真题-全国高考真题解析/附件/2.mp3,高考英语_副本/2020年/2020年高考全国1英语高考真题-全国高考真题解析/附件/2.mp3,2.mp3,.mp3,198918,2021-10-25T02:10:48+00:00,e906f64e0df466f0adbffed7867f69be9bd8be1dcea759e9d678d9abb624d2e5,ok,False,paper_only_candidate,"full_paper_candidate,media_source",path/name indicates a complete examination paper or mock exam; audio/video source asset; establish mapping only
/Users/shidianjin/Documents/高考英语/高考英语_副本/2020年/2020年高考全国1英语高考真题-全国高考真题解析/附件/3.mp3,高考英语_副本/2020年/2020年高考全国1英语高考真题-全国高考真题解析/附件/3.mp3,3.mp3,.mp3,241132,2021-10-25T02:10:48+00:00,62a9983a82cd877f61d71eb49bdb461edbda518e02e7558831cf7416e05d070f,ok,False,paper_only_candidate,"full_paper_candidate,media_source",path/name indicates a complete examination paper or mock exam; audio/video source asset; establish mapping only
/Users/shidianjin/Documents/高考英语/高考英语_副本/2020年/2020年高考全国1英语高考真题-全国高考真题解析/附件/4.mp3,高考英语_副本/2020年/2020年高考全国1英语高考真题-全国高考真题解析/附件/4.mp3,4.mp3,.mp3,206233,2021-10-25T02:10:48+00:00,79f67ba4beb03a8055f718584720d79c5d01c0ca7f740ea456f32e209459d2ef,ok,False,paper_only_candidate,"full_paper_candidate,media_source",path/name indicates a complete examination paper or mock exam; audio/video source asset; establish mapping only
/Users/shidianjin/Documents/高考英语/高考英语_副本/2020年/2020年高考全国1英语高考真题-全国高考真题解析/附件/5.mp3,高考英语_副本/2020年/2020年高考全国1英语高考真题-全国高考真题解析/附件/5.mp3,5.mp3,.mp3,178647,2021-10-25T02:10:48+00:00,80fa3ba1611174c334b9a1064e3feb4b7021386170e1d412ce1050e4999d83e2,ok,False,paper_only_candidate,"full_paper_candidate,media_source",path/name indicates a complete examination paper or mock exam; audio/video source asset; establish mapping only
/Users/shidianjin/Documents/高考英语/高考英语_副本/2020年/2020年高考全国1英语高考真题-全国高考真题解析/附件/6.mp3,高考英语_副本/2020年/2020年高考全国1英语高考真题-全国高考真题解析/附件/6.mp3,6.mp3,.mp3,575291,2021-10-25T02:10:48+00:00,20e9144d0e896881ccdad617e268acd4a1e2d6ee63f2e0a5e908c7451d225be1,ok,False,paper_only_candidate,"full_paper_candidate,media_source",path/name indicates a complete examination paper or mock exam; audio/video source asset; establish mapping only
/Users/shidianjin/Documents/高考英语/高考英语_副本/2020年/2020年高考全国1英语高考真题-全国高考真题解析/附件/7.mp3,高考英语_副本/2020年/2020年高考全国1英语高考真题-全国高考真题解析/附件/7.mp3,7.mp3,.mp3,844038,2021-10-25T02:10:48+00:00,d8b71ac16f353e7a3f409a5d46364bf59a6fce62b5b633a0dd827a866b56ae66,ok,False,paper_only_candidate,"full_paper_candidate,media_source",path/name indicates a complete examination paper or mock exam; audio/video source asset; establish mapping only
/Users/shidianjin/Documents/高考英语/高考英语_副本/2020年/2020年高考全国1英语高考真题-全国高考真题解析/附件/8.mp3,高考英语_副本/2020年/2020年高考全国1英语高考真题-全国高考真题解析/附件/8.mp3,8.mp3,.mp3,1017074,2021-10-25T02:10:48+00:00,a1ac1d24f118ccf02b71ee7d64a1aaa50aa5da41b58f613425470f1a3796ed7e,ok,False,paper_only_candidate,"full_paper_candidate,media_source",path/name indicates a complete examination paper or mock exam; audio/video source asset; establish mapping only
/Users/shidianjin/Documents/高考英语/高考英语_副本/2020年/2020年高考全国1英语高考真题-全国高考真题解析/附件/9.mp3,高考英语_副本/2020年/2020年高考全国1英语高考真题-全国高考真题解析/附件/9.mp3,9.mp3,.mp3,917808,2021-10-25T02:10:48+00:00,d4617447c7471336b881ab55551e66255c24f9be5beef75877ea43735e87eced,ok,False,paper_only_candidate,"full_paper_candidate,media_source",path/name indicates a complete examination paper or mock exam; audio/video source asset; establish mapping only
/Users/shidianjin/Documents/高考英语/高考英语_副本/2021年/2021年高考真题英语（新高考Ⅰ卷）超详解（正文）.pdf,高考英语_副本/2021年/2021年高考真题英语（新高考Ⅰ卷）超详解（正文）.pdf,2021年高考真题英语（新高考Ⅰ卷）超详解（正文）.pdf,.pdf,524174,2022-04-07T01:04:40+00:00,b375eb3cc049ceb9297bf5cfc16d1d0df76a1020c7bd5e57950a4f52be1d6ed0,ok,False,paper_only_candidate,full_paper_candidate,path/name indicates a complete examination paper or mock exam
/Users/shidianjin/Documents/高考英语/高考英语_副本/2021年/2021年高考真题英语（新高考Ⅰ卷）超详解（解析）.pdf,高考英语_副本/2021年/2021年高考真题英语（新高考Ⅰ卷）超详解（解析）.pdf,2021年高考真题英语（新高考Ⅰ卷）超详解（解析）.pdf,.pdf,1383882,2022-04-07T01:04:40+00:00,c118077340c7ac0702d555643d309010d158699d99d10be7dff5e4008d0b335d,ok,False,paper_only_candidate,full_paper_candidate,path/name indicates a complete examination paper or mock exam
/Users/shidianjin/Documents/高考英语/高考英语_副本/高中最全词汇例句.xlsx,高考英语_副本/高中最全词汇例句.xlsx,高中最全词汇例句.xlsx,.xlsx,244033,2025-07-21T15:32:06.558952+00:00,b1191fd99a2ac568cef2878fea00f01e1505e40726daf358cb66d69257121da6,ok,False,knowledge_only_candidate,knowledge_candidate,path/name suggests explanatory knowledge material
/Users/shidianjin/Documents/高考英语/高考英语_副本/高中词汇.xlsx,高考英语_副本/高中词汇.xlsx,高中词汇.xlsx,.xlsx,475912,2025-07-21T08:17:51.067669+00:00,e3c292e18cc089aa37833f53473eff1a023a4f0cb173e7999bfc153ff3d6ad31,ok,False,knowledge_only_candidate,knowledge_candidate,path/name suggests explanatory knowledge material
/Users/shidianjin/Documents/高考英语/高考英语阅读训练.pdf,高考英语阅读训练.pdf,高考英语阅读训练.pdf,.pdf,455111,2025-07-08T09:12:08+00:00,e7d8021b23b2ba24c03802f1700b3cf6e8fba05bc05bd23f4204c5778ade0c2a,ok,False,review_required,,no reliable filename classification signal
/Users/shidianjin/Documents/高考英语/高考长难句/2021年高考真题角度分析阅读长难句2 2022届高考英语复习.docx,高考长难句/2021年高考真题角度分析阅读长难句2 2022届高考英语复习.docx,2021年高考真题角度分析阅读长难句2 2022届高考英语复习.docx,.docx,203727,2026-03-11T09:22:48.207176+00:00,07098d8ee5e8027bf7d37262e10181876ce95b4af55155b5619e4e1803ec57e4,ok,False,paper_only_candidate,"full_paper_candidate,knowledge_candidate",path/name indicates a complete examination paper or mock exam; path/name suggests explanatory knowledge material
/Users/shidianjin/Documents/高考英语/高考长难句/2022届高考英语真题长难句分析笔记1.docx,高考长难句/2022届高考英语真题长难句分析笔记1.docx,2022届高考英语真题长难句分析笔记1.docx,.docx,209169,2026-03-11T09:22:49.796927+00:00,96a075a2792604cac41d6d603d273699a23e1c7b8bae6385bb99e0313bbab22d,ok,False,paper_only_candidate,"full_paper_candidate,knowledge_candidate",path/name indicates a complete examination paper or mock exam; path/name suggests explanatory knowledge material
/Users/shidianjin/Documents/高考英语/高考长难句/2022届高考英语真题长难句分析笔记10.docx,高考长难句/2022届高考英语真题长难句分析笔记10.docx,2022届高考英语真题长难句分析笔记10.docx,.docx,204257,2026-03-11T09:23:03.230500+00:00,075080325a8ea48c385ad99db97fdd38509a2513deb48e88f4fa87ac39fff284,ok,False,paper_only_candidate,"full_paper_candidate,knowledge_candidate",path/name indicates a complete examination paper or mock exam; path/name suggests explanatory knowledge material
/Users/shidianjin/Documents/高考英语/高考长难句/2022届高考英语真题长难句分析笔记2.docx,高考长难句/2022届高考英语真题长难句分析笔记2.docx,2022届高考英语真题长难句分析笔记2.docx,.docx,206124,2026-03-11T09:22:51.180496+00:00,981d384214e8cb08b1fef130b391e26d63671fb4cdf48e0fc6bc51a2a7314b34,ok,False,paper_only_candidate,"full_paper_candidate,knowledge_candidate",path/name indicates a complete examination paper or mock exam; path/name suggests explanatory knowledge material
/Users/shidianjin/Documents/高考英语/高考长难句/2022届高考英语真题长难句分析笔记3.docx,高考长难句/2022届高考英语真题长难句分析笔记3.docx,2022届高考英语真题长难句分析笔记3.docx,.docx,208804,2026-03-11T09:22:52.719778+00:00,f507d9c1caa25189ce1fb0eaeaebb6b867a946af1055f711a3ee25262bb1242c,ok,False,paper_only_candidate,"full_paper_candidate,knowledge_candidate",path/name indicates a complete examination paper or mock exam; path/name suggests explanatory knowledge material
/Users/shidianjin/Documents/高考英语/高考长难句/2022届高考英语真题长难句分析笔记4.docx,高考长难句/2022届高考英语真题长难句分析笔记4.docx,2022届高考英语真题长难句分析笔记4.docx,.docx,210648,2026-03-11T09:22:54.687768+00:00,fc835e82c37d5e308a46e56e57a3bf7cf8274c96ab241a5fe3cdc67da3c3c241,ok,False,paper_only_candidate,"full_paper_candidate,knowledge_candidate",path/name indicates a complete examination paper or mock exam; path/name suggests explanatory knowledge material
/Users/shidianjin/Documents/高考英语/高考长难句/2022届高考英语真题长难句分析笔记5.docx,高考长难句/2022届高考英语真题长难句分析笔记5.docx,2022届高考英语真题长难句分析笔记5.docx,.docx,211692,2026-03-11T09:22:55.492423+00:00,f07d019eb97a69839da504ed7bcf708c37af9075d9349fb314593afbc583ddfa,ok,False,paper_only_candidate,"full_paper_candidate,knowledge_candidate",path/name indicates a complete examination paper or mock exam; path/name suggests explanatory knowledge material
/Users/shidianjin/Documents/高考英语/高考长难句/2022届高考英语真题长难句分析笔记6.docx,高考长难句/2022届高考英语真题长难句分析笔记6.docx,2022届高考英语真题长难句分析笔记6.docx,.docx,212278,2026-03-11T09:22:57.486929+00:00,81aac42891592db41cfdbc776135218e028a5555233d207aaedebbed07abed26,ok,False,paper_only_candidate,"full_paper_candidate,knowledge_candidate",path/name indicates a complete examination paper or mock exam; path/name suggests explanatory knowledge material
/Users/shidianjin/Documents/高考英语/高考长难句/2022届高考英语真题长难句分析笔记7.docx,高考长难句/2022届高考英语真题长难句分析笔记7.docx,2022届高考英语真题长难句分析笔记7.docx,.docx,209951,2026-03-11T09:22:58.567453+00:00,82dd079ecc30d1d515dcdc8ccb8860fbecb83c9c6bd6ace14804d9f4a904787c,ok,False,paper_only_candidate,"full_paper_candidate,knowledge_candidate",path/name indicates a complete examination paper or mock exam; path/name suggests explanatory knowledge material
/Users/shidianjin/Documents/高考英语/高考长难句/2022届高考英语真题长难句分析笔记8.docx,高考长难句/2022届高考英语真题长难句分析笔记8.docx,2022届高考英语真题长难句分析笔记8.docx,.docx,212115,2026-03-11T09:23:00.140684+00:00,d1e5eb7d15be9bff72d90be60a0ca81099fb7d527f942791b46fd11af6c086f4,ok,False,paper_only_candidate,"full_paper_candidate,knowledge_candidate",path/name indicates a complete examination paper or mock exam; path/name suggests explanatory knowledge material
/Users/shidianjin/Documents/高考英语/高考长难句/2022届高考英语真题长难句分析笔记9.docx,高考长难句/2022届高考英语真题长难句分析笔记9.docx,2022届高考英语真题长难句分析笔记9.docx,.docx,211121,2026-03-11T09:23:01.581526+00:00,78089a899d700aa1dc10c444547290f712c75da8ccfb9ed965c26fffa423f957,ok,False,paper_only_candidate,"full_paper_candidate,knowledge_candidate",path/name indicates a complete examination paper or mock exam; path/name suggests explanatory knowledge material
/Users/shidianjin/Documents/高考英语/高考长难句/专题 05-2022年新高考1卷 ABCD篇 七五 -词汇精讲 长难句分析 全篇译文- 2022年高考英语真题深度解析.zip,高考长难句/专题 05-2022年新高考1卷 ABCD篇 七五 -词汇精讲 长难句分析 全篇译文- 2022年高考英语真题深度解析.zip,专题 05-2022年新高考1卷 ABCD篇 七五 -词汇精讲 长难句分析 全篇译文- 2022年高考英语真题深度解析.zip,.zip,436094,2026-03-11T09:23:10.356469+00:00,cc253acd58af02a840294b24e3f7405873e5b50577c408d75a6bee2fe8231152,ok,False,review_required,"archive_candidate,full_paper_candidate,knowledge_candidate",path/name indicates a complete examination paper or mock exam; path/name suggests explanatory knowledge material; archive requires manifest inspection before publication
/Users/shidianjin/Documents/高考英语/高考长难句/长难句精讲分析与真题演练3课件2022届高考英语阅读理解真题.pptx,高考长难句/长难句精讲分析与真题演练3课件2022届高考英语阅读理解真题.pptx,长难句精讲分析与真题演练3课件2022届高考英语阅读理解真题.pptx,.pptx,756259,2026-03-11T09:23:05.453660+00:00,b0c6c49ad1bbeb1e03abc1b573d4d8488a03819331ac220472e13bbcd7ed8022,ok,False,paper_only_candidate,"full_paper_candidate,knowledge_candidate,type_practice_candidate",path/name indicates a complete examination paper or mock exam; path/name suggests explanatory knowledge material; path/name suggests topic or question-type practice
